elapsed_s,time_since_start_ms,timestamp_local,accelerometer_x_mps2,accelerometer_y_mps2,accelerometer_z_mps2,gravity_x_mps2,gravity_y_mps2,gravity_z_mps2,gyroscope_x_radps,gyroscope_y_radps,gyroscope_z_radps,magnetic_field_x_ut,magnetic_field_y_ut,magnetic_field_z_ut,orientation_azimuth_deg,orientation_pitch_deg,orientation_roll_deg,gnss_available
3495.0,3497922,2019-09-08 11:06:04.546,-0.9239,1.6344,9.6743,0.031,-0.036,9.8065,-0.2414,0.006,-0.1357,-26.81,-27.87,22.94,336.23,-77.35,-149.67,False
3495.099,3498021,2019-09-08 11:06:04.645,-0.7983,0.1267,9.3423,0.0245,-0.0145,9.8065,-0.1787,-0.1029,-0.0269,-26.12,-27.25,22.75,338.0,-77.45,-149.38,False
3495.199,3498121,2019-09-08 11:06:04.745,-1.0744,0.9502,9.1481,-0.0355,0.0192,9.8065,0.1451,-0.0558,-0.0217,-26.5,-27.62,23.19,338.37,-77.37,-148.91,False
3495.299,3498221,2019-09-08 11:06:04.845,-0.4639,-0.243,10.9235,-0.0395,0.0394,9.8064,0.1934,-0.091,0.0098,-26.37,-27.06,23.56,341.16,-77.61,-148.1,False
3495.399,3498321,2019-09-08 11:06:04.945,-1.1388,1.8937,10.4503,0.043,-0.0241,9.8065,-0.0984,-0.0208,0.0469,-26.06,-27.87,23.56,341.01,-77.74,-148.16,False
3495.5,3498422,2019-09-08 11:06:05.046,0.4154,-0.3442,9.3325,0.0411,-0.0201,9.8064,-0.2781,-0.0361,0.0906,-25.94,-27.37,22.63,337.67,-77.53,-149.68,False
3495.599,3498521,2019-09-08 11:06:05.145,0.7283,0.9174,9.268,-0.0382,0.0282,9.8065,0.1751,0.0357,-0.0619,-25.69,-27.44,23.44,338.48,-77.91,-149.15,False
3495.7,3498622,2019-09-08 11:06:05.246,-1.0986,1.0321,10.3862,-0.0212,0.0211,9.8065,0.0673,-0.0367,-0.0731,-25.56,-27.94,22.5,338.33,-77.92,-149.14,False
3495.8,3498722,2019-09-08 11:06:05.346,-1.0906,1.2401,9.3497,-0.0169,0.0041,9.8066,-0.0519,-0.0106,-0.0407,-25.69,-27.69,23.44,338.27,-77.94,-149.2,False
3495.9,3498822,2019-09-08 11:06:05.446,-0.8861,0.8435,9.5468,0.0075,-0.0095,9.8065,-0.0826,-0.073,-0.0144,-25.87,-27.75,23.06,338.17,-77.9,-149.26,False
3496.0,3498922,2019-09-08 11:06:05.546,0.1085,0.9764,9.7359,-0.0226,0.0212,9.8066,0.1443,-0.0372,0.0677,-25.87,-27.5,23.44,338.35,-77.82,-149.23,False
3496.099,3499021,2019-09-08 11:06:05.645,-0.2807,-0.8959,9.9288,-0.0242,0.0159,9.8065,0.2093,-0.051,0.1026,-25.69,-27.62,23.06,339.0,-77.9,-148.58,False
3496.199,3499121,2019-09-08 11:06:05.745,0.2004,-0.5539999999999999,9.7255,0.0086,-0.0207,9.8065,-0.0151,-0.0056,0.0943,-26.69,-27.5,23.0,337.86,-77.66,-148.58,False
3496.299,3499221,2019-09-08 11:06:05.845,-1.2411,0.9826,10.0493,0.0069999999999999,-0.0113,9.8066,0.0039,0.0138,0.055,-26.62,-27.06,23.38,338.18,-77.52,-148.26,False
3496.4,3499322,2019-09-08 11:06:05.946,-1.0392,0.6697,9.7422,-0.0224,0.0117,9.8065,0.0567,-0.0003,-0.0335,-26.5,-27.19,23.88,341.18,-77.46,-148.04,False
3496.5,3499422,2019-09-08 11:06:06.046,-1.6889,1.2992,9.7116,-0.03,0.0383,9.8065,0.1281,-0.0748,0.0383,-26.25,-27.25,23.38,340.11,-77.61,-147.69,False
3496.6,3499522,2019-09-08 11:06:06.146,-1.1603,0.3299,10.433,0.0155,0.0019,9.8066,0.0162,0.0247,-0.0765,-26.06,-27.69,23.19,339.37,-77.46,-148.12,False
3496.7,3499622,2019-09-08 11:06:06.246,1.1785,0.3787,8.8514,-0.0086,0.0173,9.8066,0.0652,-0.027,0.0092,-26.44,-27.31,23.19,338.49,-77.52,-149.0,False
3496.8,3499722,2019-09-08 11:06:06.346,-0.6389,-3.2291,11.9087,0.0286,0.0123,9.8066,-0.3134,0.1704,-0.0603,-25.75,-27.69,23.06,337.38,-77.54,-149.78,False
3496.9,3499822,2019-09-08 11:06:06.446,1.0555,-0.6235,7.1059,0.0687,-0.0388,9.8062,-0.3259,0.0775,0.0438,-25.87,-28.0,23.56,337.57,-77.83,-151.02,False
3497.0,3499922,2019-09-08 11:06:06.546,0.5488,-1.5595,10.3626,-0.0289,-0.0077,9.8065,-0.5375,0.2585,-0.0596,-26.31,-27.44,22.81,337.59,-77.91,-149.88,False
3497.099,3500021,2019-09-08 11:06:06.645,2.9168,0.4692,9.9191,0.031,-0.0106,9.8065,-0.4029,-0.1572,0.1563,-25.31,-27.69,22.44,338.4,-78.18,-148.88,False
3497.2,3500122,2019-09-08 11:06:06.746,-2.6678,2.4295,11.0963,-0.0078,0.0376,9.8066,0.497,-0.1008,0.201,-26.19,-27.12,23.31,339.08,-78.19,-148.74,False
3497.3,3500222,2019-09-08 11:06:06.846,0.8293,-2.2015,11.7632,0.0076,-0.0252,9.8065,0.4983,0.0377,0.106,-26.25,-27.31,23.25,338.24,-77.81,-149.31,False
3497.399,3500321,2019-09-08 11:06:06.945,1.8826,1.7447,11.0308,0.0111,-0.0034,9.8066,-0.0549,-0.1653,-0.053,-26.0,-27.62,23.44,337.83,-77.85,-149.53,False
3497.499,3500421,2019-09-08 11:06:07.045,-0.5778,2.9116,10.1127,0.0006,0.0055,9.8066,-0.1599,-0.0249,-0.2881,-26.06,-27.69,23.13,337.09,-77.85,-150.15,False
3497.599,3500521,2019-09-08 11:06:07.145,0.8441,-1.4107,9.9377,0.0416,-0.0179,9.8064,-0.2777,0.0676,-0.1487,-25.81,-27.69,22.38,335.13,-78.21,-150.58,False
3497.699,3500621,2019-09-08 11:06:07.245,0.2339,1.6083,8.9012,0.0235,0.02,9.8065,-0.2053,-0.0419,0.031,-25.75,-28.06,22.69,334.6,-78.36,-152.42,False
3497.799,3500721,2019-09-08 11:06:07.345,-1.1529,-0.3946,8.9834,-0.008,0.0005,9.8066,-0.1521,-0.1245,0.0327,-25.44,-27.81,22.69,336.18,-78.46,-152.17,False
3497.899,3500821,2019-09-08 11:06:07.445,-1.2267,0.0754,8.8769,-0.0053,0.0367,9.8065,-0.0064,-0.1118,0.0279999999999999,-25.37,-28.62,22.13,334.2,-78.45,-152.32,False
3498.0,3500922,2019-09-08 11:06:07.546,-0.1354,2.605,9.7216,-0.0217,0.0189,9.8065,0.4743,-0.0302,-0.0053,-25.75,-28.5,23.06,333.58,-78.8,-153.46,False
3498.099,3501021,2019-09-08 11:06:07.645,0.5145,-0.7882,11.6983,-0.0344,0.0163,9.8065,0.5357,-0.0173,-0.0266,-25.69,-27.87,23.38,334.62,-78.8,-152.58,False
3498.199,3501121,2019-09-08 11:06:07.745,2.3307,0.4187,8.1003,0.0248,-0.0092,9.8066,-0.4522,0.0073,0.0463,-25.5,-27.69,22.5,335.23,-78.5,-152.98,False
3498.3,3501222,2019-09-08 11:06:07.846,-1.1031,3.9082,9.051,0.0037,-0.0691,9.8063,-0.3709,0.1658,-0.1753,-25.87,-28.12,22.75,335.78,-78.23,-151.38,False
3498.399,3501321,2019-09-08 11:06:07.945,0.3622,1.6416,9.1232,-0.0459,0.0358,9.8065,0.2977,0.0442,0.0477,-25.56,-28.62,22.19,334.22,-78.26,-151.21,False
3498.499,3501421,2019-09-08 11:06:08.045,2.3764,-0.7207,10.6633,-0.0242,0.0093,9.8065,0.1366,0.0353,0.0786,-25.56,-27.56,23.81,338.69,-78.29,-150.26,False
3498.599,3501521,2019-09-08 11:06:08.145,-0.2493,1.3591,10.4506,0.0172,-0.0157,9.8066,-0.0819999999999999,0.0182,0.0632,-25.62,-27.62,23.81,338.46,-78.26,-150.44,False
3498.699,3501621,2019-09-08 11:06:08.245,-0.1627,0.5118,9.8199,0.0159,-0.0115,9.8065,-0.0967,-0.0581,0.0578,-25.12,-27.94,22.69,337.62,-78.08,-150.83,False
3498.799,3501721,2019-09-08 11:06:08.345,-0.9168,-0.6556,12.0246,0.0349,-0.0221,9.8065,0.2564,0.1956,-0.2267,-24.81,-28.56,22.19,334.19,-77.72,-152.0,False
3498.9,3501822,2019-09-08 11:06:08.446,3.631,1.1314,8.6655,0.0368,-0.0345,9.8065,0.034,0.1526,-0.0294,-24.87,-30.62,21.94,331.98,-77.71,-153.45,False
3499.0,3501922,2019-09-08 11:06:08.546,-1.6998,-2.3999,11.6147,-0.0442,0.0457,9.8064,0.0075,0.1169999999999999,-0.1946,-24.87,-30.06,23.81,336.69,-77.5,-152.38,False
3499.1,3502022,2019-09-08 11:06:08.646,1.5388,2.636,8.4011,0.018,-0.0215,9.8065,-0.1176,0.0905,-0.1576,-25.12,-28.75,23.5,337.82,-78.08,-151.82,False
3499.2,3502122,2019-09-08 11:06:08.746,0.0973,1.9759,8.3459,-0.05,0.0879,9.8061,0.0709,-0.0288,0.021,-25.06,-28.44,23.69,337.94,-78.05,-151.85,False
3499.3,3502222,2019-09-08 11:06:08.846,-1.5727,0.6358,9.1307,0.0031,-0.0029,9.8065,-0.1863,0.1759,-0.1475,-25.62,-28.25,23.56,336.08,-78.31,-152.44,False
3499.399,3502321,2019-09-08 11:06:08.945,1.4380000000000002,2.6745,9.104,-0.0237,0.0639,9.8063,0.1266,-0.0166,-0.0324,-25.37,-27.81,23.63,335.93,-78.74,-153.79,False
3499.499,3502421,2019-09-08 11:06:09.045,0.2693,3.0209,8.8024,-0.0334,0.0366,9.8064,-0.0067,0.0908,-0.0254,-25.19,-28.06,23.56,335.58,-78.6,-154.03,False
3499.6,3502522,2019-09-08 11:06:09.146,0.9851,1.0724,9.6462,0.0218,0.0084,9.8066,-0.1371,-0.0579999999999999,0.1279,-25.75,-27.81,23.44,332.47,-78.47,-154.26,False
3499.7,3502622,2019-09-08 11:06:09.246,1.6001,1.5095,7.8154,-0.0126,0.0107,9.8066,-0.2877,0.138,-0.1036,-25.62,-28.44,22.44,330.8,-78.66,-154.41,False
3499.799,3502721,2019-09-08 11:06:09.345,-1.4726,-0.2584,8.5001,-0.0247,0.0061,9.8066,-0.2471,-0.0808,0.032,-25.75,-28.94,22.56,334.02,-79.0,-153.04,False
3499.899,3502821,2019-09-08 11:06:09.445,-0.6999,4.2913,9.4045,-0.0385,0.0301,9.8064,0.0755,0.0684,0.1015,-26.12,-28.5,22.13,335.66,-79.64,-150.72,False
3500.0,3502922,2019-09-08 11:06:09.546,0.732,0.1565,10.0867,0.0882,-0.0306,9.8061,-0.2398,0.2372,-0.1213,-25.94,-28.12,22.94,337.62,-79.38,-150.28,False
3500.099,3503021,2019-09-08 11:06:09.645,3.0029,1.0754,11.7807,0.0435,-0.0681,9.8062,0.1859,-0.3819,0.2713,-26.56,-28.06,23.5,336.1,-78.8,-151.62,False
3500.199,3503121,2019-09-08 11:06:09.745,-1.9637,2.7896,7.6019,-0.075,0.0727,9.806,-0.3295,0.3494,-0.1516,-26.19,-28.0,23.13,337.58,-78.18,-149.86,False
3500.299,3503221,2019-09-08 11:06:09.845,-1.6314,0.0202,10.0431,-0.1119999999999999,0.0431,9.8058,0.0997,-0.0336,0.2502,-26.75,-27.69,23.31,339.75,-78.82,-147.28,False
3500.4,3503322,2019-09-08 11:06:09.946,-1.9551,-1.4516,8.8002,-0.0023,-0.0113,9.8066,0.1163,0.0449,0.0105,-26.37,-27.25,22.81,343.36,-78.56,-145.29,False
3500.5,3503422,2019-09-08 11:06:10.046,1.6584,0.3102,9.0882,0.0134,-0.0264,9.8065,0.1011,0.063,0.0273,-26.44,-26.75,22.81,343.67,-78.26,-144.95,False
3500.6,3503522,2019-09-08 11:06:10.146,0.7088,-1.2599,11.2176,0.0339,-0.0559999999999999,9.8064,-0.0602,-0.0106,0.0513,-26.81,-26.81,22.88,342.03,-78.04,-145.23,False
3500.7,3503622,2019-09-08 11:06:10.246,-0.24,2.0615,10.0455,0.0058,0.0194,9.8065,0.1851,-0.0958,0.0152,-26.19,-26.37,23.44,342.48,-77.77,-145.9,False
3500.799,3503721,2019-09-08 11:06:10.345,-0.1361,3.4166,11.0274,0.0012,0.0289,9.8065,0.2258,-0.2133,0.0377,-26.5,-25.5,23.63,342.96,-77.5,-146.8,False
3500.899,3503821,2019-09-08 11:06:10.445,0.8233,-0.5285,10.0046,-0.017,-0.0004,9.8066,0.2041,-0.0607,-0.0235,-28.69,-25.06,23.38,338.63,-77.61,-146.3,False
3500.999,3503921,2019-09-08 11:06:10.545,-1.396,0.2792,9.3107,-0.0013,0.0128,9.8066,-0.1106,-0.0879,-0.0768,-27.31,-25.75,22.31,339.87,-77.82,-145.77,False
3501.1,3504022,2019-09-08 11:06:10.646,0.3465,1.5727,10.3867,-0.0124,-0.0173,9.8066,0.0377,0.0253,-0.0404,-26.62,-26.5,22.88,341.44,-77.79,-145.76,False
3501.199,3504121,2019-09-08 11:06:10.745,-1.384,-0.1715,10.6037,-0.0156,-0.015,9.8065,0.1803,-0.0267,0.0875,-27.31,-26.56,23.81,343.07,-77.59,-145.51,False
3501.299,3504221,2019-09-08 11:06:10.845,0.6999,-0.0496,9.9313,0.024,-0.0244,9.8065,-0.0074,0.0069999999999999,0.0111,-27.75,-26.75,23.31,341.04,-77.44,-144.91,False
3501.4,3504322,2019-09-08 11:06:10.946,-0.6484,-0.7314,10.959,-0.0338,0.0056,9.8065,0.0645,0.0779,-0.1151,-27.69,-26.62,23.31,341.71,-77.49,-144.38,False
3501.5,3504422,2019-09-08 11:06:11.046,-0.2507,0.4546,10.4919,-0.0278,0.0196,9.8065,0.2106,-0.0335,-0.0188,-27.0,-26.94,23.38,343.7,-77.65,-143.75,False
3501.6,3504522,2019-09-08 11:06:11.146,0.2598,0.2434,9.7893,-0.0061,0.0048,9.8065,-0.0996,0.0634,-0.0172,-27.25,-27.37,23.19,343.52,-77.6,-143.88,False
3501.7,3504622,2019-09-08 11:06:11.246,-1.121,0.3433,9.9409,0.012,-0.0284,9.8065,-0.1339,0.0588,-0.0405,-27.06,-27.0,23.69,344.75,-77.43,-144.08,False
3501.799,3504721,2019-09-08 11:06:11.345,-0.6099,-0.7741,8.6122,-0.0259,0.0305,9.8065,0.0863,0.0657,-0.0513,-26.69,-27.06,23.69,344.57,-77.44,-144.23,False
3501.899,3504821,2019-09-08 11:06:11.445,0.181,0.7784,9.2117,-0.0024,0.0255,9.8066,0.0174,-0.0285,0.0465,-26.87,-26.19,23.69,344.05,-77.62,-144.8,False
3501.999,3504921,2019-09-08 11:06:11.545,-0.1856,-0.2715,10.707,-0.006,0.0121,9.8066,-0.1118,-0.0355,0.0221,-26.62,-26.94,23.31,342.53,-77.63,-144.7,False
3502.1,3505022,2019-09-08 11:06:11.646,-0.4185,0.4122,9.1814,0.0301,-0.0337,9.8065,-0.3345,0.2238,-0.275,-26.12,-27.06,23.25,342.95,-77.64,-145.37,False
3502.2,3505122,2019-09-08 11:06:11.746,0.135,0.0345,9.125,-0.0363,0.0497,9.8064,0.2369,0.1473,-0.0004,-26.31,-26.94,23.94,343.32,-77.78,-146.37,False
3502.299,3505221,2019-09-08 11:06:11.845,0.3373,-1.3916,9.3085,-0.0187,0.0433,9.8065,0.1519,-0.0376,0.2833,-26.0,-27.06,23.63,343.12,-78.24,-146.66,False
3502.399,3505321,2019-09-08 11:06:11.945,-0.5534,1.0574,10.5274,0.0016,-0.0069999999999999,9.8066,-0.0464,-0.0219,0.0231,-26.75,-27.56,23.5,342.71,-78.16,-145.86,False
3502.499,3505421,2019-09-08 11:06:12.045,-0.1185,1.7349,9.4145,-0.021,0.0095,9.8065,0.1393,-0.1037,0.0253,-27.0,-27.12,23.56,344.01,-78.29,-144.91,False
3502.599,3505521,2019-09-08 11:06:12.145,0.2991,-1.9589,11.2972,0.0309,-0.03,9.8065,0.0948,-0.0521,-0.0184,-26.87,-27.12,23.56,343.18,-78.01,-145.53,False
3502.699,3505621,2019-09-08 11:06:12.245,-0.0044,-1.7429,11.5253,0.0381,-0.0182,9.8065,0.1852,-0.078,0.0663,-26.81,-27.25,23.63,342.63,-78.07,-146.0,False
3502.8,3505722,2019-09-08 11:06:12.346,-1.2028,0.0658,10.9842,0.0004,0.013,9.8065,0.1602,-0.0624,0.0992,-26.62,-27.06,23.56,342.52,-78.27,-146.15,False
3502.899,3505821,2019-09-08 11:06:12.445,0.3367,0.6687,9.9178,0.0065,-0.0051,9.8066,-0.0997,0.0172,-0.0515,-27.12,-26.87,24.0,342.87,-78.12,-145.82,False
3502.999,3505921,2019-09-08 11:06:12.545,1.3529,-0.987,10.1566,0.0371,-0.0271,9.8065,-0.3093,0.0869,-0.0674,-26.5,-26.94,23.19,342.91,-78.21,-145.56,False
3503.099,3506021,2019-09-08 11:06:12.645,0.6643,0.9947,9.7849,0.069,-0.0707,9.8061,-0.4661,0.0608,-0.0768,-26.56,-27.25,23.13,340.76,-77.87,-146.24,False
3503.199,3506121,2019-09-08 11:06:12.745,0.8103,2.4641,9.7201,-0.0326,0.0441,9.8064,0.1564,0.0311,-0.1251,-26.44,-27.0,22.94,342.94,-78.18,-145.53,False
3503.3,3506222,2019-09-08 11:06:12.846,0.6964,1.0258,9.9263,-0.0027,0.0237,9.8066,-0.0124,-0.0708,-0.0613,-26.19,-26.94,23.25,342.07,-78.14,-146.24,False
3503.4,3506322,2019-09-08 11:06:12.946,0.0147,0.2417,9.1859,-0.0047,0.0275,9.8066,-0.0986,0.0072,-0.0047,-26.12,-26.87,22.88,341.19,-78.03,-146.94,False
3503.5,3506422,2019-09-08 11:06:13.046,-0.2803,0.6662,9.8534,-0.0334,0.0453,9.8064,0.0101,-0.0403,-0.03,-26.37,-26.81,23.38,341.57,-78.36,-146.73,False
3503.6,3506522,2019-09-08 11:06:13.146,0.7335,1.0035,9.5438,0.0579,-0.0338,9.8063,-0.1726,-0.1238,0.0344,-26.62,-27.44,23.31,340.32,-78.47,-146.8,False
3503.7,3506622,2019-09-08 11:06:13.246,-0.9856,-0.1642,10.4668,0.0141,-0.0085,9.8066,0.0398,0.0041,-0.0175,-26.37,-27.25,23.5,342.16,-78.34,-147.49,False
3503.8,3506722,2019-09-08 11:06:13.346,0.4421,0.5723,9.3444,-0.0114,0.0157,9.8066,0.0037,0.0825,-0.0537,-26.37,-27.69,23.63,341.48,-78.46,-147.99,False
3503.899,3506821,2019-09-08 11:06:13.445,0.6324,-0.7595,8.7349,-0.0046,0.017,9.8066,0.0258,-0.0523,0.1301,-26.75,-27.19,23.13,338.27,-78.49,-148.52,False
3503.999,3506921,2019-09-08 11:06:13.545,-1.0793,3.3669,9.8562,-0.031,0.0614,9.8064,0.225,-0.0407,0.0004,-26.44,-27.81,23.38,340.34,-78.15,-147.57,False
3504.099,3507021,2019-09-08 11:06:13.645,1.4625,1.1961,9.0696,-0.0388,0.0217,9.8065,0.341,0.0544,-0.0865,-25.81,-27.56,22.94,341.58,-78.64,-146.7,False
3504.199,3507121,2019-09-08 11:06:13.745,1.8757,0.7455,9.1775,0.0198,0.0034,9.8065,-0.2258,-0.0647,0.0342,-27.19,-27.75,23.06,340.8,-78.37,-146.25,False
3504.299,3507221,2019-09-08 11:06:13.845,-1.4851,0.4346,10.3857,-0.0071,0.0069,9.8066,-0.0688,-0.1264,0.1263,-26.69,-27.19,23.19,340.96,-78.37,-146.23,False
3504.399,3507321,2019-09-08 11:06:13.945,-0.2395,-0.1393,10.5247,0.0172,-0.013,9.8066,-0.2051,-0.0204,-0.0282,-26.31,-27.5,24.0,343.97,-78.19,-145.94,False
3504.499,3507421,2019-09-08 11:06:14.045,-0.4633,1.3146,8.4775,0.0221,-0.0128,9.8066,-0.2041,0.0189,-0.0289,-26.62,-26.87,23.13,341.7,-78.3,-145.59,False
3504.599,3507521,2019-09-08 11:06:14.145,-1.5545,1.4146,9.583,-0.0321,0.0088,9.8065,0.1625,0.0061,-0.0116,-26.44,-27.5,22.13,341.78,-78.32,-145.22,False
3504.7,3507622,2019-09-08 11:06:14.246,0.2552,3.1012,9.625,-0.0278,0.042,9.8065,0.1723,-0.123,0.0952,-26.81,-26.81,23.88,344.81,-78.56,-144.31,False
3504.8,3507722,2019-09-08 11:06:14.346,-0.315,-1.7215,11.0949,0.0488,-0.0485,9.8064,-0.1476,0.0027,0.0377,-27.06,-27.31,22.88,343.54,-78.44,-144.08,False
3504.9,3507822,2019-09-08 11:06:14.446,-2.4536,0.4995,10.9764,0.0023,0.0172,9.8066,-0.0049,-0.1181,0.1092,-27.0,-27.0,23.44,342.8,-78.48,-144.72,False
3505.0,3507922,2019-09-08 11:06:14.546,-0.2046,-1.4669,11.8482,0.0695,-0.0641,9.8062,-0.0306,0.0481,-0.1762,-26.69,-27.44,23.44,341.29,-77.93,-145.82,False
3505.1,3508022,2019-09-08 11:06:14.646,0.1661,-1.5673,11.5697,0.0627,-0.0141,9.8064,0.1289,-0.2184,0.1313,-26.75,-26.94,23.63,342.06,-78.19,-146.51,False
3505.199,3508121,2019-09-08 11:06:14.745,-0.0562,0.9034,9.8182,0.0141,0.0046,9.8066,-0.0797,-0.0503,0.0186,-26.44,-26.81,23.44,341.59,-78.35,-146.7,False
3505.3,3508222,2019-09-08 11:06:14.846,-0.2996,-0.2125,9.6873,0.0064,0.0083,9.8065,-0.0339,-0.0373,0.0013,-26.69,-26.94,23.69,341.27,-78.48,-147.26,False
3505.399,3508321,2019-09-08 11:06:14.945,0.106,1.272,9.2346,-0.0082,0.0091,9.8066,0.049,-0.0166,0.0189,-27.25,-26.37,23.75,341.08,-78.57,-147.54,False
3505.499,3508421,2019-09-08 11:06:15.045,-2.1377,1.3189,11.6439,-0.0117,-0.0022,9.8066,0.004,-0.0438,-0.0127,-26.12,-26.81,23.69,342.89,-78.59,-146.95,False
3505.599,3508521,2019-09-08 11:06:15.145,0.1942,0.1895,9.9044,0.0352,-0.0462,9.8064,0.3578,-0.0672,0.089,-26.87,-26.81,23.5,341.3,-78.88,-147.36,False
3505.699,3508621,2019-09-08 11:06:15.245,1.4594,-0.71,12.1139,-0.0175,-0.0058,9.8065,0.5523,-0.2489,0.0488,-26.44,-26.81,23.38,341.39,-78.51,-146.92,False
3505.799,3508721,2019-09-08 11:06:15.345,0.5883,-1.8928,11.4504,0.1042,-0.1233,9.8053,-0.5461,0.1693,-0.1524,-26.75,-27.0,24.25,343.18,-78.8,-145.74,False
3505.899,3508821,2019-09-08 11:06:15.445,-1.3922,1.0932,9.4953,0.1066,-0.109,9.8054,-0.3627,0.0272,0.0687,-26.81,-27.12,23.44,339.13,-77.89,-147.6,False
3506.0,3508922,2019-09-08 11:06:15.546,-1.0172,2.5238,9.2711,-0.0542,0.0524,9.8063,0.2003,-0.0327,0.1067,-26.56,-27.19,23.25,339.78,-77.93,-147.08,False
3506.099,3509021,2019-09-08 11:06:15.645,0.1002,-1.2168,9.3363,-0.0419,0.0328,9.8064,0.1358,-0.0082,0.036,-26.75,-26.56,23.5,342.47,-78.25,-146.18,False
3506.2,3509122,2019-09-08 11:06:15.746,0.5234,-0.7214,9.0995,0.0076,0.0107,9.8066,-0.1701,0.0339,-0.0948,-26.31,-27.19,23.69,343.28,-78.24,-146.53,False
3506.299,3509221,2019-09-08 11:06:15.845,-0.3451,1.1613,9.684,-0.0117,-0.0056,9.8066,-0.0311,-0.0038,0.0096,-26.69,-26.94,23.19,341.06,-78.37,-146.14,False
3506.4,3509322,2019-09-08 11:06:15.946,-0.2002,-0.3149,9.785,-0.0526,0.0501,9.8063,-0.0775,-0.0452,-0.0095,-26.19,-27.56,23.38,342.5,-78.11,-145.78,False
3506.5,3509422,2019-09-08 11:06:16.046,-0.4435,1.6809,9.8819,-0.0623,0.0496,9.8063,0.0656,-0.0858,0.0199,-27.06,-27.0,23.44,343.45,-78.49,-144.17,False
3506.599,3509521,2019-09-08 11:06:16.145,1.6099,-0.1696,10.3901,0.0504,-0.0292,9.8064,0.0293,-0.1385,0.132,-27.06,-27.31,23.38,343.61,-78.29,-143.99,False
3506.699,3509621,2019-09-08 11:06:16.245,-1.1965,-0.6886,12.1588,0.0495,-0.0799,9.8061,-0.0722,0.2234,-0.1344,-26.69,-26.69,23.25,342.16,-77.77,-145.05,False
3506.8,3509722,2019-09-08 11:06:16.346,-0.5928,2.205,9.6072,0.0746,-0.0678,9.806,-0.0525,0.1871,-0.1675,-26.94,-26.44,23.69,343.14,-77.85,-145.61,False
3506.9,3509822,2019-09-08 11:06:16.446,-3.1161,-0.6298,8.51,-0.0021,0.0772,9.8063,-0.0989,-0.1937,0.1358,-26.56,-26.81,23.19,340.37,-78.29,-146.7,False
3506.999,3509921,2019-09-08 11:06:16.545,1.3641,0.4151,8.3246,0.0087,0.0414,9.8065,0.0874,-0.1613,-0.0823,-26.31,-28.37,23.69,341.91,-77.97,-147.48,False
3507.1,3510022,2019-09-08 11:06:16.646,1.0015,-0.0146,8.3852,-0.0068,0.0178,9.8066,-0.0401,-0.0498,-0.126,-26.0,-28.06,23.63,340.69,-78.31,-148.6,False
3507.199,3510121,2019-09-08 11:06:16.745,-0.5417,1.4668,9.1794,-0.01,0.0129,9.8066,0.0085,-0.0582,0.0594,-26.37,-27.19,23.13,339.88,-78.54,-148.19,False
3507.3,3510222,2019-09-08 11:06:16.846,-0.9238,0.1422,10.2702,0.0008,-0.036,9.8065,-0.0226,0.123,-0.0008,-26.69,-27.56,23.13,339.91,-78.59,-147.07,False
3507.4,3510322,2019-09-08 11:06:16.946,-1.2177,2.5389,8.7932,-0.0271,0.0284,9.8065,-0.0326,0.0914,-0.0354,-26.81,-28.19,23.19,341.63,-78.59,-145.63,False
3507.499,3510421,2019-09-08 11:06:17.045,-0.8866,3.542,8.507,-0.0132,0.0149,9.8066,-0.1333,-0.023,0.0667,-26.5,-27.81,23.75,343.37,-78.34,-146.39,False
3507.6,3510522,2019-09-08 11:06:17.146,0.6487,-0.0183,8.362,0.0111,-0.0055,9.8065,0.3383,-0.0616,0.0097,-26.69,-27.31,23.75,341.99,-78.17,-146.56,False
3507.7,3510622,2019-09-08 11:06:17.246,1.1414,-1.6441,10.6358,-0.0238,0.0415,9.8065,0.2648,-0.0419,-0.0233,-26.56,-27.56,24.06,341.43,-78.34,-146.98,False
3507.8,3510722,2019-09-08 11:06:17.346,1.6352,-2.0233,9.2075,-0.046,0.0474,9.8064,-0.3838,-0.0942,-0.0433,-26.56,-27.75,23.56,341.55,-78.5,-146.93,False
3507.901,3510823,2019-09-08 11:06:17.447,-0.7229,-0.2486,8.7606,0.0525,0.0023,9.8065,-0.2937,-0.1122,0.1484,-25.69,-28.19,23.69,340.65,-78.61,-148.73,False
3507.999,3510921,2019-09-08 11:06:17.545,-1.8996,3.7773,8.7446,-0.0908,0.0987,9.8057,0.6807,-0.1761,0.1755,-26.0,-26.94,24.06,342.52,-79.0,-147.38,False
3508.099,3511021,2019-09-08 11:06:17.645,2.1086,-0.4853,10.4562,-0.0927,0.043,9.8061,0.5268,0.0608,-0.0777,-25.81,-27.25,23.5,341.75,-78.72,-147.95,False
3508.2,3511122,2019-09-08 11:06:17.746,-1.6263,-3.0201,11.3132,0.013,-0.0522,9.8064,-0.1309,0.2377,-0.2626,-26.25,-28.19,23.69,340.59,-78.57,-148.77,False
3508.3,3511222,2019-09-08 11:06:17.846,0.5096,0.1231,10.0466,0.0324,-0.019,9.8065,-0.1123,0.0056,0.0371,-26.06,-27.31,23.56,340.26,-78.43,-149.11,False
3508.399,3511321,2019-09-08 11:06:17.945,-0.8098,1.1324,9.1832,-0.0377,0.0227,9.8065,0.0371,0.0168,0.0139999999999999,-26.31,-27.25,23.0,339.18,-78.52,-148.77,False
3508.5,3511422,2019-09-08 11:06:18.046,-0.4655,1.793,10.5291,-0.031,0.0221,9.8065,0.0082,-0.0418,-0.0044,-26.37,-27.44,23.13,340.79,-78.78,-147.51,False
3508.599,3511521,2019-09-08 11:06:18.145,-0.8457,-1.0126,11.2496,0.0714,-0.0666,9.8061,-0.2942,0.0852,-0.108,-26.69,-27.06,22.94,338.33,-78.34,-148.42,False
3508.699,3511621,2019-09-08 11:06:18.245,-2.3391,0.2591,9.9687,0.0568,-0.0378,9.8064,-0.1658,-0.1711,0.096,-26.56,-26.87,23.06,337.8,-78.43,-148.9,False
3508.8,3511722,2019-09-08 11:06:18.346,0.7118,0.297,9.4556,-0.0121,0.0137,9.8065,-0.0284,-0.0945,0.1089,-26.81,-26.69,23.31,338.39,-78.33,-148.37,False
3508.9,3511822,2019-09-08 11:06:18.446,-2.0951,-0.1309,11.177,-0.0065,-0.0083,9.8066,0.0861,0.0447,-0.0341,-27.0,-27.62,23.19,338.89,-78.44,-147.87,False
3509.0,3511922,2019-09-08 11:06:18.546,-0.8579,-2.3152,10.1556,0.0484,-0.0059,9.8065,-0.1439,-0.0146,-0.0741,-26.44,-27.69,23.31,338.52,-78.31,-149.12,False
3509.099,3512021,2019-09-08 11:06:18.645,-1.0312,-1.0323,10.2971,0.024,0.0114,9.8065,0.003,0.0638,-0.1013,-26.31,-27.25,24.38,338.03,-78.42,-150.98,False
3509.2,3512122,2019-09-08 11:06:18.746,-0.2878,0.1303,10.0354,0.0352,0.0217,9.8065,0.031,-0.0704,-0.0406,-25.81,-27.94,23.81,335.44,-78.62,-153.11,False
3509.3,3512222,2019-09-08 11:06:18.846,-1.1608,0.0348,10.8121,0.042,-0.0385,9.8065,-0.2302,-0.0242,-0.0425,-25.69,-27.56,24.31,334.42,-78.9,-154.09,False
3509.399,3512321,2019-09-08 11:06:18.945,1.4042,1.745,8.422,0.0481,-0.0355,9.8064,-0.1123,0.1248,-0.1752,-25.81,-28.25,23.06,331.82,-78.87,-154.99,False
3509.5,3512422,2019-09-08 11:06:19.046,-1.7931,-0.4668,9.553,-0.0372,0.0286,9.8064,-0.1349,0.1022,-0.1445,-25.75,-28.31,23.44,331.1,-79.11,-155.72,False
3509.599,3512521,2019-09-08 11:06:19.145,1.3512,1.0244,9.4433,0.001,0.0185,9.8066,-0.0062,-0.0254,-0.0827,-25.31,-27.94,23.69,333.4,-79.42,-156.22,False
3509.699,3512621,2019-09-08 11:06:19.245,0.7802,1.4816,9.6895,-0.0098,0.0179,9.8066,0.0751,-0.1311,0.1221,-25.19,-27.81,23.25,331.25,-79.38,-156.74,False
3509.8,3512722,2019-09-08 11:06:19.346,1.008,1.7093,9.6885,-0.061,0.0285,9.8064,0.0524,0.074,-0.0831,-25.19,-28.56,23.0,333.37,-79.6,-154.89,False
3509.899,3512821,2019-09-08 11:06:19.445,-4.7891,2.758,11.1355,0.0381,-0.0227,9.8065,-0.147,0.147,-0.0609,-25.0,-28.25,22.69,333.09,-79.78,-155.35,False
3510.0,3512922,2019-09-08 11:06:19.546,-6.5511,-3.4817,9.9008,0.0466,-0.0186,9.8065,-0.0569,-0.4914,0.2534,-25.25,-27.87,23.94,333.64,-79.45,-156.02,False
3510.099,3513021,2019-09-08 11:06:19.645,2.0509,6.1834,8.5235,-0.0514,0.1071,9.8058,0.0049,-0.3818,0.152,-25.31,-27.81,22.69,332.21,-79.07,-155.78,False
3510.199,3513121,2019-09-08 11:06:19.745,-2.9872,-1.2935,9.8458,-0.0258,0.0195,9.8065,-0.1852,-0.1041,-0.0294,-25.81,-27.62,23.19,332.48,-79.51,-154.72,False
3510.3,3513222,2019-09-08 11:06:19.846,-0.8666,0.4283,10.0859,0.0231,-0.039,9.8065,-0.106,-0.0052,-0.0004,-25.62,-28.37,23.0,332.79,-79.62,-154.5,False
3510.4,3513322,2019-09-08 11:06:19.946,-0.2935,1.1667,9.4469,0.02,-0.019,9.8066,-0.0816,-0.0476,-0.0254,-25.19,-28.0,23.0,334.87,-79.72,-153.8,False
3510.5,3513422,2019-09-08 11:06:20.046,-0.6986,0.5991,9.6561,-0.0064,-0.0207,9.8066,0.017,0.0427,0.1168,-25.62,-27.5,22.94,334.16,-79.71,-153.49,False
3510.6,3513522,2019-09-08 11:06:20.146,-0.1887,1.2166,10.0637,-0.0021,-0.0702,9.8063,-0.0883,0.103,0.072,-25.19,-28.0,22.63,338.28,-79.33,-150.75,False
3510.7,3513622,2019-09-08 11:06:20.246,-1.2886,0.7819,10.343,-0.0463,-0.0232,9.8065,0.2007,0.0622,0.0231,-25.75,-27.44,23.69,341.19,-79.27,-148.58,False
3510.8,3513722,2019-09-08 11:06:20.346,0.9618,0.0717,10.6505,0.0055,-0.0141,9.8065,0.0357,-0.1658,0.1244,-26.31,-27.06,23.63,343.65,-78.94,-146.4,False
3510.9,3513822,2019-09-08 11:06:20.446,1.705,-1.0168,10.734000000000002,0.0831,-0.0816,9.8059,-0.1231,0.1539,-0.1814,-26.37,-26.19,23.5,341.79,-78.25,-147.88,False
3510.999,3513921,2019-09-08 11:06:20.545,0.4973,-0.5493,10.9706,0.079,-0.0385,9.8062,-0.1184,-0.206,0.0732,-26.25,-26.87,24.13,340.41,-78.35,-148.96,False
3511.099,3514021,2019-09-08 11:06:20.645,-0.352,-1.1004,10.4527,0.0554,-0.0324,9.8064,-0.4413,0.0937,-0.126,-25.56,-27.06,23.69,341.7,-78.7,-147.98,False
3511.199,3514121,2019-09-08 11:06:20.745,-2.5814,0.4228,8.4823,0.0885,-0.0433,9.8061,-0.4784,-0.1005,0.1815,-25.94,-27.12,23.5,340.22,-78.71,-149.23,False
3511.299,3514221,2019-09-08 11:06:20.845,0.3647,3.6123,9.0093,-0.0387,0.046,9.8064,0.223,0.0157,0.1552,-25.94,-27.37,23.5,341.61,-78.95,-148.13,False
3511.4,3514322,2019-09-08 11:06:20.946,-1.0223,0.7323,8.404,0.0038,0.0116,9.8065,-0.0541,-0.1226,0.1784,-26.12,-27.06,23.38,341.07,-79.03,-147.35,False
3511.5,3514422,2019-09-08 11:06:21.046,0.0425,-1.1271,10.6166,0.0266,-0.0089,9.8066,0.0846,-0.1037,0.0932,-26.0,-27.44,23.06,340.44,-78.88,-147.83,False
3511.6,3514522,2019-09-08 11:06:21.146,0.0773,-0.4605,10.183,-0.0108,-0.0018,9.8066,0.096,0.0027,0.0326,-26.06,-26.69,23.31,340.89,-78.92,-147.47,False
3511.7,3514622,2019-09-08 11:06:21.246,-1.0065,1.1564,10.3098,0.0002,-0.0083,9.8065,-0.0694,-0.0232,-0.0372,-26.94,-27.37,22.81,340.17,-78.95,-147.07,False
3511.8,3514722,2019-09-08 11:06:21.346,0.3433,0.5923,9.2543,0.0033,-0.0082,9.8066,0.0033,0.0386,0.0559999999999999,-26.44,-27.37,22.81,341.89,-78.9,-146.62,False
3511.9,3514822,2019-09-08 11:06:21.446,-1.4531,0.7679,10.8273,-0.0074,-0.0002,9.8066,0.0403,-0.0274,0.0463,-26.5,-27.56,23.0,341.83,-78.87,-146.55,False
3512.0,3514922,2019-09-08 11:06:21.546,-0.125,0.0988,10.7811,-0.0131,0.011,9.8066,-0.0502,0.0272,-0.0468,-26.94,-27.31,23.63,342.34,-78.87,-146.47,False
3512.099,3515021,2019-09-08 11:06:21.645,0.138,-0.0958,9.9483,0.006,0.0086,9.8066,-0.0355,0.0986,-0.0649,-27.0,-27.37,23.0,340.06,-78.85,-147.14,False
3512.199,3515121,2019-09-08 11:06:21.745,-0.9733,0.8171,9.4068,0.005,0.0056,9.8065,-0.0075,0.0221,0.0135,-26.19,-28.06,23.56,342.36,-78.87,-147.38,False
3512.299,3515221,2019-09-08 11:06:21.845,0.9395,0.1691,9.4603,0.0003,0.026,9.8066,0.0306,-0.0069,0.0146,-26.12,-27.62,23.13,340.36,-79.01,-147.83,False
3512.399,3515321,2019-09-08 11:06:21.945,-0.8478,0.9157,10.4754,-0.0061,-0.0008,9.8066,-0.0794,-0.0154,0.0205,-26.69,-27.25,22.88,338.9,-79.18,-148.23,False
3512.5,3515422,2019-09-08 11:06:22.046,0.1296,0.1375,10.1362,0.0064,0.0039,9.8066,-0.0399,0.0115,-0.0176,-25.94,-27.56,23.75,340.97,-79.22,-148.66,False
3512.599,3515521,2019-09-08 11:06:22.145,-0.4606,0.9388,9.5067,0.0055,-0.0045,9.8066,0.0806,0.0169,-0.0079,-26.12,-27.06,23.75,340.43,-79.22,-149.22,False
3512.7,3515622,2019-09-08 11:06:22.246,-1.4389,1.4851,9.7368,-0.0112,0.0136,9.8066,0.0675,0.0221,0.0618,-26.06,-28.25,23.38,339.46,-79.21,-148.66,False
3512.8,3515722,2019-09-08 11:06:22.346,1.0645,0.1373,9.6312,0.0055,-0.0064,9.8066,-0.1369999999999999,-0.0606,0.1163,-25.94,-27.56,23.63,340.83,-79.2,-148.77,False
3512.901,3515823,2019-09-08 11:06:22.447,-0.0136,0.1197,9.8872,-0.0178,0.0246,9.8065,-0.044,0.01,0.0104,-26.25,-28.12,23.5,340.68,-79.35,-148.94,False
3512.999,3515921,2019-09-08 11:06:22.545,-0.2068,0.8741,10.2422,-0.0178,0.0274,9.8065,0.0507,-0.0288,0.008,-26.44,-28.0,23.94,340.83,-79.61,-148.89,False
3513.1,3516022,2019-09-08 11:06:22.646,-1.1753,-0.4706,9.6399,-0.0058,0.0024,9.8065,-0.0187,-0.0304,0.0076,-26.69,-27.56,23.19,338.01,-79.53,-149.0,False
3513.199,3516121,2019-09-08 11:06:22.745,-0.1257,-0.3327,10.1664,-0.0293,0.0339,9.8065,0.1851,0.06,-0.0169,-26.81,-27.25,23.63,339.8,-79.69,-148.88,False
3513.3,3516222,2019-09-08 11:06:22.846,-0.0053,4.3248,9.8225,0.0125,0.0328,9.8065,-0.0621,0.0701,-0.0792,-26.75,-27.56,22.81,337.82,-79.58,-149.18,False
3513.399,3516321,2019-09-08 11:06:22.945,-2.8382,0.1981,11.5626,-0.0211,0.0204,9.8065,0.0387,-0.0622,-0.0747,-26.69,-27.0,23.63,340.22,-79.63,-148.5,False
3513.499,3516421,2019-09-08 11:06:23.045,-3.0554,-1.8358,10.4147,0.0108,-0.0259,9.8065,0.0182,-0.3322,0.2681,-26.44,-27.56,23.31,338.64,-79.57,-149.48,False
3513.599,3516521,2019-09-08 11:06:23.145,-0.6843,0.3274,9.755,-0.0204,0.0074,9.8066,-0.0359,-0.0464,0.0692,-25.62,-26.94,23.0,338.21,-79.6,-149.97,False
3513.699,3516621,2019-09-08 11:06:23.245,0.4111,0.1126,9.6013,0.0067,-0.0127,9.8066,0.0617,-0.0484,-0.0223,-25.87,-27.12,23.13,339.3,-79.73,-149.08,False
3513.8,3516722,2019-09-08 11:06:23.346,0.1058,1.2091,9.6494,0.0155,-0.035,9.8065,-0.1493,-0.0298,-0.0459,-26.25,-27.25,22.88,340.14,-79.61,-148.32,False
3513.899,3516821,2019-09-08 11:06:23.445,-1.523,-0.1733,10.4891,-0.0074,-0.0099,9.8066,-0.0711,-0.0934,0.0219,-26.37,-27.69,22.94,340.12,-79.51,-148.2,False
3514.0,3516922,2019-09-08 11:06:23.546,-1.0148,2.0886,10.1993,-0.0041,-0.0027,9.8066,0.0473,-0.0937,0.0355,-26.5,-27.62,23.81,341.64,-79.35,-148.13,False
3514.099,3517021,2019-09-08 11:06:23.645,-0.0845,1.7937,9.9319,0.0031,-0.0053,9.8066,-0.0194,0.0571,-0.0505,-26.37,-27.0,24.0,341.24,-79.34,-148.57,False
3514.199,3517121,2019-09-08 11:06:23.745,-1.3589,-1.1345,9.9319,-0.0055,-0.0029,9.8066,-0.144,0.131,-0.0453,-26.87,-27.06,23.0,339.56,-79.33,-147.72,False
3514.3,3517222,2019-09-08 11:06:23.846,-0.3678,0.6623,9.6115,-0.0098,0.0025,9.8066,-0.1445,0.1055,0.0351,-26.56,-28.0,23.56,342.09,-79.36,-146.73,False
3514.4,3517322,2019-09-08 11:06:23.946,-0.6295,-0.5158,9.8027,-0.0214,0.0248,9.8066,0.0093,0.0705,0.0156,-26.44,-27.19,23.38,342.71,-79.38,-146.07,False
3514.499,3517421,2019-09-08 11:06:24.045,-1.1475,0.1081,9.9141,0.0057,0.0076,9.8066,-0.1363,-0.0633,0.0245,-26.0,-26.62,23.75,342.71,-79.3,-147.3,False
3514.599,3517521,2019-09-08 11:06:24.145,-0.1652,-1.331,10.423,-0.0222,0.0219,9.8066,-0.12,0.1023,-0.064,-26.06,-27.25,22.63,340.62,-79.39,-147.84,False
3514.7,3517622,2019-09-08 11:06:24.246,-2.3083,0.217,10.6668,-0.0125,-0.0155,9.8065,-0.0407,-0.0778,0.0886,-26.25,-27.69,23.06,340.01,-79.53,-148.3,False
3514.8,3517722,2019-09-08 11:06:24.346,0.3692,-2.7813,10.4817,-0.0463,0.0283,9.8065,-0.1937,0.0463,-0.0961,-26.75,-27.69,23.63,342.4,-79.8,-146.59,False
3514.901,3517823,2019-09-08 11:06:24.447,0.2231,-0.163,11.6251,0.0288,-0.049,9.8064,-0.0935,-0.1203,0.0918,-27.0,-26.94,23.31,342.72,-79.67,-145.12,False
3514.999,3517921,2019-09-08 11:06:24.545,-0.5786,0.1634,10.9708,0.0125,-0.02,9.8066,0.1221,0.0818,-0.1483,-27.0,-26.94,23.0,342.11,-79.31,-145.53,False
3515.1,3518022,2019-09-08 11:06:24.646,0.1105,1.4833,10.2783,0.0289,-0.0247,9.8065,0.1085,0.0581,-0.0946,-26.69,-27.87,23.56,341.95,-79.06,-146.76,False
3515.2,3518122,2019-09-08 11:06:24.746,0.6227,-0.9309,9.3466,0.0274,-0.0012,9.8065,-0.1333,0.0526,-0.0763,-26.81,-27.5,23.5,341.92,-79.16,-146.91,False
3515.3,3518222,2019-09-08 11:06:24.846,-0.6282,-0.9446,9.906,-0.0429,0.0497,9.8063,-0.115,-0.054,-0.0186,-26.56,-28.06,22.69,340.46,-79.37,-146.86,False
3515.4,3518322,2019-09-08 11:06:24.946,-0.9055,1.8983,9.3245,-0.0273,0.0394,9.8065,0.1164,-0.0404,0.0459,-26.81,-28.0,23.38,341.09,-79.97,-146.51,False
3515.5,3518422,2019-09-08 11:06:25.046,-2.2406,1.7298,9.9707,0.0358,-0.024,9.8065,0.1687,0.0129,0.0114,-26.56,-27.81,23.06,341.55,-80.02,-146.13,False
3515.6,3518522,2019-09-08 11:06:25.146,0.0656,0.8423,9.0715,0.0281,-0.0039,9.8066,-0.016,-0.0069999999999999,0.09,-26.37,-28.44,22.75,341.1,-79.96,-147.51,False
3515.699,3518621,2019-09-08 11:06:25.245,0.4976,0.3461,9.6648,0.0086,-0.0029,9.8066,0.0894,0.0871,-0.0093,-26.5,-27.87,23.06,340.34,-79.85,-148.12,False
3515.8,3518722,2019-09-08 11:06:25.346,1.2641,0.1166,9.5227,0.0027,0.0072,9.8066,-0.2019,-0.0492,-0.0343,-26.0,-27.87,23.56,341.81,-79.97,-148.17,False
3515.899,3518821,2019-09-08 11:06:25.445,0.2946,1.0396,8.9214,-0.0243,0.0229,9.8065,-0.1449,0.0114,-0.1356,-26.25,-27.75,23.31,339.92,-80.02,-148.55,False
3516.0,3518922,2019-09-08 11:06:25.546,-0.9722,1.1201,9.522,-0.0164,0.0097,9.8066,0.1195,-0.0158,0.0353,-25.87,-28.44,23.44,340.8,-80.23,-147.85,False
3516.099,3519021,2019-09-08 11:06:25.645,0.5744,-0.4208,9.0415,0.0009,0.0048,9.8066,-0.0743,0.0397,0.0082,-26.0,-28.12,23.13,341.13,-80.29,-147.59,False
3516.199,3519121,2019-09-08 11:06:25.745,-0.149,0.2234,9.3469,-0.0043,-0.0074,9.8066,-0.2172,0.1559,-0.0979,-25.81,-27.62,22.94,341.57,-80.34,-147.23,False
3516.299,3519221,2019-09-08 11:06:25.845,-1.7068,3.9879,8.6751,-0.0573,0.0609,9.8062,-0.473,0.1178,-0.0939,-26.06,-28.06,22.94,343.36,-80.64,-145.77,False
3516.399,3519321,2019-09-08 11:06:25.945,-2.3803,1.4692,10.6799,-0.0862,0.0814,9.8059,0.2577,0.152,-0.1711,-26.62,-27.75,23.38,342.06,-80.59,-145.86,False
3516.499,3519421,2019-09-08 11:06:26.045,-0.2751,2.6419,10.2971,0.0848,-0.0447,9.8061,-0.0153,0.0617,-0.1337,-26.44,-27.69,22.5,342.78,-80.51,-146.23,False
3516.599,3519521,2019-09-08 11:06:26.145,-1.4394,1.783,10.1519,0.0329,-0.0272,9.8065,0.1722,0.0083,0.0736,-26.87,-27.87,23.06,339.47,-80.0,-147.91,False
3516.7,3519622,2019-09-08 11:06:26.246,-1.3932,3.1005,9.2483,0.0273,-0.0495,9.8064,0.4479999999999999,-0.0163,0.1424,-25.75,-27.94,23.44,339.97,-80.2,-148.55,False
3516.8,3519722,2019-09-08 11:06:26.346,-1.6834,-2.4059,9.4535,0.0314,0.023,9.8065,-0.0237,-0.0708,-0.0366,-25.81,-28.44,23.69,341.74,-80.1,-148.27,False
3516.9,3519822,2019-09-08 11:06:26.446,0.0846,-1.994,9.578,-0.0234,-0.0229,9.8065,-0.0168,-0.1326,0.1565,-25.56,-28.44,22.81,341.67,-80.49,-147.18,False
3517.0,3519922,2019-09-08 11:06:26.546,-0.8276,2.7787,8.0337,-0.008,0.064,9.8064,0.16,-0.2181,-0.0292,-26.69,-27.81,23.06,342.0,-80.92,-146.01,False
3517.099,3520021,2019-09-08 11:06:26.645,0.0901,0.9446,9.2989,-0.0543,0.0524,9.8063,0.1989999999999999,-0.0206,-0.214,-26.69,-28.19,22.63,340.35,-80.76,-147.39,False
3517.199,3520121,2019-09-08 11:06:26.745,0.9407,-0.1612,10.2303,-0.0271,0.0317,9.8065,0.0339,-0.0981,-0.0035,-26.12,-28.12,23.19,341.91,-80.95,-147.11,False
3517.299,3520221,2019-09-08 11:06:26.845,0.9315,-0.1372,11.2285,0.0591,-0.0511,9.8063,-0.0224,-0.016,-0.0151,-25.94,-28.06,23.0,342.05,-80.91,-146.98,False
3517.4,3520322,2019-09-08 11:06:26.946,-1.0757,2.2845,9.0344,0.0464,-0.0574,9.8063,0.003,0.027,-0.0085,-26.81,-28.44,22.63,340.4,-80.59,-147.29,False
3517.499,3520421,2019-09-08 11:06:27.045,-3.5531,-0.4298,9.905,-0.0584,-0.0009,9.8064,0.1659,-0.1009,0.2855,-26.44,-28.06,22.88,345.16,-80.94,-144.29,False
3517.6,3520522,2019-09-08 11:06:27.146,1.2359,-0.4094,9.861,-0.0193,0.0256,9.8065,-0.0631,-0.0205,0.0852,-26.19,-28.06,23.06,344.59,-81.0,-144.81,False
3517.699,3520621,2019-09-08 11:06:27.245,0.1238,-0.5053,9.8789,0.0149,-0.0136,9.8066,0.0288,-0.006,0.0151,-26.19,-28.31,22.75,344.46,-80.98,-144.91,False
3517.8,3520722,2019-09-08 11:06:27.346,-1.9046,1.5756,10.3863,0.0017,-0.0065,9.8066,0.1823,0.0071,-0.0236,-26.37,-27.87,22.88,344.31,-80.93,-145.03,False
3517.899,3520821,2019-09-08 11:06:27.445,0.6923,0.2554,9.6713,0.0091,-0.0042,9.8066,0.0324,-0.0081,0.048,-26.81,-28.19,22.5,343.49,-80.99,-144.72,False
3517.999,3520921,2019-09-08 11:06:27.545,-0.7006,0.205,10.0794,-0.0106,-0.0176,9.8065,-0.1165,-0.0016,0.003,-26.87,-28.12,22.44,342.51,-80.95,-144.28,False
3518.1,3521022,2019-09-08 11:06:27.646,-0.6985,1.6421,10.1665,-0.0125,0.0175,9.8065,0.1265,0.0347,0.0305,-26.5,-27.62,22.5,345.31,-80.99,-144.17,False
3518.199,3521121,2019-09-08 11:06:27.745,-0.3714,1.1041,10.0083,-0.0159,0.0154,9.8066,0.1648,0.0217,-0.0365,-26.56,-28.0,22.25,342.68,-81.03,-144.15,False
3518.299,3521221,2019-09-08 11:06:27.845,1.1246,0.4267,10.0397,0.0176,-0.0112,9.8065,-0.0151,-0.0171,0.0321,-26.19,-27.81,22.94,343.31,-80.83,-145.87,False
3518.399,3521321,2019-09-08 11:06:27.945,-0.3806,0.6954,9.5361,0.0107,-0.0052,9.8065,-0.0416,0.0038,0.0106,-26.81,-27.56,22.31,340.29,-80.81,-146.16,False
3518.5,3521422,2019-09-08 11:06:28.046,-0.2843,1.5576,9.705,-0.0118,0.0195,9.8065,0.0519,-0.0249,0.0052,-26.5,-28.25,22.81,342.8,-80.83,-146.31,False
3518.6,3521522,2019-09-08 11:06:28.146,-0.7196,1.2576,9.3368,-0.0099,0.0247,9.8065,0.0438,-0.0093,0.0046,-26.56,-27.81,22.44,340.1,-80.9,-146.36,False
3518.7,3521622,2019-09-08 11:06:28.246,0.711,0.1696,9.4125,0.0365,-0.0245,9.8065,-0.2254,0.0404,-0.006,-27.06,-28.56,23.06,341.78,-81.13,-146.18,False
3518.8,3521722,2019-09-08 11:06:28.346,-1.3257,1.6212,9.2328,0.0325,-0.0231,9.8065,-0.1256,-0.0225,-0.0359,-27.0,-27.94,22.75,340.89,-81.02,-147.01,False
3518.9,3521822,2019-09-08 11:06:28.446,-0.8942,1.7001,9.5157,-0.0087,0.0246,9.8065,0.1594,-0.0127,0.013,-26.44,-28.06,22.44,340.49,-81.08,-147.08,False
3519.0,3521922,2019-09-08 11:06:28.546,-0.6124,1.3693,10.8702,-0.0031,0.0033,9.8066,0.0833,0.0147,-0.0049,-26.19,-27.87,22.63,341.85,-81.25,-147.25,False
3519.099,3522021,2019-09-08 11:06:28.645,-1.8703,1.2674,9.7299,0.0009,0.0042,9.8066,-0.0487,0.0952,-0.1024,-26.06,-27.69,22.63,341.83,-81.38,-147.31,False
3519.199,3522121,2019-09-08 11:06:28.745,-0.4592,1.229,9.8613,0.0087,-0.0015,9.8065,-0.0994,0.0145,-0.0141,-26.56,-28.06,22.0,338.92,-81.47,-147.58,False
3519.3,3522222,2019-09-08 11:06:28.846,-0.6418,1.5139,10.0363,-0.0045,0.0035,9.8066,0.0317,-0.0114,0.0398,-26.25,-27.87,22.44,340.67,-81.59,-147.09,False
3519.4,3522322,2019-09-08 11:06:28.946,-1.3078,0.4351,9.8914,-0.0139999999999999,0.001,9.8066,0.0295,-0.0226,0.1037,-26.62,-28.75,20.81,338.97,-81.61,-146.15,False
3519.5,3522422,2019-09-08 11:06:29.046,0.2091,0.5612,9.9993,-0.0186,-0.0237,9.8065,-0.0349,-0.0087,-0.0036,-27.44,-28.06,22.13,343.79,-81.35,-143.27,False
3519.6,3522522,2019-09-08 11:06:29.146,1.2699,1.1315,9.4047,-0.0154,-0.013,9.8065,-0.0034,0.1115,-0.118,-27.62,-28.0,22.13,343.94,-81.22,-142.13,False
3519.699,3522621,2019-09-08 11:06:29.245,-0.8613,1.5499,10.2239,0.0074,-0.0394,9.8065,-0.047,0.0368,0.1119999999999999,-27.56,-27.5,22.75,345.67,-81.25,-141.96,False
3519.8,3522722,2019-09-08 11:06:29.346,-0.4819,0.799,9.8431,0.015,-0.03,9.8066,-0.039,0.0283,0.0399,-28.31,-26.5,22.75,346.88,-81.01,-140.91,False
3519.899,3522821,2019-09-08 11:06:29.445,-0.9602,0.8208,10.1112,-0.0116,0.0032,9.8066,0.0686,0.0257,-0.015,-26.62,-25.44,22.75,348.12,-80.73,-140.82,False
3519.999,3522921,2019-09-08 11:06:29.545,-0.4279,0.7261,9.7324,0.0173,-0.0065,9.8065,-0.0739,0.0158,0.026,-27.44,-25.44,22.06,346.53,-80.74,-140.93,False
3520.099,3523021,2019-09-08 11:06:29.645,-1.2261,1.0573,9.5019,0.0071,-0.0074,9.8066,-0.1339,0.0143,0.0584,-26.94,-25.69,22.06,346.18,-80.7,-141.16,False
3520.199,3523121,2019-09-08 11:06:29.745,-0.84,1.5573,9.717,0.0005,0.0082,9.8066,0.0189,-0.0101,0.0528,-27.56,-26.44,20.75,344.53,-80.85,-140.35,False
3520.3,3523222,2019-09-08 11:06:29.846,-1.0409,0.3576,9.4842,0.0075,-0.0135,9.8066,-0.0536,0.0108,0.006,-26.81,-27.25,21.44,345.79,-80.78,-140.13,False
3520.4,3523322,2019-09-08 11:06:29.946,-1.121,1.3373,9.8575,-0.0122,0.0039,9.8066,0.121,-0.0291,0.0397,-27.81,-27.19,22.0,346.45,-80.8,-139.91,False
3520.5,3523422,2019-09-08 11:06:30.046,-1.3631,0.4793,10.4826,-0.008,-0.0045,9.8066,0.1165,-0.0431,0.0331,-28.19,-27.62,22.0,347.09,-80.72,-139.28,False
3520.6,3523522,2019-09-08 11:06:30.146,-0.9851,0.7445,9.5,0.0081,0.0058,9.8066,-0.0539,0.0037,-0.0072,-29.06,-27.56,21.88,345.99,-80.65,-139.28,False
3520.7,3523622,2019-09-08 11:06:30.246,-1.0586,1.3862,9.9649,0.0018,-0.008,9.8066,-0.0019,-0.0231,-0.002,-29.19,-26.56,22.88,346.81,-80.59,-139.88,False
3520.8,3523722,2019-09-08 11:06:30.346,-1.3612,0.6594,10.0979,0.0102,-0.0086,9.8066,0.09,-0.0052,0.0167,-29.19,-26.5,22.31,344.78,-80.43,-140.41,False
3520.899,3523821,2019-09-08 11:06:30.445,-0.7086,0.9723,10.3314,0.0111,-0.0198,9.8066,0.0361,0.0158,0.019,-28.62,-25.69,22.5,346.16,-80.26,-140.43,False
3521.0,3523922,2019-09-08 11:06:30.546,-1.0301,-0.1939999999999999,9.6038,-0.0037,-0.0022,9.8066,-0.0173,0.0198,-0.0254,-28.19,-26.31,21.88,346.02,-80.13,-140.2,False
3521.1,3524022,2019-09-08 11:06:30.646,-1.4422,1.1978,9.7884,-0.0147,0.0186,9.8066,0.0728,0.0006,0.0045,-28.44,-25.25,23.19,347.62,-80.22,-140.16,False
3521.2,3524122,2019-09-08 11:06:30.746,-0.6569,0.4782,10.0313,0.0187,0.0016,9.8066,-0.0983,-0.0285,0.0238,-27.56,-25.06,23.44,347.33,-80.29,-140.44,False
3521.299,3524221,2019-09-08 11:06:30.845,-0.7736,0.5554,9.9909,0.0117,0.0033,9.8066,-0.0649,0.0393,-0.0411,-28.75,-24.87,22.31,343.58,-80.38,-141.52,False
3521.399,3524321,2019-09-08 11:06:30.945,-0.6601,1.4173,9.3023,0.0227,0.0085,9.8065,0.0511,-0.0426,0.0068,-28.44,-25.06,22.5,343.99,-80.48,-143.39,False
3521.5,3524422,2019-09-08 11:06:31.046,0.0812,0.3184,9.6653,0.0203,0.0056,9.8066,0.0386,0.0373,-0.0742,-28.12,-26.12,21.0,339.81,-80.55,-144.39,False
3521.599,3524521,2019-09-08 11:06:31.145,-1.0715,0.3852,10.3043,-0.0126,0.015,9.8066,-0.0342,-0.0384,-0.0397,-27.75,-26.5,20.56,338.68,-80.7,-145.43,False
3521.699,3524621,2019-09-08 11:06:31.245,-2.0866,0.6484,9.6999,-0.0132,0.0346,9.8065,-0.0465,0.0452,-0.0782,-28.56,-27.44,20.63,337.31,-81.03,-145.74,False
3521.799,3524721,2019-09-08 11:06:31.345,-0.4807,0.2317,10.1335,0.0336,-0.0082,9.8066,-0.0296,-0.0225,0.0007,-28.31,-27.5,21.25,337.56,-81.22,-146.5,False
3521.899,3524821,2019-09-08 11:06:31.445,-0.1781,1.2762,9.7624,0.0229,-0.0236,9.8066,-0.0355,0.0575,-0.0204,-28.12,-28.0,21.56,337.7,-81.12,-147.57,False
3521.999,3524921,2019-09-08 11:06:31.545,-1.0963,0.4346,10.2771,-0.005,0.0223,9.8066,0.1127,-0.0226,-0.0072,-28.75,-28.12,21.69,336.52,-81.26,-147.75,False
3522.099,3525021,2019-09-08 11:06:31.645,-1.043,-0.7039,10.1496,-0.0075,-0.0058,9.8066,0.0881,-0.0603,0.0371,-27.87,-27.94,22.5,338.51,-81.17,-148.16,False
3522.2,3525122,2019-09-08 11:06:31.746,0.7491,0.654,9.8427,0.0347,-0.0096,9.8066,-0.0665,-0.0953,0.0355,-28.5,-28.37,22.94,337.73,-81.16,-148.85,False
3522.3,3525222,2019-09-08 11:06:31.846,-1.0582,0.364,9.7671,0.0295,-0.008,9.8066,-0.1361,-0.0542,0.0351,-27.87,-27.62,23.44,336.03,-81.04,-150.31,False
3522.4,3525322,2019-09-08 11:06:31.946,0.3455,0.4542,9.6681,0.0055,0.0062,9.8066,-0.0135,0.0104,0.0223,-27.31,-27.87,23.88,338.76,-81.16,-150.17,False
3522.5,3525422,2019-09-08 11:06:32.046,-0.2604,0.6940000000000001,9.7379,-0.005,-0.0023,9.8066,0.0154,0.0436,-0.0561,-27.5,-26.69,24.0,339.27,-81.3,-149.85,False
3522.599,3525521,2019-09-08 11:06:32.145,-0.0929,1.4498,9.7302,-0.0329,0.0246,9.8065,0.1289,0.0431,-0.0563,-26.56,-27.06,23.81,339.86,-81.6,-149.42,False
3522.699,3525621,2019-09-08 11:06:32.245,-0.0519,0.5656,10.1913,-0.0238,0.0257,9.8065,0.1139,-0.0231,-0.0437,-26.5,-27.06,23.56,340.9,-81.6,-149.53,False
3522.799,3525721,2019-09-08 11:06:32.345,-0.505,1.0244,9.8765,-0.0149,0.021,9.8065,-0.0436,0.0151,-0.0083,-26.81,-26.81,23.13,337.64,-81.57,-150.13,False
3522.9,3525822,2019-09-08 11:06:32.446,-0.5501,0.9495,9.4957,0.0216,-0.0193,9.8066,-0.0773,0.0077,-0.0058,-25.75,-26.94,24.0,339.51,-81.46,-150.71,False
3523.0,3525922,2019-09-08 11:06:32.546,0.3246,-0.1909,9.5354,0.0093,-0.0109,9.8066,0.0487,0.0481,-0.0057,-26.37,-27.0,23.56,338.72,-81.3,-151.36,False
3523.099,3526021,2019-09-08 11:06:32.645,1.4791,-0.7352,10.0925,0.0129,-0.0037,9.8066,0.0112,0.0334,-0.0112,-26.44,-26.75,23.13,336.91,-81.28,-151.69,False
3523.199,3526121,2019-09-08 11:06:32.745,0.4639999999999999,0.2168,9.0046,-0.0359,0.0243,9.8065,-0.0414,0.0464,-0.0076,-25.62,-26.94,22.63,338.62,-81.56,-150.28,False
3523.299,3526221,2019-09-08 11:06:32.845,-0.188,0.4965,10.0176,-0.0318,0.0279999999999999,9.8065,0.024,0.0464,-0.0334,-25.81,-26.94,22.25,337.93,-81.71,-149.63,False
3523.399,3526321,2019-09-08 11:06:32.945,0.9953,0.5311,10.3312,0.0369,-0.0164,9.8065,-0.0637,0.0604,-0.0016,-25.81,-26.69,21.56,337.59,-81.84,-149.98,False
3523.5,3526422,2019-09-08 11:06:33.046,-0.1196,0.8545,10.0581,0.0325,-0.0299,9.8065,-0.07,0.0671,-0.0007,-25.25,-27.12,21.75,337.04,-81.64,-151.45,False
3523.6,3526522,2019-09-08 11:06:33.146,0.2209,0.1109,9.2674,-0.0171,0.0218,9.8066,0.1037,0.0769,-0.0124,-25.31,-27.37,22.25,336.59,-81.62,-151.84,False
3523.699,3526621,2019-09-08 11:06:33.245,1.2035,0.2682,9.0264,-0.0125,0.0291,9.8066,0.0131,0.0087,0.0098,-25.06,-26.94,22.06,335.99,-81.8,-152.44,False
3523.8,3526722,2019-09-08 11:06:33.346,0.1229,0.6061,10.0248,-0.019,0.0162,9.8065,-0.0642,0.0651,-0.049,-26.12,-27.06,21.56,335.03,-81.93,-152.29,False
3523.9,3526822,2019-09-08 11:06:33.446,0.6111,-0.0689,10.667,-0.0189,0.032,9.8065,0.0029,0.0705,-0.064,-25.56,-27.25,22.06,335.18,-82.12,-152.23,False
3524.0,3526922,2019-09-08 11:06:33.546,0.5313,-0.0241,9.892,0.0245,0.0042,9.8066,0.0258,0.0419,-0.0579999999999999,-25.12,-26.06,22.06,335.23,-82.33,-153.42,False
3524.099,3527021,2019-09-08 11:06:33.645,-0.1882,0.4437,9.8133,0.0156,0.0057,9.8066,0.0981,0.0856,-0.0574,-25.5,-25.87,21.75,332.82,-82.41,-155.62,False
3524.2,3527122,2019-09-08 11:06:33.746,0.7169,-0.2073,10.5597,0.0141,-0.0201,9.8065,0.1292,0.0283,0.0129,-26.0,-24.56,20.81,329.69,-82.33,-156.12,False
3524.3,3527222,2019-09-08 11:06:33.846,0.5814,-0.6975,10.2451,0.0083,-0.01,9.8066,-0.0973,0.0256,0.0043,-25.62,-24.31,20.88,329.57,-82.11,-156.25,False
3524.399,3527321,2019-09-08 11:06:33.945,-0.336,-1.1538,9.7591,-0.006,0.0184,9.8066,-0.1109,0.0247,-0.045,-27.25,-25.87,20.19,326.16,-82.17,-156.75,False
3524.499,3527421,2019-09-08 11:06:34.045,0.3025,-0.2014,9.5354,-0.0083,0.0371,9.8065,0.0662,-0.0161,-0.0602,-27.0,-26.81,20.31,324.14,-82.36,-158.55,False
3524.599,3527521,2019-09-08 11:06:34.145,0.1531,-1.2289,9.6638,0.0203,0.0293,9.8065,-0.0274,-0.0166,-0.0797,-26.37,-28.12,20.38,323.06,-82.58,-160.47,False
3524.7,3527622,2019-09-08 11:06:34.246,0.1962,0.0843,8.9913,0.0028,0.0195,9.8066,-0.0766,-0.021,0.0051,-26.94,-28.62,20.5,319.99,-83.06,-163.88,False
3524.8,3527722,2019-09-08 11:06:34.346,0.4824,-1.1403,8.9844,-0.03,0.0188,9.8065,-0.0443,-0.0433,0.0086,-26.62,-28.31,20.88,321.55,-83.51,-162.83,False
3524.9,3527822,2019-09-08 11:06:34.446,-0.2814,-1.0113,10.0107,-0.0174,0.0139999999999999,9.8066,-0.1485,-0.0568,-0.0091,-26.31,-29.0,21.31,324.93,-84.19,-160.96,False
3524.999,3527921,2019-09-08 11:06:34.545,-1.0187,-0.7289,9.6734,-0.0451,0.0639,9.8063,-0.0155,-0.0932,-0.0218,-26.25,-28.69,19.88,324.25,-84.74,-160.49,False
3525.1,3528022,2019-09-08 11:06:34.646,-0.8832,-0.2552,10.2628,-0.0276,0.0284,9.8066,0.0125,-0.1223,0.0129,-25.81,-28.37,21.06,325.68,-85.44,-161.01,False
3525.2,3528122,2019-09-08 11:06:34.746,-0.4283,-0.8701,9.7916,0.0168,-0.0237,9.8066,0.0237,-0.1854,0.0799,-25.94,-28.37,20.25,324.58,-85.39,-160.62,False
3525.299,3528221,2019-09-08 11:06:34.845,-1.0191,-1.3327,9.4633,0.0092,-0.0357,9.8065,0.0328,-0.1867,0.1129,-25.87,-29.0,21.75,329.01,-84.88,-158.88,False
3525.4,3528322,2019-09-08 11:06:34.946,-1.8312,-2.3648,10.1641,-0.0138,-0.0338,9.8065,0.0444,-0.2704,0.1197,-25.87,-28.56,22.75,335.11,-84.4,-154.32,False
3525.499,3528421,2019-09-08 11:06:35.045,-1.7632,-2.3283,10.0706,-0.019,-0.0139,9.8066,0.0177,-0.2867,0.0679,-26.37,-28.37,22.81,337.95,-84.26,-151.71,False
3525.599,3528521,2019-09-08 11:06:35.145,-2.5417,-2.1833,10.5794,-0.0138,-0.0222,9.8065,-0.0372,-0.3653,0.0892,-26.06,-28.62,23.0,340.05,-84.14,-149.68,False
3525.7,3528622,2019-09-08 11:06:35.246,-2.7923,-2.0175,10.2111,-0.0122,-0.0217,9.8065,-0.0134,-0.4001,0.0819,-25.75,-28.31,24.69,346.19,-83.84,-146.47,False
3525.801,3528723,2019-09-08 11:06:35.347,-2.8789,-2.1335,10.1023,0.0085,-0.0242,9.8066,-0.0091,-0.4422,0.0639,-25.5,-28.37,24.75,348.22,-83.62,-145.68,False
3525.899,3528821,2019-09-08 11:06:35.445,-2.7208,-2.4332,10.4105,0.0193,-0.0288,9.8066,-0.0364,-0.466,0.0514,-24.87,-27.25,26.5,350.13,-83.26,-146.16,False
3525.999,3528921,2019-09-08 11:06:35.545,-2.4309,-1.9802,10.1056,-0.0038,-0.0001,9.8066,0.0189,-0.4919,0.0997,-24.31,-27.87,27.06,350.94,-83.14,-146.53,False
3526.1,3529022,2019-09-08 11:06:35.646,-3.5238,-1.7671,10.6341,-0.0097,-0.0178,9.8066,0.0504,-0.5087,0.0982,-23.37,-27.5,27.81,354.15,-82.93,-145.87,False
3526.199,3529121,2019-09-08 11:06:35.745,-3.1963,-1.9409,10.0643,0.013,-0.027,9.8066,-0.0261,-0.5227,0.057,-23.25,-26.69,29.06,355.09,-82.72,-146.0,False
3526.299,3529221,2019-09-08 11:06:35.845,-2.6082,-1.2666,9.8078,0.0065,-0.0211,9.8066,0.0001,-0.4852,0.0564,-22.69,-26.81,29.88,355.2,-82.39,-146.83,False
3526.399,3529321,2019-09-08 11:06:35.945,-3.5335,-1.5703,10.0688,-0.0032,-0.0179,9.8066,0.0002,-0.5258,0.0904,-21.62,-26.87,29.94,356.43,-82.15,-146.93,False
3526.5,3529422,2019-09-08 11:06:36.046,-3.5288,-1.4523,10.4385,-0.0054,-0.024,9.8065,0.0046,-0.5793,0.1088,-20.44,-25.87,30.44,359.73,-81.76,-146.55,False
3526.6,3529522,2019-09-08 11:06:36.146,-3.3672,-1.6926,9.9553,0.0057,-0.0321,9.8065,-0.0684,-0.5775,0.0705,-19.62,-26.25,30.63,0.84,-81.39,-146.43,False
3526.699,3529621,2019-09-08 11:06:36.245,-3.41,-1.3497,10.2712,0.02,-0.0445,9.8065,-0.0983,-0.6036,0.0965,-18.37,-26.44,30.81,3.35,-81.2,-146.92,False
3526.799,3529721,2019-09-08 11:06:36.345,-2.4955,-1.3673,9.6022,-0.0263,0.0123,9.8066,0.0506,-0.5886,0.1342,-17.62,-27.06,31.5,4.3,-81.01,-146.89,False
3526.899,3529821,2019-09-08 11:06:36.445,-3.9606,-1.3681,10.6442,-0.0181,0.0247,9.8065,0.045,-0.5732,0.0521,-17.31,-27.5,31.88,6.15,-80.81,-146.68,False
3526.999,3529921,2019-09-08 11:06:36.545,-2.3106,-1.0714,9.8086,0.0073,0.0419,9.8065,0.0659,-0.5642,0.0802,-15.37,-27.44,32.88,9.62,-81.09,-147.16,False
3527.1,3530022,2019-09-08 11:06:36.646,-2.6882,-0.6185,9.7528,0.0095,0.0039,9.8066,-0.1487,-0.5546,0.0461,-15.19,-27.44,33.0,9.68,-81.05,-147.1,False
3527.199,3530121,2019-09-08 11:06:36.745,-1.9301,-1.4164,10.1038,-0.0066,-0.0299,9.8066,-0.0715,-0.4616,0.0476,-13.5,-27.37,32.19,12.63,-80.99,-146.95,False
3527.3,3530222,2019-09-08 11:06:36.846,-3.4603,-1.0605,10.0295,0.0029,0.0113,9.8066,-0.0627,-0.5115,0.0482,-12.25,-27.0,33.0,15.39,-80.82,-146.68,False
3527.4,3530322,2019-09-08 11:06:36.946,-3.1107,-0.9717,10.1106,0.0105,-0.0082,9.8066,-0.0301,-0.5802,0.1015,-12.12,-27.62,32.5,14.46,-80.86,-147.55,False
3527.499,3530421,2019-09-08 11:06:37.045,-2.224,-0.297,10.1972,0.0051,-0.0196,9.8066,0.0008,-0.5787,0.108,-10.81,-27.12,32.56,15.75,-80.72,-147.96,False
3527.599,3530521,2019-09-08 11:06:37.145,-2.7088,-1.8697,10.1345,-0.0065,-0.0309,9.8066,-0.0071,-0.5571,0.1025,-9.75,-27.62,33.06,17.36,-80.37,-148.34,False
3527.7,3530622,2019-09-08 11:06:37.246,-2.8382,-1.5001,9.9515,-0.0159,-0.0052,9.8066,0.0127,-0.5605,0.1119999999999999,-8.5,-27.56,33.0,22.0,-80.09,-147.73,False
3527.8,3530722,2019-09-08 11:06:37.346,-2.7018,-0.1521,10.2242,-0.0062,-0.0022,9.8066,0.0182,-0.5527,0.0735,-8.06,-27.31,32.75,22.08,-79.86,-147.63,False
3527.9,3530822,2019-09-08 11:06:37.446,-1.7555,-1.4280000000000002,10.0776,0.0058,-0.0157,9.8066,-0.0237,-0.4967,0.0307,-6.69,-27.81,32.19,23.02,-79.71,-148.4,False
3527.999,3530921,2019-09-08 11:06:37.545,-0.59,-1.4018,9.7571,0.0139,0.005,9.8066,0.042,-0.3899,0.0353,-6.0,-27.56,32.63,23.84,-79.63,-149.69,False
3528.099,3531021,2019-09-08 11:06:37.645,0.3419,-1.1733,9.6471,-0.0116,-0.0224,9.8065,0.0422,-0.2802,0.0564,-6.06,-27.75,32.56,23.29,-79.57,-150.18,False
3528.199,3531121,2019-09-08 11:06:37.745,0.27,-0.7279,9.4422,-0.0278,-0.0106,9.8066,-0.1673,-0.2019999999999999,0.1245,-5.06,-27.81,32.25,27.19,-79.32,-148.55,False
3528.299,3531221,2019-09-08 11:06:37.845,-0.4917,0.0,9.3662,-0.0388,0.0379,9.8065,-0.1521,-0.1605,0.0976,-6.0,-28.12,31.13,30.23,-79.37,-143.99,False
3528.399,3531321,2019-09-08 11:06:37.945,-0.8868,-1.0961,9.6548,-0.0271,0.0238,9.8065,-0.1302,-0.1337,0.0239,-5.5,-28.37,30.88,35.51,-79.41,-141.29,False
3528.5,3531422,2019-09-08 11:06:38.046,-0.3077,0.2501,9.7337,-0.0195,0.023,9.8065,-0.0601,-0.1421,0.0399,-5.44,-28.62,30.88,37.66,-79.58,-139.53,False
3528.599,3531521,2019-09-08 11:06:38.145,-0.3486,-1.5846,10.2276,-0.0199,0.0038,9.8066,-0.0878,-0.1258,0.0603,-5.44,-28.75,30.94,40.07,-79.43,-137.56,False
3528.702,3531624,2019-09-08 11:06:38.248,-0.5479,-0.7968,10.3569,-0.0155,-0.0159,9.8066,-0.0795,-0.1683,0.0725,-5.37,-28.94,30.88,40.67,-79.1,-137.26,False
3528.8,3531722,2019-09-08 11:06:38.346,-0.5948,-0.5371,9.7955,-0.0024,-0.0085,9.8066,0.185,-0.1082,-0.0025,-5.31,-28.19,30.88,39.84,-78.71,-138.02,False
3528.9,3531822,2019-09-08 11:06:38.446,-0.6312,-1.8236,10.0573,0.0074,-0.0171,9.8066,0.1299,-0.1292,0.0103,-5.12,-28.56,31.38,38.1,-78.49,-139.88,False
3528.999,3531921,2019-09-08 11:06:38.545,0.432,-0.8263,9.5057,0.0207,-0.0007,9.8066,-0.0193,-0.064,-0.0299,-5.06,-28.19,30.63,36.28,-78.48,-141.2,False
3529.1,3532022,2019-09-08 11:06:38.646,0.5724,-0.6171,10.0495,0.0104,0.0132,9.8066,0.0001,0.0025,-0.0544,-4.87,-28.19,30.5,34.9,-78.71,-142.23,False
3529.199,3532121,2019-09-08 11:06:38.745,0.2564,-0.4382,10.3383,-0.0029,-0.0202,9.8066,-0.0073,-0.0688,0.0576,-4.94,-28.31,30.31,34.36,-78.69,-142.58,False
3529.3,3532222,2019-09-08 11:06:38.846,0.1231,-0.8976,10.0062,0.0063,-0.023,9.8065,0.0002,-0.0288,0.0076,-5.06,-28.06,31.19,34.14,-78.54,-142.97,False
3529.399,3532321,2019-09-08 11:06:38.945,0.0787,-2.0079,9.9475,0.0058,-0.0146,9.8065,0.1025,0.0105,-0.0104,-4.56,-28.12,31.25,32.72,-78.28,-144.32,False
3529.5,3532422,2019-09-08 11:06:39.046,0.5579,-2.212,9.9314,0.0067,0.0025,9.8066,0.0467,-0.0089,-0.0348,-4.87,-28.06,30.81,31.35,-78.13,-145.55,False
3529.6,3532522,2019-09-08 11:06:39.146,-0.0133,-0.1037,10.4723,0.0062,-0.0069999999999999,9.8066,-0.0449,0.0227,-0.0687,-4.94,-28.25,31.5,30.93,-78.16,-145.99,False
3529.7,3532622,2019-09-08 11:06:39.246,0.855,-1.5371,10.407,0.0145,-0.0185,9.8065,-0.0662,-0.0775,-0.0142,-4.62,-27.81,30.75,29.55,-78.16,-147.02,False
3529.8,3532722,2019-09-08 11:06:39.346,0.2368,-0.7551,9.9657,0.018,0.0018,9.8066,0.1216,-0.0593,-0.0495,-4.37,-28.31,31.25,30.82,-78.07,-147.85,False
3529.9,3532822,2019-09-08 11:06:39.446,0.061,-0.8395,10.2476,0.0144,0.0062,9.8066,0.1278,0.0391,-0.0338,-4.44,-28.19,30.69,29.15,-77.94,-149.3,False
3529.999,3532921,2019-09-08 11:06:39.545,0.5904,-0.9948,9.9467,0.0057,-0.0303,9.8065,-0.1002,0.0228,-0.0595,-4.12,-27.56,32.38,27.69,-78.0,-150.53,False
3530.099,3533021,2019-09-08 11:06:39.645,0.7885,-1.6130000000000002,9.6092,0.0034,-0.0405,9.8065,-0.1634,0.0444,-0.0625,-4.0,-27.31,31.06,26.49,-77.89,-151.33,False
3530.2,3533122,2019-09-08 11:06:39.746,1.8876,0.1669999999999999,9.262,0.0123,0.051,9.8064,0.2752,0.0247,0.0016,-4.12,-27.62,30.94,26.38,-78.29,-151.4,False
3530.299,3533221,2019-09-08 11:06:39.845,1.577,-1.9823,10.0209,-0.0001,0.0052,9.8066,0.161,0.0873,-0.0225,-4.31,-28.0,30.56,25.53,-78.19,-152.14,False
3530.4,3533322,2019-09-08 11:06:39.946,1.3929,-1.0755,9.9003,0.0036,0.0114,9.8066,-0.0019,0.0649,-0.0134,-3.62,-27.94,31.13,24.96,-78.15,-152.63,False
3530.499,3533421,2019-09-08 11:06:40.045,1.0506,-1.1431,9.9338,-0.0105,0.0111,9.8066,0.0111,0.1467,-0.0569,-3.69,-28.44,31.56,25.19,-78.15,-152.53,False
3530.6,3533522,2019-09-08 11:06:40.146,1.4717,-0.7757,9.6547,-0.0034,-0.0096,9.8066,-0.0862,0.1182,-0.0354,-3.87,-27.75,32.06,25.14,-78.07,-152.61,False
3530.7,3533622,2019-09-08 11:06:40.246,3.1575,-0.1543,9.3279,-0.0096,-0.0006,9.8066,-0.0759,0.1473,-0.0895,-4.69,-27.56,31.63,23.25,-77.97,-152.42,False
3530.799,3533721,2019-09-08 11:06:40.345,2.3722,-0.2747,9.5025,-0.0035,0.006,9.8065,0.0314,0.0994,-0.0041,-4.5,-27.87,32.19,26.19,-78.03,-151.76,False
3530.899,3533821,2019-09-08 11:06:40.445,1.8861,-0.2123,9.9427,-0.0018,0.003,9.8066,0.0243,0.1327,-0.0889,-5.06,-27.37,31.69,24.26,-78.14,-151.37,False
3531.0,3533922,2019-09-08 11:06:40.546,2.0639,-1.4155,9.9887,0.0089,0.0106,9.8066,0.0194,0.1476,-0.0867,-4.62,-27.06,31.94,23.9,-78.31,-151.6,False
3531.099,3534021,2019-09-08 11:06:40.645,2.9348,0.4492,9.5687,0.0146,0.0179,9.8066,0.0569,0.1419,-0.0554,-5.25,-27.5,32.38,22.89,-78.48,-152.37,False
3531.2,3534122,2019-09-08 11:06:40.746,1.3793,-0.8711,10.0185,0.0087,-0.0224,9.8066,-0.0739,0.1732,-0.0109,-5.25,-28.06,31.63,22.57,-78.44,-152.78,False
3531.3,3534222,2019-09-08 11:06:40.846,3.7427,-0.3154,9.489,-0.0094,-0.0092,9.8066,0.0202,0.1736,-0.0283,-5.5,-27.06,32.19,21.82,-78.33,-153.31,False
3531.4,3534322,2019-09-08 11:06:40.946,1.8131,-0.3152,9.7361,-0.0152,0.0399,9.8065,0.177,0.2061,-0.0408,-6.69,-27.31,31.63,19.09,-78.31,-152.08,False
3531.5,3534422,2019-09-08 11:06:41.046,2.4476,-0.3082,10.3554,-0.0047,0.0122,9.8066,0.1095,0.1511,0.0331,-6.19,-28.06,32.5,21.89,-78.19,-151.89,False
3531.599,3534521,2019-09-08 11:06:41.145,2.3037,-0.5433,10.1312,-0.0028,-0.0098,9.8065,-0.0323,0.1499,-0.0408,-7.0,-27.56,32.56,20.6,-78.12,-151.29,False
3531.699,3534621,2019-09-08 11:06:41.245,2.2153,0.6888,8.887,0.0066,-0.0279999999999999,9.8066,-0.2264,0.1844,-0.0471,-7.0,-27.81,32.25,19.98,-77.99,-151.58,False
3531.799,3534721,2019-09-08 11:06:41.345,3.0348,0.6835,9.0918,-0.0061,-0.0173,9.8066,0.0512,0.1397,-0.0222,-6.94,-27.25,33.06,20.69,-78.06,-151.11,False
3531.9,3534822,2019-09-08 11:06:41.446,2.5380000000000003,-1.1784,10.1663,-0.0069,0.0385,9.8065,0.2518,0.131,-0.0023,-7.31,-27.37,32.69,21.13,-78.28,-150.66,False
3531.999,3534921,2019-09-08 11:06:41.545,0.8517,0.332,11.1322,-0.0061,-0.0235,9.8066,0.0041,0.2497,-0.1276,-7.12,-27.25,33.63,21.25,-78.04,-150.9,False
3532.1,3535022,2019-09-08 11:06:41.646,3.7311,0.1792,10.1437,0.0003,-0.0417,9.8065,0.0207,0.2388,-0.0324,-7.5,-26.62,33.25,20.29,-77.92,-151.48,False
3532.201,3535123,2019-09-08 11:06:41.747,1.5082,0.9417,9.0303,-0.01,0.0314,9.8066,-0.0875,0.1719,0.0602,-8.31,-27.06,33.06,18.48,-77.77,-151.35,False
3532.299,3535221,2019-09-08 11:06:41.845,3.1205,1.9552,9.1248,-0.0218,0.044,9.8064,-0.1141,0.2369,-0.0371,-8.56,-27.25,33.06,17.91,-77.97,-150.11,False
3532.405,3535327,2019-09-08 11:06:41.951,2.411,-0.8435,9.905,0.0177,-0.0416,9.8065,0.048,0.0646,-0.0113,-8.87,-26.87,33.06,18.5,-78.0,-149.61,False
3532.5,3535422,2019-09-08 11:06:42.046,2.7641,0.1628,9.3018,0.0184,-0.0398,9.8065,0.0681,0.1443,-0.0569,-9.06,-27.44,33.5,17.94,-77.9,-150.46,False
3532.6,3535522,2019-09-08 11:06:42.146,1.7333,1.8428,9.5441,-0.0063,0.0608,9.8064,0.0239,0.2328,-0.0982,-9.12,-27.06,33.63,18.36,-78.42,-149.95,False
3532.7,3535622,2019-09-08 11:06:42.246,2.1344,1.17,9.6254,0.0085,0.0421,9.8065,0.0671,0.1451,0.0098,-9.5,-27.06,33.06,17.08,-78.48,-150.64,False
3532.8,3535722,2019-09-08 11:06:42.346,3.1135,1.3308,9.5877,0.0047,0.0212,9.8065,0.0654,0.1937,-0.0359,-9.5,-26.87,33.06,16.19,-78.47,-151.39,False
3532.899,3535821,2019-09-08 11:06:42.445,2.1762,1.2278,9.6013,0.0061,-0.016,9.8066,-0.0837,0.1375,-0.0351,-10.06,-26.81,33.31,13.4,-78.26,-152.13,False
3532.999,3535921,2019-09-08 11:06:42.545,2.3077,1.4558,9.2731,-0.0056,0.0311,9.8065,0.0784,0.1299,-0.0291,-10.87,-26.75,33.25,11.61,-78.25,-152.01,False
3533.099,3536021,2019-09-08 11:06:42.645,2.5747,0.6631,9.7499,-0.0044,0.0422,9.8065,0.1536,0.2011,-0.0571,-10.81,-27.31,33.5,12.56,-78.61,-151.61,False
3533.2,3536122,2019-09-08 11:06:42.746,2.7382,1.7117,9.4118,0.0088,-0.021,9.8066,-0.1594,0.1733,-0.0656,-11.25,-27.62,33.13,11.58,-78.61,-152.03,False
3533.3,3536222,2019-09-08 11:06:42.846,1.8841,1.6872,9.7552,0.0132,-0.0029,9.8065,-0.1065,0.1447,-0.0147,-10.44,-27.06,33.5,13.59,-78.75,-152.27,False
3533.4,3536322,2019-09-08 11:06:42.946,2.2774,1.1282,9.6245,0.0154,-0.0207,9.8065,0.0039,0.1618,-0.0864,-11.0,-27.31,33.25,11.25,-78.78,-152.21,False
3533.499,3536421,2019-09-08 11:06:43.045,1.8048,-0.1227,9.1135,0.0029,-0.0215,9.8066,-0.0629,0.1422,0.0096,-11.06,-27.62,33.06,10.5,-78.73,-152.91,False
3533.599,3536521,2019-09-08 11:06:43.145,2.3723,0.593,10.0258,0.0079,0.0015,9.8066,-0.0404,0.0676,0.0246,-11.12,-27.0,32.38,10.51,-78.89,-152.32,False
3533.7,3536622,2019-09-08 11:06:43.246,0.7689,0.8242,10.1281,0.0033,-0.0135,9.8066,-0.0856,0.1002,-0.045,-12.25,-27.25,32.69,9.18,-78.9,-152.36,False
3533.8,3536722,2019-09-08 11:06:43.346,3.0410000000000004,0.2146,9.2339,0.0019,0.0196,9.8066,0.217,0.0844,-0.0135,-11.69,-27.19,33.94,8.74,-79.02,-153.22,False
3533.9,3536822,2019-09-08 11:06:43.446,1.9563,-0.9006,9.7924,-0.0114,0.0138,9.8066,0.0805,0.0649,-0.0038,-11.56,-27.19,33.19,8.77,-78.98,-152.69,False
3534.0,3536922,2019-09-08 11:06:43.546,0.6398,0.7876,9.5478,-0.0279999999999999,0.0441,9.8064,-0.0669,0.0831,-0.0338,-12.12,-27.87,32.81,10.13,-79.15,-151.58,False
3534.099,3537021,2019-09-08 11:06:43.645,0.7591,1.0812,9.7597,-0.0237,0.0258,9.8065,0.0173,0.0606,-0.0011,-12.0,-27.31,32.75,12.66,-79.45,-149.33,False
3534.199,3537121,2019-09-08 11:06:43.745,0.9001,0.4149,10.5078,0.0007,-0.042,9.8065,-0.0139999999999999,0.0023,0.0327,-12.81,-27.25,33.56,12.35,-79.25,-148.64,False
3534.299,3537221,2019-09-08 11:06:43.845,0.6061,0.6769,9.8869,0.0063,-0.0577,9.8064,-0.0855,0.0495,0.0344,-12.37,-26.94,33.0,12.97,-78.62,-149.25,False
3534.399,3537321,2019-09-08 11:06:43.945,0.8001,1.4457,8.979,-0.0224,0.0137,9.8065,0.3197,-0.0009,0.0426,-12.87,-27.06,33.75,12.54,-78.45,-148.63,False
3534.5,3537422,2019-09-08 11:06:44.046,1.134,-1.3821,10.0849,-0.019,0.0206,9.8066,0.2324,0.0256,0.0403,-13.0,-26.94,33.88,13.68,-78.46,-147.67,False
3534.599,3537521,2019-09-08 11:06:44.145,1.0248,0.2794,8.8525,-0.0151,0.0179,9.8066,-0.2379,-0.0601,0.0393,-12.81,-27.06,33.13,14.4,-78.64,-146.51,False
3534.7,3537622,2019-09-08 11:06:44.246,0.2227,2.8804,8.8164,-0.0098,0.0521,9.8065,-0.1102,-0.0098,0.0497,-13.25,-27.12,32.5,15.87,-78.8,-145.24,False
3534.8,3537722,2019-09-08 11:06:44.346,0.5028,-0.2519,10.6506,0.0007,-0.042,9.8065,0.04,-0.0027,0.0166,-13.5,-27.0,32.81,16.22,-78.68,-144.98,False
3534.899,3537821,2019-09-08 11:06:44.445,0.6287,0.1871,10.4089,0.0106,-0.0069,9.8065,0.0726,0.0249,-0.0551,-13.37,-27.19,33.06,15.66,-78.49,-145.49,False
3534.999,3537921,2019-09-08 11:06:44.545,0.4641,0.0171,10.4088,0.0213,-0.0304,9.8065,-0.1273,0.0067,-0.0153,-13.81,-27.19,33.13,12.2,-78.51,-146.87,False
3535.099,3538021,2019-09-08 11:06:44.645,0.5087,0.452,9.6703,0.0062,-0.0012,9.8065,-0.0512,-0.0106,0.0315,-12.81,-26.31,33.13,13.62,-78.64,-147.09,False
3535.2,3538122,2019-09-08 11:06:44.746,0.672,-0.1702,10.1956,-0.0011,-0.0039,9.8066,0.108,0.0258,0.0179,-13.12,-26.69,32.56,13.72,-78.65,-147.07,False
3535.299,3538221,2019-09-08 11:06:44.845,-0.0967,-0.0072,10.5395,-0.0086,-0.0031,9.8066,0.0826,-0.0923,0.0787,-13.12,-26.37,32.63,13.67,-78.49,-147.08,False
3535.399,3538321,2019-09-08 11:06:44.945,1.6537,0.3044,10.095,0.0091,-0.0402,9.8065,-0.021,-0.1017,0.1163,-13.12,-26.06,32.94,14.06,-78.29,-146.79,False
3535.499,3538421,2019-09-08 11:06:45.045,0.2507,0.1905,9.5426,-0.0075,-0.0491,9.8065,-0.0536,0.0391,0.0302,-13.75,-26.69,33.5,12.95,-77.83,-146.94,False
3535.6,3538522,2019-09-08 11:06:45.146,-0.1784,0.3392,9.9702,-0.0197,0.0049,9.8065,0.0445,-0.0364,0.0427,-14.0,-26.44,33.88,14.17,-77.82,-145.85,False
3535.7,3538622,2019-09-08 11:06:45.246,-0.2822,0.6419,9.5982,-0.0081,0.0196,9.8066,0.0453,-0.0208,-0.0243,-13.44,-27.25,33.44,16.08,-77.87,-145.3,False
3535.799,3538721,2019-09-08 11:06:45.345,-0.2187,0.2548,10.098,0.0095,-0.0479,9.8065,-0.1319,-0.0101,-0.0123,-13.69,-26.94,33.25,14.53,-77.89,-145.06,False
3535.901,3538823,2019-09-08 11:06:45.447,0.2189,-0.7362,9.6016,0.0023,-0.0194,9.8066,-0.0588,-0.0429,-0.0006,-13.75,-26.37,33.31,14.24,-77.71,-145.26,False
3535.999,3538921,2019-09-08 11:06:45.545,-0.2198,0.4435,9.7637,0.002,0.0074,9.8066,0.0624,-0.0554,0.0188,-13.87,-26.44,32.88,14.73,-77.82,-144.83,False
3536.1,3539022,2019-09-08 11:06:45.646,-0.4945,0.8832,10.1428,-0.0109,0.018,9.8066,0.023,-0.0199,0.0085,-13.69,-26.75,33.19,15.36,-78.07,-144.33,False
3536.2,3539122,2019-09-08 11:06:45.746,-0.6724,0.4384,10.3565,0.0074,-0.0277,9.8065,0.044,-0.0495,0.0307,-13.37,-26.81,33.19,16.26,-77.92,-145.14,False
3536.299,3539221,2019-09-08 11:06:45.845,-0.2748,0.5901,10.316,-0.0006,-0.0364,9.8066,-0.0116,-0.0672,0.0672,-13.56,-26.81,32.81,14.12,-77.62,-145.47,False
3536.4,3539322,2019-09-08 11:06:45.946,-0.5383,0.1892,9.7824,-0.0042,0.0071,9.8066,0.0762,-0.1052,0.0117,-12.94,-25.94,33.06,15.63,-77.35,-145.72,False
3536.499,3539421,2019-09-08 11:06:46.045,-0.298,-0.6944,9.7318,-0.0077,0.0048,9.8066,0.0025,-0.0826,-0.0246,-14.06,-26.56,33.63,14.72,-77.26,-145.61,False
3536.599,3539521,2019-09-08 11:06:46.145,-0.8697,0.1437,9.135,-0.0183,0.0518,9.8064,-0.0597,-0.119,0.0097,-13.56,-26.44,33.38,14.3,-77.26,-145.31,False
3536.699,3539621,2019-09-08 11:06:46.245,-0.8289,0.0158,10.0085,-0.0135,0.0445,9.8064,-0.0014,-0.0797,-0.0029,-12.87,-27.25,33.25,17.94,-77.72,-143.81,False
3536.799,3539721,2019-09-08 11:06:46.345,-0.075,0.2854,8.7513,0.0109,0.0218,9.8066,-0.1448,-0.0756,-0.0622,-13.12,-27.44,33.13,16.54,-77.93,-144.91,False
3536.899,3539821,2019-09-08 11:06:46.445,-0.2432,0.7149,9.4444,0.0148,-0.0156,9.8066,-0.109,-0.104,-0.0088,-12.62,-26.87,33.25,15.36,-77.94,-145.88,False
3537.0,3539922,2019-09-08 11:06:46.546,-0.36,-0.9874,11.0698,0.0214,-0.0101,9.8066,0.0077,-0.0703,-0.0157,-12.62,-27.44,33.25,14.74,-77.86,-146.41,False
3537.1,3540022,2019-09-08 11:06:46.646,0.3634,0.1379,11.3812,0.0192,-0.0556,9.8064,0.0723,-0.1147,0.0207,-12.44,-26.81,33.56,15.14,-77.7,-148.14,False
3537.199,3540121,2019-09-08 11:06:46.745,-0.0465,-1.9222,9.8135,0.0119,-0.0262,9.8065,-0.1365,-0.1068,0.0468,-11.37,-26.75,33.31,15.78,-77.53,-148.76,False
3537.3,3540222,2019-09-08 11:06:46.846,1.1039,0.225,9.2856,0.0035,-0.0199,9.8066,-0.1317,-0.023,-0.022,-12.44,-26.62,33.63,13.81,-77.38,-149.31,False
3537.4,3540322,2019-09-08 11:06:46.946,-1.9082,0.7528,9.7109,-0.0229,-0.0281,9.8065,0.0909,-0.0524,0.0119,-12.19,-26.44,33.94,15.07,-77.37,-148.19,False
3537.499,3540421,2019-09-08 11:06:47.045,0.1874,-1.0155,9.5977,-0.0004,0.0178,9.8065,0.1156,-0.059,-0.022,-11.56,-26.31,33.56,15.52,-77.51,-147.79,False
3537.599,3540521,2019-09-08 11:06:47.145,-0.3686,0.4322,10.2086,0.0077,-0.0107,9.8066,-0.0243,-0.0714,-0.0318,-11.87,-26.87,33.38,14.31,-77.47,-148.4,False
3537.7,3540622,2019-09-08 11:06:47.246,-0.8781,0.1064,9.9047,0.0125,-0.0099,9.8065,-0.0824,-0.114,0.0605,-11.75,-26.75,33.0,13.48,-77.46,-149.08,False
3537.8,3540722,2019-09-08 11:06:47.346,-0.5375,0.4223,10.6049,0.0089,-0.0102,9.8066,0.0278,0.0249,-0.0506,-11.56,-26.5,33.06,13.4,-77.48,-149.06,False
3537.899,3540821,2019-09-08 11:06:47.445,0.0429,0.1065,9.7589,0.0154,-0.0078,9.8066,0.0342,-0.0261,0.0,-12.62,-26.44,33.5,10.82,-77.48,-150.17,False
3537.999,3540921,2019-09-08 11:06:47.545,0.3998,0.4698,9.342,-0.0029,0.0194,9.8065,0.0847,-0.0424,0.0214,-11.69,-26.69,33.19,11.65,-77.53,-150.55,False
3538.1,3541022,2019-09-08 11:06:47.646,-0.3297,-0.124,9.9082,-0.012,0.032,9.8065,0.1129,0.015,-0.0543,-11.31,-26.56,33.69,14.53,-77.63,-150.2,False
3538.199,3541121,2019-09-08 11:06:47.745,0.0346,0.0356,9.7948,0.0121,0.0174,9.8066,-0.0403,-0.0495,0.0116,-11.37,-26.75,33.06,13.55,-77.73,-150.53,False
3538.299,3541221,2019-09-08 11:06:47.845,0.8411,0.1277,9.2759,0.0051,0.0093,9.8066,-0.0441,0.0242,-0.0327,-11.19,-26.62,33.06,12.83,-77.94,-151.07,False
3538.399,3541321,2019-09-08 11:06:47.945,-0.6762,0.5531,9.9835,0.0033,0.0013,9.8066,0.0086,-0.0031,0.0009,-11.25,-26.81,33.13,12.36,-77.99,-151.45,False
3538.5,3541422,2019-09-08 11:06:48.046,0.7668,-0.3733,10.1899,0.0086,0.0328,9.8065,0.1116,-0.0327,0.0102,-10.94,-27.0,33.06,11.84,-78.18,-151.84,False
3538.6,3541522,2019-09-08 11:06:48.146,-0.134,1.0643,11.0505,0.0141,-0.0281,9.8065,-0.053,-0.0346,-0.0097,-11.5,-26.5,32.75,11.02,-78.07,-152.47,False
3538.7,3541622,2019-09-08 11:06:48.246,2.2936,1.3235,8.8225,0.0403,0.0075,9.8065,-0.1359,0.0001,-0.053,-10.87,-26.69,33.44,9.14,-78.24,-154.06,False
3538.8,3541722,2019-09-08 11:06:48.346,1.0034,-0.7892,10.0608,0.0214,-0.0158,9.8066,0.1326,0.0038,0.0609,-10.87,-26.5,33.56,7.89,-78.18,-155.52,False
3538.9,3541822,2019-09-08 11:06:48.446,3.1384,-0.6501,9.1672,0.0095,-0.0126,9.8066,-0.0205,0.2303,-0.1277,-11.06,-26.94,33.63,6.54,-78.13,-156.68,False
3538.999,3541921,2019-09-08 11:06:48.545,0.152,1.0341,9.7787,-0.0202,0.0631,9.8063,0.0204,0.0057,0.0563,-10.81,-27.37,33.5,5.56,-78.34,-157.47,False
3539.1,3542022,2019-09-08 11:06:48.646,1.0507,1.0978,10.1392,-0.0192,0.0331,9.8065,0.032,0.0756,-0.0506,-10.69,-26.94,33.38,6.46,-78.78,-156.2,False
3539.199,3542121,2019-09-08 11:06:48.745,0.9364,0.2819,10.691,0.0064,-0.0349,9.8065,0.0327,0.0382,0.0103,-11.12,-26.94,33.13,6.22,-78.64,-156.41,False
3539.3,3542222,2019-09-08 11:06:48.846,1.1114,-0.6964,10.2712,0.004,-0.035,9.8066,0.0681,0.0272,0.0126,-11.06,-26.81,33.38,6.34,-78.51,-156.33,False
3539.399,3542321,2019-09-08 11:06:48.945,1.1186,-0.1843,9.7445,-0.0127,-0.0076,9.8066,-0.0855,0.1002,-0.0347,-11.0,-27.31,33.56,7.12,-78.48,-156.17,False
3539.499,3542421,2019-09-08 11:06:49.045,1.31,0.5205,8.9736,0.0014,0.0068,9.8066,-0.1585,0.0721,-0.0391,-11.81,-26.94,32.94,5.42,-78.59,-155.53,False
3539.6,3542522,2019-09-08 11:06:49.146,1.1726,-0.5279,9.5427,-0.0133,-0.0086,9.8066,-0.0032,0.0818,0.0187,-11.69,-26.56,33.38,5.81,-78.87,-155.18,False
3539.699,3542621,2019-09-08 11:06:49.245,2.228,0.3591,9.8897,-0.0128,-0.0077,9.8065,0.0067,0.1193,-0.006,-12.06,-26.94,33.06,7.75,-78.93,-153.55,False
3539.799,3542721,2019-09-08 11:06:49.345,-1.1031,0.3706,10.183,-0.032,-0.0064,9.8065,-0.0105,0.2656,-0.085,-12.37,-26.06,32.31,9.13,-78.91,-151.81,False
3539.899,3542821,2019-09-08 11:06:49.445,1.9333,0.635,10.7234,0.0042,-0.0123,9.8066,0.1152,0.0138,0.1067,-12.69,-26.06,33.44,7.49,-78.81,-152.21,False
3540.0,3542922,2019-09-08 11:06:49.546,1.0598,-0.4891,10.5208,0.0104,-0.0358,9.8065,-0.0257,0.2402,-0.1785,-12.19,-25.56,33.56,9.71,-78.59,-152.41,False
3540.099,3543021,2019-09-08 11:06:49.645,0.6827,0.7141,9.9949,0.0163,-0.002,9.8066,-0.0626,0.0539,0.0487,-11.69,-24.81,33.31,6.93,-78.43,-154.21,False
3540.199,3543121,2019-09-08 11:06:49.745,0.8554,-1.2423,9.4707,-0.0023,0.0093,9.8066,-0.0566,0.1233,-0.051,-11.56,-25.44,32.5,6.78,-78.61,-154.32,False
3540.3,3543222,2019-09-08 11:06:49.846,0.0416,1.6066,9.6053,-0.0072,0.0376,9.8065,0.0784,0.1312,-0.0367,-11.62,-26.44,31.56,6.59,-78.93,-153.94,False
3540.4,3543322,2019-09-08 11:06:49.946,0.6403,0.8181,9.6459,0.0109,-0.0428,9.8065,-0.0502,0.0892,-0.0062,-12.56,-27.12,32.81,4.51,-78.78,-154.74,False
3540.5,3543422,2019-09-08 11:06:50.046,0.1194,0.0929,9.5188,0.0025,-0.027,9.8065,-0.0813,0.0575,0.0131,-13.44,-26.75,32.88,4.71,-78.78,-154.58,False
3540.599,3543521,2019-09-08 11:06:50.145,0.8639,2.1837,9.6056,-0.0022,0.0192,9.8066,0.0647,0.0091,0.0343,-12.56,-26.56,32.81,4.73,-78.89,-154.55,False
3540.699,3543621,2019-09-08 11:06:50.245,0.8642,-0.1078,9.8102,0.0039,0.0262,9.8065,0.0726,0.0269,0.0369,-12.75,-26.5,33.06,4.61,-79.06,-154.61,False
3540.799,3543721,2019-09-08 11:06:50.345,0.0531,0.4582,10.0677,-0.0047,0.0186,9.8066,-0.111,0.0691,-0.0039,-13.06,-26.75,33.19,4.35,-79.11,-154.85,False
3540.9,3543822,2019-09-08 11:06:50.446,0.5955,0.5407,9.9479,0.0079,0.0088,9.8066,-0.085,-0.0336,0.0186,-12.75,-26.5,32.56,4.92,-79.04,-154.35,False
3540.999,3543921,2019-09-08 11:06:50.545,-1.194,-1.7746,12.3482,-0.0029,-0.1107,9.806,0.05,0.0267,0.0464,-12.81,-26.25,32.25,4.43,-78.65,-154.2,False
3541.099,3544021,2019-09-08 11:06:50.645,-1.6503,-2.0199,11.149,0.0232,-0.0228,9.8065,0.2947,-0.1262,0.1609,-13.31,-26.56,32.44,4.57,-78.83,-154.1,False
3541.199,3544121,2019-09-08 11:06:50.745,0.8490000000000001,-0.2693,10.5002,-0.0201,-0.0069,9.8066,-0.11,-0.0127,-0.0628,-13.69,-25.81,32.81,3.69,-78.83,-153.91,False
3541.299,3544221,2019-09-08 11:06:50.845,1.2717,0.1194,10.059,-0.0217,0.0564,9.8064,0.0339,0.0187,-0.0399,-14.06,-26.44,33.13,5.22,-78.99,-152.61,False
3541.4,3544322,2019-09-08 11:06:50.946,-0.1377,0.1017,10.0238,0.0126,-0.0429,9.8065,-0.1399,0.0368,-0.0715,-14.06,-25.75,32.69,4.77,-79.08,-152.99,False
3541.499,3544421,2019-09-08 11:06:51.045,0.5641,-0.0946,10.4299,0.0164,-0.0397,9.8065,-0.1179,0.0582,-0.0217,-13.81,-26.75,32.75,4.32,-78.82,-153.4,False
3541.599,3544521,2019-09-08 11:06:51.145,0.7214,0.8653,9.4177,-0.0218,0.0547,9.8064,0.2288,0.0439,-0.0616,-14.19,-26.56,33.5,5.32,-78.99,-153.14,False
3541.7,3544622,2019-09-08 11:06:51.246,1.7646,0.7114,9.2047,-0.0228,0.0688,9.8063,0.1317,0.0133,0.0289,-13.87,-26.69,32.75,4.49,-79.01,-153.25,False
3541.8,3544722,2019-09-08 11:06:51.346,0.5389,2.3783,9.5691,0.0166,-0.0307,9.8065,0.0659,-0.005,0.0759,-13.75,-26.81,32.94,4.72,-78.97,-153.06,False
3541.9,3544822,2019-09-08 11:06:51.446,1.2682,0.1268,10.4007,0.0041,-0.0324,9.8065,-0.0217,0.1171,0.0084,-14.12,-26.75,33.25,4.59,-78.9,-153.17,False
3541.999,3544921,2019-09-08 11:06:51.545,-0.8749,1.1221,9.2658,-0.0285,0.0419,9.8065,0.1721,0.0139,0.023,-13.62,-27.12,33.5,4.85,-78.8,-153.55,False
3542.099,3545021,2019-09-08 11:06:51.645,-0.6671,0.1075,9.3241,-0.0236,0.0567,9.8064,0.1629,-0.0085,-0.0185,-13.5,-26.62,33.5,7.65,-78.98,-152.64,False
3542.199,3545121,2019-09-08 11:06:51.745,0.1077,0.5427,9.9638,0.0102,-0.0362,9.8065,-0.0723,-0.0124,-0.023,-13.62,-26.87,33.63,5.27,-78.99,-153.18,False
3542.3,3545222,2019-09-08 11:06:51.846,-0.1299,-0.5377,9.4616,0.0105,-0.0256,9.8066,-0.0731,-0.0621,-0.0121,-13.19,-27.31,33.56,6.53,-78.77,-153.61,False
3542.4,3545322,2019-09-08 11:06:51.946,-0.3339999999999999,0.39,9.4229,0.0008,0.0033,9.8065,0.1067,-0.0729,0.0053,-13.25,-27.37,34.06,5.91,-78.79,-154.13,False
3542.499,3545421,2019-09-08 11:06:52.045,0.1336,1.0808,9.6535,-0.0067,0.0012,9.8066,0.0853,-0.0338,-0.0262,-13.37,-27.25,33.19,5.57,-78.79,-153.85,False
3542.599,3545521,2019-09-08 11:06:52.145,-0.3667,0.3493,9.5893,-0.015,0.0371,9.8065,0.0461,-0.0868,0.0049,-12.94,-27.31,32.56,6.47,-79.03,-153.08,False
3542.699,3545621,2019-09-08 11:06:52.245,-0.42,0.0722,9.2373,-0.0077,0.0488,9.8065,0.0825,-0.0219,-0.0162,-13.0,-27.31,32.69,6.25,-79.13,-153.26,False
3542.799,3545721,2019-09-08 11:06:52.345,-0.5145,1.1376,9.8955,0.0174,-0.0238,9.8065,-0.1172,-0.0485,0.0064,-13.25,-26.62,32.31,5.16,-79.17,-153.58,False
3542.9,3545822,2019-09-08 11:06:52.446,-0.7817,1.0206,9.9633,0.0082,-0.013,9.8065,-0.0591,-0.0552,-0.0271,-13.12,-27.06,32.81,4.96,-79.08,-154.35,False
3542.999,3545921,2019-09-08 11:06:52.545,0.9701,0.4793,9.948,0.012,-0.0013,9.8066,0.0919,-0.0795,0.0737,-13.06,-27.19,33.13,3.91,-78.94,-155.23,False
3543.099,3546021,2019-09-08 11:06:52.645,-0.605,0.1773,9.6011,-0.0023,-0.0047,9.8066,0.0399,-0.0482,0.0346,-13.56,-27.0,33.06,2.22,-78.75,-155.16,False
3543.2,3546122,2019-09-08 11:06:52.746,-0.5214,0.2175,9.6868,-0.0072,0.0142,9.8066,-0.0837,-0.0488,0.0496,-13.19,-26.87,33.19,4.6,-78.7,-154.67,False
3543.299,3546221,2019-09-08 11:06:52.845,-1.2822,0.4488,9.2589,-0.0137,0.0315,9.8065,-0.0369,-0.0589,0.0267,-13.19,-27.0,33.69,6.25,-78.89,-153.83,False
3543.399,3546321,2019-09-08 11:06:52.945,0.0588,-0.9191,9.5168,0.0075,-0.0016,9.8066,-0.0811,-0.1199,0.0426,-12.44,-27.25,32.94,7.43,-78.96,-153.82,False
3543.499,3546421,2019-09-08 11:06:53.045,-0.8174,0.5334,10.0535,0.0008,0.0175,9.8065,-0.0484,-0.0714,-0.0116,-12.75,-27.12,33.31,5.8,-79.13,-153.63,False
3543.599,3546521,2019-09-08 11:06:53.145,-0.362,0.0073,10.452,0.0091,-0.0137,9.8066,0.0452,-0.0558,-0.0277,-12.94,-26.75,33.25,4.99,-79.09,-154.32,False
3543.7,3546622,2019-09-08 11:06:53.246,0.5558,-0.1672,10.261,0.0112,-0.0077,9.8066,0.1511,-0.0785,0.0108,-12.87,-26.75,33.31,4.24,-79.0,-154.95,False
3543.8,3546722,2019-09-08 11:06:53.346,-0.926,-0.0665,9.8112,-0.0019,0.0158,9.8066,-0.0038,-0.069,0.0173,-12.56,-26.75,33.06,3.81,-78.77,-155.32,False
3543.899,3546821,2019-09-08 11:06:53.445,0.5946,0.1968,9.8571,-0.0089,0.0426,9.8065,0.0846,0.0174,-0.0483,-12.81,-27.31,32.88,3.96,-79.06,-155.18,False
3543.999,3546921,2019-09-08 11:06:53.545,-0.0139999999999999,-0.6099,10.1344,0.0043,-0.018,9.8066,-0.2239,-0.046,0.0751,-12.62,-27.19,32.69,3.78,-79.08,-155.33,False
3544.1,3547022,2019-09-08 11:06:53.646,-0.0651,-0.3882,10.3087,-0.0139,-0.0262,9.8066,-0.0668,0.0205,-0.0081,-12.69,-26.81,33.13,4.97,-79.08,-154.33,False
3544.199,3547121,2019-09-08 11:06:53.745,-0.6364,-0.8422,9.2175,-0.0149,-0.0214,9.8066,-0.0841,-0.0119,0.0103,-12.44,-27.37,32.75,7.46,-79.1,-153.77,False
3544.299,3547221,2019-09-08 11:06:53.845,-0.1967,-0.215,9.6169,-0.0145,-0.0254,9.8065,-0.1289,-0.0369,0.0731,-12.44,-27.37,33.63,9.81,-78.83,-152.35,False
3544.399,3547321,2019-09-08 11:06:53.945,-0.4806,-1.0574,10.3449,-0.0137,-0.0285,9.8066,-0.0216,-0.0051,0.0248,-12.31,-27.31,32.81,10.58,-78.92,-151.18,False
3544.499,3547421,2019-09-08 11:06:54.045,-1.0366,-0.3239,10.5775,0.0199,-0.0485,9.8064,-0.1081,-0.1205,0.0655,-12.37,-26.62,33.25,10.75,-78.71,-151.08,False
3544.599,3547521,2019-09-08 11:06:54.145,-1.3556,0.159,9.6584,-0.0175,0.0328,9.8065,0.5482,-0.0541,0.0297,-11.94,-26.94,33.75,11.85,-78.78,-150.65,False
3544.7,3547622,2019-09-08 11:06:54.246,1.0888,-1.7582,9.8251,0.0148,0.076,9.8063,0.4157,-0.0598,0.0735,-12.06,-26.87,33.75,9.9,-78.72,-152.29,False
3544.799,3547721,2019-09-08 11:06:54.345,0.8016,-1.7599,10.4248,-0.0031,-0.0221,9.8065,-0.1219,-0.1277,0.0931,-11.75,-27.5,32.69,9.84,-78.57,-151.86,False
3544.899,3547821,2019-09-08 11:06:54.445,0.5538,-0.9793,9.2544,-0.006,0.0174,9.8066,-0.0568,-0.0485,0.0629,-12.0,-27.75,33.0,11.65,-78.86,-150.36,False
3544.999,3547921,2019-09-08 11:06:54.545,-0.5941,-0.7244,9.944,-0.0113,-0.001,9.8066,-0.0727,0.0011,-0.0261,-12.31,-27.37,32.44,13.23,-79.05,-148.41,False
3545.099,3548021,2019-09-08 11:06:54.645,-0.0209,-1.4359,10.5644,0.0057,-0.0172,9.8066,0.1757,-0.0451,-0.0206,-12.69,-26.81,32.88,12.21,-78.99,-148.27,False
3545.199,3548121,2019-09-08 11:06:54.745,0.6827,-0.1626,11.0615,0.0159,-0.04,9.8065,0.0355,-0.0566,-0.0311,-13.19,-26.5,32.63,10.51,-78.58,-149.71,False
3545.299,3548221,2019-09-08 11:06:54.845,0.3342,-1.1446,10.4619,0.0013,-0.0065,9.8066,-0.042,0.0558,-0.0671,-12.37,-27.06,33.0,11.92,-78.4,-150.17,False
3545.399,3548321,2019-09-08 11:06:54.945,0.7589,-0.2459,9.3042,-0.0052,0.0334,9.8065,-0.0777,0.0246,-0.0232,-12.5,-27.19,33.19,12.21,-78.56,-149.89,False
3545.5,3548422,2019-09-08 11:06:55.046,1.3674,-0.6721,9.8437,0.0025,-0.0054,9.8066,-0.0316,-0.0197,0.089,-12.94,-27.25,32.75,10.68,-78.67,-149.61,False
3545.6,3548522,2019-09-08 11:06:55.146,0.4599,-0.4907,9.374,0.0054,-0.0068,9.8066,0.0405,-0.0421,-0.0185,-12.87,-27.44,32.88,10.96,-78.69,-149.37,False
3545.7,3548622,2019-09-08 11:06:55.246,0.7922,-0.6931,9.8484,0.0056,0.0095,9.8066,0.1031,-0.0188,-0.0459,-12.75,-27.31,32.94,10.03,-78.53,-150.18,False
3545.8,3548722,2019-09-08 11:06:55.346,-0.3746,-0.9297,10.1381,0.0069999999999999,0.0179,9.8066,0.0176,0.0198,-0.0968,-12.37,-27.12,33.19,11.26,-78.58,-150.68,False
3545.9,3548822,2019-09-08 11:06:55.446,0.2766,-0.6026,10.0109,-0.0091,-0.0006,9.8065,-0.0314,-0.0357,-0.0648,-12.94,-27.19,33.5,10.77,-78.64,-150.08,False
3546.0,3548922,2019-09-08 11:06:55.546,0.838,0.6089,9.6424,-0.0103,0.0103,9.8066,0.016,-0.0191,0.0518,-12.69,-27.12,33.25,11.04,-78.73,-149.3,False
3546.099,3549021,2019-09-08 11:06:55.645,0.4727,0.4119,9.8189,0.0056,0.0023,9.8066,-0.0054,0.0315,0.0122,-13.31,-27.25,33.06,11.34,-78.72,-149.05,False
3546.2,3549122,2019-09-08 11:06:55.746,0.5408,0.0745,10.3004,-0.0078,0.0045,9.8065,-0.0752,0.001,0.0476,-12.25,-27.12,33.25,13.16,-78.74,-149.06,False
3546.299,3549221,2019-09-08 11:06:55.845,0.0679,-0.7257,10.3859,0.0058,-0.0139,9.8066,-0.09,0.0489,0.0124,-12.94,-27.25,33.38,11.05,-78.82,-149.28,False
3546.399,3549321,2019-09-08 11:06:55.945,-0.5384,0.6586,9.871,0.0152,-0.0113,9.8065,0.065,0.008,-0.0046,-12.37,-27.5,33.25,12.27,-78.71,-149.81,False
3546.499,3549421,2019-09-08 11:06:56.045,1.3898,-0.6164,9.6736,0.0125,0.0007,9.8066,0.0087,0.0252,-0.0418,-12.37,-26.69,32.63,11.22,-78.67,-150.7,False
3546.6,3549522,2019-09-08 11:06:56.146,0.3368,-0.8019,9.6566,-0.0024,0.003,9.8066,0.0713,-0.0463,-0.0037,-12.75,-27.06,33.5,9.92,-78.58,-150.79,False
3546.699,3549621,2019-09-08 11:06:56.245,-0.1676,0.6481,9.9293,-0.0029,0.0086,9.8066,0.0375,-0.08,0.0115,-12.75,-27.5,32.88,9.25,-78.53,-150.82,False
3546.8,3549722,2019-09-08 11:06:56.346,-0.5362,-1.5556,10.0736,-0.0162,-0.0009,9.8066,0.0114,-0.0086,-0.0422,-12.94,-26.81,33.5,10.74,-78.49,-150.13,False
3546.899,3549821,2019-09-08 11:06:56.445,0.1869,-0.7573,10.2061,0.0087,-0.0101,9.8066,0.0363,0.0349,-0.055,-12.25,-27.25,33.19,12.48,-78.52,-149.68,False
3547.002,3549924,2019-09-08 11:06:56.548,0.4844,0.0867,9.2021,-0.0071,-0.003,9.8065,-0.0213,0.0172,0.0006,-12.06,-26.81,33.31,12.78,-78.57,-149.41,False
3547.1,3550022,2019-09-08 11:06:56.646,-0.1096,0.3468,9.632,0.0063,0.0202,9.8066,-0.0459,-0.0447,0.0133,-12.81,-27.19,33.19,10.39,-78.72,-149.84,False
3547.199,3550121,2019-09-08 11:06:56.745,0.2169,-0.352,10.1712,-0.001,0.0201,9.8066,0.0713,-0.0213,-0.0276,-12.5,-27.19,32.69,12.12,-78.87,-149.91,False
3547.299,3550221,2019-09-08 11:06:56.845,0.6056,0.1272,9.0764,0.005,-0.0223,9.8065,-0.0733,-0.0342,-0.0251,-12.5,-26.87,32.94,12.21,-79.0,-149.8,False
3547.4,3550322,2019-09-08 11:06:56.946,-0.1847,1.0284,10.4777,-0.0026,-0.0197,9.8066,0.1022,-0.0016,0.0014,-12.81,-26.87,32.63,10.91,-78.82,-149.39,False
3547.5,3550422,2019-09-08 11:06:57.046,-0.3466,-0.7458,10.2717,-0.0029,-0.026,9.8065,0.0741,0.0139999999999999,0.0241,-12.12,-26.62,32.19,12.97,-78.92,-148.66,False
3547.599,3550521,2019-09-08 11:06:57.145,1.0739,0.9581,9.0399,-0.0032,0.0111,9.8066,-0.0625,0.1824,0.0363,-12.75,-27.12,33.13,12.1,-78.8,-148.4,False
3547.699,3550621,2019-09-08 11:06:57.245,-1.7672,-1.2588,9.3067,-0.0027,0.0407,9.8065,-0.1176,-0.0239,0.1874,-12.5,-27.37,32.56,14.48,-78.83,-147.93,False
3547.8,3550722,2019-09-08 11:06:57.346,0.4604,0.62,10.695,0.0202,0.0186,9.8066,-0.0315,0.1317,-0.0536,-12.25,-26.75,32.38,11.84,-78.95,-149.6,False
3547.9,3550822,2019-09-08 11:06:57.446,1.218,-1.5897,9.1137,0.0216,0.018,9.8066,0.0199,0.0257,-0.0308,-11.75,-27.19,33.06,9.63,-79.18,-151.94,False
3547.999,3550921,2019-09-08 11:06:57.545,0.8163,-0.1669,9.5591,0.0235,0.0451,9.8065,-0.0537,0.0354,-0.1018,-11.62,-27.06,33.19,7.84,-79.42,-153.42,False
3548.099,3551021,2019-09-08 11:06:57.645,0.5713,0.3238,9.6278,0.004,0.0134,9.8066,-0.0003,-0.0115,-0.0365,-12.31,-27.44,32.31,6.53,-79.41,-153.97,False
3548.199,3551121,2019-09-08 11:06:57.745,-0.5228,1.0695,9.5869,-0.0067,-0.016,9.8066,0.0706,-0.092,0.09,-11.87,-27.37,32.81,6.27,-79.54,-154.73,False
3548.299,3551221,2019-09-08 11:06:57.845,0.3871,-1.1018,10.711,0.0164,-0.0084,9.8066,-0.1142,0.0123,-0.0285,-11.19,-27.0,33.0,7.16,-79.49,-155.53,False
3548.399,3551321,2019-09-08 11:06:57.945,0.1948,0.2054,10.1087,0.0209,0.0031,9.8066,-0.0322,0.0631,-0.0547,-10.81,-27.06,33.06,5.86,-79.44,-156.64,False
3548.499,3551421,2019-09-08 11:06:58.045,1.3876,0.1606,9.9072,0.0204,-0.0039,9.8066,0.0099,-0.0799,0.0353,-10.5,-27.44,32.75,5.1,-79.37,-158.86,False
3548.599,3551521,2019-09-08 11:06:58.145,1.0654,0.2724,9.2409,0.0036,0.0339,9.8066,-0.0412,0.0792,-0.0964,-11.37,-27.25,32.63,1.68,-79.55,-160.15,False
3548.699,3551621,2019-09-08 11:06:58.245,0.7419,-0.0109,9.6501,0.0025,0.0487,9.8065,0.0408,0.0043,-0.0577,-11.62,-27.37,32.44,358.65,-79.76,-160.58,False
3548.799,3551721,2019-09-08 11:06:58.345,0.4681,-0.7053,10.3734,0.0052,-0.0147,9.8066,-0.0103,-0.0522,-0.0097,-11.37,-27.44,32.5,0.75,-79.88,-160.93,False
3548.9,3551822,2019-09-08 11:06:58.446,-0.0392,0.2232,9.7299,0.0012,-0.0069999999999999,9.8066,0.0209,0.092,-0.04,-11.25,-27.62,32.69,0.26,-79.94,-161.35,False
3548.999,3551921,2019-09-08 11:06:58.545,0.6321,-0.1556,10.1614,0.0148,0.0061,9.8066,0.0794,0.0608,-0.0532,-11.12,-27.5,32.94,359.95,-79.86,-161.6,False
3549.1,3552022,2019-09-08 11:06:58.646,1.6549,0.0843,9.5657,0.0175,-0.0113,9.8065,-0.0458,-0.0638,0.0492,-11.12,-27.31,32.44,357.47,-79.79,-163.16,False
3549.199,3552121,2019-09-08 11:06:58.745,0.4639,-0.0591,9.7468,0.0176,0.0077,9.8066,0.0057,0.0735,-0.0827,-10.62,-27.25,32.75,356.14,-79.81,-164.83,False
3549.3,3552222,2019-09-08 11:06:58.846,0.7287,-0.4825,9.2364,0.0101,0.0157,9.8066,-0.0943,0.0374,-0.0383,-10.5,-27.25,32.44,356.46,-79.86,-165.63,False
3549.4,3552322,2019-09-08 11:06:58.946,0.6732,-0.8019,10.2082,-0.0021,-0.0246,9.8066,0.149,0.0051,0.0444,-10.31,-27.44,32.06,355.73,-79.98,-166.26,False
3549.499,3552421,2019-09-08 11:06:59.045,-0.3375,0.2405,10.4423,-0.0014,-0.0504,9.8064,-0.0813,0.0424,0.0294,-10.56,-27.56,32.44,355.0,-79.86,-165.23,False
3549.599,3552521,2019-09-08 11:06:59.145,1.1883,0.6832,8.9605,-0.0311,0.0579,9.8064,-0.1914,0.0773,-0.0088,-10.81,-27.44,32.31,355.16,-79.71,-165.11,False
3549.699,3552621,2019-09-08 11:06:59.245,0.3761,-0.0434,9.4878,-0.0237,0.0417,9.8065,0.0907,0.0208,0.0667,-11.62,-27.81,32.88,355.95,-79.86,-163.43,False
3549.799,3552721,2019-09-08 11:06:59.345,0.8923,-0.8122,9.9317,0.0094,-0.0119,9.8066,0.0489,0.0489,-0.0425,-11.44,-27.5,32.88,357.87,-79.71,-163.36,False
3549.9,3552822,2019-09-08 11:06:59.446,0.1054,0.2551,9.402,0.0012,-0.0038,9.8066,-0.0611,0.0142,-0.0177,-11.56,-28.25,33.44,356.39,-79.79,-163.06,False
3549.999,3552921,2019-09-08 11:06:59.545,0.1058,-1.0089,9.7715,-0.0034,0.0095,9.8066,-0.0281,-0.0294,0.01,-11.31,-27.37,32.44,357.65,-79.9,-163.01,False
3550.099,3553021,2019-09-08 11:06:59.645,0.0674,-0.737,9.9228,0.0008,0.0156,9.8066,-0.0134,0.0114,-0.0374,-11.12,-27.0,32.94,358.21,-80.14,-163.09,False
3550.199,3553121,2019-09-08 11:06:59.745,0.1495,0.1311,9.2002,-0.0011,0.0132,9.8066,-0.0596,-0.0409999999999999,0.0318,-11.0,-27.12,32.5,358.34,-80.2,-162.98,False
3550.299,3553221,2019-09-08 11:06:59.845,0.4123,0.4747,10.0555,-0.0014,0.0049,9.8066,0.1107,-0.0785,0.0546,-11.12,-26.81,32.56,357.92,-80.1,-163.34,False
3550.399,3553321,2019-09-08 11:06:59.945,1.0472,0.191,10.1718,-0.0028,-0.0011,9.8065,-0.0175,0.0941,-0.035,-11.0,-26.94,32.5,357.5,-79.98,-163.69,False
3550.5,3553422,2019-09-08 11:07:00.046,-1.0535,-0.9125,10.7584,-0.0162,-0.0101,9.8066,-0.0588,-0.0095,0.0512,-11.75,-27.69,32.5,356.84,-79.84,-162.68,False
3550.6,3553522,2019-09-08 11:07:00.146,0.8028,0.0391,9.9088,-0.0008,-0.0121,9.8065,-0.0752,0.0211,-0.0504,-11.5,-26.81,32.38,357.93,-79.99,-162.78,False
3550.7,3553622,2019-09-08 11:07:00.246,-0.963,-0.6141,9.4548,0.006,-0.0138,9.8066,-0.0528,0.0697,-0.0582,-11.25,-27.25,32.38,358.14,-79.93,-162.61,False
3550.799,3553721,2019-09-08 11:07:00.345,0.4709,0.111,9.1413,-0.002,0.0168,9.8065,-0.0201,-0.0282,0.0271,-11.37,-26.75,32.88,359.31,-80.0,-162.15,False
3550.899,3553821,2019-09-08 11:07:00.445,0.1803,-1.3723,9.3972,-0.012,0.0154,9.8066,-0.1229,-0.0539,0.0107,-11.19,-27.0,32.94,359.49,-79.94,-162.0,False
3550.999,3553921,2019-09-08 11:07:00.545,0.4253,0.3183,9.9247,-0.0172,0.0104,9.8066,-0.0379,0.0017,-0.0203,-11.25,-27.87,33.06,359.71,-79.85,-161.81,False
3551.099,3554021,2019-09-08 11:07:00.645,-0.3704,0.5385,10.5292,0.0019,-0.0135,9.8066,-0.0377,-0.023,-0.0273,-11.94,-27.56,32.31,358.56,-79.87,-160.66,False
3551.2,3554122,2019-09-08 11:07:00.746,-0.2864,-0.7442,9.7912,0.0033,-0.0093,9.8066,-0.0233,-0.0179,-0.0278,-11.69,-27.44,33.13,359.71,-79.91,-160.26,False
3551.299,3554221,2019-09-08 11:07:00.845,0.0631,0.0423,9.5197,-0.001,-0.01,9.8066,-0.0173,-0.0095,0.0091,-11.62,-26.75,32.06,359.11,-79.86,-160.19,False
3551.4,3554322,2019-09-08 11:07:00.946,0.581,0.3085,9.7533,-0.0066,0.0072,9.8066,-0.0588,-0.0441,0.0067,-11.62,-27.25,31.75,359.98,-79.94,-159.46,False
3551.5,3554422,2019-09-08 11:07:01.046,-1.15,0.159,10.0714,-0.0024,0.0052,9.8066,0.1197,-0.1269,0.0647,-11.25,-27.19,32.81,2.37,-79.86,-159.55,False
3551.6,3554522,2019-09-08 11:07:01.146,0.8558,-1.0652,9.8106,0.0117,-0.016,9.8066,0.073,0.0601,-0.0697,-11.62,-27.62,32.44,359.59,-79.84,-159.78,False
3551.699,3554621,2019-09-08 11:07:01.245,-1.3883,-0.5197,9.7324,0.0027,0.0135,9.8065,-0.0172,0.0122,-0.077,-11.0,-27.12,32.31,1.02,-79.82,-160.17,False
3551.8,3554722,2019-09-08 11:07:01.346,-0.1501,-0.4991,10.2154,-0.0024,-0.0042,9.8066,-0.0655,-0.0808,-0.0016,-11.37,-27.5,32.94,1.37,-79.9,-160.4,False
3551.9,3554822,2019-09-08 11:07:01.446,-0.3716,-0.7585,10.1121,0.0131,-0.0036,9.8066,-0.0829,-0.0169,-0.0713,-11.44,-27.62,32.63,0.79,-79.93,-160.9,False
3551.999,3554921,2019-09-08 11:07:01.545,0.0898,-1.0351,9.8822,0.0082,0.0006,9.8066,0.0253,-0.0778,-0.0445,-11.12,-27.69,33.06,0.38,-79.92,-161.24,False
3552.099,3555021,2019-09-08 11:07:01.645,-0.0924,-0.1472,9.8631,0.0058,0.0027,9.8066,-0.0304,0.0348,-0.0268,-11.19,-27.06,33.06,359.57,-79.94,-161.93,False
3552.2,3555122,2019-09-08 11:07:01.746,-1.4923,-0.4513,9.4212,-0.0108,0.0067,9.8066,-0.0016,-0.1386,0.1068,-10.75,-27.44,33.06,359.78,-79.96,-161.75,False
3552.3,3555222,2019-09-08 11:07:01.846,-0.9371,0.5406,9.8786,-0.005,0.0228,9.8066,-0.0165,-0.023,-0.0322,-10.87,-27.0,32.44,359.62,-80.11,-161.35,False
3552.399,3555321,2019-09-08 11:07:01.945,-0.2838,0.0773,9.9305,0.0036,-0.0096,9.8066,0.0328,-0.0795,0.0563,-10.94,-27.12,32.88,0.31,-80.0,-161.3,False
3552.499,3555421,2019-09-08 11:07:02.045,0.2168,-0.6427,9.5143,-0.0021,0.0239,9.8066,0.0697,-0.0445,-0.0006,-11.06,-27.87,32.19,359.35,-80.13,-161.58,False
3552.599,3555521,2019-09-08 11:07:02.145,-0.1134,-0.3305,10.0039,0.0088,-0.0125,9.8065,0.0506,0.0048,-0.0492,-11.37,-27.12,32.63,359.45,-80.13,-162.03,False
3552.699,3555621,2019-09-08 11:07:02.245,0.0618,-0.0997,10.2387,0.0129,-0.0148,9.8066,-0.1024,0.0168,-0.0083,-10.62,-27.31,32.38,358.26,-80.2,-162.51,False
3552.799,3555721,2019-09-08 11:07:02.345,-1.2547,1.4878,10.0222,0.0021,0.0208,9.8066,-0.0364,-0.0691,0.0465,-10.69,-27.12,32.5,358.93,-80.2,-162.48,False
3552.899,3555821,2019-09-08 11:07:02.445,-0.5023,1.3528,10.0696,0.0037,-0.0074,9.8066,0.0582,-0.0252,0.0626,-10.37,-27.56,32.81,359.96,-80.21,-163.17,False
3552.999,3555921,2019-09-08 11:07:02.545,-0.1221,0.2285,10.119,-0.0004,-0.018,9.8066,0.0196,-0.0382,0.0169,-10.5,-28.06,32.13,359.5,-79.94,-163.07,False
3553.1,3556022,2019-09-08 11:07:02.646,-1.4273,-0.3697,10.174,-0.0084,0.0026,9.8066,0.0256,-0.0538,0.0327,-10.44,-28.62,33.06,0.65,-79.87,-162.6,False
3553.199,3556121,2019-09-08 11:07:02.745,-0.5961,-0.4446,9.9013,-0.0167,0.0288,9.8065,0.1039,-0.0298,0.0006,-10.37,-27.81,33.13,1.43,-80.02,-161.93,False
3553.3,3556222,2019-09-08 11:07:02.846,-0.4329,-0.1572,10.4345,0.0049,0.0006,9.8065,-0.1231,-0.0298,-0.0789,-10.44,-26.94,32.56,1.25,-80.05,-162.08,False
3553.399,3556321,2019-09-08 11:07:02.945,-0.695,1.242,9.437,0.0239,-0.0127,9.8066,-0.1422,-0.0624,-0.0179,-9.44,-27.31,31.88,1.27,-80.07,-163.21,False
3553.499,3556421,2019-09-08 11:07:03.045,0.1427,0.444,9.3784,-0.0016,0.0376,9.8066,0.1758,-0.0473,0.0306,-10.62,-27.94,32.75,357.25,-80.02,-163.89,False
3553.599,3556521,2019-09-08 11:07:03.145,0.0315,0.2592,9.8537,-0.0165,0.0282,9.8065,0.1482,-0.0311,0.0053,-10.5,-28.5,32.94,359.37,-80.2,-163.68,False
3553.7,3556622,2019-09-08 11:07:03.246,0.3547,0.0207,10.0411,0.0046,-0.0214,9.8065,-0.1327,-0.0461,0.0341,-10.0,-27.81,32.31,359.05,-80.22,-163.45,False
3553.799,3556721,2019-09-08 11:07:03.345,-0.8567,-0.0307,9.7371,0.0054,-0.0241,9.8066,-0.0051,-0.0355,-0.0045,-9.69,-28.06,32.88,0.06,-80.29,-163.09,False
3553.899,3556821,2019-09-08 11:07:03.445,-0.6835,-0.0144,10.0567,0.0036,0.0031,9.8066,0.026,-0.0555,0.0014,-10.0,-27.69,32.56,359.67,-80.2,-163.42,False
3553.999,3556921,2019-09-08 11:07:03.545,-0.8742,-0.3461,9.6247,0.0069,-0.0079,9.8066,0.0221,0.0032,-0.0008,-10.37,-27.75,32.81,359.26,-80.17,-163.77,False
3554.1,3557022,2019-09-08 11:07:03.646,0.6446,0.5591,10.3923,-0.0099,0.012,9.8066,0.0372,0.0583,-0.0359,-10.06,-27.5,32.5,359.58,-80.22,-163.5,False
3554.2,3557122,2019-09-08 11:07:03.746,0.7458,-0.2589,10.5207,0.0129,-0.0228,9.8066,-0.2884,-0.1011,0.0507,-10.0,-27.5,32.44,359.78,-80.4,-162.83,False
3554.3,3557222,2019-09-08 11:07:03.846,-1.5619,1.2535,8.6869,0.0195,-0.0511,9.8065,-0.3538,-0.0893,0.0025,-9.31,-27.56,32.25,1.25,-80.29,-163.24,False
3554.4,3557322,2019-09-08 11:07:03.946,-0.9146,1.199,9.134,-0.0071,0.0532,9.8064,0.2849,-0.0145,-0.039,-9.94,-27.62,32.19,359.11,-80.34,-163.4,False
3554.5,3557422,2019-09-08 11:07:04.046,0.2368,-0.013,10.2643,-0.0177,0.04,9.8065,0.2694,-0.0146,-0.0278,-9.5,-27.81,32.19,0.95,-80.51,-163.49,False
3554.599,3557521,2019-09-08 11:07:04.145,0.2383,-1.0642,10.4283,0.0116,-0.0721,9.8064,-0.2192,0.022,0.0004,-9.94,-27.94,32.25,358.53,-79.98,-163.88,False
3554.7,3557622,2019-09-08 11:07:04.246,-0.5234,-0.5461,9.4059,0.004,-0.0525,9.8065,-0.1946,-0.0046,0.0516,-9.81,-27.75,32.5,359.8,-79.95,-163.31,False
3554.799,3557721,2019-09-08 11:07:04.345,-0.9967,0.3379999999999999,9.7181,-0.0248,0.0627,9.8063,0.1574,0.0647,-0.0086,-9.69,-28.0,32.31,359.76,-79.89,-162.85,False
3554.901,3557823,2019-09-08 11:07:04.447,-0.0993,-0.1355,9.8173,-0.011,0.0353,9.8065,0.092,-0.0205,0.0191,-9.75,-27.44,32.94,0.97,-80.05,-162.32,False
3554.999,3557921,2019-09-08 11:07:04.545,0.0285,0.9077,10.653,-0.0049,0.0175,9.8066,0.1371,-0.085,0.0617,-9.75,-27.37,32.88,0.75,-80.0,-162.5,False
3555.1,3558022,2019-09-08 11:07:04.646,0.2688,0.2789999999999999,8.802999999999999,0.0027,-0.0321,9.8066,0.2553,-0.1555,0.0988,-9.69,-27.62,32.75,0.66,-80.08,-162.59,False
3555.199,3558121,2019-09-08 11:07:04.745,0.1605,-1.7074,8.7022,0.0022,-0.0423,9.8065,-0.3989,0.0241,-0.0601,-9.37,-28.31,32.63,2.79,-79.87,-162.4,False
3555.3,3558222,2019-09-08 11:07:04.846,-0.268,0.7707,8.5932,-0.0277,0.0919,9.8062,-0.4235,-0.0366,0.0023,-10.12,-27.87,32.06,1.74,-79.93,-161.18,False
3555.4,3558322,2019-09-08 11:07:04.946,-1.1513,2.2631,9.1934,-0.0419,0.084,9.8061,0.2363,-0.048,0.0376,-10.37,-27.94,32.13,4.0,-80.51,-159.25,False
3555.5,3558422,2019-09-08 11:07:05.046,0.4976,-0.8948,10.4642,0.0329,-0.0808,9.8062,0.2555,0.026,-0.0541,-9.62,-27.75,32.13,2.38,-80.12,-160.64,False
3555.6,3558522,2019-09-08 11:07:05.146,-1.1979,0.0823,10.0569,0.0366,-0.0695,9.8063,-0.1972,-0.0138,-0.0863,-9.94,-28.56,32.44,1.72,-80.29,-161.2,False
3555.699,3558621,2019-09-08 11:07:05.245,-0.5155,1.1997,9.6332,0.0021,0.0612,9.8064,-0.1495,-0.0853,-0.0193,-9.25,-28.12,32.0,2.21,-80.45,-162.42,False
3555.8,3558722,2019-09-08 11:07:05.346,-0.0682,1.5948,8.6584,-0.0032,0.0664,9.8064,-0.126,0.0356,-0.0809,-9.25,-27.69,32.38,0.35,-80.55,-164.0,False
3555.899,3558821,2019-09-08 11:07:05.445,-0.3638,0.0472,9.7888,0.0026,-0.0039,9.8066,0.0043,-0.0198,-0.0424,-9.5,-28.12,32.5,0.25,-80.9,-164.53,False
3555.999,3558921,2019-09-08 11:07:05.545,-0.8346,0.9339,9.6694,0.0042,0.0332,9.8065,0.0709,-0.0762,0.0346,-8.87,-27.81,32.06,359.14,-81.02,-165.03,False
3556.1,3559022,2019-09-08 11:07:05.646,0.0795,0.8962,9.1839,0.0075,0.0203,9.8066,0.0037,0.0099,-0.035,-8.44,-27.94,32.06,359.93,-81.15,-166.02,False
3556.199,3559121,2019-09-08 11:07:05.745,-1.1023,0.067,10.1221,0.0121,-0.0324,9.8066,-0.0308,0.0525,-0.0373,-9.06,-27.87,31.63,356.32,-80.93,-167.44,False
3556.299,3559221,2019-09-08 11:07:05.845,-0.7736,0.6834,10.7035,0.0116,-0.0294,9.8065,-0.0076,-0.0289,0.0526,-8.5,-27.75,32.0,357.93,-80.84,-167.73,False
3556.399,3559321,2019-09-08 11:07:05.945,-0.823,0.4169,9.8012,-0.0037,-0.0065,9.8066,0.0582,0.0066,-0.0137,-8.75,-27.5,32.75,356.17,-80.84,-168.05,False
3556.499,3559421,2019-09-08 11:07:06.045,0.191,-0.5172,10.1565,0.0078,-0.0085,9.8066,-0.0653,-0.0037,0.0307,-7.81,-27.62,32.38,357.39,-80.77,-168.18,False
3556.599,3559521,2019-09-08 11:07:06.145,-0.8414,0.5324,9.5287,-0.0072,0.0019,9.8066,-0.0419,0.0186,-0.0257,-8.44,-27.5,31.88,357.46,-81.0,-168.14,False
3556.7,3559622,2019-09-08 11:07:06.246,-0.7020000000000001,0.9561,9.1412,0.0045,0.0086,9.8066,-0.0334,-0.0553,0.0108,-8.12,-27.81,31.44,356.72,-81.17,-168.33,False
3556.8,3559722,2019-09-08 11:07:06.346,-0.3744,-0.0061,10.484000000000002,0.0027,-0.0072,9.8066,0.1308,-0.0453,0.0099,-8.37,-28.06,31.75,357.03,-81.16,-168.51,False
3556.899,3559821,2019-09-08 11:07:06.445,0.0294,-0.8066,9.922,-0.0008,-0.0039,9.8066,0.0872,-0.0448,0.0197,-8.69,-27.87,32.0,354.95,-81.1,-168.62,False
3556.999,3559921,2019-09-08 11:07:06.545,-0.3371,-1.2148,9.5121,-0.006,-0.0044,9.8065,-0.0993,-0.0116,0.0266,-7.81,-28.0,31.81,357.72,-81.07,-167.91,False
3557.1,3560022,2019-09-08 11:07:06.646,-0.8617,1.3316,10.2085,0.0026,-0.0254,9.8066,-0.1358,-0.0333,-0.0017,-7.87,-27.5,31.94,358.18,-81.11,-167.53,False
3557.199,3560121,2019-09-08 11:07:06.745,-0.494,0.4592,9.7565,0.0015,0.0235,9.8066,0.0949,-0.0433,-0.0091,-8.12,-28.31,32.06,358.28,-81.16,-167.44,False
3557.3,3560222,2019-09-08 11:07:06.846,-0.5837,0.0197,9.5095,-0.0019,0.0049,9.8065,0.011,-0.0222,-0.0536,-8.25,-27.62,32.25,358.14,-81.14,-167.56,False
3557.4,3560322,2019-09-08 11:07:06.946,0.8065,-0.3163,10.3684,0.0191,-0.0258,9.8065,0.0241,-0.0614,0.0314,-8.12,-27.69,32.19,357.02,-81.18,-168.52,False
3557.5,3560422,2019-09-08 11:07:07.046,0.3126,-1.1944,10.556,0.0147,-0.0521,9.8064,-0.0755,-0.0729,0.0123,-8.0,-27.75,32.0,356.29,-81.04,-169.14,False
3557.6,3560522,2019-09-08 11:07:07.146,-1.4073,1.3034,8.8446,-0.0088,0.05,9.8065,0.0069999999999999,-0.069,0.0018,-7.94,-28.37,31.5,357.17,-81.44,-168.4,False
3557.699,3560621,2019-09-08 11:07:07.245,-0.4188,0.7778,9.1594,-0.0134,0.0557,9.8064,0.0757,-0.0256,-0.0247,-7.87,-27.94,32.44,356.85,-81.49,-168.68,False
3557.8,3560722,2019-09-08 11:07:07.346,1.6106,2.1589,9.9992,0.003,-0.0334,9.8065,0.231,-0.1307,0.1647,-7.5,-28.06,31.25,357.17,-81.31,-169.7,False
3557.9,3560822,2019-09-08 11:07:07.446,0.6681,-1.3415,8.1456,-0.0035,-0.0707,9.8064,-0.1345,0.0448,0.0234,-8.25,-28.0,31.63,357.57,-80.82,-168.04,False
3557.999,3560921,2019-09-08 11:07:07.545,-0.6007,2.2773,9.2527,-0.0467,0.1298,9.8056,-0.0225,0.0197,0.106,-7.69,-28.5,31.75,359.43,-80.76,-166.45,False
3558.1,3561022,2019-09-08 11:07:07.646,-2.3171,5.2468,8.3636,-0.0398,0.1079,9.8059,-0.0365,-0.0277,0.0902,-8.19,-28.25,31.88,2.48,-81.51,-163.82,False
3558.199,3561121,2019-09-08 11:07:07.745,0.5468,-2.3694,10.5925,0.0197,-0.0548,9.8064,0.3521,0.0004,-0.0713,-8.75,-28.19,32.0,358.35,-80.45,-165.69,False
3558.299,3561221,2019-09-08 11:07:07.845,0.3199,-2.3921,10.7577,0.0001,-0.0168,9.8066,0.2863,-0.0309,-0.0198,-8.12,-27.94,32.81,0.34,-80.24,-166.08,False
3558.399,3561321,2019-09-08 11:07:07.945,0.2539,0.5119,9.9555,-0.0056,0.0078,9.8066,-0.1828,-0.0453,0.0208,-8.37,-27.94,31.75,0.08,-80.29,-165.9,False
3558.499,3561421,2019-09-08 11:07:08.045,-0.6758,1.6046,9.4695,-0.0025,0.0089,9.8066,-0.1751,-0.0346,0.0103,-8.0,-27.37,32.06,1.12,-80.57,-165.01,False
3558.599,3561521,2019-09-08 11:07:08.145,0.1135,0.939,9.4144,0.0033,0.0099,9.8066,0.1369999999999999,-0.0293,0.0299,-8.19,-27.37,32.38,1.2,-80.68,-164.94,False
3558.699,3561621,2019-09-08 11:07:08.245,-0.3975,0.0035,10.57,-0.0015,-0.0032,9.8065,0.1693,0.0032,-0.0212,-7.81,-26.87,32.56,1.58,-80.6,-165.02,False
3558.8,3561722,2019-09-08 11:07:08.346,0.2887,-0.3347,9.2496,-0.002,-0.0152,9.8066,-0.1329,0.0325,-0.0299,-7.56,-27.19,32.0,0.77,-80.38,-165.31,False
3558.899,3561821,2019-09-08 11:07:08.445,0.1606,1.9557,9.1383,0.0039,-0.0129,9.8066,-0.2165,0.0093,0.0072,-8.44,-27.62,31.88,0.73,-80.38,-165.35,False
3559.0,3561922,2019-09-08 11:07:08.546,-0.6498,1.0695,9.2247,-0.0196,0.0423,9.8065,0.1349,0.0373,-0.0239,-8.06,-28.37,31.94,1.07,-80.51,-165.06,False
3559.1,3562022,2019-09-08 11:07:08.646,0.019,0.8059,9.885,-0.0116,0.0173,9.8066,0.0599,-0.0318,0.0517,-7.81,-27.75,31.56,2.73,-80.81,-163.64,False
3559.2,3562122,2019-09-08 11:07:08.746,0.3625,0.8357,10.2079,-0.0095,-0.0056,9.8065,0.04,-0.0276,0.0401,-8.5,-28.25,31.81,3.47,-80.83,-163.01,False
3559.3,3562222,2019-09-08 11:07:08.846,0.5676,0.8307,10.0998,-0.0061,0.0111,9.8066,0.0824,0.031,-0.0042,-8.5,-28.25,32.13,4.49,-80.71,-162.15,False
3559.4,3562322,2019-09-08 11:07:08.946,0.0883,-0.3265,10.5428,0.0027,-0.0233,9.8065,-0.0517,0.0733,0.0077,-8.87,-27.62,31.44,1.96,-80.49,-162.16,False
3559.499,3562421,2019-09-08 11:07:09.045,0.0097,0.3098,9.4129,0.011,-0.0199,9.8066,-0.0699,0.0101,0.0072,-8.44,-28.19,32.25,4.2,-80.5,-162.41,False
3559.599,3562521,2019-09-08 11:07:09.145,0.9676,0.5085,9.3731,-0.0015,0.0201,9.8065,-0.0136,-0.0415,0.0524,-9.12,-28.06,32.25,1.86,-80.6,-162.71,False
3559.699,3562621,2019-09-08 11:07:09.245,-0.3681,0.9197,9.7289,-0.0124,0.0322,9.8066,0.0736,0.0402,-0.0102,-9.12,-28.5,31.75,2.47,-80.84,-162.19,False
3559.799,3562721,2019-09-08 11:07:09.345,0.0139,-0.2294,9.5056,0.0095,-0.0202,9.8066,-0.124,0.0409999999999999,-0.0407,-8.75,-27.69,31.75,2.11,-80.89,-162.49,False
3559.899,3562821,2019-09-08 11:07:09.445,0.6425,1.924,9.7477,0.0078,-0.0215,9.8066,-0.1323,-0.0037,-0.0395,-8.06,-28.12,32.25,3.13,-80.8,-163.3,False
3560.0,3562922,2019-09-08 11:07:09.546,0.8741,0.2568,9.558,0.0111,0.0101,9.8066,0.0448,0.0143,-0.0188,-8.12,-27.75,32.19,2.51,-80.91,-163.82,False
3560.1,3563022,2019-09-08 11:07:09.646,0.1782,0.5339,9.259,0.0046,0.0002,9.8066,-0.0426,0.0013,-0.0275,-8.62,-28.5,31.13,359.67,-80.97,-164.09,False
3560.2,3563122,2019-09-08 11:07:09.746,0.7355,0.8571,8.9138,0.0057,0.0407,9.8065,0.0213,0.0124,-0.0115,-8.44,-28.56,31.63,1.92,-81.11,-164.33,False
3560.299,3563221,2019-09-08 11:07:09.845,0.8179,1.1033,9.5723,-0.0036,0.0312,9.8066,0.076,-0.0063,-0.0306,-8.06,-28.0,31.88,1.48,-81.43,-164.69,False
3560.4,3563322,2019-09-08 11:07:09.946,-0.3163,-0.0746,10.2543,0.0072,-0.0187,9.8066,-0.0285,0.0093,-0.0725,-8.19,-27.87,31.75,0.86,-81.43,-165.22,False
3560.499,3563421,2019-09-08 11:07:10.045,0.5556,0.2411,10.096,0.015,-0.0044,9.8066,0.0133,0.0265,-0.0397,-8.12,-27.81,31.94,359.27,-81.35,-166.59,False
3560.6,3563522,2019-09-08 11:07:10.146,0.0865,0.5322,9.6288,0.0071,0.017,9.8066,0.0604,0.0256,-0.025,-8.0,-28.19,31.69,357.67,-81.43,-167.97,False
3560.699,3563621,2019-09-08 11:07:10.245,1.1535,0.0201,9.7449,0.0078,0.0131,9.8066,0.0596,0.0474,0.0189,-8.0,-28.12,31.81,356.64,-81.43,-168.86,False
3560.799,3563721,2019-09-08 11:07:10.345,0.3877,-0.2188,10.0427,-0.0114,0.0014,9.8066,-0.0247,0.0483,0.0165,-8.5,-27.87,31.94,356.98,-81.41,-168.57,False
3560.899,3563821,2019-09-08 11:07:10.445,-0.1578,-0.0692,10.3531,-0.004,-0.0141,9.8066,-0.0279,-0.0005,0.0015,-8.31,-27.87,32.63,358.57,-81.26,-167.61,False
3561.0,3563922,2019-09-08 11:07:10.546,0.6019,-0.4084,9.5793,0.0021,-0.0111,9.8066,0.0132,0.0263,-0.0303,-8.62,-28.25,32.13,355.88,-81.14,-167.83,False
3561.099,3564021,2019-09-08 11:07:10.645,0.0223,-0.4876,9.6687,0.001,0.004,9.8066,0.0383,0.0054,0.0064,-7.94,-28.44,32.0,357.64,-81.21,-167.99,False
3561.199,3564121,2019-09-08 11:07:10.745,1.2701,-0.1147,9.6752,-0.0022,0.0122,9.8066,-0.0356,-0.0322,0.0365,-8.56,-27.81,32.13,355.75,-81.35,-167.96,False
3561.3,3564222,2019-09-08 11:07:10.846,0.6852,0.9076,10.2081,-0.0061,0.0134,9.8066,0.0514,0.0246,0.0016,-8.19,-27.75,31.63,358.27,-81.49,-167.45,False
3561.4,3564322,2019-09-08 11:07:10.946,0.8222,-0.2317,10.2562,0.0024,-0.0229,9.8066,-0.0062,0.0168,0.0619,-8.5,-27.31,31.75,358.62,-81.37,-167.16,False
3561.5,3564422,2019-09-08 11:07:11.046,0.2908,0.2903,9.9202,-0.005,-0.0232,9.8065,-0.002,0.051,0.037,-8.37,-27.31,31.63,359.25,-81.12,-166.61,False
3561.599,3564521,2019-09-08 11:07:11.145,0.3193,-0.2851,9.6204,-0.0069,0.0026,9.8066,-0.0462,0.0188,0.0066,-8.62,-27.94,32.25,358.29,-81.16,-165.76,False
3561.699,3564621,2019-09-08 11:07:11.245,-0.0394,1.2057,10.2384,-0.0041,0.0,9.8066,-0.0803,0.0066,0.0293,-8.81,-27.81,32.0,358.68,-81.25,-165.43,False
3561.799,3564721,2019-09-08 11:07:11.345,0.0687,0.5697,9.1712,-0.0069999999999999,0.0139,9.8066,-0.039,0.0276,0.0068,-8.94,-28.25,31.38,358.75,-81.36,-164.88,False
3561.899,3564821,2019-09-08 11:07:11.445,1.6632,1.2051,9.5214,-0.0039,0.0127,9.8066,0.0411,0.0096,-0.0161,-8.75,-28.06,32.13,358.08,-81.35,-165.94,False
3561.999,3564921,2019-09-08 11:07:11.545,0.8843,-1.4491,9.8221,0.0109,-0.0209,9.8066,-0.1007,0.0404,-0.0164,-8.69,-28.31,32.13,358.18,-81.39,-165.86,False
3562.1,3565022,2019-09-08 11:07:11.646,-0.2196,-0.0793,9.9109,0.0101,-0.0014,9.8066,-0.0628,-0.0408,0.086,-9.44,-28.5,31.88,357.53,-81.39,-166.42,False
3562.2,3565122,2019-09-08 11:07:11.746,-0.5624,0.0805,10.5002,0.0039,-0.0047,9.8066,-0.0137,0.1417,-0.132,-9.12,-28.87,32.0,357.99,-81.43,-166.02,False
3562.299,3565221,2019-09-08 11:07:11.845,1.2609,0.7404,10.5597,-0.005,-0.046,9.8065,-0.0034,0.0214,0.0284,-8.69,-28.37,31.75,357.61,-81.31,-166.35,False
3562.399,3565321,2019-09-08 11:07:11.945,0.1856,-0.3946,9.4609,-0.0134,-0.0011,9.8066,-0.2466,-0.0082,-0.0496,-9.06,-28.06,32.0,358.56,-81.31,-165.54,False
3562.499,3565421,2019-09-08 11:07:12.045,0.2739,0.4564,9.4282,-0.0057,0.0035,9.8066,-0.1621,-0.1089,0.0499,-9.31,-28.0,32.38,0.17,-81.33,-164.14,False
3562.6,3565522,2019-09-08 11:07:12.146,0.5277,1.5499,9.7463,-0.013,0.0407,9.8065,0.1253,-0.0083,0.0367,-9.62,-28.62,32.25,359.35,-81.29,-163.21,False
3562.699,3565621,2019-09-08 11:07:12.245,0.4835,-0.0589,9.868,-0.0061,0.0583,9.8064,0.1342,-0.0296,-0.0054,-9.25,-28.0,31.88,2.17,-81.71,-162.41,False
3562.8,3565722,2019-09-08 11:07:12.346,0.4451,-1.5058,9.2392,0.0138,-0.0046,9.8066,-0.0714,0.0618,-0.024,-9.37,-29.12,32.06,1.15,-81.83,-163.3,False
3562.899,3565821,2019-09-08 11:07:12.445,0.5457,0.3426,9.2824,0.017,-0.0318,9.8065,-0.1373,0.0491,-0.0239,-9.12,-28.31,31.63,0.01,-81.87,-164.28,False
3562.999,3565921,2019-09-08 11:07:12.545,0.8648,-0.1133,10.621,0.0137,-0.0307,9.8065,0.0869,-0.0464,-0.0138,-9.75,-28.37,31.94,357.26,-81.96,-165.04,False
3563.1,3566022,2019-09-08 11:07:12.646,-0.7438,0.6468,10.4534,0.0042,-0.0046,9.8066,0.0124,0.0509,-0.07,-8.69,-28.25,31.56,357.35,-81.82,-166.59,False
3563.199,3566121,2019-09-08 11:07:12.745,0.4014,-1.0992,10.0805,0.0071,0.0034,9.8066,0.0008,0.0079,-0.0076,-8.94,-28.37,32.25,356.44,-81.79,-167.39,False
3563.299,3566221,2019-09-08 11:07:12.845,0.081,0.7886,9.6349,-0.0066,0.0242,9.8065,-0.0487,0.0127,0.0129,-9.25,-28.19,31.69,356.03,-81.75,-167.74,False
3563.399,3566321,2019-09-08 11:07:12.945,0.6849,-0.0461,10.0554,0.0038,0.0176,9.8065,0.0319,-0.0361,-0.0013,-9.62,-28.06,32.38,353.93,-81.92,-167.95,False
3563.5,3566422,2019-09-08 11:07:13.046,0.7343,-0.7579,9.6476,0.0097,-0.0136,9.8065,0.0545,0.0329,0.0003,-9.12,-27.94,32.06,355.36,-81.89,-168.34,False
3563.6,3566522,2019-09-08 11:07:13.146,1.2779,-0.7223,9.3865,0.0019,-0.0111,9.8066,0.03,-0.0092,0.0431,-9.0,-28.25,31.94,355.13,-81.81,-168.53,False
3563.7,3566622,2019-09-08 11:07:13.246,0.3907,0.7325,9.5715,-0.0031,0.012,9.8066,0.0538,0.045,0.0082,-9.5,-28.19,31.75,355.2,-81.83,-168.47,False
3563.799,3566721,2019-09-08 11:07:13.345,0.1466,-0.4969,10.109,-0.003,0.0131,9.8066,-0.0301,0.0164,-0.0027,-9.37,-28.0,31.06,355.25,-81.97,-167.94,False
3563.9,3566822,2019-09-08 11:07:13.446,0.5061,0.5906,9.8752,0.0089,-0.0047,9.8066,0.0492,0.0174,-0.0195,-9.62,-27.69,31.56,353.34,-82.08,-168.48,False
3564.0,3566922,2019-09-08 11:07:13.546,0.3064,-0.1516,10.1546,0.0011,-0.0226,9.8065,0.0507,0.0221,-0.0126,-8.81,-27.81,31.06,354.41,-82.01,-168.67,False
3564.099,3567021,2019-09-08 11:07:13.645,-0.9131,-0.1993,9.7907,-0.01,-0.0021,9.8066,-0.0205,-0.0719,0.0669,-9.44,-28.06,31.5,355.65,-81.94,-168.09,False
3564.2,3567122,2019-09-08 11:07:13.746,-0.3437,-0.4988,9.6898,-0.0122,0.0123,9.8066,0.0483,0.0451,0.0169,-9.62,-27.75,31.75,354.7,-81.99,-167.28,False
3564.3,3567222,2019-09-08 11:07:13.846,-0.0271,0.0815,10.0314,0.0093,-0.0138,9.8066,0.0709,0.0396,0.0316,-9.56,-27.69,31.69,354.93,-81.98,-167.08,False
3564.399,3567321,2019-09-08 11:07:13.945,0.3636,0.3528,9.6561,0.0118,-0.0268,9.8065,-0.0614,-0.0134,0.0521,-9.94,-28.19,31.88,354.57,-81.94,-167.39,False
3564.499,3567421,2019-09-08 11:07:14.045,0.2646,0.3275,9.8982,-0.0143,0.0129,9.8066,-0.0225,0.0188,0.0175,-9.37,-28.12,31.88,356.84,-81.85,-167.05,False
3564.599,3567521,2019-09-08 11:07:14.145,0.3041,1.3165,10.1425,-0.0215,0.03,9.8066,0.0353,-0.0001,0.0438,-9.25,-27.69,31.88,358.7,-81.88,-165.42,False
3564.699,3567621,2019-09-08 11:07:14.245,0.2568,0.1371,9.2258,-0.0136,-0.0179,9.8066,-0.0928,0.0034,0.0352,-10.44,-28.25,32.56,358.81,-81.73,-164.18,False
3564.8,3567722,2019-09-08 11:07:14.346,-0.2865,1.1451,9.1587,-0.0147,-0.0117,9.8066,0.006,0.0062,0.0182,-10.44,-28.19,32.25,0.83,-81.68,-161.93,False
3564.899,3567821,2019-09-08 11:07:14.445,-0.0264,0.4676,9.6586,-0.0117,0.0242,9.8066,-0.0487,-0.0011,0.0277,-10.0,-27.87,31.56,2.83,-81.93,-160.18,False
3564.999,3567921,2019-09-08 11:07:14.545,0.1581,-0.0219,10.2217,-0.003,-0.0136,9.8066,0.0699,0.0258,-0.0049,-10.0,-28.44,31.88,2.81,-81.86,-160.19,False
3565.099,3568021,2019-09-08 11:07:14.645,-0.2154,-0.1671,10.0859,-0.0049,-0.0348,9.8065,0.0171,-0.0209,0.0426,-10.56,-28.0,32.13,1.3,-81.64,-159.9,False
3565.2,3568122,2019-09-08 11:07:14.746,-0.2288,0.3258,9.3517,-0.0153,0.0091,9.8065,-0.0446,0.0195,0.0109,-10.56,-28.12,31.44,2.47,-81.65,-158.32,False
3565.3,3568222,2019-09-08 11:07:14.846,-0.6954,0.072,9.5971,-0.0101,0.0098,9.8065,-0.0956,-0.0245,0.0587,-10.37,-28.5,31.31,5.54,-81.74,-157.32,False
3565.399,3568321,2019-09-08 11:07:14.945,-0.0442,-0.5439,9.661,-0.0023,-0.0142,9.8065,-0.0168,0.0174,-0.0091,-10.31,-28.19,31.75,6.69,-81.87,-156.81,False
3565.5,3568422,2019-09-08 11:07:15.046,0.0611,-0.418,9.5361,0.0111,-0.0148,9.8065,-0.0672,-0.0394,0.001,-10.31,-28.0,32.0,6.67,-81.8,-156.84,False
3565.599,3568521,2019-09-08 11:07:15.145,-0.1267,0.6538,9.3987,0.0025,0.0221,9.8066,0.0423,0.0199,-0.0112,-10.56,-27.87,31.19,4.3,-81.91,-156.72,False
3565.699,3568621,2019-09-08 11:07:15.245,0.8306,0.9931,9.292,0.003,0.0072,9.8066,-0.0748,0.083,-0.0371,-10.87,-28.62,31.44,3.89,-82.02,-157.09,False
3565.799,3568721,2019-09-08 11:07:15.345,-0.4988,0.5652,9.7416,-0.0028,0.0277,9.8065,0.1413,0.0176,-0.0132,-9.87,-28.56,31.88,5.73,-82.04,-157.65,False
3565.9,3568822,2019-09-08 11:07:15.446,-0.1306,-0.9082,10.0588,0.002,0.0154,9.8066,0.1892,0.0055,-0.04,-10.37,-27.94,31.38,4.68,-82.25,-158.02,False
3566.0,3568922,2019-09-08 11:07:15.546,0.1923,-0.0982,11.0182,0.0157,-0.0462,9.8065,0.0291,-0.0255,0.0126,-11.0,-28.5,32.31,2.87,-82.26,-158.5,False
3566.099,3569021,2019-09-08 11:07:15.645,-0.0839,1.0495,9.505,0.0055,-0.0321,9.8066,0.0736,-0.0019,0.0056,-10.31,-28.62,31.81,3.82,-81.99,-159.32,False
3566.2,3569122,2019-09-08 11:07:15.746,-0.2766,0.9746,9.8656,-0.0077,0.0144,9.8066,0.0384,-0.0226,0.0148,-10.5,-28.37,31.56,4.27,-82.01,-158.92,False
3566.3,3569222,2019-09-08 11:07:15.846,0.7785,-0.7545,9.7814,-0.0024,0.0067,9.8066,-0.0198,-0.02,0.0336,-10.06,-28.69,31.88,4.61,-82.01,-158.63,False
3566.399,3569321,2019-09-08 11:07:15.945,-0.1878,0.2968,9.6163,0.0036,-0.0042,9.8066,-0.0453,-0.0105,0.0138,-10.31,-29.06,31.31,4.64,-82.02,-158.1,False
3566.499,3569421,2019-09-08 11:07:16.045,0.4265,-0.1172,8.9046,-0.0061,-0.0003,9.8066,0.0123,-0.0181,0.0126,-10.31,-28.69,31.63,5.84,-82.07,-157.55,False
3566.599,3569521,2019-09-08 11:07:16.145,-0.3675,0.3226,9.4385,0.0054,0.0136,9.8066,0.0498,0.019,-0.0301,-10.12,-28.87,31.19,5.71,-82.13,-157.16,False
3566.7,3569622,2019-09-08 11:07:16.246,0.1745,0.362,10.2414,0.0045,-0.0077,9.8066,-0.0411,0.04,-0.0165,-10.62,-29.31,31.63,4.12,-82.27,-157.42,False
3566.8,3569722,2019-09-08 11:07:16.346,-0.0752,-0.1493,10.4988,0.0125,-0.018,9.8066,0.053,0.0353,-0.0289999999999999,-9.69,-29.0,30.69,4.34,-82.44,-158.33,False
3566.9,3569822,2019-09-08 11:07:16.446,0.0581,0.4327,10.7353,0.0143,-0.0315,9.8066,-0.067,0.0024,-0.021,-10.12,-28.31,31.13,2.57,-82.21,-159.88,False
3566.999,3569921,2019-09-08 11:07:16.545,-0.1194,0.6654,9.592,-0.0195,0.0108,9.8066,-0.0461,-0.0166,0.0147,-10.44,-28.19,31.19,3.17,-82.13,-159.36,False
3567.099,3570021,2019-09-08 11:07:16.645,-0.0093,-0.2515,9.4819,-0.0142,0.0279999999999999,9.8065,0.0782,-0.0132,0.0241,-10.31,-27.94,31.63,4.39,-82.17,-158.8,False
3567.2,3570122,2019-09-08 11:07:16.746,-0.2224,0.095,9.4945,0.0055,-0.0124,9.8066,0.0729,-0.0004,0.0012,-10.87,-28.62,31.81,3.76,-82.34,-157.73,False
3567.299,3570221,2019-09-08 11:07:16.845,0.0072,1.0789,9.3224,0.0255,-0.0225,9.8066,-0.057,0.0167,-0.0474,-10.31,-28.5,31.56,4.59,-82.43,-158.6,False
3567.4,3570322,2019-09-08 11:07:16.946,0.1595,-0.1861,9.8106,0.0045,0.0065,9.8066,0.063,0.0052,-0.0339,-10.44,-28.37,31.63,3.63,-82.48,-159.45,False
3567.499,3570421,2019-09-08 11:07:17.045,0.8701,0.2567,9.9752,0.0119,-0.0248,9.8066,-0.0285,-0.0701,0.0257,-10.06,-28.06,31.69,2.4,-82.32,-160.54,False
3567.599,3570521,2019-09-08 11:07:17.145,-0.1959,-0.9089,9.559,0.0075,0.0039,9.8066,0.0897,-0.0075,-0.0655,-9.75,-28.5,31.63,1.83,-82.4,-161.03,False
3567.7,3570622,2019-09-08 11:07:17.246,0.3965,1.0687,8.8171,0.0111,0.0103,9.8066,-0.0304,-0.0392,-0.0253,-10.06,-28.69,31.0,0.09,-82.63,-162.05,False
3567.8,3570722,2019-09-08 11:07:17.346,-0.0705,0.925,9.9948,0.0102,0.0085,9.8066,0.1475,-0.0167,-0.046,-10.0,-28.75,31.38,358.03,-82.86,-163.86,False
3567.9,3570822,2019-09-08 11:07:17.446,-0.0766,0.6012,9.8009,0.0049,-0.026,9.8065,0.1783,-0.0094,0.0381,-9.25,-28.25,30.94,359.2,-83.09,-164.52,False
3567.999,3570921,2019-09-08 11:07:17.545,0.9309,0.4241,10.3443,0.0007,-0.008,9.8066,-0.0208,-0.0181,-0.0071,-9.75,-28.5,31.19,356.51,-82.97,-165.22,False
3568.1,3571022,2019-09-08 11:07:17.646,0.4675,0.5857,9.9891,0.0035,-0.0152,9.8066,0.0047,0.0243,-0.0106,-10.31,-29.06,31.25,356.83,-82.8,-164.91,False
3568.2,3571122,2019-09-08 11:07:17.746,0.1768,0.3783,9.4824,0.0086,-0.0019,9.8066,0.0513,0.0272,-0.0224,-10.31,-28.19,31.31,356.48,-82.62,-165.23,False
3568.3,3571222,2019-09-08 11:07:17.846,-0.0434,0.0573,9.566,-0.0003,0.0116,9.8066,0.0494,0.0105,-0.0034,-10.31,-28.75,31.69,356.68,-82.67,-165.57,False
3568.399,3571321,2019-09-08 11:07:17.945,-0.5112,0.2472,9.554,0.005,0.0106,9.8066,-0.0116,-0.0186,-0.0156,-9.75,-28.25,31.88,356.42,-82.78,-165.82,False
3568.499,3571421,2019-09-08 11:07:18.045,0.3236,0.765,9.5003,0.0075,0.0218,9.8065,-0.0517,0.0324,-0.0524,-10.25,-28.87,31.44,354.86,-82.96,-166.67,False
3568.599,3571521,2019-09-08 11:07:18.145,-0.1429,1.1262,9.7673,-0.0005,0.0176,9.8065,0.0361,0.0025,-0.016,-10.37,-28.25,31.5,354.2,-83.15,-167.83,False
3568.699,3571621,2019-09-08 11:07:18.245,-0.2954,0.6527,10.2592,0.0106,-0.0087,9.8065,-0.0517,-0.0012,-0.0119,-9.56,-29.0,31.31,351.83,-83.09,-169.36,False
3568.799,3571721,2019-09-08 11:07:18.345,0.8786,-0.5238,9.9511,0.0075,0.0031,9.8066,-0.017,0.0,0.0061,-9.56,-28.19,31.5,350.97,-82.93,-170.69,False
3568.901,3571823,2019-09-08 11:07:18.447,0.5168,0.212,10.1508,0.009,-0.0126,9.8066,0.0228,0.0196,-0.0139,-9.87,-28.37,31.38,349.03,-82.86,-171.84,False
3569.0,3571922,2019-09-08 11:07:18.546,0.2399,0.2603,10.1438,0.0068,-0.001,9.8066,0.0261,-0.0191,0.016,-9.69,-28.44,31.75,349.11,-82.79,-172.31,False
3569.099,3572021,2019-09-08 11:07:18.645,0.2833,0.0414,9.8084,-0.0107,0.0068,9.8066,-0.0083,-0.0038,-0.0056,-9.75,-28.0,31.56,349.7,-82.81,-171.8,False
3569.2,3572122,2019-09-08 11:07:18.746,0.4904,0.5074,10.0115,-0.0084,0.0105,9.8066,-0.0708,0.0102,-0.0369,-9.69,-28.37,31.56,350.92,-82.87,-170.72,False
3569.299,3572221,2019-09-08 11:07:18.845,0.4699,0.6071,9.7295,-0.0079,0.0114,9.8066,0.0472,-0.0061,0.0167,-9.87,-28.37,31.63,351.69,-82.91,-170.04,False
3569.399,3572321,2019-09-08 11:07:18.945,0.181,-0.5077,9.7385,-0.0053,-0.0099,9.8066,0.0324,0.0242,0.0004,-9.87,-28.31,31.19,351.98,-82.84,-169.23,False
3569.5,3572422,2019-09-08 11:07:19.046,0.4536,-0.1216,9.7386,0.004,-0.0138,9.8066,-0.1125,0.0288,0.0264,-10.19,-28.25,31.06,351.94,-82.92,-169.27,False
3569.6,3572522,2019-09-08 11:07:19.146,0.9917,-0.9211,9.8517,0.0045,-0.0047,9.8066,-0.0556,-0.0255,0.0115,-10.12,-28.37,31.13,351.78,-82.89,-169.41,False
3569.7,3572622,2019-09-08 11:07:19.246,-0.2459,-0.0311,9.1431,-0.0004,0.0073,9.8066,-0.0195,0.0577,-0.0544,-10.19,-28.19,31.25,351.85,-82.86,-169.34,False
3569.799,3572721,2019-09-08 11:07:19.345,-0.5626,1.095,9.7704,0.0035,0.0172,9.8066,-0.075,-0.0341,0.0186,-9.5,-28.56,31.44,353.06,-82.92,-169.93,False
3569.899,3572821,2019-09-08 11:07:19.445,0.5181,-0.424,9.9011,0.0139,-0.0066,9.8066,-0.0487,0.0596,-0.0789,-10.25,-28.25,31.63,351.21,-82.93,-170.47,False
3570.0,3572922,2019-09-08 11:07:19.546,0.8221,-0.9283,9.1181,0.0091,-0.0054,9.8066,-0.0167,0.0375,-0.0161,-10.0,-28.56,31.25,349.65,-83.03,-171.28,False
3570.099,3573021,2019-09-08 11:07:19.645,0.6922,-0.1454,8.6696,-0.012,0.0218,9.8066,-0.0859,0.042,0.0195,-10.94,-28.56,31.56,348.41,-83.05,-171.34,False
3570.2,3573122,2019-09-08 11:07:19.746,0.0214,0.2973,9.8663,-0.0173,0.0089,9.8066,-0.0657,0.0135,0.0372,-10.87,-28.44,31.56,350.19,-83.22,-169.82,False
3570.3,3573222,2019-09-08 11:07:19.846,-0.0842,-0.7354,10.8281,0.01,-0.0405,9.8065,0.0413,0.0082,-0.0305,-10.69,-28.0,31.38,350.14,-83.29,-169.28,False
3570.4,3573322,2019-09-08 11:07:19.946,0.2731,-1.048,9.9983,0.0178,-0.0136,9.8065,0.0683,-0.0048,-0.012,-11.0,-27.69,31.19,348.89,-83.09,-170.36,False
3570.499,3573421,2019-09-08 11:07:20.045,0.2565,-0.4467,9.7718,-0.0014,0.0263,9.8066,-0.0881,0.0523,-0.0376,-10.44,-28.06,31.06,349.87,-83.28,-171.17,False
3570.599,3573521,2019-09-08 11:07:20.145,0.0164,0.8171,9.9811,0.0065,0.0331,9.8065,-0.0583,0.013,-0.0054,-10.37,-28.5,31.25,348.36,-83.45,-172.55,False
3570.699,3573621,2019-09-08 11:07:20.245,0.6783,-0.2248,10.2444,0.0175,-0.027,9.8065,-0.0053,-0.0022,0.0013,-10.5,-28.25,31.06,347.85,-83.48,-173.02,False
3570.799,3573721,2019-09-08 11:07:20.345,0.4986,0.0151,10.2829,0.0077,-0.0449,9.8065,-0.0947,0.0753,-0.0627,-10.06,-27.87,31.19,347.39,-83.4,-173.42,False
3570.899,3573821,2019-09-08 11:07:20.445,0.3269,0.5352,9.7249,-0.02,0.0411,9.8065,0.125,0.004,-0.004,-10.81,-28.44,31.56,346.75,-83.02,-172.87,False
3570.999,3573921,2019-09-08 11:07:20.545,-0.6107,-0.2299,9.7379,-0.018,0.0364,9.8065,0.1231,-0.0446,0.0615,-10.56,-28.37,31.75,347.96,-83.28,-171.83,False
3571.1,3574022,2019-09-08 11:07:20.646,-0.2101,-1.359,10.1589,0.0062,-0.0345,9.8066,-0.1423,0.0363,-0.016,-10.19,-28.44,31.56,350.53,-83.18,-171.11,False
3571.2,3574122,2019-09-08 11:07:20.746,-0.6549,1.7208,9.7981,0.0225,-0.0312,9.8065,-0.1926,0.0001,0.0017,-10.5,-28.75,31.06,348.91,-83.25,-171.98,False
3571.3,3574222,2019-09-08 11:07:20.846,0.1014,0.1967,9.6467,-0.0016,0.0091,9.8066,0.1447,0.0009,-0.0153,-11.0,-28.62,31.31,346.74,-83.33,-172.29,False
3571.4,3574322,2019-09-08 11:07:20.946,-0.4261,-0.3304,10.4392,0.0089,-0.0297,9.8066,-0.0182,0.0266,-0.0191,-11.12,-28.19,31.88,347.37,-83.18,-172.34,False
3571.499,3574421,2019-09-08 11:07:21.045,0.7933,0.645,9.5003,-0.0141,0.0191,9.8066,0.1087,-0.0343,0.0686,-10.62,-28.87,31.69,346.94,-83.19,-172.69,False
3571.599,3574521,2019-09-08 11:07:21.145,0.5763,0.3837,9.5068,-0.0187,0.0316,9.8066,0.0376,0.0554,-0.0346,-10.44,-28.62,31.63,350.58,-83.26,-171.05,False
3571.699,3574621,2019-09-08 11:07:21.245,0.1306,0.3359,10.1506,-0.0018,-0.0167,9.8066,-0.0207,0.0309,0.0319,-10.44,-28.56,31.5,351.1,-83.12,-170.56,False
3571.799,3574721,2019-09-08 11:07:21.345,0.0332,0.3306,9.7456,-0.0096,-0.0279999999999999,9.8066,0.0297,0.0377,0.0381,-11.06,-28.0,31.63,350.89,-83.1,-169.17,False
3571.899,3574821,2019-09-08 11:07:21.445,0.1145,0.9857,9.6285,-0.0258,0.0228,9.8066,0.0672,-0.0115,0.0716,-10.87,-28.19,31.5,352.12,-83.06,-168.06,False
3571.999,3574921,2019-09-08 11:07:21.545,0.6904,0.4629999999999999,9.4382,-0.0325,0.0036,9.8066,-0.0179,-0.0254,0.0676,-10.81,-28.69,31.38,355.17,-83.17,-164.75,False
3572.1,3575022,2019-09-08 11:07:21.646,-0.0106,-0.138,9.3317,-0.0061,0.0033,9.8065,0.0321,-0.0259,0.036,-11.0,-28.44,30.75,356.32,-83.28,-163.75,False
3572.2,3575122,2019-09-08 11:07:21.746,0.0812,-0.4896,9.4265,-0.0049,-0.0059,9.8066,0.0373,-0.0121,0.0363,-11.69,-28.12,30.94,355.94,-83.36,-162.48,False
3572.299,3575221,2019-09-08 11:07:21.845,-0.3412,0.2416,9.5822,0.0075,0.0062,9.8066,0.0285,0.0298,-0.0436,-11.75,-28.44,30.81,356.39,-83.48,-162.08,False
3572.399,3575321,2019-09-08 11:07:21.945,0.145,-0.5807,9.797,0.0049,-0.004,9.8066,0.0683,-0.0272,0.003,-11.25,-28.69,31.06,357.69,-83.59,-162.53,False
3572.5,3575422,2019-09-08 11:07:22.046,0.1215,-0.1454,10.0254,0.0085,-0.0169,9.8065,-0.052,0.0175,-0.0075,-12.37,-28.25,31.19,355.04,-83.52,-163.3,False
3572.6,3575522,2019-09-08 11:07:22.146,-0.3801,0.6587,9.9427,-0.0101,0.0114,9.8066,0.0188,0.0228,0.0271,-11.5,-28.44,30.0,356.7,-83.6,-162.82,False
3572.699,3575621,2019-09-08 11:07:22.245,-0.1909,0.2621,9.9044,-0.0144,0.0181,9.8065,0.053,-0.0234,0.0649,-11.62,-28.62,30.81,356.31,-83.65,-162.15,False
3572.799,3575721,2019-09-08 11:07:22.345,-0.2533,-0.655,10.003,-0.0008,-0.0235,9.8065,0.0395,-0.01,0.0327,-12.19,-28.37,30.63,357.48,-83.65,-161.11,False
3572.899,3575821,2019-09-08 11:07:22.445,-0.3223,-0.372,10.1486,0.006,-0.0303,9.8065,-0.0537,0.0224,-0.0335,-12.06,-28.56,31.19,358.48,-83.7,-160.21,False
3572.999,3575921,2019-09-08 11:07:22.545,-0.3535,0.7269,10.1753,-0.0059,0.0392,9.8065,-0.0611,-0.0328,-0.0192,-11.81,-28.44,30.56,358.12,-83.6,-160.53,False
3573.099,3576021,2019-09-08 11:07:22.645,0.4439,-1.0492,9.7101,-0.0098,0.0358,9.8066,-0.0498,0.0054,0.0172,-11.5,-28.5,30.69,359.81,-83.81,-160.63,False
3573.199,3576121,2019-09-08 11:07:22.745,-0.2679,-0.9998,9.9669,0.0121,-0.0285,9.8065,0.0542,0.0221,-0.0123,-12.06,-29.31,31.38,357.25,-83.67,-161.31,False
3573.299,3576221,2019-09-08 11:07:22.845,-0.578,1.4179,9.183,0.0167,-0.0266,9.8065,-0.1235,0.0763,-0.0594,-11.5,-29.19,30.38,358.05,-83.82,-161.61,False
3573.399,3576321,2019-09-08 11:07:22.945,-0.9717,0.9455,9.8121,-0.0142,0.0458,9.8065,-0.0796,-0.068,0.0267,-11.25,-28.94,30.75,358.78,-83.91,-161.56,False
3573.499,3576421,2019-09-08 11:07:23.045,0.9026,0.1869,9.2377,-0.0088,0.0502,9.8065,0.0838,-0.0066,0.0266,-11.75,-28.62,30.88,356.4,-83.96,-162.09,False
3573.599,3576521,2019-09-08 11:07:23.145,-0.5285,-0.0612,8.976,0.0198,-0.0153,9.8065,-0.15,-0.0119,-0.0292,-11.5,-29.0,30.63,359.35,-84.24,-161.06,False
3573.699,3576621,2019-09-08 11:07:23.245,-0.0028,-0.1338,8.8892,-0.0025,0.0011,9.8066,0.0639,-0.0427,-0.0135,-11.87,-29.25,30.69,356.67,-84.4,-161.87,False
3573.799,3576721,2019-09-08 11:07:23.345,-0.6746,0.4272,9.9275,0.0163,0.0074,9.8066,0.0794,0.0164,-0.0601,-11.62,-28.94,30.25,355.04,-84.63,-162.72,False
3573.899,3576821,2019-09-08 11:07:23.445,1.0996,-0.4449,9.6767,0.0279999999999999,-0.0155,9.8066,-0.1638,0.0343,-0.0461,-11.5,-28.75,30.38,353.15,-84.67,-166.11,False
3573.999,3576921,2019-09-08 11:07:23.545,0.9713,0.7477,9.5444,-0.0096,0.0322,9.8066,-0.1473,0.0602,-0.0134,-10.94,-29.25,30.13,351.95,-84.64,-167.2,False
3574.099,3577021,2019-09-08 11:07:23.645,0.8,0.0452,9.8916,-0.0211,0.018,9.8065,-0.0043,0.0033,0.0485,-11.37,-28.5,30.81,354.38,-84.72,-165.62,False
3574.199,3577121,2019-09-08 11:07:23.745,1.0718,-1.7225,9.4881,-0.0138,0.016,9.8065,-0.0944,0.042,0.0035,-11.69,-29.69,30.0,352.15,-84.52,-165.32,False
3574.299,3577221,2019-09-08 11:07:23.845,-0.1282,-0.2652,11.2394,-0.0327,0.0499,9.8064,0.2391,0.001,0.0595,-11.81,-29.56,30.25,354.54,-84.57,-163.16,False
3574.399,3577321,2019-09-08 11:07:23.945,0.8681,-1.4239,12.0884,0.0426,-0.1319,9.8057,0.7709,0.0648,0.0069,-11.81,-29.31,30.69,353.89,-83.88,-164.35,False
3574.499,3577421,2019-09-08 11:07:24.045,0.7542,-2.989,11.3516,0.049,-0.1151,9.8058,-0.7115,0.0744,-0.0586,-11.44,-30.94,30.5,356.09,-83.97,-163.96,False
3574.599,3577521,2019-09-08 11:07:24.145,0.2509,3.0317,6.8589,-0.027,0.1101,9.806,-0.6303,0.0974,0.0224,-11.12,-30.31,31.19,357.44,-84.09,-162.77,False
3574.699,3577621,2019-09-08 11:07:24.245,1.1684,2.3040000000000003,8.7797,-0.0339,0.0678,9.8063,0.5407,-0.0062,0.1462,-12.12,-28.69,30.94,358.08,-84.72,-160.6,False
3574.799,3577721,2019-09-08 11:07:24.345,1.2388,1.2683,9.717,0.0279999999999999,-0.0682,9.8063,0.4181,-0.0669,0.1235,-12.62,-28.12,31.13,357.64,-84.62,-159.41,False
3574.899,3577821,2019-09-08 11:07:24.445,-0.5897,-0.1702,9.662,-0.0023,-0.0332,9.8065,-0.2028,-0.0258,0.0621,-13.31,-28.25,30.69,356.99,-84.34,-159.99,False
3575.0,3577922,2019-09-08 11:07:24.546,-0.1464,0.2155,9.1538,-0.0301,0.0462,9.8065,-0.1541,0.0369,0.0027,-13.62,-29.19,30.44,358.42,-84.61,-156.43,False
3575.099,3578021,2019-09-08 11:07:24.645,0.7699,0.2659,9.5737,-0.0228,0.0384,9.8065,0.0329,-0.0243,0.0535,-13.75,-28.19,30.19,359.37,-84.62,-155.56,False
3575.199,3578121,2019-09-08 11:07:24.745,-0.8418,-1.0406,8.939,0.0136,0.0031,9.8066,-0.0341,-0.0193,-0.0468,-13.25,-28.94,30.44,2.62,-84.55,-154.18,False
3575.299,3578221,2019-09-08 11:07:24.845,0.0351,0.6947,9.4749,0.0083,0.0334,9.8065,0.0019,-0.0002,-0.0464,-13.31,-29.5,29.81,0.16,-85.0,-156.42,False
3575.399,3578321,2019-09-08 11:07:24.945,0.0312,-0.0251,10.1457,0.0248,-0.0017,9.8066,0.0002,0.0457,-0.0301,-13.56,-29.44,29.94,355.81,-85.26,-158.85,False
3575.5,3578422,2019-09-08 11:07:25.046,0.2102,-0.3261,10.2108,0.0248,-0.0149,9.8065,0.0749,-0.0343,0.0242,-13.25,-28.94,29.75,352.85,-85.07,-163.15,False
3575.6,3578522,2019-09-08 11:07:25.146,0.0598,-0.3068,10.1598,-0.0113,-0.018,9.8066,0.0666,0.0104,0.0301,-12.94,-28.94,30.56,354.72,-84.82,-162.1,False
3575.7,3578622,2019-09-08 11:07:25.246,-0.1261,-0.9641,9.9002,-0.0063,-0.0113,9.8066,-0.0873,0.0254,0.0044,-12.69,-29.12,30.63,356.38,-84.85,-160.58,False
3575.8,3578722,2019-09-08 11:07:25.346,-0.7911,0.0752,9.7972,-0.0149,0.0127,9.8065,-0.0119,-0.0321,0.0156,-12.87,-29.19,30.56,358.12,-84.95,-158.98,False
3575.9,3578822,2019-09-08 11:07:25.446,-0.1474,0.2647,9.6936,-0.0001,0.0073,9.8066,0.0474,-0.0124,0.0162,-12.69,-29.44,30.31,358.15,-84.99,-158.27,False
3575.999,3578921,2019-09-08 11:07:25.545,-0.1207,0.1064,10.2999,0.0018,-0.0214,9.8066,0.1238,-0.0158,0.0104,-12.25,-29.12,30.13,0.56,-84.98,-157.68,False
3576.1,3579022,2019-09-08 11:07:25.646,0.3468,0.6016,9.6094,-0.0007,-0.0193,9.8066,-0.0461,-0.0406,0.0624,-12.5,-28.87,30.69,1.78,-84.86,-157.2,False
3576.199,3579121,2019-09-08 11:07:25.745,0.6836,0.4166,9.867,0.0123,0.0121,9.8065,0.0037,0.048,-0.0474,-12.5,-28.56,29.75,359.98,-84.96,-158.22,False
3576.306,3579228,2019-09-08 11:07:25.852,-0.0993,-0.065,9.7504,0.0074,0.0004,9.8066,0.0003,-0.0006,-0.0167,-12.37,-28.69,30.13,359.44,-84.97,-158.71,False
3576.399,3579321,2019-09-08 11:07:25.945,-0.3536,0.0881,9.9384,0.0028,0.0114,9.8066,-0.0496,-0.0139999999999999,-0.0049,-11.94,-29.44,30.31,357.92,-84.96,-160.11,False
3576.5,3579422,2019-09-08 11:07:26.046,0.0238,-0.3134,9.892,0.0058,0.0294,9.8065,0.0212,-0.0197,-0.0392,-11.62,-29.0,30.13,355.65,-85.12,-162.2,False
3576.6,3579522,2019-09-08 11:07:26.146,-0.0611,0.1068,10.2883,0.0125,-0.0229,9.8065,0.0628,-0.0305,-0.0162,-11.75,-29.12,29.75,353.0,-85.18,-164.65,False
3576.7,3579622,2019-09-08 11:07:26.246,-0.2165,0.4387,9.408,0.0197,-0.032,9.8065,-0.1046,0.0821,-0.1111,-11.62,-28.62,29.63,350.97,-85.03,-166.5,False
3576.799,3579721,2019-09-08 11:07:26.345,-0.6848,0.685,9.7253,-0.0069,0.0349,9.8066,-0.1251,-0.0246,0.0129,-11.56,-28.69,30.88,350.27,-85.1,-167.81,False
3576.899,3579821,2019-09-08 11:07:26.445,0.6097,0.5864,8.9029,-0.0055,0.0332,9.8065,0.0342,-0.0179,0.039,-11.56,-29.06,30.06,348.56,-85.12,-168.73,False
3577.0,3579922,2019-09-08 11:07:26.546,-0.1347,0.7318,9.6442,-0.0145,0.0002,9.8066,0.0407,-0.0051,0.052,-11.44,-28.56,29.75,351.42,-85.2,-167.77,False
3577.099,3580021,2019-09-08 11:07:26.645,0.4993,-0.3551,10.8014,-0.0092,0.0069,9.8066,0.0013,0.0124,0.0273,-11.81,-29.06,30.0,352.11,-85.23,-165.47,False
3577.2,3580122,2019-09-08 11:07:26.746,-0.4183,-0.79,11.1325,0.0095,-0.0472,9.8065,0.0773,0.0384,-0.0184,-11.56,-28.5,30.31,352.9,-84.9,-164.72,False
3577.3,3580222,2019-09-08 11:07:26.846,0.4556,-0.7674,10.4361,0.0222,-0.0724,9.8063,-0.0016,-0.0386,0.0542,-12.19,-28.75,30.13,352.21,-84.63,-165.3,False
3577.4,3580322,2019-09-08 11:07:26.946,-0.1053,-0.0642,9.4938,-0.0142,0.038,9.8065,-0.025,0.0258,-0.0234,-12.37,-29.37,30.63,353.16,-84.6,-165.09,False
3577.5,3580422,2019-09-08 11:07:27.046,0.0603,0.0692,9.5795,-0.0161,0.0568,9.8064,0.0254,-0.0452,0.0171,-11.69,-28.94,30.06,353.56,-85.07,-164.12,False
3577.6,3580522,2019-09-08 11:07:27.146,-0.1631,0.5254,9.5415,0.0038,0.013,9.8066,-0.0903,-0.048,0.032,-11.69,-28.87,29.94,354.07,-85.26,-163.67,False
3577.7,3580622,2019-09-08 11:07:27.246,-0.0182,-0.1768,9.9826,0.0027,0.0114,9.8066,0.0466,-0.0354,0.0305,-11.56,-29.0,30.56,352.92,-85.42,-165.4,False
3577.799,3580721,2019-09-08 11:07:27.345,0.031,0.2741,10.099,0.0022,0.0028,9.8066,0.0178,0.0315,-0.0064,-12.06,-28.94,30.06,351.58,-85.29,-165.97,False
3577.899,3580821,2019-09-08 11:07:27.445,-0.4621,-0.4273,10.1883,-0.0056,-0.0027,9.8066,-0.0634,-0.0289,0.009,-12.0,-28.69,30.0,351.21,-85.15,-166.3,False
3578.0,3580922,2019-09-08 11:07:27.546,0.6143,0.2969,9.8495,-0.0144,-0.0032,9.8066,-0.0316,0.0378,0.0055,-11.94,-28.31,30.19,349.98,-85.08,-167.44,False
3578.099,3581021,2019-09-08 11:07:27.645,-0.0014,0.2799,9.7739,-0.004,0.0208,9.8065,0.0495,0.0064,-0.0164,-12.5,-28.81,29.94,351.75,-85.05,-165.78,False
3578.199,3581121,2019-09-08 11:07:27.745,0.782,-1.8419,10.121,-0.0086,0.0041,9.8066,-0.1347,-0.0942,0.0657,-12.19,-28.87,30.06,353.23,-85.12,-164.43,False
3578.3,3581222,2019-09-08 11:07:27.846,-0.0359,1.0151,10.5193,-0.0184,0.0058,9.8066,0.1638,0.0655,-0.0149,-12.37,-28.56,30.63,355.14,-85.21,-163.32,False
3578.4,3581322,2019-09-08 11:07:27.946,1.8633,-1.0917,9.5753,0.0158,-0.0458,9.8064,0.1252,0.0581,0.0156,-12.25,-28.44,30.81,355.06,-85.19,-163.41,False
3578.5,3581422,2019-09-08 11:07:28.046,-0.0296,-0.6036,10.014,0.0094,-0.011,9.8066,0.0708,-0.0222,0.0234,-12.25,-28.5,30.69,355.99,-84.96,-162.54,False
3578.6,3581522,2019-09-08 11:07:28.146,-0.1723,-0.321,9.817,-0.0091,0.0047,9.8066,-0.0303,0.0087,-0.0286,-12.06,-28.81,30.75,355.84,-85.09,-162.67,False
3578.7,3581622,2019-09-08 11:07:28.246,-0.1174,0.7804,9.7435,-0.0076,0.0192,9.8066,0.1511,0.0202,0.0157,-12.37,-28.5,30.44,356.02,-85.26,-161.88,False
3578.8,3581722,2019-09-08 11:07:28.346,0.086,-0.8598,10.1483,0.0216,-0.0407,9.8065,0.176,0.04,0.0023,-11.94,-28.56,30.13,354.48,-85.12,-163.27,False
3578.9,3581822,2019-09-08 11:07:28.446,-0.1378,0.5787,9.2668,0.0311,-0.0392,9.8064,-0.0844,-0.0097,-0.0039,-11.81,-28.69,29.25,352.36,-85.19,-164.54,False
3578.999,3581921,2019-09-08 11:07:28.545,0.743,0.4222,9.6292,0.005,0.0164,9.8066,-0.0067,0.0004,-0.0744,-12.31,-28.87,29.75,351.63,-85.29,-165.93,False
3579.1,3582022,2019-09-08 11:07:28.646,0.4848,0.278,9.7103,-0.0155,0.0108,9.8066,0.1196,-0.0353,0.031,-12.19,-28.81,30.44,351.6,-85.32,-165.96,False
3579.2,3582122,2019-09-08 11:07:28.746,0.8171,-0.3235,9.4027,-0.002,-0.0183,9.8066,0.0123,0.0257,-0.0207,-12.25,-29.31,30.56,353.85,-85.23,-164.52,False
3579.3,3582222,2019-09-08 11:07:28.846,-0.4734,-0.3857,9.1423,-0.015,0.0098,9.8066,-0.0012,0.0599,-0.0106,-12.12,-28.75,29.38,355.5,-85.33,-161.66,False
3579.399,3582321,2019-09-08 11:07:28.945,0.1315,-0.2258,10.0253,0.0148,-0.0067,9.8066,0.0721,0.026,-0.0399,-12.44,-29.0,30.25,356.46,-85.46,-161.47,False
3579.5,3582422,2019-09-08 11:07:29.046,0.0669,-0.4879,10.1182,0.0219,-0.0277,9.8066,-0.061,-0.0467,0.0199,-12.87,-28.56,30.44,352.61,-85.38,-163.42,False
3579.6,3582522,2019-09-08 11:07:29.146,0.3492,-0.4384,10.116,0.0118,-0.0035,9.8066,-0.0567,0.0601,-0.0909,-12.5,-29.12,30.44,352.12,-85.26,-165.47,False
3579.7,3582622,2019-09-08 11:07:29.246,0.5124,0.1396,9.5236,0.0002,0.006,9.8066,0.0843,0.0081,0.0111,-12.44,-29.25,29.94,350.26,-85.21,-167.18,False
3579.799,3582721,2019-09-08 11:07:29.345,-0.5354,-0.602,9.5569,-0.0174,0.0039,9.8066,0.0005,-0.0475,0.0654,-12.12,-29.19,30.5,352.12,-85.31,-166.13,False
3579.899,3582821,2019-09-08 11:07:29.445,-0.3658,-0.1409,9.0611,-0.0088,0.0228,9.8066,-0.1003,0.0087,-0.0136,-12.25,-28.81,30.06,354.19,-85.59,-163.59,False
3580.0,3582922,2019-09-08 11:07:29.546,-0.1169999999999999,0.047,9.4662,-0.0107,0.0242,9.8065,-0.0324,0.0108,-0.0231,-12.56,-28.94,30.19,353.82,-85.81,-162.33,False
3580.1,3583022,2019-09-08 11:07:29.646,0.4407,0.2857,9.8403,0.0006,0.0151,9.8066,0.0367,-0.0173,0.0065,-12.69,-28.37,30.19,353.02,-85.79,-163.09,False
3580.199,3583121,2019-09-08 11:07:29.745,-0.1762,-0.1689,10.0659,0.0038,-0.0088,9.8066,-0.0171,-0.0194,0.0174,-12.69,-28.81,29.63,352.13,-85.65,-163.89,False
3580.299,3583221,2019-09-08 11:07:29.845,0.429,-0.2546,10.1333,-0.0117,0.0014,9.8066,0.1074,0.0197,0.0317,-13.0,-28.69,30.06,352.37,-85.47,-163.64,False
3580.4,3583322,2019-09-08 11:07:29.946,0.2164,-1.5296,10.2582,-0.0004,-0.0211,9.8066,0.0213,0.0203,0.0223,-12.69,-29.25,30.0,354.74,-85.44,-161.44,False
3580.499,3583421,2019-09-08 11:07:30.045,-0.2996,-0.2512,9.8967,-0.0029,-0.0203,9.8066,0.0195,0.0028,0.0486,-12.81,-29.0,30.5,357.16,-85.37,-159.88,False
3580.6,3583522,2019-09-08 11:07:30.146,-0.1843,-1.0016,9.1814,-0.0064,0.0069,9.8066,-0.0005,0.0043,0.0226,-13.19,-29.06,30.19,358.46,-85.44,-158.0,False
3580.699,3583621,2019-09-08 11:07:30.245,0.5254,-0.2168,9.716,-0.002,0.011,9.8066,-0.016,0.0172,0.0152,-13.19,-29.0,30.63,359.14,-85.48,-158.05,False
3580.8,3583722,2019-09-08 11:07:30.346,-0.2516,0.0559999999999999,9.9289,0.0032,-0.0044,9.8066,-0.0574,-0.0431,0.0205,-12.94,-28.25,30.13,359.52,-85.51,-157.02,False
3580.9,3583822,2019-09-08 11:07:30.446,-0.1082,-0.7484,9.655,0.0057,-0.0013,9.8066,-0.0513,-0.0037,-0.0446,-12.56,-28.87,30.25,359.35,-85.48,-157.17,False
3581.0,3583922,2019-09-08 11:07:30.546,0.7008,-0.9928,9.9099,0.0058,0.003,9.8066,0.0903,0.0137,0.0075,-11.56,-28.62,31.56,0.73,-85.35,-158.76,False
3581.099,3584021,2019-09-08 11:07:30.645,1.509,-2.3729,9.4019,-0.0048,0.0017,9.8066,0.107,-0.0036,-0.0062,-10.44,-29.62,30.75,3.59,-85.36,-158.81,False
3581.199,3584121,2019-09-08 11:07:30.745,-2.0321,-0.518,9.9327,-0.0307,0.0537,9.8064,0.0398,0.0416,-0.0696,-11.62,-29.5,28.63,1.76,-85.63,-155.89,False
3581.3,3584222,2019-09-08 11:07:30.846,0.9958,0.3656,9.6906,-0.0092,0.0466,9.8065,0.037,0.0768,-0.0678,-12.25,-29.37,28.0,359.73,-85.69,-157.05,False
3581.4,3584322,2019-09-08 11:07:30.946,0.0721,-0.3828,10.7332,0.0231,-0.0401,9.8065,0.0622,0.0335,0.0292,-12.25,-29.12,29.19,357.25,-85.65,-160.07,False
3581.5,3584422,2019-09-08 11:07:31.046,0.7038,-1.8173,10.5112,0.0188,-0.0531,9.8064,0.0627,-0.0236,0.1078,-12.44,-28.75,29.44,354.54,-85.29,-162.55,False
3581.599,3584521,2019-09-08 11:07:31.145,0.2726,0.4198,10.0947,-0.0174,0.0252,9.8065,0.1092,-0.0508,0.0316,-13.0,-28.94,29.31,353.35,-85.29,-161.98,False
3581.699,3584621,2019-09-08 11:07:31.245,-0.3778,-0.6083,9.7772,-0.019,0.0214,9.8065,0.1959,0.0035,-0.0013,-13.06,-28.94,29.75,356.54,-85.35,-159.77,False
3581.8,3584722,2019-09-08 11:07:31.346,-1.0618,1.1769,9.7338,-0.0166,0.0118,9.8066,0.1188,0.1289,-0.017,-12.62,-28.62,29.5,356.26,-85.27,-160.02,False
3581.899,3584821,2019-09-08 11:07:31.445,0.7252,-1.3506,10.7492,-0.0329,0.057,9.8064,0.2419,0.0849,-0.0236,-12.87,-28.87,29.94,356.21,-85.25,-160.07,False
3582.0,3584922,2019-09-08 11:07:31.546,1.0208,-1.2677,10.0917,0.0364,-0.0592,9.8064,-0.3433,-0.0455,0.0867,-12.87,-29.12,30.69,356.99,-85.25,-160.03,False
3582.099,3585021,2019-09-08 11:07:31.645,-0.3675,0.6484,10.563,0.0169,-0.0579999999999999,9.8064,-0.2794,0.0198,0.0343,-12.75,-28.56,29.81,353.89,-84.91,-162.18,False
3582.2,3585122,2019-09-08 11:07:31.746,0.8608,0.9187,10.3909,-0.0211,0.0659,9.8064,0.3257,-0.008,0.0384,-13.12,-28.19,30.38,353.42,-84.82,-162.61,False
3582.3,3585222,2019-09-08 11:07:31.846,1.1556,-1.5195,9.0553,-0.0224,0.0613,9.8064,0.3369,0.0601,0.0384,-13.0,-28.62,30.5,355.29,-85.26,-161.61,False
3582.4,3585322,2019-09-08 11:07:31.946,-0.7932,-1.1747,10.9837,-0.0056,-0.0364,9.8065,-0.0365,-0.006,0.0325,-13.56,-28.69,29.75,353.91,-85.03,-160.59,False
3582.5,3585422,2019-09-08 11:07:32.046,0.7545,0.4154,10.2958,0.0115,-0.0634,9.8063,-0.0497,0.0295,-0.0377,-13.0,-28.87,29.69,355.67,-84.79,-160.54,False
3582.6,3585522,2019-09-08 11:07:32.146,0.9858,-0.3821,10.5075,-0.0079,-0.0068,9.8066,0.0245,-0.0524,0.1134,-13.0,-28.25,30.38,356.27,-84.6,-159.99,False
3582.699,3585621,2019-09-08 11:07:32.245,0.6625,-0.9152,7.6506,0.0047,0.0119,9.8066,-0.2031,-0.0404,0.0772,-12.81,-28.44,30.19,357.14,-84.49,-159.18,False
3582.8,3585722,2019-09-08 11:07:32.346,-1.3453,0.9538,7.6188,-0.0137,0.0193,9.8066,-0.3869,-0.0125,0.0391,-13.12,-28.62,30.31,358.66,-84.7,-157.8,False
3582.9,3585822,2019-09-08 11:07:32.446,0.7268,-1.6754,10.5367,0.0033,0.0225,9.8065,0.2194,0.0013,-0.0355,-12.75,-28.31,30.13,0.2,-85.24,-156.39,False
3583.0,3585922,2019-09-08 11:07:32.546,0.4991,0.9328,9.6718,0.0025,-0.0102,9.8066,-0.0428,0.0099,-0.0845,-12.94,-28.94,29.88,357.87,-85.06,-158.54,False
3583.099,3586021,2019-09-08 11:07:32.645,0.2295,1.4483,10.5816,-0.0016,0.0118,9.8066,0.005,0.0315,-0.024,-12.5,-27.94,31.13,359.34,-84.83,-159.44,False
3583.199,3586121,2019-09-08 11:07:32.745,-0.2533,-1.7488,11.0053,0.0051,-0.073,9.8063,-0.1746,0.0423,0.0172,-12.69,-28.25,30.25,357.24,-84.61,-159.09,False
3583.3,3586222,2019-09-08 11:07:32.846,-0.5341,-0.1475,9.3147,0.0048,-0.0548,9.8064,-0.1984,-0.0279,0.0656,-13.56,-28.44,30.44,357.38,-84.21,-157.36,False
3583.399,3586321,2019-09-08 11:07:32.945,-0.3175,-0.5128,6.8056,-0.0428,0.0779,9.8062,0.0853,0.0332,0.0233,-13.81,-28.69,30.13,0.74,-84.37,-154.31,False
3583.5,3586422,2019-09-08 11:07:33.046,-1.1676,2.0536,7.7305,-0.0602,0.1555,9.8051,0.0487,0.1201,-0.1983,-13.56,-28.87,30.0,5.48,-84.98,-149.94,False
3583.599,3586521,2019-09-08 11:07:33.145,1.8872,-5.0788,12.7344,0.1029,-0.2107,9.8038,-0.1012,0.0164,-0.0968,-13.06,-27.75,30.19,355.64,-83.82,-160.51,False
3583.7,3586622,2019-09-08 11:07:33.246,1.4515,-2.5083,12.568,0.0703,-0.1749,9.8047,0.0034,0.011,-0.0619,-13.0,-27.69,31.06,354.86,-83.73,-161.89,False
3583.799,3586721,2019-09-08 11:07:33.345,-0.25,-1.4196,10.8873,-0.0539,0.073,9.8062,-0.3107,0.0508,-0.1177,-12.87,-26.94,30.56,355.46,-83.95,-161.38,False
3583.899,3586821,2019-09-08 11:07:33.445,-1.3929,1.2234,9.4107,-0.0101,0.0485,9.8065,-0.3158,-0.055,0.0119,-11.06,-28.94,28.31,0.06,-84.47,-158.5,False
3584.0,3586922,2019-09-08 11:07:33.546,-0.3688,0.9561,10.3475,0.0189,-0.0161,9.8065,0.1859,0.0018,0.0078,-10.25,-31.19,30.75,3.46,-84.53,-158.99,False
3584.099,3587021,2019-09-08 11:07:33.645,0.6065,-0.0517,10.2603,0.0154,-0.0375,9.8066,0.0852,0.0201,0.0039,-9.75,-29.56,31.81,1.0,-84.24,-161.74,False
3584.199,3587121,2019-09-08 11:07:33.745,-0.3726,-0.8737,9.4263,-0.0102,0.009,9.8066,0.0633,-0.0185,0.0579999999999999,-9.37,-28.75,30.81,2.39,-84.23,-161.65,False
3584.299,3587221,2019-09-08 11:07:33.845,-0.1268,-0.0494,9.9577,-0.0256,0.0085,9.8066,-0.0144,0.0086,0.0357,-10.44,-30.12,31.0,2.87,-84.26,-159.53,False
3584.399,3587321,2019-09-08 11:07:33.945,-0.2361,-0.3989,10.4992,-0.0113,0.0083,9.8066,0.0683,-0.0613,-0.0042,-10.87,-31.12,30.69,3.31,-84.26,-157.48,False
3584.5,3587422,2019-09-08 11:07:34.046,0.4135,0.2615,10.4171,0.0078,-0.004,9.8066,0.05,0.0281,-0.1282,-10.25,-32.06,31.81,6.13,-84.2,-157.13,False
3584.599,3587521,2019-09-08 11:07:34.145,-0.5598,-0.4355,9.7447,0.0141,0.0148,9.8066,-0.025,0.0167,-0.0713,-11.56,-30.19,33.06,0.65,-84.03,-159.43,False
3584.699,3587621,2019-09-08 11:07:34.245,0.5388,0.1729,9.9673,0.0003,0.0144,9.8066,0.0382,0.0079,-0.0594,-11.56,-27.75,31.94,357.13,-84.04,-162.06,False
3584.8,3587722,2019-09-08 11:07:34.346,0.1996,-0.2905,9.3593,0.0111,-0.0187,9.8066,-0.1087,-0.0072,-0.0028,-12.19,-27.81,31.94,355.86,-83.89,-163.2,False
3584.901,3587823,2019-09-08 11:07:34.447,-0.0823,-0.5691,9.1139,0.0003,0.0053,9.8066,-0.0194,-0.0236,0.0052,-12.62,-28.31,31.94,354.84,-84.07,-162.59,False
3584.999,3587921,2019-09-08 11:07:34.545,-0.1863,0.7603,8.2431,-0.0001,0.079,9.8063,0.0994,0.0236,-0.0442,-12.56,-28.44,31.44,352.79,-84.09,-163.81,False
3585.1,3588022,2019-09-08 11:07:34.646,-0.0604,1.1386,8.8485,-0.0093,0.0686,9.8063,0.0946,-0.1231,0.0916,-12.56,-28.62,30.75,350.05,-84.71,-166.37,False
3585.2,3588122,2019-09-08 11:07:34.746,-0.2518,1.1657,9.9868,0.0118,-0.0156,9.8066,-0.1426,0.0768,-0.1077,-12.5,-28.87,30.81,351.87,-84.65,-166.28,False
3585.3,3588222,2019-09-08 11:07:34.846,-0.3205,-0.537,12.4382,-0.0098,0.0061,9.8066,0.1279,-0.1056,0.0575,-12.5,-28.25,31.38,350.14,-84.29,-167.83,False
3585.399,3588321,2019-09-08 11:07:34.945,1.7051,-2.3347,10.7123,0.0361,-0.1296,9.8057,-0.163,-0.0672,0.0529,-12.69,-28.25,30.88,349.73,-83.44,-166.48,False
3585.5,3588422,2019-09-08 11:07:35.046,-1.3765,-0.0504,10.1029,0.0033,-0.06,9.8064,-0.2584,-0.0749,0.0418,-12.69,-27.75,31.31,351.32,-83.42,-165.05,False
3585.6,3588522,2019-09-08 11:07:35.146,1.7652,-0.263,9.1943,0.0132,0.0115,9.8066,-0.001,-0.1331,0.1427,-12.12,-28.44,31.38,355.4,-83.35,-162.96,False
3585.7,3588622,2019-09-08 11:07:35.246,1.228,0.5815,9.9408,-0.0103,-0.0246,9.8066,-0.098,0.0123,0.0137,-13.31,-28.12,31.63,355.23,-83.4,-162.18,False
3585.8,3588722,2019-09-08 11:07:35.346,0.3206,0.318,9.6005,0.0083,0.0132,9.8066,0.0967,0.032,0.0618,-12.75,-28.25,31.44,355.82,-83.54,-161.01,False
3585.9,3588822,2019-09-08 11:07:35.446,0.348,0.0737,10.3478,-0.0164,0.0059,9.8066,0.1004,0.0641,-0.0323,-12.75,-28.12,31.38,357.22,-83.64,-159.75,False
3586.0,3588922,2019-09-08 11:07:35.546,0.4403,-1.4173,10.9578,0.0216,-0.0321,9.8065,-0.0364,-0.0028,-0.0424,-12.81,-28.44,31.75,356.49,-83.45,-161.06,False
3586.099,3589021,2019-09-08 11:07:35.645,0.6313,-0.1418,10.6359,0.0358,-0.0508,9.8064,-0.024,-0.0434,0.0602,-13.06,-27.94,31.88,354.56,-83.32,-162.78,False
3586.199,3589121,2019-09-08 11:07:35.745,-2.0669,-0.8511,9.3726,-0.0264,0.0359,9.8065,0.0729,0.0642,-0.0262,-13.0,-28.06,31.25,353.84,-83.26,-162.76,False
3586.3,3589222,2019-09-08 11:07:35.846,0.0415,1.0813,9.3557,-0.0528,0.0687,9.8062,-0.0108,0.0996,-0.0056,-13.25,-28.06,31.13,355.91,-83.53,-160.93,False
3586.4,3589322,2019-09-08 11:07:35.946,1.2605,-0.6192,9.0502,0.0227,-0.0431,9.8065,0.1747,0.0127,0.0263,-13.44,-28.75,31.44,355.81,-83.38,-160.99,False
3586.5,3589422,2019-09-08 11:07:36.046,0.7217,-1.9323,9.6511,0.0172,-0.0777,9.8062,-0.4847,0.1543,-0.0235,-13.5,-28.56,31.81,357.31,-83.3,-160.3,False
3586.599,3589521,2019-09-08 11:07:36.145,1.6166,0.8835,8.7411,-0.0217,0.0995,9.8061,-0.4699,0.0522,-0.0289,-13.06,-28.62,32.13,357.62,-83.26,-160.02,False
3586.7,3589622,2019-09-08 11:07:36.246,-0.5554,2.8984,10.3495,-0.0282,0.0871,9.8062,0.5086,0.0235,-0.0283,-13.44,-27.62,32.0,358.56,-83.62,-159.19,False
3586.799,3589721,2019-09-08 11:07:36.345,0.1236,-1.7141,11.1719,0.0319,-0.0966,9.8061,-0.031,0.0332,-0.098,-13.0,-28.37,32.13,357.02,-83.32,-160.57,False
3586.899,3589821,2019-09-08 11:07:36.445,0.5301,0.5009,9.2908,0.0319,-0.0732,9.8063,-0.17,0.0797,-0.0837,-13.19,-27.75,32.19,354.67,-82.74,-162.63,False
3587.0,3589922,2019-09-08 11:07:36.546,-0.7616,-0.24,8.5833,-0.0134,0.0571,9.8064,0.0134,0.06,-0.0173,-12.69,-27.69,31.5,354.34,-83.28,-162.97,False
3587.099,3590021,2019-09-08 11:07:36.645,0.669,1.6358,9.0794,-0.0123,0.062,9.8064,0.0734,-0.013,-0.0243,-12.37,-27.87,31.94,354.84,-83.44,-164.09,False
3587.2,3590122,2019-09-08 11:07:36.746,-0.0051,-0.6091,10.3898,0.0366,-0.0435,9.8064,-0.1723,-0.0232,-0.046,-12.5,-27.81,31.69,353.96,-83.45,-164.89,False
3587.3,3590222,2019-09-08 11:07:36.846,0.5147,-0.5426,10.1004,0.0231,-0.0319,9.8065,-0.1134,-0.0067,0.015,-13.0,-27.81,31.81,349.52,-83.33,-167.32,False
3587.4,3590322,2019-09-08 11:07:36.946,-0.225,0.9759,9.9748,-0.008,0.0214,9.8066,0.0153,-0.0298,0.0997,-12.19,-28.25,31.81,351.37,-83.39,-167.21,False
3587.499,3590421,2019-09-08 11:07:37.045,0.5031,-0.4309,10.4909,-0.0201,-0.002,9.8066,0.1094,0.0524,0.0413,-12.87,-28.25,32.44,351.23,-83.42,-165.79,False
3587.599,3590521,2019-09-08 11:07:37.145,-0.1499,0.6122,10.713,-0.0034,-0.0069999999999999,9.8066,0.0803,-0.0515,0.0211,-13.06,-27.94,32.19,352.07,-83.25,-165.01,False
3587.699,3590621,2019-09-08 11:07:37.245,-0.3095,-0.4312,10.0,0.0055,-0.0065,9.8066,-0.0099,-0.0357,-0.0151,-12.25,-28.06,32.25,353.89,-83.16,-164.91,False
3587.799,3590721,2019-09-08 11:07:37.345,-0.3642,-0.0615,10.7634,0.0012,0.012,9.8066,0.1234,0.008,-0.0477,-12.62,-27.5,32.31,352.01,-83.11,-165.07,False
3587.9,3590822,2019-09-08 11:07:37.446,-1.0559,-0.9305,10.1182,0.0219,-0.0049,9.8066,0.0681,-0.0686,0.0419,-12.25,-27.62,32.5,352.23,-83.1,-166.99,False
3587.999,3590921,2019-09-08 11:07:37.545,0.0379,0.5835,10.8916,0.011,-0.0152,9.8066,0.0657,0.0168,-0.0442,-12.31,-27.81,32.56,350.64,-83.04,-168.41,False
3588.099,3591021,2019-09-08 11:07:37.645,1.4899,-1.3343,10.3775,0.0068,-0.015,9.8066,0.1459,-0.0204,-0.0116,-12.5,-27.37,32.44,349.44,-82.8,-168.88,False
3588.199,3591121,2019-09-08 11:07:37.745,-0.5606,0.6947,8.5342,-0.0437,0.0576,9.8064,-0.0494,-0.0077,0.0564,-12.25,-28.12,32.06,351.86,-82.99,-166.71,False
3588.299,3591221,2019-09-08 11:07:37.845,-0.7811,2.2409,9.9162,-0.0621,0.088,9.806,0.0624,0.0028,0.0548,-12.69,-28.06,31.69,352.95,-83.13,-164.21,False
3588.4,3591322,2019-09-08 11:07:37.946,0.9326,-1.1958,9.4938,0.0186,-0.0731,9.8063,-0.3027,-0.0298,0.0205,-12.75,-27.81,32.19,356.44,-83.12,-161.08,False
3588.5,3591422,2019-09-08 11:07:38.046,-0.4381,1.0019,9.6628,0.0064,-0.0616,9.8064,-0.2376,0.0083,0.0036,-13.0,-28.06,32.0,357.85,-82.59,-159.79,False
3588.6,3591522,2019-09-08 11:07:38.146,-0.4637,0.003,10.2012,-0.0139999999999999,0.0205,9.8065,0.1348,0.0279,-0.0183,-13.19,-28.19,31.69,358.92,-82.42,-158.85,False
3588.7,3591622,2019-09-08 11:07:38.246,0.11,1.524,10.103,0.0009,0.0166,9.8066,0.0819,0.0241,-0.0008,-13.5,-28.25,32.06,358.8,-82.46,-158.95,False
3588.799,3591721,2019-09-08 11:07:38.345,0.3162,-0.4341,10.8381,0.0201,-0.0278,9.8066,-0.0289,0.0095,-0.0267,-12.87,-27.56,32.5,357.72,-82.24,-160.52,False
3588.9,3591822,2019-09-08 11:07:38.446,0.1836,-0.7735,9.8137,0.0173,-0.0094,9.8065,0.0302,0.0133,-0.0702,-13.19,-27.87,32.44,355.93,-82.36,-161.49,False
3588.999,3591921,2019-09-08 11:07:38.545,0.195,0.5732,9.5342,0.0004,0.0271,9.8065,0.0188,0.021,-0.0457,-12.56,-27.62,32.81,354.85,-82.59,-163.08,False
3589.099,3592021,2019-09-08 11:07:38.645,-0.2925,-0.5013,9.6638,0.0033,0.0137,9.8066,0.055,-0.0042,0.0145,-12.75,-27.94,32.44,353.21,-82.88,-163.94,False
3589.199,3592121,2019-09-08 11:07:38.745,0.8617,0.5785,9.3871,-0.0063,0.0101,9.8066,0.0893,-0.0054,0.0073,-12.87,-27.69,32.25,352.72,-82.89,-164.38,False
3589.299,3592221,2019-09-08 11:07:38.845,-0.1634,-0.1525,9.9658,-0.0083,0.0195,9.8066,0.0395,-0.0186,0.0259,-13.81,-27.5,32.63,352.23,-82.83,-164.0,False
3589.399,3592321,2019-09-08 11:07:38.945,0.6518,-0.4652,10.3916,0.0084,-0.0268,9.8065,-0.0546,0.0003,0.0458,-13.19,-27.31,32.75,353.9,-82.59,-163.95,False
3589.499,3592421,2019-09-08 11:07:39.045,0.5677,0.8156,10.0892,-0.0072,-0.0026,9.8066,0.0622,0.0982,-0.0541,-12.87,-27.81,32.56,354.52,-82.53,-163.37,False
3589.599,3592521,2019-09-08 11:07:39.145,0.3652,-0.1635,9.0819,-0.0187,0.0123,9.8065,0.0036,0.0428,0.0557,-13.44,-27.5,32.69,354.85,-82.41,-163.08,False
3589.7,3592622,2019-09-08 11:07:39.246,-1.1923,0.7262,10.4144,-0.0133,0.0106,9.8066,-0.0199,0.0027,0.0739,-13.62,-27.87,32.38,354.5,-82.41,-161.24,False
3589.8,3592722,2019-09-08 11:07:39.346,-1.4934,0.9117,11.2117,0.023,-0.0758,9.8062,0.0769,-0.0002,-0.0858,-14.12,-27.06,32.69,355.24,-82.31,-161.25,False
3589.9,3592822,2019-09-08 11:07:39.446,0.2554,0.8212,9.2153,0.0538,-0.0977,9.8059,-0.0745,0.0258,-0.0927,-13.94,-27.5,33.5,353.52,-81.56,-163.34,False
3589.999,3592921,2019-09-08 11:07:39.545,0.0707,-0.1521,8.7134,0.0333,-0.002,9.8065,-0.0374,-0.0246,-0.0106,-13.06,-27.37,32.88,354.33,-82.12,-163.53,False
3590.1,3593022,2019-09-08 11:07:39.646,-0.8874,3.4953,8.2067,-0.0203,0.0992,9.8061,-0.0015,0.0531,-0.1407,-12.5,-27.0,33.31,353.13,-82.36,-166.12,False
3590.2,3593122,2019-09-08 11:07:39.746,0.845,-1.3269,9.8076,0.0379,-0.0595,9.8063,-0.0595,-0.1049,0.0091,-12.5,-26.87,32.25,349.73,-82.48,-168.57,False
3590.299,3593221,2019-09-08 11:07:39.845,-0.1566,-1.8936,9.1115,0.0368,-0.0494,9.8064,-0.0944,-0.0238,0.0041,-13.31,-27.06,32.56,346.44,-82.14,-170.54,False
3590.4,3593322,2019-09-08 11:07:39.946,-0.5834,1.3179,9.8201,-0.0244,0.0361,9.8065,0.2071,0.0223,-0.0618,-13.25,-27.69,32.88,347.09,-82.42,-169.96,False
3590.499,3593421,2019-09-08 11:07:40.045,-0.1381,-1.0217,10.1136,-0.0033,0.0292,9.8065,0.1922,-0.0578,0.0712,-12.94,-27.12,32.56,346.63,-82.33,-170.4,False
3590.599,3593521,2019-09-08 11:07:40.145,0.1067,-0.5351,10.1225,0.0017,-0.0092,9.8066,-0.0369,-0.0217,0.057,-13.31,-27.31,32.38,346.13,-82.21,-170.18,False
3590.7,3593622,2019-09-08 11:07:40.246,0.1875,-0.5079,9.9304,-0.0121,-0.006,9.8066,-0.0231,0.0503,-0.0023,-12.94,-27.12,32.94,347.38,-82.1,-169.69,False
3590.8,3593722,2019-09-08 11:07:40.346,-0.0048,-1.2608,9.4438,0.0017,-0.0062,9.8066,-0.0949,-0.0524,0.0858,-12.87,-27.25,32.75,348.17,-82.12,-168.99,False
3590.899,3593821,2019-09-08 11:07:40.445,-0.2383,0.4316,9.6135,-0.008,-0.0132,9.8065,-0.1097,-0.031,-0.0195,-12.87,-27.81,32.75,349.26,-82.19,-168.0,False
3590.999,3593921,2019-09-08 11:07:40.545,0.7291,-0.3975,9.8065,0.0068,0.0004,9.8065,-0.1144,-0.0283,-0.0065,-13.12,-27.75,33.06,349.88,-82.33,-167.47,False
3591.1,3594022,2019-09-08 11:07:40.646,-0.7322,0.0824,9.8494,0.0004,0.0129,9.8066,-0.0735,-0.0355,0.0025,-12.81,-27.87,32.81,349.69,-82.48,-167.66,False
3591.2,3594122,2019-09-08 11:07:40.746,0.2158,-0.6585,9.47,0.0031,-0.0075,9.8066,0.0291,-0.0291,0.0008,-13.0,-27.75,32.19,348.81,-82.5,-167.81,False
3591.3,3594222,2019-09-08 11:07:40.846,0.7321,-0.1905,9.8945,-0.0027,0.0074,9.8066,0.0394,-0.011,-0.0021,-13.0,-27.75,32.19,348.77,-82.54,-167.85,False
3591.4,3594322,2019-09-08 11:07:40.946,0.4905,1.2232,10.0052,-0.0038,0.0217,9.8066,0.0964,-0.0692,0.0706,-13.19,-27.5,32.25,348.73,-82.58,-167.93,False
3591.5,3594422,2019-09-08 11:07:41.046,1.0516,-0.7587,10.0603,-0.0074,-0.0006,9.8066,0.0131,0.0818,-0.0819,-13.56,-27.75,32.31,347.73,-82.69,-167.3,False
3591.6,3594522,2019-09-08 11:07:41.146,0.5036,0.2219,9.6967,0.0146,0.0056,9.8066,-0.0818,-0.0621,0.0486,-12.5,-27.75,32.13,349.91,-82.74,-168.41,False
3591.699,3594621,2019-09-08 11:07:41.245,0.7457,0.2737,9.6473,0.0096,-0.0042,9.8066,-0.026,0.0696,-0.0948,-13.19,-28.0,31.94,348.07,-82.73,-168.51,False
3591.8,3594722,2019-09-08 11:07:41.346,0.408,-0.9871,9.7827,0.0084,-0.0139999999999999,9.8066,-0.1252,-0.005,-0.0162,-13.06,-27.56,32.44,346.94,-82.75,-169.53,False
3591.9,3594822,2019-09-08 11:07:41.446,0.3228,-0.7996,9.0971,-0.0066,-0.0048,9.8066,-0.1513,0.0642,-0.0761,-12.25,-28.12,32.5,349.23,-82.69,-169.61,False
3591.999,3594921,2019-09-08 11:07:41.545,0.4156,-1.2872,9.7285,-0.0004,-0.0026,9.8066,0.049,-0.0275,-0.022,-12.62,-28.12,32.88,347.6,-82.7,-169.57,False
3592.099,3595021,2019-09-08 11:07:41.645,0.3991,0.2412,11.1958,0.0019,-0.0088,9.8066,0.0013,0.0076,-0.0475,-12.87,-27.94,32.63,347.78,-82.74,-169.41,False
3592.2,3595122,2019-09-08 11:07:41.746,0.0907,0.3971,9.6433,-0.0017,-0.0041,9.8066,-0.0642,-0.0427,0.0055,-13.0,-27.75,32.31,346.52,-82.82,-169.91,False
3592.299,3595221,2019-09-08 11:07:41.845,0.5122,0.0444,9.9043,-0.0158,0.031,9.8066,0.0293,0.0152,-0.0289999999999999,-12.94,-27.56,32.44,347.18,-82.87,-169.33,False
3592.4,3595322,2019-09-08 11:07:41.946,0.4536,-1.8689,10.7385,0.0152,-0.0515,9.8065,-0.0829,0.0733,0.0416,-12.62,-27.44,32.0,346.91,-82.93,-169.64,False
3592.5,3595422,2019-09-08 11:07:42.046,1.5688,-0.6186,8.7783,0.0085,-0.0328,9.8065,-0.2165,-0.076,-0.0139999999999999,-13.0,-27.87,31.94,346.82,-82.79,-169.64,False
3592.599,3595521,2019-09-08 11:07:42.145,0.0057,1.8793,10.1469,-0.0205,0.0274,9.8065,-0.0111,-0.099,0.0477,-13.19,-28.19,31.5,348.99,-83.15,-167.76,False
3592.699,3595621,2019-09-08 11:07:42.245,0.8723,-0.0969,9.5491,-0.0153,-0.0197,9.8066,-0.0355,0.0164,0.0484,-13.44,-28.31,31.94,350.23,-83.11,-166.65,False
3592.799,3595721,2019-09-08 11:07:42.345,0.6715,0.2794,9.5322,-0.0019,-0.0359,9.8065,-0.1493,-0.0032,0.016,-13.75,-28.37,31.75,349.31,-82.9,-165.93,False
3592.899,3595821,2019-09-08 11:07:42.445,0.7509,-0.8838,9.4793,-0.031,0.0236,9.8065,0.0634,0.0126,0.0479,-13.81,-28.19,32.31,351.2,-82.82,-164.23,False
3593.0,3595922,2019-09-08 11:07:42.546,1.2009,-1.5088,9.9841,0.0002,-0.0461,9.8065,0.1405,0.0865,0.0071,-13.62,-28.19,32.25,352.77,-82.94,-162.84,False
3593.1,3596022,2019-09-08 11:07:42.646,0.0002,0.242,9.3125,0.0033,-0.059,9.8064,-0.163,0.006,0.0493,-13.31,-28.44,31.38,356.42,-82.77,-160.43,False
3593.199,3596121,2019-09-08 11:07:42.745,0.3209,0.9471,9.3542,-0.0312,0.0366,9.8064,-0.0234,0.0137,0.0309,-13.44,-28.0,31.63,358.36,-82.76,-159.35,False
3593.299,3596221,2019-09-08 11:07:42.845,2.6559,-1.6230000000000002,10.1793,-0.0431,0.0466,9.8064,-0.1006,-0.0152,0.0217,-14.44,-27.87,32.31,0.24,-82.87,-156.16,False
3593.399,3596321,2019-09-08 11:07:42.945,-0.4494,-2.2091,10.1645,-0.0025,-0.0603,9.8065,-0.1843,-0.0278,0.0854,-14.56,-27.62,31.94,359.1,-82.72,-155.69,False
3593.499,3596421,2019-09-08 11:07:43.045,-1.5522,-1.0931,9.3625,0.0139,-0.0052,9.8066,0.272,0.1026,-0.0698,-14.87,-27.5,31.94,359.06,-82.42,-155.72,False
3593.599,3596521,2019-09-08 11:07:43.145,0.933,-1.0741,9.9753,0.0072,0.0173,9.8066,0.2362,0.0182,-0.0758,-13.62,-27.69,32.13,359.91,-82.59,-156.45,False
3593.699,3596621,2019-09-08 11:07:43.245,1.0588,-0.7832,10.4859,0.0109,-0.0117,9.8066,-0.2306,-0.0288,0.0258,-14.56,-27.25,32.0,357.7,-82.74,-156.95,False
3593.8,3596722,2019-09-08 11:07:43.346,0.1459,-0.556,10.1524,-0.0014,0.0198,9.8066,-0.1929,0.0756,-0.0626,-14.25,-27.75,31.19,358.29,-82.78,-157.22,False
3593.9,3596822,2019-09-08 11:07:43.446,0.1366,-0.2759,9.3739,-0.0095,0.0413,9.8065,0.1897,-0.0561,0.0556,-14.44,-28.44,32.0,359.11,-82.99,-157.17,False
3594.0,3596922,2019-09-08 11:07:43.546,-0.6151,-0.4809,9.8937,0.0022,-0.008,9.8066,0.0805,-0.0153,0.0106,-14.06,-28.25,31.94,358.25,-82.85,-157.94,False
3594.099,3597021,2019-09-08 11:07:43.645,-0.4961,-0.7449,10.3157,0.0033,-0.0189,9.8066,-0.044,0.0188,-0.0485,-14.69,-27.31,31.75,356.72,-82.83,-157.82,False
3594.199,3597121,2019-09-08 11:07:43.745,-0.5026,0.1132,10.0607,-0.0179,0.0028,9.8066,-0.0694,-0.0434,0.0375,-14.19,-28.19,32.0,359.25,-82.92,-157.04,False
3594.3,3597222,2019-09-08 11:07:43.846,-0.6927,-1.7351,9.7698,-0.0147,-0.0302,9.8065,-0.1809,0.0273,-0.0168,-14.0,-28.25,31.81,2.07,-82.79,-154.52,False
3594.4,3597322,2019-09-08 11:07:43.946,0.6579999999999999,0.7856,9.0265,-0.0154,0.0566,9.8064,-0.2091,0.0155,-0.0632,-14.06,-27.94,31.5,2.66,-83.12,-153.99,False
3594.499,3597421,2019-09-08 11:07:44.045,-0.3234,-0.5982,9.9582,-0.023,0.0396,9.8065,0.0437,-0.0308,-0.0011,-13.94,-28.25,31.88,3.07,-82.96,-153.62,False
3594.599,3597521,2019-09-08 11:07:44.145,-0.6614,0.0776,9.7959,-0.0085,0.0073,9.8066,-0.0634,-0.0854,0.0414,-14.12,-27.87,31.31,2.3,-82.84,-153.65,False
3594.699,3597621,2019-09-08 11:07:44.245,-0.7361,-0.6231,9.3658,-0.0184,0.0345,9.8065,0.1712,-0.0118,-0.0383,-14.56,-27.87,31.38,1.57,-82.99,-152.77,False
3594.799,3597721,2019-09-08 11:07:44.345,0.0346,0.6856,10.6247,0.0293,-0.0281,9.8065,0.0422,0.0221,-0.0444,-14.87,-27.31,31.69,1.98,-82.96,-153.11,False
3594.899,3597821,2019-09-08 11:07:44.445,-0.7662,-1.5941,9.5696,0.032,-0.0128,9.8065,-0.0269,-0.0053,-0.0716,-14.25,-27.75,31.25,359.7,-82.85,-155.97,False
3595.0,3597922,2019-09-08 11:07:44.546,-0.0293,-0.327,9.106,0.0117,0.0374,9.8065,-0.0432,0.0877,-0.0935,-14.31,-27.94,31.5,358.1,-83.14,-158.08,False
3595.099,3598021,2019-09-08 11:07:44.645,0.5002,-1.6832,9.4339,0.0053,0.0411,9.8065,-0.1213,0.027,-0.0633,-14.12,-27.87,31.63,357.38,-83.35,-158.73,False
3595.2,3598122,2019-09-08 11:07:44.746,1.1052,-0.2752,9.0522,0.0159,0.0077,9.8066,-0.163,0.0208,-0.0855,-13.75,-28.12,31.31,356.32,-83.41,-159.0,False
3595.299,3598221,2019-09-08 11:07:44.845,0.0312,-0.2457,9.2178,0.0037,0.0137,9.8066,0.1375,0.0897,-0.0695,-13.56,-28.44,31.81,356.2,-83.59,-159.8,False
3595.399,3598321,2019-09-08 11:07:44.945,0.3042,-0.217,10.3336,0.0184,-0.006,9.8066,0.1399,0.0084,0.0212,-13.75,-27.94,31.31,356.02,-83.54,-159.28,False
3595.5,3598422,2019-09-08 11:07:45.046,0.1952,-1.229,10.6173,0.0123,-0.0085,9.8066,-0.1141,0.0014,-0.009,-13.37,-28.06,32.0,356.3,-83.44,-161.22,False
3595.6,3598522,2019-09-08 11:07:45.146,-0.1502,-1.4129,9.4619,0.0019,0.0221,9.8065,-0.1707,0.0277,-0.0559,-13.19,-28.5,31.19,353.61,-83.6,-163.01,False
3595.699,3598621,2019-09-08 11:07:45.245,0.1957,-0.1819,9.7993,-0.0075,0.0345,9.8065,0.221,-0.0058,-0.0243,-13.75,-28.37,31.5,352.29,-83.8,-163.37,False
3595.799,3598721,2019-09-08 11:07:45.345,0.0235,-1.1855,11.0052,0.0144,-0.0656,9.8064,0.2543,-0.0495,0.0582,-13.31,-28.0,31.25,353.22,-83.89,-163.39,False
3595.901,3598823,2019-09-08 11:07:45.447,0.2858,-2.2204,10.6527,0.0201,-0.1072,9.806,-0.1951,0.0301,0.0031,-13.75,-28.94,30.94,351.68,-83.18,-163.12,False
3596.0,3598922,2019-09-08 11:07:45.546,-1.4598,-0.6738,10.0495,-0.0292,0.0545,9.8064,-0.111,-0.0831,0.0594,-13.94,-28.31,31.63,353.32,-83.11,-162.37,False
3596.1,3599022,2019-09-08 11:07:45.646,-0.6351,-0.3804,9.9007,-0.0257,0.073,9.8063,0.1133,0.0561,-0.0692,-13.94,-28.0,31.63,354.17,-83.53,-161.64,False
3596.199,3599121,2019-09-08 11:07:45.745,0.4167,-1.5713,10.0299,0.0259,-0.0467,9.8064,0.0391,-0.0061,-0.0058,-14.12,-28.12,32.19,352.49,-83.33,-163.13,False
3596.299,3599221,2019-09-08 11:07:45.845,-0.4855,-0.2678,9.3742,0.0325,-0.047,9.8064,-0.0727,-0.0044,-0.0096,-13.5,-28.94,31.19,352.2,-83.4,-164.22,False
3596.399,3599321,2019-09-08 11:07:45.945,-0.3639,0.8808,8.8721,-0.0147,0.0573,9.8064,-0.0846,0.0027,-0.0104,-13.37,-28.31,31.75,353.09,-83.49,-164.12,False
3596.499,3599421,2019-09-08 11:07:46.045,-0.1385,0.2125,9.8815,-0.0059,0.0557,9.8065,-0.0006,-0.0084,-0.0504,-13.19,-28.56,31.44,351.46,-83.95,-164.97,False
3596.599,3599521,2019-09-08 11:07:46.145,-0.8327,0.2634,10.8176,0.0362,-0.0276,9.8065,-0.0011,-0.0602,-0.0557,-13.25,-28.25,31.69,350.02,-83.97,-166.97,False
3596.699,3599621,2019-09-08 11:07:46.245,1.3268,1.6335,10.041,0.0173,-0.0173,9.8066,0.3186,-0.1184,0.0733,-12.81,-28.44,31.5,345.63,-83.66,-170.9,False
3596.799,3599721,2019-09-08 11:07:46.345,-0.2201,-0.3881,9.7324,0.0006,0.035,9.8066,0.3042,-0.0157,0.0035,-13.0,-28.0,31.31,344.12,-83.6,-171.58,False
3596.899,3599821,2019-09-08 11:07:46.445,-0.374,-0.4839,8.6248,0.0266,-0.0599,9.8063,-0.2187,0.0021,0.0066,-13.06,-28.31,31.44,344.11,-83.46,-171.55,False
3597.0,3599922,2019-09-08 11:07:46.546,0.1247,1.2051,10.1994,-0.0129,0.049,9.8064,0.2551,-0.0071,-0.0069999999999999,-12.75,-28.69,31.19,343.93,-83.71,-171.73,False
3597.099,3600021,2019-09-08 11:07:46.645,1.1628,0.3971,9.8059,-0.0002,0.0316,9.8066,0.2474,-0.0107,-0.0264,-12.5,-28.5,31.5,345.74,-83.96,-172.41,False
3597.199,3600121,2019-09-08 11:07:46.745,0.1111,0.3992,9.9419,-0.0052,0.0144,9.8066,0.1058,0.0636,-0.0102,-12.75,-28.75,31.31,343.56,-83.67,-172.05,False
3597.3,3600222,2019-09-08 11:07:46.846,-0.2954,0.5015,9.8304,-0.0293,0.0436,9.8065,0.0785,0.0173,0.0425,-12.62,-28.5,31.38,344.36,-83.69,-171.39,False
3597.4,3600322,2019-09-08 11:07:46.946,0.3838,-0.8649,11.4045,0.0144,-0.0807,9.8062,-0.273,-0.061,0.0894,-12.75,-28.56,31.31,346.04,-83.34,-169.73,False
3597.5,3600422,2019-09-08 11:07:47.046,-0.3894,0.3787,9.0313,0.0229,-0.1081,9.806,-0.2653,-0.0144,0.0019,-12.81,-27.81,31.31,348.12,-83.18,-167.88,False
3597.599,3600521,2019-09-08 11:07:47.145,0.3362,0.0121,8.9724,-0.0291,0.0491,9.8065,0.1692,-0.0364,0.0667,-13.12,-27.94,31.13,348.48,-83.08,-167.53,False
3597.7,3600622,2019-09-08 11:07:47.246,-0.4058,-0.5687,9.1418,-0.0146,0.0493,9.8065,0.0262,0.0311,-0.0327,-13.19,-28.44,31.13,350.28,-83.52,-165.99,False
3597.799,3600721,2019-09-08 11:07:47.345,-0.6158,-0.4114,10.2995,0.0112,-0.0222,9.8066,-0.0637,0.0491,-0.054,-13.19,-28.5,31.0,349.98,-83.74,-166.3,False
3597.899,3600821,2019-09-08 11:07:47.445,0.0794,0.0245,9.7054,0.0123,-0.0451,9.8065,-0.0431,0.0369,-0.0194,-13.5,-28.0,31.44,348.59,-83.57,-167.53,False
3597.999,3600921,2019-09-08 11:07:47.545,1.5802,1.5434,9.5945,-0.0061,0.0254,9.8065,-0.1107,0.0941,-0.0473,-13.25,-28.12,31.38,348.47,-83.69,-167.66,False
3598.099,3601021,2019-09-08 11:07:47.645,0.6466,-1.4442,9.2833,-0.0289,0.0382,9.8065,-0.0919,-0.0061,0.0256,-14.12,-28.56,31.13,349.09,-83.73,-165.53,False
3598.2,3601122,2019-09-08 11:07:47.746,-0.3877,-0.1354,10.9266,-0.0144,-0.006,9.8066,-0.1433,-0.0505,0.0175,-13.5,-28.31,30.5,351.65,-83.77,-164.8,False
3598.3,3601222,2019-09-08 11:07:47.846,0.2712,0.3511,10.6576,-0.0123,-0.0392,9.8065,0.1821,0.0201,0.0312,-14.12,-28.56,31.44,351.93,-83.5,-162.94,False
3598.399,3601321,2019-09-08 11:07:47.945,0.3059,-0.8894,10.6651,0.0066,-0.0162,9.8066,0.1855,0.0008,0.0271,-13.44,-28.56,31.13,353.45,-83.12,-163.08,False
3598.499,3601421,2019-09-08 11:07:48.045,-0.4109,-3.4894,11.2006,-0.0052,-0.023,9.8066,-0.6258,0.0865,-0.0633,-13.62,-28.44,31.75,352.25,-82.96,-163.3,False
3598.6,3601522,2019-09-08 11:07:48.146,-0.2875,1.7455,8.5609,-0.0251,0.087,9.8062,-0.5212,0.0416,-0.0821,-13.81,-28.25,31.06,352.66,-83.69,-162.33,False
3598.699,3601621,2019-09-08 11:07:48.245,-0.9511,1.4212,9.1768,-0.0383,0.0875,9.8061,0.4114,0.006,-0.0353,-13.56,-28.31,30.81,353.19,-83.8,-161.86,False
3598.799,3601721,2019-09-08 11:07:48.345,-0.3103,-0.0915,10.546,0.0397,-0.0932,9.8061,0.4253,-0.0047,0.0364,-13.87,-28.69,31.44,351.68,-83.66,-163.19,False
3598.9,3601822,2019-09-08 11:07:48.446,0.7501,0.1939,9.8691,0.0349,-0.072,9.8063,-0.192,0.0392,-0.0403,-14.12,-28.12,31.5,350.04,-82.97,-165.28,False
3599.0,3601922,2019-09-08 11:07:48.546,0.8740000000000001,0.1507,9.8575,0.0132,0.0083,9.8066,0.1423,-0.0219,0.0966,-13.75,-28.06,31.38,349.17,-83.28,-165.42,False
3599.099,3602021,2019-09-08 11:07:48.645,-0.2415,-0.0207,9.108,-0.0169,0.0373,9.8065,0.0805,0.0345,0.0012,-13.37,-27.81,31.75,350.8,-83.37,-166.17,False
3599.199,3602121,2019-09-08 11:07:48.745,0.7538,-1.7482,9.6729,-0.0008,-0.0205,9.8066,-0.0245,-0.0238,-0.027,-13.44,-28.25,30.44,348.74,-83.42,-166.66,False
3599.3,3602222,2019-09-08 11:07:48.846,0.2083,-0.3327,10.4542,0.0089,-0.0178,9.8066,-0.011,0.0059,-0.0322,-13.81,-28.37,31.31,348.06,-83.3,-166.42,False
3599.399,3602321,2019-09-08 11:07:48.945,0.1027,1.1072,9.5823,-0.0032,0.016,9.8066,0.071,-0.046,-0.004,-13.31,-27.69,30.88,349.42,-83.4,-166.76,False
3599.499,3602421,2019-09-08 11:07:49.045,-0.0925,-1.0573,9.4252,0.0022,0.0103,9.8065,0.0278,-0.0054,0.0279,-13.44,-28.25,31.38,348.65,-83.33,-167.43,False
3599.599,3602521,2019-09-08 11:07:49.145,0.6389,-0.1302,10.0039,0.002,0.0129,9.8066,0.0305,-0.0504,0.0333,-13.37,-28.12,31.13,348.29,-83.34,-167.76,False
3599.699,3602621,2019-09-08 11:07:49.245,-0.0204,-0.6561,9.4608,0.0052,0.0103,9.8066,-0.0035,-0.0282,0.0054,-13.56,-28.25,31.25,345.9,-83.49,-168.41,False
3599.799,3602721,2019-09-08 11:07:49.345,0.6414,-0.141,9.3504,0.0017,0.0064,9.8066,-0.0525,0.0535,-0.0415,-14.12,-29.12,31.94,346.24,-83.54,-168.78,False
3599.9,3602822,2019-09-08 11:07:49.446,0.4191,-0.6174,10.1697,0.0082,-0.0045,9.8066,0.057,-0.0012,0.013,-12.75,-28.69,31.81,346.89,-83.48,-169.68,False
3599.999,3602921,2019-09-08 11:07:49.545,0.2696,-0.8801,10.2833,0.0026,-0.0068,9.8066,-0.0277,-0.003,-0.035,-12.44,-27.81,31.94,347.78,-83.47,-170.46,False
3600.1,3603022,2019-09-08 11:07:49.646,0.7465,0.2368,9.729,0.0108,0.008,9.8066,-0.0366,-0.01,-0.0506,-12.06,-28.12,31.19,346.12,-83.42,-171.3,False
3600.2,3603122,2019-09-08 11:07:49.746,0.9544,-0.5095,9.7865,0.0121,-0.0019,9.8065,-0.0911,-0.0538,-0.0144,-12.44,-28.44,31.06,345.47,-83.37,-171.88,False
3600.3,3603222,2019-09-08 11:07:49.846,-0.4554,0.1019,9.9164,0.0067,0.0074,9.8066,-0.0686,0.0259,-0.0185,-12.75,-28.81,30.44,341.82,-83.39,-172.81,False
3600.399,3603321,2019-09-08 11:07:49.945,1.2762,-0.275,10.1441,0.0183,-0.0237,9.8065,0.0257,-0.0575,0.0459,-12.81,-27.75,30.88,341.12,-83.3,-174.21,False
3600.5,3603422,2019-09-08 11:07:50.046,0.7976,0.9297,10.4357,-0.0006,-0.015,9.8066,0.001,0.0772,-0.0804,-13.0,-27.62,31.25,341.26,-83.36,-174.1,False
3600.599,3603521,2019-09-08 11:07:50.145,1.457,-0.5913,9.8066,0.0133,-0.0114,9.8066,-0.1727,-0.0765,0.0597,-12.81,-28.37,30.56,340.31,-83.53,-175.01,False
3600.7,3603622,2019-09-08 11:07:50.246,0.3798,-0.0517,9.7777,0.0071,-0.0005,9.8066,-0.1225,-0.0143,0.0311,-12.75,-28.19,30.13,338.77,-83.48,-175.66,False
3600.799,3603721,2019-09-08 11:07:50.345,0.1516,-0.1689,9.8095,-0.0027,-0.0224,9.8065,-0.0767,0.0123,0.0014,-12.69,-28.69,30.31,339.16,-83.45,-175.22,False
3600.9,3603822,2019-09-08 11:07:50.446,-0.1329,0.5247,10.5524,-0.0128,0.0064,9.8065,0.0339,-0.027,0.0276,-13.19,-28.56,31.06,341.44,-83.41,-173.89,False
3600.999,3603921,2019-09-08 11:07:50.545,0.7464,-0.9429,10.6994,0.0072,-0.0366,9.8065,0.0602,-0.0417,0.0585,-12.94,-28.31,30.88,342.22,-83.46,-173.26,False
3601.1,3604022,2019-09-08 11:07:50.646,0.2717,-0.9579,10.7698,0.0207,-0.0382,9.8065,0.0204,0.0158,0.019,-13.75,-28.37,30.81,340.73,-83.16,-172.98,False
3601.199,3604121,2019-09-08 11:07:50.745,0.974,-0.0757,9.5652,-0.0184,0.047,9.8065,0.1309,-0.018,-0.0559,-13.19,-27.75,31.19,341.36,-82.98,-173.9,False
3601.299,3604221,2019-09-08 11:07:50.845,0.1101,0.1626,9.5519,-0.0136,0.0491,9.8065,0.1552,-0.0114,0.0025,-13.5,-28.12,31.06,340.97,-83.25,-174.33,False
3601.399,3604321,2019-09-08 11:07:50.945,0.9053,-0.1803,9.3093,0.0038,-0.0346,9.8065,-0.0357,-0.0217,0.0721,-13.19,-28.56,31.19,341.47,-83.11,-173.77,False
3601.499,3604421,2019-09-08 11:07:51.045,0.3884,-0.0274,10.6774,-0.0018,-0.0262,9.8066,-0.0023,0.0557,0.0163,-13.25,-28.69,30.69,342.58,-83.12,-172.78,False
3601.599,3604521,2019-09-08 11:07:51.145,0.1656,-1.4396,9.4637,-0.0061,-0.0191,9.8066,-0.1943,0.0325,0.0037,-13.19,-28.62,30.81,343.31,-83.12,-172.12,False
3601.7,3604622,2019-09-08 11:07:51.246,-0.5799,2.0613,9.733,-0.0148,0.0098,9.8066,-0.0451,-0.0235,0.0505,-13.44,-28.31,30.75,344.79,-83.13,-170.85,False
3601.799,3604721,2019-09-08 11:07:51.345,-0.0094,-1.1336,10.0054,0.0187,-0.039,9.8065,-0.0892,-0.0119,0.065,-13.44,-28.25,31.25,345.58,-83.1,-170.14,False
3601.9,3604822,2019-09-08 11:07:51.446,0.366,-0.2894,10.1347,-0.0051,-0.0187,9.8066,0.0607,0.0168,0.0161,-13.87,-28.19,31.06,344.18,-82.92,-169.82,False
3601.999,3604921,2019-09-08 11:07:51.545,-0.5599,0.3164,9.8271,0.0185,-0.0484,9.8065,-0.057,0.0492,0.0121,-14.06,-28.75,31.13,344.49,-82.86,-169.47,False
3602.099,3605021,2019-09-08 11:07:51.645,0.3304,-0.3544,9.1579,-0.0082,0.0083,9.8066,0.0303,0.027,-0.0122,-14.37,-28.31,31.06,344.86,-83.03,-169.23,False
3602.2,3605122,2019-09-08 11:07:51.746,-0.2345,1.0757,9.8331,-0.0143,-0.0046,9.8066,-0.068,0.0042,0.0446,-14.19,-28.25,31.06,346.5,-83.1,-167.78,False
3602.299,3605221,2019-09-08 11:07:51.845,0.1809,0.4668,9.1657,-0.0186,0.0031,9.8066,-0.0266,-0.0324,0.0498,-14.5,-28.0,30.69,349.96,-83.2,-164.69,False
3602.399,3605321,2019-09-08 11:07:51.945,-0.8833,-0.8170000000000001,10.1195,-0.0388,-0.0171,9.8065,-0.0426,0.0176,0.0424,-14.69,-28.0,31.25,351.7,-83.2,-161.63,False
3602.5,3605422,2019-09-08 11:07:52.046,-1.565,0.1137,9.9126,-0.0228,0.0234,9.8066,-0.1857,-0.0924,0.0672,-14.62,-28.5,30.5,353.42,-83.13,-160.07,False
3602.6,3605522,2019-09-08 11:07:52.146,-1.2245,-0.6279,10.9119,-0.0153,-0.002,9.8066,0.0239,0.1059,-0.1444,-15.12,-27.75,30.56,354.34,-83.03,-159.24,False
3602.7,3605622,2019-09-08 11:07:52.246,-0.102,-0.275,11.6376,0.0168,-0.0382,9.8065,0.0396,-0.0907,0.0405,-15.5,-28.62,30.88,353.01,-82.91,-160.39,False
3602.799,3605721,2019-09-08 11:07:52.345,0.5334,0.0446,10.3491,0.003,-0.0174,9.8065,0.0452,0.0078,-0.0213,-15.19,-28.25,31.19,351.57,-82.67,-161.67,False
3602.899,3605821,2019-09-08 11:07:52.445,-1.2889,-0.1384,9.1158,-0.0193,0.0062,9.8066,-0.0017,-0.0578,0.0789,-14.94,-27.87,31.56,352.76,-82.73,-161.34,False
3602.999,3605921,2019-09-08 11:07:52.545,-0.4222,-0.6026,9.3626,-0.009,0.0027,9.8066,-0.1439,-0.0075,0.0097,-14.56,-27.94,31.5,354.76,-82.89,-159.57,False
3603.099,3606021,2019-09-08 11:07:52.645,-1.1037,0.5857,9.3844,-0.0368,0.0431,9.8064,-0.1308,-0.0361,0.0665,-14.62,-27.94,31.38,355.25,-82.9,-158.41,False
3603.199,3606121,2019-09-08 11:07:52.745,-0.294,-0.9097,10.1732,-0.0246,0.0269,9.8066,-0.0088,0.004,0.0259,-14.0,-27.31,30.31,358.86,-83.12,-156.01,False
3603.299,3606221,2019-09-08 11:07:52.845,-0.7938,-0.7996,10.2961,0.0007,-0.0114,9.8066,-0.0676,0.01,0.0123,-13.5,-27.87,30.56,1.27,-82.96,-156.12,False
3603.399,3606321,2019-09-08 11:07:52.945,-1.4392,0.6413,10.3413,-0.0076,0.0021,9.8066,0.0457,0.0113,0.019,-14.25,-27.94,30.31,359.15,-82.85,-155.73,False
3603.499,3606421,2019-09-08 11:07:53.045,0.3356,-0.6151,9.9417,0.0064,-0.0062,9.8066,0.0501,0.0413,-0.0318,-14.44,-27.94,30.63,359.54,-82.81,-156.1,False
3603.599,3606521,2019-09-08 11:07:53.145,-1.6295,-0.6925,10.0265,0.0092,-0.0074,9.8066,-0.0182,0.0553,-0.0285,-14.81,-28.62,30.94,357.88,-82.73,-156.05,False
3603.699,3606621,2019-09-08 11:07:53.245,-0.5704,-1.6124,10.0423,-0.0084,0.0119,9.8066,0.2335,-0.0604,0.0097,-14.19,-28.31,30.38,358.28,-82.69,-156.51,False
3603.8,3606722,2019-09-08 11:07:53.346,-0.195,-0.1119,9.5161,0.0152,-0.0132,9.8065,-0.299,-0.1013,-0.0488,-15.0,-28.44,31.0,357.27,-82.78,-156.6,False
3603.9,3606822,2019-09-08 11:07:53.446,-2.082,0.497,9.9713,-0.0308,0.0573,9.8064,-0.2579,-0.0794,-0.0606,-14.06,-28.19,31.25,357.32,-82.75,-158.08,False
3603.999,3606921,2019-09-08 11:07:53.545,-0.2816,-0.3595,10.2936,-0.0281,0.0719,9.8063,0.296,-0.0514,0.0225,-14.31,-28.19,31.44,358.51,-83.1,-157.03,False
3604.099,3607021,2019-09-08 11:07:53.645,-1.072,-0.6498,10.0122,0.0237,-0.0568,9.8064,0.1231,-0.0334,-0.0086,-14.37,-27.87,30.75,356.93,-82.73,-158.42,False
3604.199,3607121,2019-09-08 11:07:53.745,-0.7367,-0.0913,10.1327,0.0132,-0.0468,9.8065,-0.0909,-0.0835,0.0487,-14.31,-27.81,31.06,357.96,-82.82,-157.51,False
3604.299,3607221,2019-09-08 11:07:53.845,-1.1455,0.6697,9.1892,-0.0023,0.0014,9.8066,-0.0143,-0.0473,-0.0182,-14.0,-27.62,30.69,358.75,-83.04,-156.82,False
3604.4,3607322,2019-09-08 11:07:53.946,-1.0676,0.2384,9.3701,0.0046,-0.0086,9.8065,0.1067,-0.0692,0.012,-14.56,-28.25,31.38,357.4,-83.03,-156.5,False
3604.499,3607421,2019-09-08 11:07:54.045,-1.746,-0.1358,9.7463,0.0085,-0.0075,9.8066,0.1052,-0.0162,-0.0477,-13.56,-28.25,30.88,358.28,-83.05,-157.23,False
3604.599,3607521,2019-09-08 11:07:54.145,-0.7563,0.2143,9.3429,0.0067,-0.0207,9.8066,-0.1674,-0.0763,0.0126,-13.87,-27.87,30.94,357.59,-82.91,-157.84,False
3604.7,3607622,2019-09-08 11:07:54.246,-0.9901,1.5213,9.5527,-0.0161,0.0535,9.8065,-0.1595,-0.0274,-0.0569,-13.31,-28.19,30.81,359.76,-83.25,-157.46,False
3604.8,3607722,2019-09-08 11:07:54.346,-1.3847,0.1994,9.36,-0.0137,0.0332,9.8065,-0.004,-0.062,0.0041,-13.0,-28.12,31.38,359.9,-83.28,-157.34,False
3604.9,3607822,2019-09-08 11:07:54.446,-1.0283,0.2568,9.3221,0.0104,0.0011,9.8066,-0.0289,-0.0541,-0.0285,-13.44,-27.56,31.0,359.22,-83.31,-157.95,False
3604.999,3607921,2019-09-08 11:07:54.545,-1.0122,0.1158,9.7302,-0.002,0.0019,9.8066,0.0251,-0.0499,-0.0017,-13.44,-28.69,30.88,358.38,-83.31,-158.7,False
3605.099,3608021,2019-09-08 11:07:54.645,-1.2166,0.1371,8.9899,-0.0028,0.0112,9.8066,0.0505,-0.0219,-0.0151,-13.12,-28.56,30.81,357.5,-83.33,-159.48,False
3605.2,3608122,2019-09-08 11:07:54.746,-0.6057,1.661,9.126,0.0028,0.0024,9.8066,-0.0785,-0.0699,0.0287,-13.5,-29.06,30.63,358.1,-83.45,-158.95,False
3605.299,3608221,2019-09-08 11:07:54.845,-1.1514,-0.2688,9.7342,-0.0144,0.0053,9.8066,0.0768,-0.0136,0.0016,-13.0,-28.44,31.0,359.56,-83.57,-157.65,False
3605.399,3608321,2019-09-08 11:07:54.945,-1.1466,-0.6159,10.4402,0.0061,-0.0066,9.8066,-0.1946,-0.0674,-0.04,-13.62,-28.31,30.56,358.06,-83.58,-157.44,False
3605.5,3608422,2019-09-08 11:07:55.046,-0.4189,0.7641,9.3533,-0.0017,0.0152,9.8066,-0.1511,-0.011,-0.1002,-13.12,-28.56,30.44,358.34,-83.59,-158.06,False
3605.6,3608522,2019-09-08 11:07:55.146,-1.0688,0.4119,9.7434,-0.0013,0.0064,9.8066,0.1154,-0.0409,0.0092,-12.69,-28.44,31.31,358.88,-83.57,-158.26,False
3605.7,3608622,2019-09-08 11:07:55.246,-1.1449,-0.7422,8.975,0.002,0.0051,9.8066,0.0472,-0.0997,0.0244,-13.0,-28.94,31.31,358.34,-83.57,-158.74,False
3605.8,3608722,2019-09-08 11:07:55.346,-1.219,-0.5068,9.4544,0.0021,0.0071,9.8066,-0.0374,-0.0613,-0.0133,-12.81,-28.56,30.5,357.97,-83.71,-159.08,False
3605.899,3608821,2019-09-08 11:07:55.445,-0.8338,-0.6794,9.5652,-0.0009,0.0109,9.8066,-0.0034,-0.0173,0.0261,-12.69,-29.75,30.0,356.83,-83.85,-159.41,False
3606.0,3608922,2019-09-08 11:07:55.546,-1.2872,-0.1857,9.6831,0.0146,-0.0098,9.8065,-0.053,0.0011,-0.0304,-12.62,-28.94,30.81,356.44,-83.96,-160.47,False
3606.099,3609021,2019-09-08 11:07:55.645,-0.6558,-0.0212,8.9037,-0.0032,0.0251,9.8065,-0.0752,-0.0769,0.0403,-11.87,-29.31,30.31,356.88,-83.99,-161.01,False
3606.2,3609122,2019-09-08 11:07:55.746,-1.3719,0.2901,10.2138,-0.0138,0.0303,9.8066,0.0989,-0.0413,0.0234,-11.81,-29.06,30.56,357.53,-84.14,-161.07,False
3606.3,3609222,2019-09-08 11:07:55.846,-1.2264,-0.5905,10.134,0.0081,-0.0306,9.8065,0.0755,-0.0675,0.0473,-11.56,-29.37,30.44,356.51,-84.0,-161.34,False
3606.4,3609322,2019-09-08 11:07:55.946,-2.0754,0.1846,9.0117,0.0019,-0.0229,9.8066,-0.1458,-0.0471,0.0006,-11.5,-29.37,30.88,359.43,-84.03,-160.98,False
3606.499,3609421,2019-09-08 11:07:56.045,-1.1211,0.5254,9.1549,-0.0285,0.0465,9.8064,-0.1223,-0.0367,0.006,-11.62,-29.31,30.44,359.16,-84.13,-158.96,False
3606.599,3609521,2019-09-08 11:07:56.145,-1.0097,-0.5261,9.2114,-0.0122,0.0442,9.8065,-0.0596,-0.0607,0.0001,-11.62,-29.19,30.0,2.05,-84.58,-156.33,False
3606.7,3609622,2019-09-08 11:07:56.246,-0.7793,0.6998,9.9561,0.0099,-0.0052,9.8065,-0.0625,-0.0832,-0.0137,-11.62,-29.12,30.19,1.68,-84.62,-156.67,False
3606.799,3609721,2019-09-08 11:07:56.345,-0.8635,0.2425,9.4438,-0.0101,0.0029,9.8066,-0.1203,-0.0697,-0.0145,-11.69,-29.5,29.63,1.92,-84.7,-156.44,False
3606.9,3609822,2019-09-08 11:07:56.446,-0.5574,0.8123,10.1774,-0.0195,0.0229,9.8065,0.0785,-0.0347,-0.0212,-11.37,-29.31,29.81,4.81,-84.74,-155.47,False
3607.0,3609922,2019-09-08 11:07:56.546,-1.3122,-0.7768,10.3479,0.0073,-0.0449,9.8065,-0.1138,-0.0881,0.0331,-11.12,-29.87,30.06,5.17,-84.53,-155.18,False
3607.1,3610022,2019-09-08 11:07:56.646,-0.9226,-0.1033,9.0779,0.0153,-0.0478,9.8065,-0.1222,-0.0417,0.0268,-11.0,-29.62,29.94,5.97,-84.5,-154.45,False
3607.2,3610122,2019-09-08 11:07:56.746,-1.3119999999999998,0.7006,9.6223,-0.0209,0.039,9.8065,0.1239,0.0035,0.0373,-11.75,-29.87,30.19,4.34,-84.57,-154.26,False
3607.299,3610221,2019-09-08 11:07:56.845,-1.286,0.3566,9.1709,-0.0054,0.0395,9.8065,0.113,-0.0821,0.0842,-11.87,-29.06,30.38,5.46,-84.59,-153.22,False
3607.399,3610321,2019-09-08 11:07:56.945,-0.8999,-0.6920000000000001,9.3663,-0.0011,-0.0143,9.8066,-0.1101,0.0081,-0.0375,-11.06,-29.44,28.75,7.63,-84.87,-152.26,False
3607.499,3610421,2019-09-08 11:07:57.045,-2.0391,-0.0325,8.856,0.0089,0.0069,9.8066,-0.0881,-0.0643,0.0252,-9.75,-28.75,28.75,9.47,-84.91,-152.33,False
3607.6,3610522,2019-09-08 11:07:57.146,-1.2658,2.1486,10.1426,0.0042,-0.015,9.8066,0.0776,-0.0254,-0.0267,-10.44,-29.19,30.5,10.41,-84.93,-152.56,False
3607.699,3610621,2019-09-08 11:07:57.245,-1.1815,0.3757,10.1417,0.0089,-0.031,9.8065,0.0538,-0.0727,-0.0254,-11.31,-29.44,30.06,7.64,-84.91,-152.86,False
3607.799,3610721,2019-09-08 11:07:57.345,-1.183,1.6132,9.6996,-0.0292,0.0561,9.8064,0.1189,-0.066,0.0227,-11.12,-29.37,29.44,6.94,-84.76,-152.91,False
3607.901,3610823,2019-09-08 11:07:57.447,-1.0173,-0.8146,9.5917,-0.0216,0.0329,9.8065,0.1221,-0.0108,0.0106,-10.87,-29.62,29.75,11.28,-84.92,-149.56,False
3607.999,3610921,2019-09-08 11:07:57.545,-0.5985,1.341,10.1261,-0.0001,0.0018,9.8066,0.0094,-0.0258,-0.0258,-10.5,-29.69,30.31,12.42,-84.9,-150.23,False
3608.099,3611021,2019-09-08 11:07:57.645,-0.2579,0.6358,9.7731,0.0144,0.0185,9.8066,-0.0091,0.0299,-0.0616,-10.31,-30.06,30.06,10.7,-85.05,-151.78,False
3608.2,3611122,2019-09-08 11:07:57.746,-0.7319,0.0733,10.3447,0.0197,-0.016,9.8066,-0.0629,0.0481,-0.0383,-9.69,-30.0,29.94,6.28,-85.12,-155.81,False
3608.3,3611222,2019-09-08 11:07:57.846,-0.7925,1.7468,11.5422,0.0029,-0.0541,9.8065,-0.0614,-0.0139,0.0007,-9.75,-29.56,30.38,4.72,-84.84,-157.26,False
3608.399,3611321,2019-09-08 11:07:57.945,-4.6429,0.6028,12.333,-0.0095,-0.0352,9.8065,0.4167,0.114,-0.1732,-9.5,-29.19,30.69,5.67,-84.63,-158.64,False
3608.499,3611421,2019-09-08 11:07:58.045,1.3243,-0.9037,10.1303,-0.0054,0.0075,9.8065,0.4442,0.0556,0.0021,-9.75,-29.75,30.25,359.48,-84.39,-162.04,False
3608.599,3611521,2019-09-08 11:07:58.145,-1.453,0.6328,6.5374,-0.0224,0.0673,9.8064,-0.3363,-0.118,0.0391,-8.75,-29.81,29.88,2.14,-84.26,-161.37,False
3608.699,3611621,2019-09-08 11:07:58.245,-0.9823,1.9232,8.3667,-0.0176,0.0353,9.8065,-0.3855,-0.0372,0.012,-9.37,-30.12,29.13,5.75,-84.78,-157.55,False
3608.799,3611721,2019-09-08 11:07:58.345,-1.3744,1.2628,8.1803,-0.023,0.0093,9.8065,0.1746,-0.0355,0.0575,-9.5,-29.62,29.75,10.49,-85.08,-153.71,False
3608.899,3611821,2019-09-08 11:07:58.445,0.1997,0.0352,10.5729,-0.0294,0.0106,9.8065,0.1271,-0.0036,0.0193,-9.69,-30.06,29.94,11.87,-85.06,-150.71,False
3609.0,3611922,2019-09-08 11:07:58.546,-1.0568,-0.9158,9.925,-0.0123,-0.0219,9.8065,-0.0745,-0.057,0.0374,-9.44,-29.81,29.81,16.97,-84.88,-147.83,False
3609.1,3612022,2019-09-08 11:07:58.646,-1.3743,0.1151,10.5681,-0.0043,-0.0327,9.8066,-0.0685,-0.1192,0.063,-10.0,-30.0,29.56,16.3,-84.45,-146.81,False
3609.199,3612121,2019-09-08 11:07:58.745,-0.6099,0.5942,10.5787,0.0004,-0.004,9.8066,0.0478,-0.0303,0.0227,-9.69,-29.69,30.13,16.43,-84.25,-146.76,False
3609.3,3612222,2019-09-08 11:07:58.846,0.9198,-0.1502,8.4196,-0.0068,-0.0093,9.8066,-0.023,0.0601,-0.0524,-9.31,-29.81,30.06,19.39,-84.2,-145.84,False
3609.399,3612321,2019-09-08 11:07:58.945,-0.6683,1.5861,8.9643,-0.0333,0.0779,9.8062,0.1732,-0.0395,0.0043,-9.75,-29.87,29.75,18.23,-84.22,-145.14,False
3609.499,3612421,2019-09-08 11:07:59.045,-1.1847,1.7093,9.3269,-0.0205,0.0855,9.8062,0.2645,-0.0748,0.0598,-9.75,-29.31,29.69,23.39,-84.72,-140.19,False
3609.6,3612522,2019-09-08 11:07:59.146,0.0208,-0.2115,9.786,0.0283,-0.0962,9.8061,-0.4134,-0.0269,0.0038,-9.5,-29.87,29.13,25.43,-84.74,-139.65,False
3609.7,3612622,2019-09-08 11:07:59.246,0.6098,0.3278,8.9704,0.0252,-0.0728,9.8063,-0.2669,-0.0031,-0.0713,-9.87,-29.62,29.69,19.51,-84.28,-143.95,False
3609.8,3612722,2019-09-08 11:07:59.346,-0.1525,0.8932,9.5927,0.0244,-0.0554,9.8064,0.1211,-0.0501,-0.0157,-9.81,-30.06,29.94,18.94,-84.31,-144.46,False
3609.9,3612822,2019-09-08 11:07:59.446,0.2191,0.1059,10.5853,0.0014,0.0195,9.8066,0.0321,-0.0353,0.0309,-9.81,-29.62,29.94,20.3,-84.51,-143.15,False
3610.0,3612922,2019-09-08 11:07:59.546,-0.1067,-0.3843,10.0464,-0.0057,-0.0239,9.8066,-0.1554,0.0318,-0.0151,-9.69,-29.62,29.94,21.24,-84.49,-142.31,False
3610.099,3613021,2019-09-08 11:07:59.645,-0.0108,1.0433,9.7019,-0.0101,-0.0086,9.8066,-0.0313,-0.0348,0.0235,-9.62,-29.44,29.88,22.49,-84.35,-141.16,False
3610.2,3613122,2019-09-08 11:07:59.746,0.5589,-0.907,9.0712,0.0058,-0.0059,9.8066,-0.0006,-0.0606,0.0562,-10.12,-29.75,30.25,24.3,-84.29,-139.6,False
3610.3,3613222,2019-09-08 11:07:59.846,0.205,0.433,9.6819,-0.0079,-0.0066,9.8066,-0.0013,0.0374,-0.0106,-10.19,-29.56,29.44,23.79,-84.26,-139.56,False
3610.399,3613321,2019-09-08 11:07:59.945,-0.3716,0.2344,9.9232,-0.0117,-0.0147,9.8066,0.046,0.0232,-0.0171,-10.5,-29.69,29.56,24.9,-84.11,-139.13,False
3610.5,3613422,2019-09-08 11:08:00.046,-0.1429,0.1315,9.9415,-0.0005,-0.0046,9.8066,0.049,-0.0751,0.0691,-9.81,-29.62,29.56,26.0,-84.12,-138.13,False
3610.599,3613521,2019-09-08 11:08:00.145,-1.0559,1.5619,8.8017,-0.0122,0.0377,9.8065,-0.0579999999999999,-0.0286,0.0406,-10.0,-29.87,29.75,27.86,-84.07,-136.46,False
3610.7,3613622,2019-09-08 11:08:00.246,-0.0323,1.2975,9.7825,-0.0171,0.0164,9.8065,-0.0486,0.049,0.0157,-9.69,-30.25,29.31,30.38,-84.2,-133.59,False
3610.8,3613722,2019-09-08 11:08:00.346,-1.1375,0.2973,10.2466,-0.003,-0.0372,9.8065,0.0454,0.0139,0.0067,-10.12,-29.31,29.88,31.35,-84.23,-133.1,False
3610.9,3613822,2019-09-08 11:08:00.446,0.6476,1.2976,11.1091,0.009,-0.0373,9.8065,0.067,-0.0384,0.0744,-10.19,-29.56,29.75,30.42,-83.96,-134.19,False
3610.999,3613921,2019-09-08 11:08:00.545,-1.0897,1.2765,9.826,0.0044,-0.0246,9.8066,-0.1234,-0.0588,0.0002,-10.37,-29.44,30.25,30.71,-83.81,-133.9,False
3611.1,3614022,2019-09-08 11:08:00.646,0.7942,0.4359,9.5929,0.0119,0.0035,9.8066,0.0065,-0.0609,0.0134,-10.37,-28.94,30.44,30.4,-83.76,-134.21,False
3611.199,3614121,2019-09-08 11:08:00.745,0.0362,0.7369,10.0244,0.0023,-0.0032,9.8066,-0.0319,0.0177,-0.0317,-10.0,-29.62,29.63,30.16,-83.81,-134.5,False
3611.299,3614221,2019-09-08 11:08:00.845,-0.4788,0.4975,10.0185,-0.0006,0.0103,9.8066,-0.0279,0.0225,-0.0398,-9.69,-29.19,29.56,30.93,-83.93,-133.64,False
3611.4,3614322,2019-09-08 11:08:00.946,0.09,0.779,9.7077,-0.0027,0.0095,9.8066,0.0115,-0.0224,-0.0075,-9.94,-29.62,29.69,31.01,-84.0,-133.63,False
3611.499,3614421,2019-09-08 11:08:01.045,-0.1896,-0.1979,10.2884,0.002,-0.0143,9.8066,-0.0072,-0.0828,0.0215,-10.19,-30.31,29.5,31.16,-83.99,-133.49,False
3611.599,3614521,2019-09-08 11:08:01.145,-0.0207,1.5965,9.5911,0.006,-0.0518,9.8064,-0.1462,-0.0466,0.0009,-9.87,-29.81,29.63,30.95,-83.75,-133.82,False
3611.699,3614621,2019-09-08 11:08:01.245,-1.5964,-0.7531,11.1081,-0.0187,-0.0461,9.8064,-0.0518,-0.0069999999999999,-0.1397,-9.81,-29.37,30.0,33.75,-83.82,-131.12,False
3611.8,3614722,2019-09-08 11:08:01.346,0.1178,1.0375,8.5644,0.0209,-0.0758,9.8063,-0.0774,-0.0263,-0.0797,-10.31,-29.25,29.75,33.5,-83.6,-131.48,False
3611.9,3614822,2019-09-08 11:08:01.446,0.6318,0.3406,7.4039,0.0317,-0.1188,9.8058,-0.019,-0.0205,-0.0715,-10.12,-29.81,29.75,32.62,-83.6,-132.39,False
3612.0,3614922,2019-09-08 11:08:01.546,-1.1408,2.4647,10.7342,-0.0079,0.0922,9.8061,0.5501,0.0138,-0.0368,-10.0,-29.69,29.81,35.65,-84.01,-129.37,False
3612.099,3615021,2019-09-08 11:08:01.645,-0.6642,-0.0494,10.0065,0.0265,-0.0735,9.8063,0.4527,-0.1203,0.0634,-9.56,-29.75,30.19,34.46,-84.01,-130.47,False
3612.2,3615122,2019-09-08 11:08:01.746,-1.005,-0.5734,10.8,0.0007,-0.0346,9.8065,-0.1697,0.064,-0.05,-9.12,-29.87,30.0,33.12,-83.82,-133.57,False
3612.3,3615222,2019-09-08 11:08:01.846,-0.2691,1.1978,10.3912,0.0026,0.0008,9.8066,-0.0849,-0.0395,0.0388,-8.44,-29.31,29.81,34.27,-83.9,-134.16,False
3612.4,3615322,2019-09-08 11:08:01.946,0.7648,2.1493,9.5454,-0.0015,-0.0038,9.8066,0.0407,-0.088,0.1021,-8.87,-29.19,29.44,30.84,-83.9,-135.04,False
3612.499,3615421,2019-09-08 11:08:02.045,0.5793,1.0599,10.0119,-0.0082,0.021,9.8065,-0.0645,0.0651,-0.0016,-9.75,-29.5,29.0,30.18,-83.93,-133.82,False
3612.599,3615521,2019-09-08 11:08:02.145,-0.8179,0.6837,10.4776,0.0034,0.0188,9.8066,-0.0485,0.0697,-0.1005,-9.81,-29.25,29.38,30.16,-83.88,-133.87,False
3612.699,3615621,2019-09-08 11:08:02.245,0.4437,0.5986,9.872,0.0118,-0.0101,9.8066,0.0291,-0.021,-0.0612,-9.62,-29.12,29.31,31.2,-83.85,-132.94,False
3612.799,3615721,2019-09-08 11:08:02.345,0.3666,-1.2308,8.9811,0.0083,-0.0435,9.8065,0.0187,-0.0191,0.002,-10.06,-29.81,29.63,30.45,-83.79,-134.25,False
3612.899,3615821,2019-09-08 11:08:02.445,-1.5503,1.8188,9.696,0.001,0.0395,9.8066,-0.0827,-0.0658,0.0165,-9.56,-29.44,30.31,30.32,-83.96,-134.18,False
3612.999,3615921,2019-09-08 11:08:02.545,0.7446,0.4875,9.3683,0.0082,0.0589,9.8064,-0.0298,-0.0003,-0.0065,-9.06,-29.69,29.94,31.77,-84.46,-134.45,False
3613.099,3616021,2019-09-08 11:08:02.645,-0.1634,0.3736,10.1341,0.0051,-0.0327,9.8065,-0.0912,0.0624,0.0061,-8.87,-28.87,30.56,28.36,-84.35,-137.98,False
3613.2,3616122,2019-09-08 11:08:02.746,-0.4212,-0.0354,8.9516,0.0234,-0.0229,9.8065,-0.0479,0.0116,0.0094,-8.81,-29.81,30.31,25.67,-84.3,-140.1,False
3613.3,3616222,2019-09-08 11:08:02.846,0.0777,0.7442,10.2229,-0.0151,0.0177,9.8066,0.0134,0.0436,0.0503,-8.5,-29.06,29.63,28.43,-84.22,-139.33,False
3613.4,3616322,2019-09-08 11:08:02.946,-0.6739,0.336,10.1189,-0.0023,-0.0075,9.8066,-0.0514,0.088,0.0329,-8.69,-29.25,29.56,28.19,-84.17,-137.79,False
3613.5,3616422,2019-09-08 11:08:03.046,-0.6148,1.3257,9.972,-0.004,-0.0003,9.8066,-0.0546,-0.0638,0.0891,-9.06,-28.44,29.63,28.57,-84.15,-137.35,False
3613.599,3616521,2019-09-08 11:08:03.145,-0.4622,0.7256,9.5175,-0.0086,0.0002,9.8066,0.066,0.0087,-0.0613,-9.25,-29.56,29.75,29.61,-84.03,-136.65,False
3613.7,3616622,2019-09-08 11:08:03.246,1.0867,0.7016,9.9877,-0.0153,-0.0114,9.8066,0.094,-0.1228,0.0299,-9.81,-29.81,29.56,28.72,-83.91,-135.76,False
3613.8,3616722,2019-09-08 11:08:03.346,-0.1801,1.1241,10.3391,-0.0264,-0.0245,9.8065,0.1376,-0.016,-0.0075,-9.25,-29.69,29.63,32.74,-83.78,-133.94,False
3613.9,3616822,2019-09-08 11:08:03.446,-0.2386,1.0711,9.5067,-0.0094,0.0015,9.8065,0.1186,0.0294,-0.0039,-9.25,-29.87,30.0,33.47,-83.8,-133.26,False
3613.999,3616921,2019-09-08 11:08:03.545,1.595,-0.1874,8.9644,-0.0024,0.0248,9.8066,-0.0646,-0.0694,0.0555,-9.69,-29.81,29.31,32.2,-83.81,-132.15,False
3614.1,3617022,2019-09-08 11:08:03.646,-0.9457,0.5184,8.8668,-0.0605,0.0517,9.8063,-0.1503,-0.0934,0.1355,-9.94,-29.62,29.81,33.26,-83.82,-131.68,False
3614.2,3617122,2019-09-08 11:08:03.746,-0.0811,-0.5582,10.1794,-0.035,0.0853,9.8062,0.0637,0.0923,-0.0089,-9.44,-29.87,29.75,43.31,-83.95,-124.13,False
3614.3,3617222,2019-09-08 11:08:03.846,-0.8941,0.2015,10.1108,0.0177,-0.0823,9.8062,0.2427,0.0591,-0.0091,-10.37,-30.0,29.25,38.48,-83.76,-126.47,False
3614.4,3617322,2019-09-08 11:08:03.946,-0.3534,1.3548,10.0296,0.0337,-0.0621,9.8063,-0.0293,0.0229,-0.0309,-10.0,-29.81,29.63,36.82,-83.71,-128.49,False
3614.499,3617421,2019-09-08 11:08:04.045,0.7161,0.3835,10.418,0.0016,0.0102,9.8066,0.0618,0.0103,-0.0336,-9.5,-29.87,29.88,37.1,-83.61,-130.07,False
3614.6,3617522,2019-09-08 11:08:04.146,-0.0431,-0.3358,9.693,0.0057,0.0113,9.8066,-0.0594,0.0287,-0.0676,-10.0,-30.12,30.06,34.05,-83.53,-131.12,False
3614.7,3617622,2019-09-08 11:08:04.246,0.6529,0.7228,9.4624,0.0046,0.0183,9.8066,-0.1591,0.0484,-0.0715,-9.56,-30.19,30.0,34.08,-83.62,-131.04,False
3614.8,3617722,2019-09-08 11:08:04.346,0.0114,1.8867,9.4659,-0.0013,0.0259,9.8065,0.0812,0.0678,-0.0186,-9.69,-29.75,29.56,35.16,-83.81,-129.95,False
3614.899,3617821,2019-09-08 11:08:04.445,1.1112,-0.4264,9.7136,0.0163,-0.0086,9.8066,0.0585,-0.0786,0.087,-9.94,-29.56,29.38,34.32,-83.81,-130.22,False
