elapsed_s,blackout_elapsed_s,reference_relative_x_m,reference_relative_y_m,reference_speed_mps,raw_relative_x_m,raw_relative_y_m,raw_position_error_m,raw_speed_mps,phase4_v4_relative_x_m,phase4_v4_relative_y_m,phase4_v4_position_error_m,phase4_v4_speed_mps,phase4_v5_relative_x_m,phase4_v5_relative_y_m,phase4_v5_position_error_m,phase4_v5_speed_mps,ekf_relative_x_m,ekf_relative_y_m,ekf_position_error_m,ekf_speed_mps,hybrid_relative_x_m,hybrid_relative_y_m,hybrid_position_error_m,hybrid_speed_mps,ml_speed_measurement_mps,ml_predicted_residual_mps,ml_update_attempted,ml_update_accepted,ml_update_rejected_innovation,ml_update_skipped_ood,ml_normalized_innovation_squared,stationary_update_attempted,stationary_update_accepted,horizontal_position_sigma_m
4215.0,0.0,0.0,0.0,14.20111111111111,0.0,0.0,0.0,10.462472868607433,0.0,0.0,0.0,10.38850116695962,0.0,0.0,0.0,10.388562522910885,0.0,0.0,0.0,10.367092814380365,0.0,0.0,0.0,10.367092814380365,10.367092814380365,0.0,False,False,False,False,0.0,False,False,4.256061240547653
4215.099,0.09900000000016007,0.33239602580070127,-1.3676994862636747,14.089999999999998,0.21855720813015617,-1.0138005897892557,0.3717575894779273,10.48921122662816,0.4432970241216331,-0.9286997509374529,0.45279112076659817,10.401503538868718,0.44330156783598057,-0.9287129932298889,0.4527793947611145,10.401693082954624,0.43681976709077125,-0.9334620387987644,0.44661670202294956,10.453369195888461,0.43681976709077125,-0.9334620387987644,0.44661670202294956,10.453369195888461,10.453369195888461,0.0,False,False,False,False,0.0,False,False,4.295605570464382
4215.2,0.1999999999998181,0.6851428287032277,-2.7242794651641304,14.01888888888889,0.4455597864737217,-2.0394940276810054,0.7254868224253974,10.314340244050129,0.9114571492114341,-1.862568731344589,0.8909340943340893,10.285985820635396,0.9108842154634633,-1.8629160537608538,0.8904527501225007,10.2864829754589,0.8920862141772585,-1.8687578404427798,0.8801947597874648,10.14493362686197,0.8920862141772585,-1.8687578404427798,0.8801947597874648,10.14493362686197,10.14493362686197,0.0,False,False,False,False,0.0,False,False,4.361644436380874
4215.299,0.29899999999997817,1.058240408677456,-4.136456983250895,14.418888888888889,0.6816282451923461,-3.025123943372603,1.1734129056773068,10.160895981891183,1.3797996394533563,-2.7595906649292017,1.4139169697779013,10.15717590223246,1.3777764694683658,-2.7607571999501963,1.4123219137007543,10.157766809237337,1.3538070056863387,-2.7632174146018254,1.4046873410730565,10.19042451559201,1.3538070056863387,-2.7632174146018254,1.4046873410730565,10.19042451559201,10.19042451559201,0.0,False,False,False,False,0.0,False,False,4.4498307595578845
4215.4,0.3999999999996362,1.4313379886667512,-5.526395486611236,14.341111111111111,0.9072870619166369,-4.0304583352501675,1.585073289993217,10.24622388433645,1.8644367835331155,-3.6700678999543186,1.906181175832505,10.267231018312769,1.8602127541881541,-3.672473629078802,1.9028819769858423,10.26786961786862,1.838571551312834,-3.6811238968596887,1.8896736264470706,10.365032211148058,1.838571551312834,-3.6811238968596887,1.8896736264470706,10.365032211148058,10.365032211148058,0.0,False,False,False,False,0.0,False,False,4.563659269908573
4215.5,0.5,1.8451371228295734,-6.9163339891814815,14.40611111111111,1.097921922486515,-5.040924639446958,2.018784481983004,10.321669766393416,2.3442130416784277,-4.588562589426652,2.3806714309814754,10.459034587417984,2.337484191983287,-4.592342310509531,2.375572132990434,10.45965393197485,2.3335376881323753,-4.603831270378851,2.3635151653115436,10.576604532303632,2.3335376881323753,-4.603831270378851,2.3635151653115436,10.576604532303632,10.576604532303632,0.0,False,False,False,False,0.0,False,False,4.699714531290032
4215.599,0.5990000000001601,2.2453690722578443,-8.30627249254185,14.34,1.2678582713700446,-6.051911441325555,2.4571672948933188,10.389177152392639,2.8144936126357525,-5.520260562910421,2.8435479975743347,10.625095101499326,2.8049310417542057,-5.525531937650163,2.836481558432203,10.625696979196043,2.811036373488492,-5.542518485286161,2.821048689459905,10.699285013114977,2.811036373488492,-5.542518485286161,2.821048689459905,10.699285013114977,10.699285013114977,0.0,False,False,False,False,0.0,False,False,4.85611380213979
4215.699,0.6989999999996144,2.6388174293188413,-9.696210995902192,14.335,1.4306349879347846,-7.079942667509495,2.88176417803738,10.427731815206597,3.297889469858606,-6.473589212266258,3.289326240278713,10.752784417663268,3.2848549167896395,-6.480687817452002,3.279779527097514,10.753480184515855,3.293189735642405,-6.505095033358572,3.2575181045826764,10.83232408186878,3.293189735642405,-6.505095033358572,3.2575181045826764,10.83232408186878,10.83232408186878,0.0,False,False,False,False,0.0,False,False,5.034291744250558
4215.799,0.7989999999999782,3.0254821940426844,-11.086149497682356,14.351944444444445,1.58656901620116,-8.104823302608128,3.3104043582018448,10.305833015248838,3.7919001578730134,-7.432972960278534,3.73270616426201,10.829300165188608,3.7746217221086753,-7.442325405136967,3.7200354904120427,10.830026821879668,3.788221115153187,-7.469729065202774,3.695979897974639,10.85246212490574,3.788221115153187,-7.469729065202774,3.695979897974639,10.85246212490574,10.85246212490574,0.0,False,False,False,False,0.0,False,False,5.230702478863226
4215.9,0.8999999999996362,3.3985797740319796,-12.476088001042697,14.275,1.7391589800424194,-9.13036993216242,3.7346360957872338,10.225587960949992,4.302389600231434,-8.403068336325392,4.172093166638128,10.878513342544311,4.279942803212117,-8.415218205144365,4.1554138528484685,10.87938312872031,4.293206079552084,-8.447132596928215,4.127085881693261,10.932663491224714,4.293206079552084,-8.447132596928215,4.127085881693261,10.932663491224714,10.932663491224714,0.0,False,False,False,False,0.0,False,False,5.445639215012259
4216.0,1.0,3.792028131092973,-13.888265520709652,14.506944444444445,1.883230220109879,-10.145142663649763,4.201723240292917,10.273728947035275,4.819094278476587,-9.365758693677718,4.637664592405522,10.97332441614985,4.790836122081832,-9.381102471241396,4.616506921618897,10.974171954032787,4.812151505104663,-9.41563119695252,4.587494903785225,11.042721765395477,4.812151505104663,-9.41563119695252,4.587494903785225,11.042721765395477,11.042721765395477,0.0,False,False,False,False,0.0,False,False,5.673901937544413
4216.1,1.1000000000003638,4.1515585263477135,-15.289323531433197,14.40611111111111,2.018424242218004,-11.163956106919173,4.644234948984714,10.281272493310606,5.3402474317519495,-10.336130824769162,5.093829532206679,11.055955295432542,5.305879321190604,-10.354827034135214,5.067712716724656,11.0567998296358,5.336366501348629,-10.390682789738081,5.0398860159552274,11.097982567319907,5.336366501348629,-10.390682789738081,5.0398860159552274,11.097982567319907,11.097982567319907,0.0,False,False,False,False,0.0,False,False,5.916099008007735
4216.199,1.1989999999996144,4.511088921617517,-16.67926203400347,14.388055555555555,2.149743216328373,-12.171986446441377,5.088367789588397,10.25506063623638,5.853376852556568,-11.30461147522891,5.539729733342624,11.086131274773045,5.812698561712729,-11.32671514034125,5.508533916029009,11.08692625287327,5.855963849400491,-11.359164720294178,5.487451503085572,11.105302788628789,5.855963849400491,-11.359164720294178,5.487451503085572,11.105302788628789,11.105302788628789,0.0,False,False,False,False,0.0,False,False,6.167637076144242
4216.3,1.300000000000182,4.877402909224475,-18.080320045517098,14.41,2.282816460144172,-13.193535722560675,5.532860007341935,10.144558969920835,6.370441118463929,-12.298538642314357,5.971445326608125,11.099630884392681,6.322862397061602,-12.324289478653613,5.934748606103307,11.100396145945007,6.376404265557579,-12.353878313168192,5.919386790899512,11.125128664262084,6.376404265557579,-12.353878313168192,5.919386790899512,11.125128664262084,11.125128664262084,0.0,False,False,False,False,0.0,False,False,6.434860181260218
4216.4,1.3999999999996362,5.223366119759728,-19.481378055450563,14.321944444444444,2.4096210625911,-14.196176487322608,5.987530113701565,10.068066846616478,6.88375936795928,-13.284597203079281,6.415372060214591,11.133817442683133,6.828969506829066,-13.31415528482955,6.372801498480465,11.134588917108497,6.888645304235355,-13.344191463404204,6.359104813402701,11.173849045486206,6.888645304235355,-13.344191463404204,6.359104813402701,11.173849045486206,11.173849045486206,0.0,False,False,False,False,0.0,False,False,6.709235311380017
4216.5,1.5,5.576112922662251,-20.871316558810932,14.328055555555556,2.5297799389512363,-15.194421261116517,6.442614754013358,10.041050631976319,7.402492128249098,-14.272639396863438,6.8467657540044025,11.184892160321413,7.340343457952578,-14.306112844613995,6.798118062416689,11.185662286586743,7.408423683190338,-14.336326351589047,6.7870066842189685,11.22705450391103,7.408423683190338,-14.336326351589047,6.7870066842189685,11.22705450391103,11.22705450391103,0.0,False,False,False,False,0.0,False,False,6.992732852129828
4216.6,1.6000000000003638,5.942426910269209,-22.283494077687763,14.473888888888888,2.6400515284679336,-16.187671538287837,6.9328735452324,9.94636331241353,7.919067705591678,-15.268568001218162,7.288092802103047,11.254062794255782,7.849528883250663,-15.305927412973356,7.2334966990995095,11.254846014668242,7.93320299137313,-15.333780921797162,7.2292255708515825,11.314542084765865,7.93320299137313,-15.333780921797162,7.2292255708515825,11.314542084765865,11.314542084765865,0.0,False,False,False,False,0.0,False,False,7.284931072349072
4216.7,1.699999999999818,6.329091674962928,-23.65119356474152,14.253055555555557,2.737412783942619,-17.17013611877224,7.409741080102239,9.799510407050317,8.438422966973095,-16.2714107978231,7.675315771117129,11.333167136353582,8.361240697029835,-16.312782547340223,7.614585077875498,11.333974139841011,8.449935304370138,-16.344313839962535,7.608447214299599,11.385141278709648,8.449935304370138,-16.344313839962535,7.608447214299599,11.385141278709648,11.385141278709648,0.0,False,False,False,False,0.0,False,False,7.585349832576704
4216.8,1.800000000000182,6.688622070232729,-25.052251575465064,14.386944444444444,2.828443753743245,-18.142724690334404,7.914703937067955,9.737278740760145,8.963115523218399,-17.27854283462887,8.099621476033786,11.37917796437306,8.87829656403998,-17.323952654011155,8.03251384114436,11.380067957459291,8.97921608664811,-17.35360427329694,8.032184710974871,11.407886824635305,8.97921608664811,-17.35360427329694,8.032184710974871,11.407886824635305,11.407886824635305,0.0,False,False,False,False,0.0,False,False,7.892831075285628
4216.9,1.8999999999996362,7.061719650222024,-26.431070570672134,14.268055555555556,2.9180398024179977,-19.114367186468588,8.408580801390494,9.77804452567362,9.48530743660693,-18.29277524003006,8.491503320794537,11.436234989787776,9.39331698412356,-18.34194987199641,8.418445213054534,11.437197985180557,9.505708602244885,-18.370846455198624,8.422606175600906,11.500417570355035,9.505708602244885,-18.370846455198624,8.422606175600906,11.500417570355035,11.500417570355035,0.0,False,False,False,False,0.0,False,False,8.207075191859317
4216.999,1.9989999999997963,7.428033637828982,-27.82100907403249,14.306944444444445,2.9989127382909215,-20.079900073319497,8.918625482866995,9.796401014027351,10.00216472901896,-19.305155530932044,8.896398846846251,11.527140092033653,9.903288053854716,-19.357923535482303,8.817635808813618,11.528110181903854,10.02677459170455,-19.388197395897276,8.824158166320668,11.591054465235171,10.024431152964404,-19.383661439488247,8.827803529913355,11.588503175923995,10.194561626375613,-1.396492838859558,True,True,False,False,0.0008078519054086102,False,False,8.523157779738845
4217.099,2.09900000000016,7.807914810185544,-29.21094757660275,14.296111111111111,3.0713888807479592,-21.052126934375217,9.434035835859044,9.702154194816224,10.535120310490397,-20.32991091173514,9.290342409384909,11.57497165126037,10.429330139725792,-20.38635333351223,9.205720063370109,11.575935037604582,10.552642004280848,-20.421519840879768,9.20801646889832,11.597665300241331,10.550182677944434,-20.41675616689126,9.211831284233673,11.595106394606272,11.595106394606272,0.0,False,False,False,False,0.0,False,False,8.849939820075745
4217.2,2.199999999999818,8.194579574879263,-30.62312509547958,14.511111111111111,3.1404466489926857,-22.025396319455915,9.973224139594787,9.618969950685733,11.090220253130648,-21.35931379094258,9.70581963687826,11.584527725162147,10.977559480531577,-21.419540391461872,9.615141629705372,11.585473860708303,11.102588974432221,-21.456600022397986,9.616740642406961,11.612355996245707,11.100008202482908,-21.45160777010308,9.620719596775496,11.609789398123526,11.609789398123526,0.0,False,False,False,False,0.0,False,False,9.18475030549251
4217.3,2.300000000000182,8.594811524337665,-31.99082458174324,14.333888888888888,3.2071161338449166,-22.989333407688207,10.490667518195755,9.705833768010192,11.64582373925859,-22.3776700335882,10.08570354027475,11.61673781985001,11.526440971269183,-22.441642790039595,9.989060221318143,11.617683437454412,11.661234018677257,-22.47746532115965,9.995346483975602,11.662095607737768,11.65852985436994,-22.47224758225618,9.999483891728605,11.659521393291705,11.659521393291705,0.0,False,False,False,False,0.0,False,False,9.52101850096598
4217.399,2.399000000000342,8.940774734857854,-33.33628505328049,13.995,3.274033624198684,-23.955799632127814,10.95926373218989,9.865488679399512,12.1945241405721,-23.390947299903996,10.464063657294982,11.66215859490451,12.068433039299336,-23.45862965387924,10.361000080043553,11.663096998977524,12.213916746651353,-23.49350679240823,10.372740357401566,11.704215157225516,12.21109062834496,-23.488064855580035,10.377013400087213,11.701633402618809,11.701633402618809,0.0,False,False,False,False,0.0,False,False,9.858713954768925
4217.499,2.4989999999997963,9.307088722479875,-34.74846257215735,14.341111111111111,3.341083182044967,-24.94627108180238,11.475024188300756,9.989332640320532,12.743140217427674,-24.424587346605584,10.880664021496782,11.742526651097164,12.610276903975292,-24.49594463276403,10.77149832938542,11.7435016831897,12.77217002802988,-24.52907561379561,10.790859940653766,11.82491155852527,12.754682279679322,-24.495456202893138,10.817117959226277,11.809365926250564,10.700113592318802,-1.122208595275879,True,True,False,False,0.003173623769184361,False,False,10.189828537097021
4217.599,2.59900000000016,9.680186302454103,-36.09392304290451,14.060000000000002,3.395058855629845,-25.94448174081307,11.937922171275163,10.005303171714253,13.296116948120174,-25.468784453975704,11.223570041132678,11.889421925617063,13.156605064415087,-25.543745000781463,11.108183655711205,11.890396674301106,13.32379974460927,-25.584711388038,11.122924459090598,11.99661007266756,13.305590779388142,-25.54971180796284,11.150064940996687,11.981010748884405,11.981010748884405,0.0,False,False,False,False,0.0,False,False,10.541817615230428
4217.699,2.6989999999996144,10.046500290061054,-37.46162252995826,14.076944444444443,3.4258158322779573,-26.939796179785194,12.431504029389485,9.911915924032233,13.868034284852584,-26.51971002426915,11.59006347504202,12.040339801693891,13.721951628678804,-26.59832941879643,11.468220426969618,12.041301320198247,13.894117250196413,-26.647667518893723,11.478056423160199,12.129208407282889,13.87516950149817,-26.61129099629325,11.506015918685836,12.113555391991286,12.113555391991286,0.0,False,False,False,False,0.0,False,False,10.90029881426616
4217.799,2.798999999999978,10.439948647137115,-38.86268054068181,14.313888888888888,3.438869433412377,-27.928070814789546,12.983866912997309,9.8556184915754,14.451086553191148,-27.580083538536755,11.974398624323314,12.161686824651225,14.298577162199084,-27.66232172181995,11.846394037364533,12.162659387793912,14.482792741219658,-27.71445553910506,11.858647016200415,12.239423181602703,14.46308743255202,-27.67670617881682,11.887458437824739,12.22371647480265,12.22371647480265,0.0,False,False,False,False,0.0,False,False,11.264497948197
4217.9,2.899999999999636,10.82661341184589,-40.208141011428964,14.083055555555555,3.4441325228940443,-28.924470884029635,13.484147567410528,9.875400631624807,15.040818470916976,-28.662739825079306,12.290476509625833,12.251332554342191,14.882113787943965,-28.74844319649886,12.156140724343619,12.25232873730209,15.078452527537577,-28.801597689810805,12.173223337049135,12.3077542521443,15.057983627659736,-28.76245469475052,12.202795956791077,12.291993316920713,12.291993316920713,0.0,False,False,False,False,0.0,False,False,11.63745722980879
4217.999,2.9989999999997963,11.226845361289236,-41.575840499272815,14.14,3.4467654995556307,-29.90328577227143,14.02776448725153,9.89871030497156,15.617719956858217,-29.732656585420163,12.630945528001904,12.305068507450015,15.453168612925873,-29.821604267179527,12.490951830312175,12.306072581954957,15.659639348981257,-29.87481839342975,12.512536947347913,12.348484909899208,15.492214642718272,-29.555087987408506,12.755072169864448,12.22167053591414,9.2041622522722,-3.1285085678100586,True,True,False,False,0.07330438906868442,False,False,11.950661217195524
4218.1,3.100000000000364,11.606726533630741,-42.943539985536475,14.089999999999998,3.4472504843180753,-30.906622268982836,14.541816857407808,9.969375272135377,16.2018961632654,-30.833592940253983,12.952466999172893,12.374900023203924,16.031572455046778,-30.9257015230493,12.806549212754707,12.375936482406953,16.25195863418806,-30.978072358265575,12.835520901284687,12.447606931068929,16.078463162578334,-30.647034544051394,13.084359921339056,12.320282601752671,12.320282601752671,0.0,False,False,False,False,0.0,False,False,12.32773032761161
4218.2,3.199999999999818,11.973040521252756,-44.300119964436945,14.013055555555557,3.4452778581794337,-31.899761218580046,15.04963896788415,9.89344688788025,16.770199597809636,-31.935324719815945,13.262763537332413,12.419064801725524,16.59440315617427,-32.03036022349496,13.111216446382445,12.420165322296342,16.82994193202417,-32.08021316888883,13.149738149706112,12.442383499107665,16.65052140795973,-31.737877031453426,13.404804174354933,12.314554263522908,12.314554263522908,0.0,False,False,False,False,0.0,False,False,12.704930082802154
4218.3,3.300000000000182,12.40719043250234,-45.65669994333739,14.138055555555555,3.443198806997299,-32.879933670944645,15.60765524483025,9.710048766403181,17.33043328931384,-33.04323302818252,13.540231454700171,12.410959720503541,17.149566426929773,-33.140944892491326,13.384104548504553,12.412122461657958,17.39264005358271,-33.189358192819405,13.427185790348593,12.431955568326584,17.207424696099554,-32.83559974845844,13.69024686382746,12.303621426473324,12.303621426473324,0.0,False,False,False,False,0.0,False,False,13.084657305953794
4218.4,3.399999999999636,12.882041897955581,-46.95768238147137,13.79888888888889,3.437461488360647,-33.84778986865994,16.15764156090776,9.647596857497037,17.888904985087557,-34.15268245177574,13.749061828822718,12.430691206541809,17.703534525302384,-34.25278199830987,13.589013389559112,12.431890919321553,17.953299327002785,-34.30175319202366,13.634155476595573,12.481987958489807,17.762296586495367,-33.93651209457931,13.905673714899805,12.353148910368049,12.353148910368049,0.0,False,False,False,False,0.0,False,False,13.467466287117269
4218.499,3.4989999999997963,13.29584103210334,-48.24754531224214,13.563055555555554,3.4259970884469135,-34.795069943489075,16.684810847565497,9.490808319960674,18.4310780944631,-35.25634733401373,13.969319403469846,12.411687814792813,18.24198184689604,-35.35841836302377,13.80557505042167,12.41309917382994,18.506520310234382,-35.40215387413929,13.862007781617722,12.39961202926344,18.262402151227917,-34.93480446713502,14.20900412270274,12.238524237606352,11.387189422802138,-0.883083701133728,True,True,False,False,0.005837762494965073,False,False,13.783748924694052
4218.599,3.59900000000016,13.702856573913955,-49.60412529114258,13.90611111111111,3.409298217889075,-35.740205962525856,17.267472391154474,9.414993064913832,18.965954094069115,-36.37663300116516,14.236107185184983,12.416829185823627,18.774050099111903,-36.48019722357636,14.069630119255516,12.418235212668723,19.044960213275107,-36.52428433172011,14.128705206686895,12.492911290045006,18.793859180152637,-36.04238233364158,14.485826851859617,12.331175019468255,12.331175019468255,0.0,False,False,False,False,0.0,False,False,14.168320791625483
4218.7,3.699999999999818,14.048819784434144,-50.96070527004305,13.946111111111112,3.383539386222104,-36.69175583226745,17.814351630926193,9.434782842968312,19.508895719713564,-37.510197850705396,14.516493345731769,12.472068663291445,19.315204185769495,-37.61476879562672,14.347432698632337,12.473425800901564,19.586746718790987,-37.664742449544654,14.403168472747607,12.509214576489136,19.32862196660005,-37.16805555492957,14.768666061856221,12.346823342203528,12.346823342203528,0.0,False,False,False,False,0.0,False,False,14.56046325187348
4218.799,3.798999999999978,14.442268141510205,-52.306165740790206,13.95111111111111,3.3552214102100386,-37.62251692985921,18.39924312641118,9.377222291656643,20.045147362717763,-38.62227874136608,14.78651476787035,12.469779228177277,19.850517372441203,-38.72745085627429,14.616109525412016,12.471134355144414,20.124803793887597,-38.7790304847226,14.67223908190183,12.488638541387273,19.859674562802393,-38.26783768100273,15.047356812665612,12.3256053129712,12.3256053129712,0.0,False,False,False,False,0.0,False,False,14.947316697398065
4218.899,3.899000000000342,14.788231352030387,-53.67386522784393,13.981944444444444,3.3287401490341773,-38.558717569508595,18.968068625055842,9.354279753154263,20.58879707016672,-39.744717784770295,15.088661674956574,12.473616377691853,20.393699237105466,-39.850265597440355,14.916875576081676,12.474958447588136,20.667252956497084,-39.90551708807041,14.970982116207047,12.51714608158713,20.395036315599203,-39.37960608998924,15.354546759824673,12.353464374251395,12.353464374251395,0.0,False,False,False,False,0.0,False,False,15.340568978286761
4218.999,3.9989999999997963,15.215597670927764,-55.052684223051,14.29111111111111,3.2978845390525175,-39.490757332460184,19.601159527991328,9.296929486212502,21.135807643438476,-40.867521098207305,15.371003187724629,12.505637803145582,20.941035800051758,-40.9730611081665,15.199224612710246,12.507015331813271,21.216224320137083,-41.0324024676423,15.250436737492052,12.552678144416472,20.789300900534563,-40.20623293502042,15.858224476264496,12.2986070800941,9.933780287338935,-2.4545676708221436,True,True,False,False,0.04507321180478544,False,False,15.664037818138526
4219.099,4.09900000000016,15.568344473830294,-56.409264201951444,13.991111111111111,3.2589658052463877,-40.41759269995893,20.180544111451205,9.25627784256842,21.6867625302412,-41.99277473185658,15.661104946790031,12.552318987293322,21.493599083028574,-42.097676034618466,15.489680372918311,12.553672935239886,21.767283135609194,-42.16345789266374,15.53608180765789,12.610407457857667,21.32920778015871,-41.31439886587865,16.156809881544476,12.355245916704003,12.355245916704003,0.0,False,False,False,False,0.0,False,False,16.059616377565195
4219.2,4.199999999999818,15.927874869069974,-57.765844180851914,14.025,3.214798101640364,-41.35020538743421,20.762839832029695,9.232010754019809,22.248435539709767,-43.1312632769562,15.941155711676231,12.586328137939557,22.05830664203442,-43.23481524132608,15.771271215863013,12.58770527772798,22.329803427571907,-43.30669289273341,15.81302454437043,12.619952416941242,21.880325672782636,-42.4344602627999,16.446367483834337,12.363689494187978,12.363689494187978,0.0,False,False,False,False,0.0,False,False,16.462352072958776
4219.3,4.300000000000182,16.32810681849824,-59.100185143445785,13.936111111111112,3.1641173208184163,-42.27338116431603,21.364268104643365,9.259682362268334,22.816105880590108,-44.25906125457537,16.19731737401305,12.666430655211538,22.630331027158732,-44.36055029318886,16.030435599045177,12.667641058912054,22.892715084644156,-44.444682007254094,16.058575710905238,12.772083802500978,22.431851058481925,-43.54943075136994,16.705737215394002,12.514730402916422,12.514730402916422,0.0,False,False,False,False,0.0,False,False,16.865375569273795
4219.4,4.399999999999636,16.714771583207032,-60.490123646016045,14.156944444444445,3.096676546459989,-43.20277236080259,22.006931337381996,9.37817570711202,23.40019909503585,-45.39198641565432,16.512077060223294,12.826288065229573,23.22007314573059,-45.490679152899574,16.349381747376672,12.827495103042995,23.47863183502872,-45.58896386538399,16.364423861355455,12.939232066154608,23.00601367440853,-44.670757056839086,17.02445553704651,12.680788189738768,12.680788189738768,0.0,False,False,False,False,0.0,False,False,17.27459144624455
4219.5,4.5,17.09465275559372,-61.835584115973106,14.033055555555555,3.014921770777486,-44.1490686542077,22.606451596481502,9.618315745302175,23.98575226633823,-46.54171709225187,16.77467200890232,12.979533612081912,23.813090271481954,-46.63674533780281,16.617523968982493,12.981125773528433,24.078021192237326,-46.743742515938635,16.629224804615554,13.082154009913262,23.4620381749717,-45.54718811613295,17.488723261762594,12.749282138319966,10.856017569645255,-1.966602087020874,True,True,False,False,0.028911589041198494,False,False,17.609066139748624
4219.6,4.600000000000364,17.474533927905107,-63.21440311197024,14.12,2.9281255376769386,-45.12216145313399,23.214805734639054,9.920806193862642,24.556108064440966,-47.71621512468884,17.03944022379747,13.135356163231778,24.3931199832115,-47.80670698710347,16.889758224465936,13.137317081286263,24.666688751051467,-47.921711846975285,16.8995117422534,13.255205308367037,24.035792644651103,-46.69531520196906,17.77443054858362,12.920856129290657,12.920856129290657,0.0,False,False,False,False,0.0,False,False,18.026551143230396
4219.699,4.698999999999614,17.827280730792566,-64.57098309087071,14.014999999999997,2.8379741372437217,-46.10559686605816,23.783393378298737,10.02992842924911,25.108685345199532,-48.90092305321807,17.27916765189647,13.27377381509911,24.956607790348905,-48.98648346490852,17.13779253327972,13.275782525436036,25.228901600209674,-49.113289989943205,17.138385790296958,13.36199520484237,24.583850246167316,-47.85689210301632,18.028091112659897,13.02618349135775,13.02618349135775,0.0,False,False,False,False,0.0,False,False,18.445391215091174
4219.801,4.801000000000386,18.227512680235897,-65.93868257713437,14.088055555555554,2.746805262588815,-47.118524561180855,24.369051066798907,9.911837522991537,25.680889469688406,-50.128819853847304,17.47868945014847,13.288723871756524,25.540921937149665,-50.20888423369701,17.346829995256098,13.29066590598167,25.79789697457531,-50.347269774316985,17.332134073790186,13.282039628150683,25.138470619959325,-49.0596968358741,18.239010370584637,12.944721061033311,12.944721061033311,0.0,False,False,False,False,0.0,False,False,18.879602238400217
4219.9,4.899999999999636,18.66166259150055,-67.29526255682491,14.135,2.6634736259564717,-48.08949377974444,24.996071781300667,9.775810386831752,26.242422961698292,-51.31631614954332,17.686001698437604,13.248086931082717,26.115399572892795,-51.39038112843256,17.56483555969125,13.249957921160274,26.358031018257307,-51.536731596004074,17.53754215970776,13.278581872409648,25.684346471628718,-50.21888094950797,18.464043372970185,12.939800770884037,12.939800770884037,0.0,False,False,False,False,0.0,False,False,19.30259264860983
4219.999,4.998999999999796,19.055110948546485,-68.65184253572535,14.089999999999998,2.5729767010929976,-49.05463747658225,25.606858368046304,9.808205201115548,26.798614207701615,-52.506425792003945,17.90632079889628,13.291050784378566,26.686150560597586,-52.573797847353966,17.797086462732047,13.293078479271015,26.923818561410506,-52.72826786880288,17.761666297670363,13.368749910426805,25.976002739515486,-50.87086509295849,19.08040623263787,12.893271128378707,9.480118747027124,-3.5483875274658203,True,True,False,False,0.09404395411318953,False,False,19.640828932042606
4220.1,5.100000000000364,19.421424936183563,-70.00842251462582,14.051111111111112,2.472251130906469,-50.04109751912022,26.191001511160927,9.827224036325372,27.36241819732308,-53.72645258309233,18.115239960453845,13.322886331331176,27.26677625833868,-53.78612655989606,18.019778672638644,13.32478676951035,27.487418396604255,-53.95370538886027,17.96703070882607,13.340751523080646,26.519488786809102,-52.052569118390515,19.30790464070744,12.863019865371978,12.863019865371978,0.0,False,False,False,False,0.0,False,False,20.07328903295929
4220.199,5.198999999999614,19.787738923790513,-71.35388298537298,14.006944444444443,2.3728003590491142,-51.01065312395022,26.779228637292743,9.86252954250807,27.91359883465209,-54.926600877789724,18.327170996448746,13.357446828636208,27.836241116533873,-54.97792746360215,18.246925954735804,13.359484089144386,28.045671356104165,-55.155982389974945,18.181458460614582,13.438292026718083,27.05777751597381,-53.21185031524027,19.544482866937077,12.958352104748093,12.958352104748093,0.0,False,False,False,False,0.0,False,False,20.500499412506617
4220.3,5.300000000000182,20.133702134325766,-72.72158247163664,13.973888888888888,2.265751046290703,-52.00315119287147,27.359040018562936,9.905128268819041,28.47594516499817,-56.15733112335227,18.5463592522075,13.437050171628947,28.418778228949474,-56.199455726961716,18.48305056154983,13.43907566349452,28.608224926362723,-56.39447716741414,18.39543161135189,13.497757477968603,27.60023715239921,-54.40610711530935,19.77892268816351,13.015564680338043,13.015564680338043,0.0,False,False,False,False,0.0,False,False,20.940643229360013
4220.399,5.399000000000342,20.472881752523868,-74.07816245053708,14.01388888888889,2.1529445844343726,-52.9764162831648,27.944655824592967,9.888510733407218,29.027735800827912,-57.37127218091654,18.769808477150892,13.50184823905678,28.99111915001499,-57.40406623476068,18.72393796649052,13.503873660216843,29.1677821220674,-57.61194439211297,18.62089228753178,13.570919503614578,28.13981315176438,-55.58009987155283,20.0239895189914,13.086518441722676,13.086518441722676,0.0,False,False,False,False,0.0,False,False,21.37625693198132
4220.5,5.5,20.845979332467977,-75.43474242943755,13.981944444444444,2.0334795444562777,-53.968169050628866,28.54336912317321,9.892147506295105,29.59504336642183,-58.61424986943438,18.959828359754386,13.55444081820244,29.58003101795067,-58.63717090440803,18.932566333784905,13.556350514761997,29.73041288128507,-58.86355483508556,18.802590719646908,13.602434474689513,28.337331309232454,-56.102630057878066,20.732846480557757,12.946098308500861,8.767555897244485,-4.348224639892578,True,True,False,False,0.1410850336735644,False,False,21.728773967530348
4220.599,5.59900000000016,21.225860504824546,-76.74684437651491,13.701944444444443,1.9173603363018819,-54.93795060866252,29.12809685055498,9.83938967809338,30.14954442784767,-59.83664061242867,19.120332792630418,13.563156495558335,30.156944764816863,-59.8493740414907,19.112529130968145,13.565321110568934,30.296334047194353,-60.08504527559745,18.970741671378182,13.593909457263115,28.875871159351934,-57.265020366603686,20.92998159978972,12.934387998066061,12.934387998066061,0.0,False,False,False,False,0.0,False,False,22.164339696331766
4220.699,5.698999999999614,21.61252526953333,-78.12566337093189,14.12,1.8081213121606834,-55.91259168201474,29.759619788629184,9.775768670768834,30.692557699635174,-61.07718363405156,19.31573582006444,13.520871488457649,30.724224148257782,-61.07927190942912,19.32880022958857,13.523367143653015,30.846516639709478,-61.324159866866076,19.171779172044086,13.521443060611572,29.399224499077015,-58.443710438708585,21.166292923363546,12.858704133729287,12.858704133729287,0.0,False,False,False,False,0.0,False,False,22.605382857958023
4220.799,5.798999999999978,21.985622849477437,-79.46000433431583,13.876944444444444,1.7087889893047008,-56.88487546756053,30.344462999757564,9.771316462350846,31.22947670631661,-62.31533680655019,19.477896671977234,13.470324107671141,31.28731736539045,-62.30601458103777,19.513607696244556,13.472818101024234,31.3815885239031,-62.564356406803824,19.332539663619624,13.492548713391844,29.90797863226534,-59.62290735467076,21.360574377317583,12.826592318824298,12.826592318824298,0.0,False,False,False,False,0.0,False,False,23.047300581676872
4220.9,5.899999999999636,22.358720429481785,-80.82770382136958,14.016944444444446,1.617530593079701,-57.86636429530582,30.942205297309485,9.748150453279937,31.765313735793654,-63.562042310541806,19.661817439820535,13.400927455340366,31.852012811212845,-63.54022696585503,19.722562112336835,13.403875262273532,31.923931397257128,-63.80865945567992,19.52283616638122,13.38586494087064,30.423381082765296,-60.80540070355389,21.58544355797006,12.716658903941003,12.716658903941003,0.0,False,False,False,False,0.0,False,False,23.49440572385051
4221.0,6.0,22.718250824751593,-82.17316429211674,13.944999999999999,1.5276945728722202,-58.83627275118436,31.522217261120847,9.73323312378623,32.27471956728418,-64.80107709045997,19.827140705834747,13.393911729887376,32.39289088099048,-64.76622309372742,19.914825183816337,13.397487644035303,32.44811018188208,-65.0456904674598,19.698236538427697,13.484260643821989,30.553468503962826,-61.240701337998864,22.35080851795168,12.639174962356341,8.494578304368224,-4.317258834838867,True,True,False,False,0.13894231105979696,False,False,23.8363112189053
4221.1,6.100000000000364,23.070997627654123,-83.5186247620738,13.88888888888889,1.4297140653915565,-59.800206073019126,32.10776447109879,9.644978025352158,32.78247502110156,-66.04152901636438,19.994040833911864,13.414210050221214,32.93483065357426,-65.99247571095889,20.11121832523154,13.417317288960152,32.94640204958434,-66.29570999112981,19.853271914318796,13.42925711184301,31.02038879772038,-62.412021845166805,22.553968756445375,12.579915356076924,12.579915356076924,0.0,False,False,False,False,0.0,False,False,24.276468470258866
4221.199,6.198999999999614,23.457662392347842,-84.85296572545776,13.918055555555554,1.3372037421230298,-60.74268925108481,32.720331944633564,9.487225565012485,33.29770934762237,-67.26113831692308,20.156857782245716,13.332840032203098,33.48621951905739,-67.19650510306957,20.30572726482905,13.33592958226405,33.45924875295844,-67.5164848453325,20.01462712707136,13.320712147173943,31.500587795332777,-63.55508244678861,22.7659500392537,12.467156877850472,12.467156877850472,0.0,False,False,False,False,0.0,False,False,24.713007560145414
4221.299,6.298999999999978,23.851110749423903,-86.15394816359172,13.608055555555554,1.2617404895778537,-61.68515427224349,33.3016744809281,9.423299483215997,33.81017361301381,-68.48537575303241,20.28204585706563,13.210910828177191,34.03759777276215,-68.40408726407523,20.46514304442612,13.214427081131417,33.9775371673299,-68.73645743114261,20.147294989953743,13.189331161633442,31.985417890609824,-64.6962992068256,22.94771560349645,12.331519818009534,12.331519818009534,0.0,False,False,False,False,0.0,False,False,25.153203636712558
4221.399,6.399000000000342,24.264909883586725,-87.51052814328229,14.033888888888889,1.2063666800332753,-62.62309993820632,33.92757723936313,9.369452352801748,34.31534539650641,-69.6981109535553,20.452223843392645,13.064156263183573,34.58371911865886,-69.59932258304326,20.67097261018328,13.067665152435582,34.47720652710814,-69.9482712226633,20.315606584129068,13.026405596340346,32.45230653063898,-65.82861216942705,23.176258200008938,12.164338178416001,12.164338178416001,0.0,False,False,False,False,0.0,False,False,25.591514511277015
4221.5,6.5,24.6515746482955,-88.83374959772281,13.829999999999998,1.1637385188192462,-63.5674166450329,34.49733362045992,9.348996626983364,34.83238197040117,-70.90666051957119,20.616240213623428,12.96606989748202,35.14346724754161,-70.7890732852342,20.873192222001002,12.969502471157554,34.98690598424493,-71.15941903782794,20.47439949215341,12.99397330827044,32.66745689621776,-66.42599047325689,23.798362069534136,12.009764523236804,9.254143147789256,-2.8734641075134277,True,True,False,False,0.06148504292804494,False,False,25.923819957729375
4221.599,6.59900000000016,25.04502300537156,-90.14585154480018,13.646111111111113,1.1178426103229333,-64.49230964898757,35.08011079596831,9.359174533550743,35.34295109578449,-72.08446679912801,20.790886029376313,12.967460331552305,35.69753206670133,-71.94743837950764,21.086919903969036,12.971005787497296,35.50061332912303,-72.34068106282007,20.64808622876467,13.028826046575317,33.14220897899125,-67.51767548079619,24.033284683433237,12.039683701493573,12.039683701493573,0.0,False,False,False,False,0.0,False,False,26.354594668064884
4221.7,6.699999999999818,25.458822139534384,-91.45795349108745,13.680000000000001,1.0623896484457955,-65.4407228459777,35.666261490841464,9.453386594971215,35.83457031686102,-73.29908876362484,20.914122463770333,12.986925511672151,36.23679076694297,-73.14220138739,21.25162071131285,12.992105771005274,36.02321516447106,-73.55011455083209,20.791755469306985,13.060551826018107,33.62508255446529,-68.63516767686833,24.239788808613593,12.06637625300852,12.06637625300852,0.0,False,False,False,False,0.0,False,False,26.79730702174191
4221.8,6.800000000000182,25.865837681329936,-92.77005543816482,13.693055555555556,1.0095571140668724,-66.38916043136389,36.24619021357077,9.54495889079983,36.266907268369096,-74.52404783399624,21.00235801156167,12.999691559803615,36.72066122668147,-74.34841960061608,21.38185822448503,13.006443793588687,36.48529549318081,-74.77271888511406,20.896818112369584,13.079682207923712,34.05192675337302,-69.76454180345122,24.41855261665638,12.080523240926127,12.080523240926127,0.0,False,False,False,False,0.0,False,False,27.23735068768845
4221.9,6.899999999999636,26.259286038390925,-94.08215738445209,13.665000000000001,0.9761145423956192,-67.33731304515777,36.80387832320111,9.432338236572523,36.669311313313,-75.75463082938653,21.077638763655425,12.894446761082255,37.17768943435179,-75.5605164265336,21.500295730314352,12.901498338622012,36.889756289109464,-76.00454383769143,20.97157622348488,12.85084998294208,34.425140336801874,-70.90120031111427,24.577183468794942,11.846707621956542,11.846707621956542,0.0,False,False,False,False,0.0,False,False,27.674748669109157
4221.999,6.998999999999796,26.618816433660726,-95.39425933152945,13.631944444444445,0.973726490298602,-68.2577053010331,37.33715579490732,9.164108997661428,37.05296812811539,-76.95966154025024,21.18267965364929,12.654219581740337,37.61742995372384,-76.74703053713985,21.649218024539085,12.662111968701685,37.27991593350254,-77.2026281260586,21.08540937381554,12.603940060295818,34.784442271205435,-72.00452816312335,24.774118943952086,11.594864139262171,9.911493072215052,-1.6833710670471191,True,False,False,True,0.0,False,False,28.10347997489692
4222.099,7.09900000000016,27.005481198369516,-96.70636127781673,13.556111111111111,0.9884894375693667,-69.16675562290789,37.88553470533879,9.019326823008187,37.427924179407526,-78.15890576453826,21.275230285710943,12.475702195654977,38.050935707486914,-77.92721047100619,21.786660375971223,12.483561483317937,37.652614095160516,-78.40101876520006,21.17656731923614,12.496211681665221,35.12710002549796,-73.10632550858554,24.9584130241119,11.482152366643575,11.482152366643575,0.0,False,False,False,False,0.0,False,False,28.533191482617752
4222.2,7.199999999999818,27.405713147812847,-98.00734371674078,13.543888888888889,1.0063324944073913,-70.07890559114276,38.43078134801262,9.046522641369364,37.808502841983916,-79.3547421280032,21.357377635124767,12.374676424512401,38.49111742252686,-79.10326220586565,21.914618082541587,12.382535512371675,38.02969088377233,-79.60057434440301,21.252718923954045,12.40331580026949,35.47338689755733,-74.20793229513106,25.129650688924496,11.384223257320002,11.384223257320002,0.0,False,False,False,False,0.0,False,False,28.966995790367346
4222.3,7.300000000000182,27.805945097241114,-99.3083261556648,13.538055555555555,1.028668938085286,-70.98443715713447,38.97775271234558,9.069739769539837,38.18902992476927,-80.52844859538172,21.45908319837708,12.302380148414521,38.931022146878284,-80.2568652894723,22.061856234152827,12.310187927248663,38.40926245457701,-80.7786362727043,21.348998715140468,12.350710007787967,35.82162907267733,-75.28875836297378,25.321746119526292,11.32663407085048,11.32663407085048,0.0,False,False,False,False,0.0,False,False,29.397292584165108
4222.399,7.399000000000342,28.192609861949904,-100.62042810274217,13.603888888888887,1.0511729577859485,-71.88328686153432,39.528228950205225,9.094628969530069,38.559303848187135,-81.68851178393763,21.584387869627083,12.298586666472604,39.36190932682735,-81.39665713820253,22.233007458128306,12.306732138268996,38.78921470700553,-81.94329908992412,21.473778950238493,12.398234017324551,36.17006182131386,-76.35680484524858,25.541400771013787,11.369224520338955,11.369224520338955,0.0,False,False,False,False,0.0,False,False,29.82580432912122
4222.5,7.5,28.572491034291403,-101.94364955718275,13.676944444444445,1.064301677580918,-72.80318044901306,40.07327565259462,9.123447328726918,38.92942965792072,-82.87764856785628,21.697432368338486,12.362952882553913,39.79670276796555,-82.5645854948141,22.39488899226198,12.371193313258168,39.163562038302395,-83.14251006906235,21.579009038038855,12.478624923306702,36.51336431308991,-77.45656456806296,25.742470737951944,11.444582198393263,9.514153455030836,-1.9304287433624268,True,False,False,True,0.0,False,False,30.266570817429155
4222.6,7.600000000000364,28.925237837178877,-103.2668710124134,13.665000000000001,1.065831995299861,-73.71470259429465,40.613755700198155,9.10726311324686,39.285535780124576,-84.06522743147627,21.81831546375542,12.434595886283061,40.22032920393133,-83.73071134233177,22.56636044288511,12.44344417023258,39.534462962100484,-84.33759392356623,21.699612643031728,12.547704528362765,36.85354146851626,-78.5526530381537,25.95477930073572,11.508678409461327,11.508678409461327,0.0,False,False,False,False,0.0,False,False,30.70754239784174
4222.7,7.699999999999818,29.31868619425493,-104.59009246764406,13.705,1.0616247450626504,-74.61896375275933,41.191383543013174,8.978168492499465,39.634930023577525,-85.26010902773017,21.910571570211985,12.4638347698829,40.64072622421552,-84.90342471537974,22.7102064637923,12.472541386616129,39.883224661074735,-85.54237025653744,21.781303782106335,12.537117457660003,37.173342107038415,-79.65738512798394,26.140686961007084,11.493107944770612,11.493107944770612,0.0,False,False,False,False,0.0,False,False,31.150696898832717
4222.799,7.798999999999978,29.68500018187695,-105.90219441393133,13.65,1.056531470706434,-75.50077098363474,41.75925965980067,8.83641619798622,39.9887783112445,-86.44171325811337,22.0199493767624,12.454512436728475,41.06797947051546,-86.06141281851853,22.874195762964966,12.463029675899037,40.234660076868316,-86.73233190484613,21.88101808685371,12.528986971056675,37.495433606854625,-80.74798816570578,26.338886883546877,11.480043898119176,11.480043898119176,0.0,False,False,False,False,0.0,False,False,31.592030357827454
4222.899,7.899000000000342,30.044530577131688,-107.22541586837188,13.646944444444443,1.0497900970354428,-76.38177468979652,42.33231834734358,8.784207350577919,40.35253745066903,-87.63314468361087,22.13847546427057,12.46000806602208,41.509155354946834,-87.22730112009275,23.051295295089872,12.468447597984182,40.598921724341075,-87.93210922248382,21.991517769825723,12.548111423502485,37.82914966603966,-81.84715674718976,26.545363632492478,11.494184956576989,11.494184956576989,0.0,False,False,False,False,0.0,False,False,32.04099886888147
4222.999,7.998999999999796,30.417628157105923,-108.57087633911904,13.796944444444444,1.0407230739434417,-77.25896098129142,42.93528380762026,8.760460302354454,40.722106495048564,-88.82356079327145,22.274172152616643,12.469388738985952,41.95934399747805,-88.39052101693947,23.24775140673433,12.477742389633573,40.967196074102326,-89.13162746235959,22.117363769850904,12.547465911987716,38.16641841611358,-82.94568565021011,26.7711439486817,11.488556051074267,6.868242883502246,-4.6203131675720215,True,False,False,True,0.0,False,False,32.49299912510995
4223.1,8.100000000000364,30.7568077752739,-109.88297828540631,13.571944444444444,1.0282481485740391,-78.14402268189313,43.487337930483044,8.767335203279897,41.10184946235732,-90.02593797379762,22.390219682806737,12.499334100175336,42.423599887349,-89.56376074002685,23.43042124766079,12.50761899631045,41.34764651777565,-90.34366654243473,22.22499873247922,12.607918444104556,38.51476279711838,-84.05544123105769,26.967527443477522,11.54397535526322,11.54397535526322,0.0,False,False,False,False,0.0,False,False,32.953389749495685
4223.2,8.199999999999818,31.123121762895913,-111.20619974063696,13.631111111111112,1.0100845354163053,-79.0234045498814,44.07411164565534,8.824162370510255,41.48104758658168,-91.21985167990206,22.510902606821837,12.554377669982363,42.88975465784022,-90.72737515317966,23.618550043731116,12.562688773326208,41.73022187343367,-91.54764889785028,22.337618359919194,12.658164868718048,38.86504255219394,-85.15778783632943,27.17456715836032,11.589238385888759,11.589238385888759,0.0,False,False,False,False,0.0,False,False,33.41368625513563
4223.3,8.300000000000182,31.536920897058735,-112.52942119586761,13.766944444444446,0.9875936147462308,-79.90700354591517,44.693215712563926,8.853556035645727,41.86377616384071,-92.41805108689529,22.60776741213356,12.6024740213771,43.362547379440606,-91.89386613918833,23.783851122096547,12.610689933900941,42.11392806474385,-92.75632065752916,22.424285619044877,12.704152563908767,39.21632979833694,-86.26434015048059,27.36471822244438,11.630242687091481,11.630242687091481,0.0,False,False,False,False,0.0,False,False,33.878045417837214
4223.4,8.399999999999636,31.937152846487002,-113.8748816666148,13.803055555555556,0.9599169616594445,-80.79140945979958,45.32223820955186,8.843404774299989,42.251004022335636,-93.62033997882847,22.729319942748585,12.65970828655239,43.842876684500524,-93.06296737583276,23.976697782511696,12.667913104203011,42.50367302866127,-93.96906931921512,22.536475189571803,12.772585479551852,39.57314102546042,-87.37461065614443,27.57848217538083,11.693692208746613,11.693692208746613,0.0,False,False,False,False,0.0,False,False,34.3469687940258
4223.499,8.498999999999796,32.3102504264763,-115.20922262841857,13.878055555555557,0.9252704555060582,-81.66804519156328,45.93503621016113,8.880352231379948,42.64206963680794,-94.81445510044878,22.862480852149638,12.724769998315615,44.32886767301138,-94.22256032979978,24.18444034818623,12.732746778841223,42.89304895583247,-95.17540795996439,22.6572141906924,12.83594769312326,39.929632947166844,-88.4790702548508,27.794892262981623,11.752120862269912,7.81457890059999,-3.937541961669922,True,False,False,True,0.0,False,False,34.8158956567688
4223.599,8.59900000000016,32.64943004464428,-116.53244408364922,13.661944444444444,0.885059247757807,-82.55757521479065,46.51093384117577,8.928452813945265,43.045226245457506,-96.02473733625705,22.99214245532324,12.788516127139097,44.83055017493862,-95.39629820997305,24.395006661650665,12.796465811812165,43.29871709852376,-96.39655648389714,22.778526822114173,12.899400445075305,40.301053655768925,-89.59712662244839,28.001047670078183,11.81059022023396,11.81059022023396,0.0,False,False,False,False,0.0,False,False,35.294580027185546
4223.699,8.698999999999614,32.98182607042991,-117.87790455439638,13.829999999999998,0.8442576665171255,-83.44817200450018,47.098086865323474,8.9021836528426,43.44843767994055,-97.23945081550333,23.140780698083013,12.809249363599005,45.33503062300924,-96.57343840958764,24.626854050673394,12.817287892804233,43.707036161772244,-97.6190210765542,22.922750517165653,12.87767570976005,40.67479941242759,-90.71608234921788,28.230239537531638,11.783882090930753,11.783882090930753,0.0,False,False,False,False,0.0,False,False,35.77670653145112
4223.8,8.800000000000182,33.31422209624568,-119.22336502593363,13.86611111111111,0.8087904075406862,-84.34344527143014,47.67821191435004,8.840109621067954,43.85013630745049,-98.46734078730307,23.27698499506512,12.773542701610966,45.84165512227724,-97.76278130188312,24.849411099635496,12.781760896331797,44.113713124092,-98.85185369212044,23.057048390551042,12.828791044036658,41.04678906283455,-91.84376111188702,28.45057648594942,11.729964197279473,11.729964197279473,0.0,False,False,False,False,0.0,False,False,36.2651695015108
4223.9,8.899999999999636,33.67375249150042,-120.55770598931757,13.756944444444443,0.7778323684932325,-85.22682627440443,48.27434745461537,8.838356857356558,44.249634889354446,-99.67980401499985,23.403762076693106,12.758402229541383,46.34730296134346,-98.93582796650848,25.062411909967746,12.766382360340941,44.50988156935148,-100.07302901476346,23.174202988316043,12.84780223209387,41.40897265266393,-92.96017931090894,28.66107307319714,11.743991991348732,11.743991991348732,0.0,False,False,False,False,0.0,False,False,36.750891064500856
4224.001,9.001000000000204,34.0604172562092,-121.88092744217796,13.65611111111111,0.7458051156208463,-86.11968645319351,48.87463287995173,8.853416614151332,44.66226105548211,-100.90079666820743,23.50670073058078,12.763104448798352,46.869115860678846,-100.11516951563063,25.254919878257404,12.77096947918949,44.92146625900224,-101.3031365510387,23.26817275594552,12.838095067420934,41.3833046193995,-93.1421027211237,29.657119308548015,11.562145469067358,8.671465610893906,-3.057785987854004,True,True,False,False,0.06863588556795325,False,False,37.03904105507449
4224.099,9.09900000000016,34.41994765146394,-123.22638791371519,13.74388888888889,0.7142561702303374,-86.98619152900297,49.49167073589871,8.842077788846458,45.06425420632115,-102.08551840529488,23.66933935719017,12.768878413687554,47.37940521113857,-101.25828726281149,25.505783392188587,12.776873579551562,45.32818719676767,-102.49481976938637,23.426216248055884,12.859427927846749,41.74954218843055,-94.21517057777397,29.92279544744352,11.577549289735776,11.577549289735776,0.0,False,False,False,False,0.0,False,False,37.51232407085894
4224.2,9.199999999999818,34.79982882380545,-124.56072887630906,13.741944444444442,0.679603816070605,-87.87783686376142,50.09814688172294,8.827649185305772,45.47492780653767,-103.30944630026572,23.781815519803647,12.795291070071212,47.90460415862508,-102.43851268604912,25.712401399805028,12.803470909283387,45.743836992647374,-103.72698602938263,23.53329887226899,12.890749510642886,42.123710132924685,-95.32436663981477,30.139743101983722,11.602760331557471,11.602760331557471,0.0,False,False,False,False,0.0,False,False,38.00349128581654
4224.3,9.300000000000182,35.16614281142746,-125.89506983969305,13.67388888888889,0.6387742967842878,-88.76069997791967,50.706021354243084,8.848694678758008,45.88412593662452,-104.52495786494526,23.907255134901362,12.855616072675316,48.43011599742915,-103.60933697862097,25.934279898120163,12.863739943234101,46.15335000100206,-104.95399897907157,23.64840735897895,12.980173802635994,42.49235199785627,-96.4289184680604,30.363257692469073,11.686134582981781,11.686134582981781,0.0,False,False,False,False,0.0,False,False,38.494340350649544
4224.399,9.399000000000342,35.5392403914017,-127.22941080228689,13.64111111111111,0.5894193206867244,-89.63895128487049,51.327698561356854,8.921975876627561,46.29410339462139,-105.73448912235436,24.035364283581334,12.94488544789168,48.958351139471226,-104.77298763323338,26.160341641816498,12.953112253912842,46.56793644901231,-106.17503283400845,23.768024073580133,13.070294805642463,42.86565452711334,-97.5283635380671,30.59131498774405,11.770266045825153,11.770266045825153,0.0,False,False,False,False,0.0,False,False,38.98605305259113
4224.499,9.498999999999796,35.925905156110474,-128.54151274936424,13.581111111111111,0.5323480564857379,-90.5308831677169,51.937576429379156,8.953209031361219,46.70714632747251,-106.96531965125196,24.119852192791317,13.020929248157941,49.49454644909969,-105.95629477155,26.347677272260558,13.029373120289357,46.98786249153561,-107.41602863154559,23.846445842157994,13.132059674158542,43.001622602483806,-98.06755830783686,31.28462364621314,11.726913107389697,10.032942743965972,-1.7930381298065186,True,True,False,False,0.02358519612471748,False,False,39.27626508655848
4224.599,9.59900000000016,36.29221914374755,-129.8647342038048,13.591944444444444,0.47475943184189845,-91.42599144136153,52.5397693692242,8.986019661265093,47.12530027656882,-108.20017686044712,24.222070343261773,13.054127465562516,50.03903915370341,-107.1417876475458,26.557623398653835,13.062267330576454,47.40263143125158,-108.66231434959772,23.93708146103854,13.137781317832864,43.37191496483257,-99.180202092145,31.490674870992688,11.725955581650066,11.725955581650066,0.0,False,False,False,False,0.0,False,False,39.774604022576426
4224.699,9.698999999999614,36.65853313135452,-131.18795565903548,13.541944444444445,0.424538637193479,-92.32381277611479,53.134959857206695,8.998799820412012,47.55555720896445,-109.43182524205356,24.33257784265236,13.038868683153693,50.59772197849457,-108.32163426394317,26.78002314897973,13.046836426814588,47.82990912372573,-109.90276926591524,24.038693836246573,13.101842352647676,43.75310445266074,-100.2868556398343,31.70506149859634,11.683337447050985,11.683337447050985,0.0,False,False,False,False,0.0,False,False,40.27558267308041
4224.801,9.801000000000386,37.03163071134381,-132.51117711347598,13.568888888888889,0.3782923589502453,-93.23988475026556,53.71872686737646,8.986272772122364,47.99738521928639,-110.68622288459657,24.424913490555994,13.03831766567789,51.17298797986171,-109.52163098820911,26.990687587418684,13.0465079746132,48.27675243090441,-111.16419520069823,24.127710195378963,13.137996713259412,44.1515197539994,-101.4115706928495,31.90420567100205,11.71267905486046,11.71267905486046,0.0,False,False,False,False,0.0,False,False,40.78969078624506
4224.9,9.899999999999636,37.41151188368532,-133.8121595524001,13.40611111111111,0.33048765606299485,-94.13110088692602,54.3101166872463,9.04403673862629,48.424500765706455,-111.90608462802932,24.518606051479903,13.072278590756932,51.73244709020735,-110.68764913757761,27.199856012755575,13.080524911411995,48.7071960524803,-112.39328862857161,24.214882045816175,13.17083882528486,44.535215428728094,-102.50717952168036,32.10527880149021,11.738908789166171,11.738908789166171,0.0,False,False,False,False,0.0,False,False,41.29249425745987
4224.999,9.998999999999796,37.784609463674606,-135.11314199132414,13.446111111111112,0.27971846872002853,-95.02809432211863,54.894698242962434,9.106046047579593,48.85545950793287,-113.12825258319023,24.61501742819476,13.108079389079125,52.29829154675657,-111.85441182690441,27.415606804702733,13.116232254460266,49.13864081982254,-113.62578831129238,24.30268290142397,13.209627610194488,44.726943225550016,-103.13821890610656,32.71989768270762,11.693576527062064,10.382509761671244,-1.3885754346847534,True,True,False,False,0.014136387628517617,False,False,41.582396497252404
4225.1,10.100000000000364,38.15092345129662,-136.39188541394162,13.266111111111112,0.2271951306811253,-95.94700395473609,55.44364351289552,9.119884603978072,49.3031957680143,-114.37577887537566,24.679589237742885,13.138388110418664,52.88594167313962,-113.0433648313294,27.609313200344406,13.146397642608129,49.58553979874792,-114.88403153731801,24.358535041984645,13.230982396706887,45.12247127133395,-104.25182736748076,32.8874719344151,11.707691541422777,11.707691541422777,0.0,False,False,False,False,0.0,False,False,42.09665891496927
4225.199,10.198999999999614,38.51723743890357,-137.69286785207555,13.28888888888889,0.17764596341595768,-96.84106934838867,56.02493833546911,8.969792750746928,49.73674463377367,-115.60082100833192,24.7777294246649,13.114864330079042,53.45900410914854,-114.21059684737388,27.832956055120995,13.123304451121951,50.03100958131426,-116.1125009675489,24.45974619283951,13.167890825153888,45.51641153151839,-105.33819413333815,33.10307160105671,11.637503559542974,11.637503559542974,0.0,False,False,False,False,0.0,False,False,42.602956846723444
4225.299,10.298999999999978,38.88355142652559,-138.9938502909996,13.35,0.1276524662474553,-97.73024124062015,56.61011513927388,8.841800213288792,50.169243317882405,-116.83800573469279,24.864599121439046,13.097401639269645,54.03453745702886,-115.38899883781676,28.04891067088584,13.1057609445552,50.461173055468464,-117.35855424154133,24.538283512313377,13.196398477696981,45.89651801980722,-106.43924748318223,33.30140934575044,11.65884312084679,11.65884312084679,0.0,False,False,False,False,0.0,False,False,43.11611210014553
4225.399,10.399000000000342,39.243081821750216,-140.28371322177043,13.261111111111111,0.07014932624594,-98.61068183946777,57.19405725149875,8.804875205359599,50.60519062040334,-118.0739675044832,24.947350985204597,13.114455557369812,54.61565612779428,-116.56464933805566,28.26499659144838,13.12287238323437,50.901601160525225,-118.60283200556694,24.616695218564903,13.2021171605717,46.285521937537766,-107.5382439354831,33.49420429811165,11.657393712482232,11.657393712482232,0.0,False,False,False,False,0.0,False,False,43.63287518833386
4225.502,10.502000000000407,39.60939580940236,-141.54021762887135,13.108055555555554,0.004130306610762746,-99.51420711175658,57.74740353930431,8.786094560989282,51.05168088862392,-119.34949766263212,24.967057104397078,13.126693016205925,55.214424193601225,-117.77714656463655,28.42886661960911,13.135075667776944,51.35282179155527,-119.88661294883129,24.633039792882993,13.220591120834744,46.46212804034279,-108.12722614633486,34.1084731238592,11.58089013650227,10.114161580776289,-1.5543229579925537,True,True,False,False,0.017702523029558912,False,False,43.94695028177196
4225.6,10.600000000000364,39.96214261228982,-142.80784154254548,13.02888888888889,-0.05798595414942184,-100.37261492866027,58.32974496983608,8.778278678633415,51.47291997291725,-120.56476456057216,25.04500886547905,13.122371975465374,55.782678905163046,-118.93193103084164,28.641726054080763,13.130813718533553,51.77889541452579,-121.10881828886855,24.70795938463482,13.194578638659067,46.83518331861157,-109.197346727962,34.30603518671166,11.547315821055799,11.547315821055799,0.0,False,False,False,False,0.0,False,False,44.45218924972339
4225.7,10.699999999999818,40.32845659992689,-144.0532264414931,13.043055555555554,-0.11858778939274632,-101.24439372367182,58.89447816641216,8.699378119012408,51.90031112963837,-121.8045235468393,25.07812986949746,13.104831907690736,56.36175052162224,-120.10945256312357,28.816155564508684,13.113287444000644,52.20867433075192,-122.3558675929847,24.73691481031448,13.186034574441702,47.21116386833089,-110.2882943412274,34.45928465708618,11.531055600439704,11.531055600439704,0.0,False,False,False,False,0.0,False,False,44.96975046911359
4225.8,10.800000000000182,40.70155417990113,-145.27637232413417,12.786111111111111,-0.17958051512959275,-102.11144098854881,59.45147997450563,8.68443997134213,52.32874332549943,-123.04337960180702,25.089788616458513,13.112107785557951,56.94352395904603,-121.2850694943247,28.972127877984388,13.120585071614082,52.63891283188729,-123.60352135268009,24.742938403047585,13.209003382936414,47.58732435918877,-111.3791266340817,34.589551837711745,11.546308252535615,11.546308252535615,0.0,False,False,False,False,0.0,False,False,45.490347906166726
4225.9,10.899999999999636,41.06108457515587,-146.52175722229174,12.915,-0.24135438926265812,-102.97849078499164,60.01589386520227,8.700515135989036,52.7574779160236,-124.28317296367206,25.1268829545573,13.12452555933226,57.52754898371241,-122.46067838505638,29.156130829208365,13.133111909277446,53.07176987143678,-124.85159630453617,24.77604559827333,13.2111124544869,47.96557306222941,-112.46974706693503,34.74494721378416,11.54070116768737,11.54070116768737,0.0,False,False,False,False,0.0,False,False,46.01423203422686
4225.999,10.998999999999796,41.413831378043334,-147.77826162939272,13.033888888888887,-0.30106826685836247,-103.8359495324133,60.58927004687021,8.663846290747104,53.17932898395661,-125.51214790349584,25.183461921851098,13.125206858404372,58.104979528949684,-123.62564115820939,29.35887433503758,13.133906841468331,53.498103545202675,-126.0880467667142,24.82931844813993,13.21086059545063,48.08118212589662,-112.91125081914275,35.49876066621182,11.432959419916697,9.774543388004536,-1.7582669258117676,True,True,False,False,0.02264239972961263,False,False,46.310511269376335
4226.099,11.09900000000016,41.78014536569548,-148.95692947942064,12.47111111111111,-0.3600078402475945,-104.70104476615661,61.109539713321944,8.678170285112843,53.60457584513587,-126.75439580604585,25.154913191670136,13.135145506593712,58.689012999246636,-124.80259091439501,29.48460405301109,13.143905034640072,53.92559920685234,-127.3391099868278,24.796011143367373,13.230861900919118,48.45105471252,-113.9936804921531,35.593957510499095,11.444625481809679,11.444625481809679,0.0,False,False,False,False,0.0,False,False,46.83263483296366
4226.2,11.199999999999818,42.146459353287376,-150.16895585390836,12.633888888888889,-0.4174186394643916,-105.57869809531849,61.643935604074976,8.7382876774607,54.03449560609338,-128.01009104270108,25.146385340032275,13.147102878137172,59.28026368330349,-125.99186523662723,29.632734628034278,13.155862401804647,54.35915060971613,-128.60334862050692,24.78356800523661,13.23473570820001,48.82594503666027,-115.0868630491463,35.712305506034205,11.440080693079366,11.440080693079366,0.0,False,False,False,False,0.0,False,False,47.36323682806735
4226.3,11.300000000000182,42.49920615617484,-151.38098222918626,12.63888888888889,-0.47035776861821776,-106.45217918505116,62.16896948531124,8.763449775680346,54.459900569313355,-129.25395812007238,25.152801171435947,13.144909109821395,59.86612226879359,-127.16968280801493,29.795919098499848,13.153720470988995,54.78708666780429,-129.85529107496816,24.78603209743072,13.226474990343242,49.19569924681955,-116.16859239787725,35.843485005578444,11.423484731647092,11.423484731647092,0.0,False,False,False,False,0.0,False,False,47.89126564704456
4226.4,11.399999999999636,42.85873655142958,-152.60412811182732,12.67388888888889,-0.5195399817929967,-107.32823487426556,62.702323588937425,8.78528280834372,54.8844629881427,-130.49773687890843,25.165663704212815,13.139990129132915,60.45236066258648,-128.34692040731045,29.965776061780115,13.14885681000975,55.215279123131,-131.106634244849,24.795692910000312,13.225054323669905,49.565383828304924,-117.24895304014734,35.98565717123367,11.413728821398324,11.413728821398324,0.0,False,False,False,False,0.0,False,False,48.421904764846396
4226.5,11.5,43.211483354317046,-153.81615448552503,12.636944444444445,-0.5681162945493754,-108.20721384133725,63.22047779082399,8.821129493486783,55.31008494027723,-131.74186859322396,25.172410651164114,13.158460621294783,61.04082712583058,-129.52380398198642,30.13310127267987,13.167327451952577,55.64218715672847,-132.36036001059117,24.796643191647703,13.263273406279739,49.79250592814533,-117.97513846311335,36.44020153122109,11.389443141466135,10.496563102269963,-0.9470495581626892,True,True,False,False,0.0065661375903151705,False,False,48.72761760056314
4226.599,11.59900000000016,43.55744656485229,-155.02818086080288,12.625,-0.6185765239558927,-109.08069816829128,63.73925149953965,8.854459817022269,55.72894009742048,-132.9771595435417,25.1871553762559,13.19269119565668,61.62243344123553,-130.6923199878021,30.308049677832265,13.201680545010621,56.069495307506195,-133.6036370319608,24.810530869220074,13.2955074958697,50.15937935342901,-119.04257726243463,36.58618841699389,11.413096204428022,11.413096204428022,0.0,False,False,False,False,0.0,False,False,49.25454722002314
4226.7,11.699999999999818,43.92376055247431,-156.2068487116208,12.441944444444443,-0.6718554020175458,-109.9721556898723,64.23718394493838,8.82966546072,56.15005428717353,-134.24253217902282,25.13788891755437,13.215379286494985,62.21127125354143,-131.88990401975812,30.426088259727923,13.224429771971984,56.4956590730009,-134.87775289886673,24.758492696447863,13.308412716448485,50.52509481824656,-120.13596885089127,36.66996029471047,11.417247044305482,11.417247044305482,0.0,False,False,False,False,0.0,False,False,49.795508396735386
4226.8,11.800000000000182,44.26294017064229,-157.4077555779553,12.5,-0.7271661227148938,-110.85277536615583,64.74160831187791,8.817492732765762,56.562500062270026,-135.49975848406768,25.124480296983776,13.247748539850736,62.791200054652485,-133.0802062372862,30.579831118763735,13.256865016679017,56.91482514411703,-136.14364273909646,24.74333623838461,13.361250069262473,50.88467790215724,-121.22191688916868,36.786714071738665,11.461416693454732,11.461416693454732,0.0,False,False,False,False,0.0,False,False,50.33506476674586
4226.9,11.899999999999636,44.615686973529755,-158.5975429361365,12.391944444444443,-0.7870313277123404,-111.7329828126025,65.25100631188975,8.827384575723382,56.97357103114221,-136.76141612662653,25.090510804333825,13.290980041619747,63.37129249040872,-134.27464015063276,30.714432083596247,13.30010905270336,57.328332096997315,-137.41593447848103,24.70368156548018,13.39479052127392,51.23932813553065,-122.31311634578925,36.884037675304086,11.48628944180152,11.48628944180152,0.0,False,False,False,False,0.0,False,False,50.878876723827794
4227.0,12.0,44.95486659169773,-159.79844980247094,12.44,-0.8496191860523614,-112.61266640476008,65.76130376003654,8.81076359925046,57.38773075929334,-138.02583352362586,25.07235391892258,13.319400403058525,63.95599462865965,-135.47081420931107,30.868701304567374,13.328538182954814,57.74457717952943,-138.69031850543666,24.68055720143555,13.418002073893815,51.414821994430135,-122.94292783083472,37.41738263971776,11.432138250590974,10.307006376923056,-1.1938269138336182,True,True,False,False,0.010430111528264483,False,False,51.19586922862195
4227.099,12.09900000000016,45.294046209865705,-160.99935666959556,12.513055555555555,-0.9122396522959517,-113.48281768557348,66.27852088117153,8.813512131098925,57.80022992900862,-139.27941856592827,25.063127148145213,13.341384858851919,64.5387805505218,-136.65588026574798,31.03167161573981,13.35054469755152,58.15944783621178,-139.95334399426648,24.666844316557814,13.438918317744932,51.76820069562537,-124.01874820913851,37.5430430094726,11.444060615812575,11.444060615812575,0.0,False,False,False,False,0.0,False,False,51.735368135961345
4227.199,12.198999999999614,45.64679301275317,-162.1891440277767,12.426111111111112,-0.9766987504121263,-114.36102057407706,66.79280932325183,8.797805806193942,58.216549469007084,-140.54808164112004,25.02667294293636,13.363155093457449,65.12858573683502,-137.85480196407497,31.17211015342613,13.372366007543384,58.58052999053645,-141.23075673239674,24.627942468538105,13.461590854000805,52.12668837032142,-125.10627167081046,37.64476678222467,11.457648426180112,11.457648426180112,0.0,False,False,False,False,0.0,False,False,52.283968241456115
4227.3,12.300000000000182,45.979189038553876,-163.37893138595786,12.37111111111111,-1.0429198328092903,-115.24587180296759,67.28945049210925,8.773001220734896,58.633988658451095,-141.8323013720675,24.988021497814344,13.37670262949515,65.72270307595656,-139.06848448311132,31.317793267745373,13.385983660038717,59.00280430117545,-142.5233835987866,24.587973239203208,13.466188612135609,52.4859682025076,-126.20606569553607,37.73804603747523,11.453070611167595,11.453070611167595,0.0,False,False,False,False,0.0,False,False,52.84134638475958
4227.4,12.399999999999636,46.33193584144134,-164.57983825308241,12.468055555555555,-1.1088749638685738,-116.12209114351431,67.81433318112083,8.80096164874922,59.0440126871199,-143.10663500203736,24.953864542213267,13.39679185837541,66.3094826218884,-140.27274249445875,31.463268736478273,13.406169619034175,59.41775843224864,-143.80636509624946,24.55149567492257,13.502151742781168,52.83883200899355,-127.29707238987822,37.84632516038789,11.479949015924818,11.479949015924818,0.0,False,False,False,False,0.0,False,False,53.396747744626616
4227.499,12.498999999999796,46.67789905197659,-165.7918646275702,12.45111111111111,-1.1755464443675938,-116.99331715930433,68.34654695655209,8.851035837046444,59.4492584622452,-144.37147891552337,24.938735838833455,13.435068674057515,66.89159815530071,-141.4675921554125,31.626948362741153,13.444474744412842,59.825872519458464,-145.08137951476812,24.531477735945785,13.543056175465676,52.81776229036237,-127.42930658018636,38.850788673139895,11.373980802110857,9.12730375332942,-2.3845558166503906,True,True,False,False,0.04159990131152805,False,False,53.71834401865811
4227.599,12.59900000000016,47.01707867014456,-166.9816519857514,12.361944444444443,-1.2455880276918403,-117.8772336669985,68.85149885957111,8.882731006242121,59.85974787736258,-145.65297023343305,24.89672303050551,13.47754373802179,67.48230671304512,-142.67768443435176,31.772761881640218,13.486993308958857,60.240114866294476,-146.37307269321508,24.48595978722189,13.586764975034152,53.16561452904286,-128.51398169185228,38.95595142013973,11.407777495378667,11.407777495378667,0.0,False,False,False,False,0.0,False,False,54.27316113694093
4227.699,12.698999999999614,47.34947469594528,-168.16031983656939,12.28,-1.319885452204066,-118.76406334913726,69.34476744645157,8.91607461636516,60.269910194955166,-146.939332460606,24.84487791668278,13.525883399803686,68.07430049765412,-143.89220574773773,31.913316435928838,13.535363339866107,60.6549538843387,-147.66965776029036,24.431598571461297,13.639870858830935,53.51390217466331,-129.60255952738783,39.04742048075226,11.450971272874874,11.450971272874874,0.0,False,False,False,False,0.0,False,False,54.83266832903494
4227.799,12.798999999999978,47.69543790648053,-169.35010719475054,12.298055555555557,-1.398131124785556,-119.65307513094984,69.85680722863107,8.932910505078224,60.679805650218704,-148.2303805212722,24.79186682093668,13.565218415059535,68.66756025415428,-145.11098836355058,32.052531841943924,13.574695457950035,61.06841604536598,-148.97081031352175,24.375239192187824,13.665432108675876,53.86092476572088,-130.69462882161702,39.144083032653334,11.466620416419149,11.466620416419149,0.0,False,False,False,False,0.0,False,False,55.39648643256182
4227.899,12.899000000000342,48.04140111700071,-170.52877504556852,12.208888888888888,-1.4776006560561612,-120.54040638905163,70.36311915726768,8.88474605215328,61.09015166992025,-149.52421433519717,24.727746796422718,13.581713636281709,69.26250774521979,-146.33205421511002,32.184105789556874,13.591198466510065,61.48172639091359,-150.27374190611062,24.308613924885137,13.672864668477361,54.207600381549554,-131.78749914801764,39.228923915145565,11.464140869919966,11.464140869919966,0.0,False,False,False,False,0.0,False,False,55.96377485927308
4228.0,13.0,48.387364327520906,-171.71856240374973,12.178888888888888,-1.559653522094043,-121.43307591363288,70.87548760761706,8.866435398166916,61.50435003450275,-150.83310670350298,24.66287845820385,13.60374529068057,69.86450732002872,-147.56696050711895,32.31977019246837,13.613270821684221,61.89969794991831,-151.5918707047221,24.24184148679053,13.709513414855566,54.17588487610674,-131.89068227941354,40.246329091482295,11.348995730493272,9.04882472987695,-2.441953659057617,True,True,False,False,0.043615584891418056,False,False,56.30692727614207
4228.099,13.09900000000016,48.726543945703945,-172.87499123747097,12.10111111111111,-1.6444933251355014,-122.30866389348282,71.37362858086775,8.905122998164204,61.90777562876277,-152.12019237375645,24.586714797949707,13.645403733730209,70.45363155091086,-148.7813850324006,32.44330741107233,13.654970078037534,62.30913686689569,-152.88836065104843,24.165103613701493,13.757259103111604,54.51479005575249,-132.9638268681408,40.3287098026478,11.386096339430475,11.386096339430475,0.0,False,False,False,False,0.0,False,False,56.867195293577204
4228.2,13.199999999999818,49.05893997150465,-174.02030056461916,11.948055555555557,-1.7350984399794163,-123.20419138504128,71.84922609393993,8.918643830265538,62.3198991808608,-153.4374813988084,24.4848010807659,13.686358909639905,71.05647560165706,-150.02409980330606,32.55317534092593,13.695911369361577,62.72237528109527,-154.21673009573652,24.059735405348253,13.790500841368843,54.85672688652051,-134.06299486026836,40.37574286948631,11.408477946261483,11.408477946261483,0.0,False,False,False,False,0.0,False,False,57.4430784308083
4228.299,13.298999999999978,49.39811958967261,-175.19896841543715,12.186944444444446,-1.82489044599748,-124.08133135870747,72.36580390887606,8.893961891585679,62.72293129432878,-154.73212845901674,24.422165030280777,13.706289206597525,71.64762559470141,-151.24543760726496,32.69269269494128,13.715913518677217,63.132239520041246,-155.51944048663051,23.99812221325721,13.798707088658333,55.1956584968674,-135.14025334892494,40.47606836342247,11.406039114232138,11.406039114232138,0.0,False,False,False,False,0.0,False,False,58.0113018482134
4228.399,13.399000000000342,49.730515615458266,-176.3553972499485,12.036944444444444,-1.9147913453982202,-124.96533949893241,72.85722865120428,8.877393783876705,63.12706080490749,-156.04239680035343,24.332805228296323,13.71723413350186,72.24281482972167,-152.48176890708592,32.813926101057405,13.726870341900295,63.53860982030805,-156.83882486331595,23.90732237814755,13.812246928663642,55.53144130694231,-136.2304575131601,40.54209574946787,11.408826348864865,11.408826348864865,0.0,False,False,False,False,0.0,False,False,58.588261594998436
4228.499,13.498999999999796,50.06969523364129,-177.51182608366975,12.068055555555555,-2.0028514244484676,-125.84763878794979,73.35351637369654,8.856283312143807,63.52947642924629,-157.35367047360458,24.238748883413177,13.715469783397014,72.83691332975596,-153.71913470473726,32.9308120593644,13.725139939951253,63.94597840302236,-158.1577456486272,23.81452632497536,13.795731629206351,55.45508850347238,-136.22213952688472,41.63941253942347,11.229732572519147,8.774288680088556,-2.607269763946533,True,True,False,False,0.0497118747848833,False,False,58.93399238244257
4228.599,13.59900000000016,50.402091259441995,-178.67937442633445,12.024999999999999,-2.088483475974026,-126.72875792019369,73.85206152452618,8.849137414275697,63.92334145955122,-158.66730052603805,24.151755811221634,13.712941902466957,73.42332226154863,-154.95991774567474,33.05434467778855,13.722672785050992,64.34854314670125,-159.47799761088964,23.73175913943883,13.809511472039546,55.78264402111634,-137.29639111426235,41.7313030689002,11.231871022177199,11.231871022177199,0.0,False,False,False,False,0.0,False,False,59.50614566970698
4228.699,13.698999999999614,50.741270877609985,-179.82468375190246,11.94388888888889,-2.1730736119089786,-127.61311546571538,74.33690682062755,8.918742222911632,64.30729382359394,-159.98504205686163,24.034316323926618,13.737962924684156,74.00094123664533,-156.20607138606712,33.14892329018512,13.747740984705674,64.73951265416423,-160.80440990118566,23.616129873269447,13.847145734752608,56.10057111246771,-138.3749979962235,41.79471914311521,11.257863891715223,11.257863891715223,0.0,False,False,False,False,0.0,False,False,60.08170825575626
4228.799,13.798999999999978,51.073666903410675,-180.99223209535722,11.958888888888888,-2.25842559794769,-128.5070347596876,74.8265195631711,9.04095373186763,64.69117831109412,-161.30718925016706,23.936113484761083,13.797101156140197,74.57967761728565,-157.45635030295722,33.26364789716593,13.806890898244017,65.12384102526615,-162.13889174515054,23.51288657768732,13.927303593302378,56.41308012757692,-139.46010551910265,41.8739402435982,11.32638035708985,11.32638035708985,0.0,False,False,False,False,0.0,False,False,60.66222351798475
4228.899,13.899000000000342,51.41963011393087,-182.1375414217153,11.94,-2.3440126311953535,-129.41222823700292,75.30264226208513,9.143670448513623,65.07281902989862,-162.6361916391596,23.80571802984926,13.857529721316448,75.15818299603315,-158.71332152124987,33.34985713435257,13.867541593723171,65.51568760692791,-163.4776537768517,23.385684590467122,13.971280751215447,56.73170122319096,-140.54868927935428,41.92673039945999,11.358716121827776,11.358716121827776,0.0,False,False,False,False,0.0,False,False,61.24835961228275
4229.0,14.0,51.745242547379355,-183.2828507472833,11.92111111111111,-2.4249396311925926,-130.32993936629123,75.75235614146186,9.099596866943092,65.45400740057038,-163.98271358742153,23.673308349057653,13.854132178012136,75.73972285896885,-159.98731934274707,33.442740151533485,13.864163465650524,65.8975625179966,-164.8333894702729,23.252328527754774,13.919635911462674,56.63458425650691,-140.5489890076756,43.01265629472937,11.146255092247312,8.741444704368824,-2.5538687705993652,True,True,False,False,0.047689588565988296,False,False,61.608472121312005
4229.1,14.100000000000364,52.07085498082785,-184.37256253445508,11.493055555555555,-2.4953777953916143,-131.23057902835444,76.16786835898219,8.968401323098213,65.82860751562941,-165.31353071553198,23.50579606572732,13.796651299322667,76.3127658370082,-161.24660689971859,33.50343364461015,13.806736926586568,66.27762025988912,-166.16922200670996,23.090989282908364,13.85727862246115,56.938577342312335,-141.61746837307066,43.0313002097002,11.07139510288866,11.07139510288866,0.0,False,False,False,False,0.0,False,False,62.18699385127577
4229.199,14.198999999999614,52.389683821894,-185.52899136817632,11.84388888888889,-2.5574882360668485,-132.11026669995852,76.63388194751728,8.847379813255452,66.19006464015736,-166.6272865996675,23.40352439024857,13.730211280397539,76.8707532837317,-162.49079066404076,33.61668415652196,13.740389753583038,66.6446886371232,-167.48750289683298,22.99348752459753,13.787794277611125,57.231500031985156,-142.66946415377194,43.13214876695307,10.989533084685219,10.989533084685219,0.0,False,False,False,False,0.0,False,False,62.75924073169852
4229.3,14.300000000000182,52.7288634400469,-186.66318118717118,11.796111111111111,-2.6146414552085226,-132.99682947670095,77.09073121979743,8.744854491976552,66.55081050369894,-167.96242460290108,23.254344055563482,13.656259702769805,77.43211121758624,-163.75588735784555,33.68968033896377,13.666544291503763,67.00894021829014,-168.8275984437108,22.84794530349159,13.711554987917731,57.521453789664996,-143.73621515653332,43.193672393705874,10.9006660676311,10.9006660676311,0.0,False,False,False,False,0.0,False,False,63.34215759492857
4229.399,14.399000000000342,53.040908688760844,-187.7751319890694,11.513055555555557,-2.666354928226802,-133.85899027193386,77.52579930161829,8.703851093522077,66.89630326695274,-169.2667016404554,23.119990330596696,13.601689053907338,77.97445157265258,-164.99246896318633,33.77471384473609,13.612059270345412,67.36061022801825,-170.1370160208819,22.71908860585392,13.67873548701392,57.80078562809092,-144.77628684015855,43.2614968836907,10.855468893373759,10.855468893373759,0.0,False,False,False,False,0.0,False,False,63.91362622557273
4229.504,14.503999999999905,53.35295393747477,-188.8759632836044,11.393055555555556,-2.719902797310318,-134.77030893514026,77.9203894681951,8.68453955040861,67.25628934958547,-170.64717742396468,22.92577958321706,13.572419670831293,78.54369075375563,-166.30181396833416,33.82551461035357,13.582828811521921,67.72328016406532,-171.5254575072775,22.528788839016368,13.65509058237228,57.70185688438896,-144.81246690910615,44.27758653751465,10.677573710802086,8.40516365785858,-2.4135324954986572,True,True,False,False,0.04258768285847213,False,False,64.286863436104
4229.6,14.600000000000364,53.65821559382143,-189.97679457813933,11.411944444444444,-2.7687209169437805,-135.60300514653022,78.36139445634498,8.693085602428757,67.5828874382044,-171.90822396195426,22.811613929878312,13.566204709346575,79.06231134609813,-167.49787011007268,33.9215289489122,13.576671908677236,68.0536540045649,-172.7945066038577,22.41561212790432,13.664650734584923,57.9600628420108,-145.80430099850045,44.38147224676073,10.674358869751114,10.674358869751114,0.0,False,False,False,False,0.0,False,False,64.83460734854744
4229.7,14.699999999999818,53.96347725018315,-191.07762587267433,11.368055555555555,-2.819206234520365,-136.47096617390594,78.77918777939462,8.69547627585065,67.91994659289675,-173.22242228408447,22.662553512437576,13.568484018937998,79.60042378082846,-168.74447044456758,34.000336157031455,13.579015028924099,68.3945233602536,-174.11751123094606,22.268825305604803,13.659574128823103,58.22615848395896,-146.83708895573463,44.44542223896505,10.65597497933983,10.65597497933983,0.0,False,False,False,False,0.0,False,False,65.40757490517977
4229.799,14.798999999999978,54.261955314162556,-192.16733765905605,11.30888888888889,-2.8654781012402224,-137.3273874707455,79.18941712935927,8.631322145073451,68.25447221905819,-174.52184062102964,22.520082039210884,13.538401805135674,80.1345601414341,-169.97649780934665,34.085554913828304,13.548940642874598,68.72835997119148,-175.4251197531513,22.12642592263164,13.604075165722818,58.486277129489295,-147.85595071785346,44.5122893980126,10.587301804436482,10.587301804436482,0.0,False,False,False,False,0.0,False,False,65.97584323374707
4229.9,14.899999999999636,54.5672169705092,-193.23481042913113,11.133888888888889,-2.9051255596255054,-138.19402447979974,79.57737287584484,8.547929192248457,68.59898651283962,-175.84215174503822,22.347150435579564,13.481794038698627,80.68261441314216,-171.22727982929982,34.15179917206694,13.492357021593001,69.07287387934717,-176.7522712577644,21.956506550281574,13.547183436609224,58.7540626921184,-148.88752594295664,44.54448695848061,10.5169697178269,10.5169697178269,0.0,False,False,False,False,0.0,False,False,66.55579427613304
4230.0,15.0,54.86569503450365,-194.29116369105293,10.92,-2.94078374230497,-139.04509538534538,79.96072193153668,8.488426285648329,68.93747838472594,-177.1456621640159,22.180696771499807,13.453142398387985,81.22290693743771,-172.46205207482313,34.22298545203191,13.463803867053837,69.4165737381307,-178.0626728101025,21.79660494941261,13.547331294491464,58.69114186715395,-148.97785562412932,45.47449759411707,10.383524572473533,8.446625833280624,-2.0571844577789307,True,True,False,False,0.030940285008747227,False,False,66.89827959662811
4230.099,15.09900000000016,55.17774028321758,-195.3363974456115,10.93388888888889,-2.9778304998534204,-139.88197450726128,80.357099478081,8.434804304672328,69.26747444843835,-178.43558211469386,22.003594426737887,13.445096685584572,81.75358927912495,-173.6843418237046,34.27954583286396,13.455848378851114,69.75029615281758,-179.36086942303578,21.623526080931295,13.53155406663109,58.9467116361085,-149.97203459989944,45.520660819635886,10.353903213976206,10.353903213976206,0.0,False,False,False,False,0.0,False,False,67.46083206390611
4230.2,15.199999999999818,55.4694347548297,-196.4038702156866,10.926111111111112,-3.0153189145632595,-140.732893263264,80.74480841891162,8.431447507985682,69.60284380896631,-179.7508325663693,21.84209043203352,13.432811805808088,82.29446574931804,-174.9304402974896,34.36117693425208,13.44359148494956,70.08737500207359,-180.68488961540407,21.46556610443924,13.522992384004132,59.204432340253675,-150.98434200818903,45.572840042670045,10.331217721305558,10.331217721305558,0.0,False,False,False,False,0.0,False,False,68.03647647829793
4230.3,15.300000000000182,55.76112922647193,-197.4379844620919,10.761111111111111,-3.0483726838509435,-141.57562358989819,81.11202671093521,8.43618996339604,69.93361624326486,-181.051860385055,21.664820574129216,13.415546585770302,82.82934794070741,-176.16287293659045,34.42845966325261,13.426392106835975,70.42167199294579,-181.99389015145547,21.294402158394615,13.497273206665175,59.45957851291525,-151.9834131512289,45.6047868121179,10.291514573626216,10.291514573626216,0.0,False,False,False,False,0.0,False,False,68.6081114200669
4230.399,15.399000000000342,56.066390882803525,-198.46097920034384,10.659999999999998,-3.077381962179124,-142.40802656057423,81.48570037727578,8.390258352686141,70.25645077580013,-182.33899241410285,21.477342892046963,13.392610990173091,83.35495743642494,-177.38251517658082,34.48140818111258,13.403523980533592,70.74928927762716,-183.28833706056759,21.113895300830414,13.477726353212901,59.709158374492475,-152.9695268134231,45.6370682151032,10.25812358953699,10.25812358953699,0.0,False,False,False,False,0.0,False,False,69.17525757996617
4230.499,15.498999999999796,56.358085354430706,-199.46173492228922,10.475,-3.1067333721758805,-143.24397175528068,81.83215481514613,8.338973165481052,70.58379995015304,-183.63733194166994,21.278690877306804,13.386959530079706,83.88751928650147,-178.61220520331545,34.5336447847982,13.397848575175704,71.07447245618698,-184.59672099782745,20.91747327721924,13.486046579503423,59.75812754377006,-153.39590482936546,46.19113539456903,10.180041558548478,9.013490996305125,-1.238968849182129,True,True,False,False,0.01122297804979765,False,False,69.51778892048688
4230.6,15.600000000000364,56.64977982604281,-200.45137113608132,10.415,-3.1384974299569093,-144.08228177625446,82.1712378663997,8.273146472196128,70.9201931316927,-184.94675969263537,21.07220140199653,13.384289664970677,84.43148510579705,-179.8510910583587,34.58604758470879,13.395191830398636,71.41176275682055,-185.91566363345402,20.71721343835867,13.472110812231342,60.01250907754838,-154.39064037315688,46.18331805353038,10.151576078440469,10.151576078440469,0.0,False,False,False,False,0.0,False,False,70.09383067003765
4230.7,15.699999999999818,56.93469070530271,-201.45212685802676,10.318055555555556,-3.167942191443611,-144.90565913062755,82.52169104888031,8.205010718968953,71.25418550879156,-186.2413822985878,20.890540478399455,13.35593182056028,84.97147656247354,-181.07539910693458,34.65937672611821,13.36687934845224,71.74787794786151,-187.21805750571264,20.543593809496798,13.429214212123986,60.26546852682007,-155.37081873296572,46.201526375360466,10.094293624040274,10.094293624040274,0.0,False,False,False,False,0.0,False,False,70.66530294508456
4230.8,15.800000000000182,57.22638517694494,-202.44176307260898,10.22,-3.1903562901385345,-145.7228545423908,82.86867462654185,8.145260268839506,71.58954357047398,-187.53165811548345,20.70293575486585,13.307024470347175,85.51307267795461,-182.29477195293728,34.72805697063841,13.317991763466328,72.08254515007272,-188.5157523628633,20.362692931808287,13.373875747790112,60.516675517444696,-156.3448909386076,46.21414968452043,10.024569305413431,10.024569305413431,0.0,False,False,False,False,0.0,False,False,71.23675999887898
4230.9,15.899999999999636,57.5045124638225,-203.40916027009445,10.061944444444444,-3.206112062935627,-146.53404426645258,83.18989572572335,8.081660118480372,71.92763617793206,-188.8162366799005,20.517795119889186,13.259504361498664,86.05733018197604,-183.50768250887998,34.8041982629426,13.27051896907067,72.42091863603346,-189.80755179255115,20.18670171847672,13.333744008096051,60.769998339761756,-157.31199471881945,46.21268299793481,9.970051711426532,9.970051711426532,0.0,False,False,False,False,0.0,False,False,71.80844321267811
4231.0,16.0,57.77585615836289,-204.37655746837004,9.963888888888889,-3.2193600860738485,-147.34054538290894,83.50762288149785,8.050538399818894,72.26722828183064,-190.09677146486652,20.34483114519934,13.236480091081964,86.60309362130288,-184.7160522344212,34.893338702377854,13.247525047748011,72.76173553417786,-191.09631623742615,20.02352086468657,13.327613439879222,60.937494380526815,-158.02047582718183,46.463773645414925,9.917762524010762,9.405511775122788,-0.5440235137939453,True,True,False,False,0.002163936100011112,False,False,72.15022920068118
4231.101,16.100999999999658,58.04719985290331,-205.33283515849234,9.913055555555555,-3.2319612372191306,-148.15345663599336,83.81298772939904,8.048653056974405,72.61139708320532,-191.38835665305004,20.163440226109213,13.231923237792458,87.15563559698066,-185.93438217182006,34.980008715596604,13.242989183018251,73.10764974782498,-192.39703805635014,19.853261638965943,13.324512322290612,61.19470577894061,-158.98765342438247,46.45193928698899,9.899956053408655,9.899956053408655,0.0,False,False,False,False,0.0,False,False,72.72588601590202
4231.2,16.199999999999818,58.33211073216321,-206.26687383230802,9.715000000000002,-3.2433022990947995,-148.94882734740824,84.12425300004244,8.021077116977747,72.94703382035947,-192.65464769080444,19.972197610711884,13.233113965605938,87.69584681078874,-187.12903373615666,35.04976348052913,13.244206472811022,73.44801745607718,-193.67182215898458,19.675516835391015,13.33086243069342,61.447431768643305,-159.93419173041016,46.43729811171039,9.891892003907072,9.891892003907072,0.0,False,False,False,False,0.0,False,False,73.29251987380613
4231.3,16.300000000000182,58.603454426688536,-207.18979299797041,9.663055555555555,-3.2534496093439667,-149.746996657747,84.41535066744271,7.943608716123997,73.28455329249466,-193.93378252482344,19.780204184278688,13.225201834949678,88.24020306536792,-188.33597974562824,35.12553407460815,13.236302594488397,73.78693704484631,-194.95994262936773,19.49634284819362,13.30836303746621,61.698660989882946,-160.88903032151217,46.40410464700888,9.854832855220852,9.854832855220852,0.0,False,False,False,False,0.0,False,False,73.86655332796427
4231.4,16.399999999999636,58.86801452884662,-208.09047314811636,9.423055555555555,-3.2602213654495715,-150.53502688451292,84.69089142251283,7.817650558816547,73.62295668638248,-195.21047096931605,19.58577989762291,13.19032800453837,88.78517763014911,-189.5403005005548,35.20149930449378,13.201444462032079,74.12677800829819,-196.24420348008738,19.317452419237593,13.260926099808863,61.94996928548443,-161.83872573852085,46.3543156951215,9.79283616210463,9.79283616210463,0.0,False,False,False,False,0.0,False,False,74.44118685865955
4231.499,16.498999999999796,59.13257463101974,-209.00227280562547,9.461944444444445,-3.2647247862427218,-151.30564264415798,84.98425799262274,7.750611198706211,73.95664340426246,-196.47170610393997,19.41051562579468,13.165854981978473,89.3232921192987,-190.72999567812175,35.289595263779496,13.177030076952882,74.46365356116809,-197.51299874947895,19.15842894132188,13.259383730297726,62.23884151544358,-162.89449153085098,46.21229693533651,9.791534543530902,10.028233971427689,0.2513543367385864,True,True,False,False,0.0004619848670742743,False,False,74.78131255383194
4231.599,16.59900000000016,59.38356754847339,-209.88071394025485,9.193888888888889,-3.271227906502591,-152.07934988825133,85.24447829494368,7.7241193323840145,74.29231093805873,-197.74476208171436,19.223734209807347,13.165451236306339,89.86596682648775,-191.93074386929953,35.374822844679834,13.176658661970595,74.80167541620236,-198.79516577359644,18.98966635768595,13.260126462783122,62.488275293688126,-163.84063084226847,46.14464716359513,9.777796628810721,9.777796628810721,0.0,False,False,False,False,0.0,False,False,75.35629752124915
4231.699,16.698999999999614,59.64134405827924,-210.74803556594088,9.026944444444444,-3.279872353351655,-152.85047119229552,85.50559885247105,7.699278155557009,74.63394428019558,-199.0167242280161,19.03685181750198,13.17567274989638,90.41491967981338,-193.12915957215262,35.460368692651365,13.186861671590059,75.14004657315411,-200.07829336917825,18.816300863611996,13.279741407420618,62.73766560889208,-164.78633673041742,46.06587638363291,9.782930926242772,9.782930926242772,0.0,False,False,False,False,0.0,False,False,75.93402137175774
4231.8,16.800000000000182,59.86520260626377,-211.60423768347363,8.866111111111111,-3.287811821489435,-153.6260617005847,85.73081197337888,7.659772454033937,74.98361057343631,-200.3007277609463,18.8768534462325,13.176095543478377,90.97417505343616,-194.33795205785415,35.57938709455805,13.18731952082848,75.49360798044005,-201.37113886583032,18.680561178702174,13.261229814129022,62.9978677549522,-165.7378013581192,45.97329194349256,9.749793879273515,9.749793879273515,0.0,False,False,False,False,0.0,False,False,76.52018972491605
4231.9,16.899999999999636,60.12297911606962,-212.46043980179638,8.938888888888888,-3.292678314294221,-154.38906695605664,85.98738251344892,7.600684469633935,75.32993609691978,-201.57114284753993,18.70369826465895,13.159423822387016,91.52802999593072,-195.5338189242457,35.67615050841386,13.170646226551963,75.84048300865038,-202.65029270068197,18.527787637999168,13.245801844891302,63.25265092300132,-166.67735260845615,45.889932649461336,9.71988526283035,9.71988526283035,0.0,False,False,False,False,0.0,False,False,77.10185390915754
4232.001,17.001000000000204,60.3739720335082,-213.30552241038572,8.876111111111111,-3.2952623247165627,-155.1570918844124,86.22651202731382,7.607819485074206,75.68309188778382,-202.85226101486293,18.53752476777045,13.15551379591134,92.09029241172769,-196.73916406906687,35.78224709303267,13.16672814257798,76.19416750070252,-203.94090567788044,18.384086356600744,13.253173554367478,63.49111618247979,-167.56089372291586,45.85071036963286,9.705052621181759,9.582387323167591,-0.1302441954612732,True,True,False,False,0.00012405785123059473,False,False,77.46319821481407
4232.099,17.09900000000016,60.618181358594576,-214.12836600503869,8.628055555555555,-3.2957223003150133,-155.90238474307114,86.45953952479375,7.602274477028587,76.0238346746714,-204.09513597313483,18.384772475291786,13.145358302892806,92.63376124885323,-197.90891481994868,35.889663587933676,13.156557164398187,76.54086728097072,-205.1912550576868,18.25935045580517,13.226953523087536,63.74471976180205,-168.47549793142434,45.75980338390416,9.664602019372163,9.664602019372163,0.0,False,False,False,False,0.0,False,False,78.03331425729894
4232.199,17.198999999999614,60.848823498946395,-214.94009009074836,8.526944444444444,-3.294256614164197,-156.662578847003,86.66373545585137,7.601637540578279,76.3671807703636,-205.36389565229786,18.235210783710663,13.142569935669776,93.18389005701775,-199.10387850631454,36.00475144563367,13.153747997899565,76.88715755002487,-206.4689181202385,18.138051540557907,13.248241296741254,63.99763040453622,-169.40863009026393,45.64021072151621,9.671368802689573,9.671368802689573,0.0,False,False,False,False,0.0,False,False,78.61686160432185
4232.299,17.298999999999978,61.086249231665484,-215.72957516015134,8.258888888888889,-3.2987083228337326,-157.42678178071188,86.85987839699222,7.683191777506873,76.72730434767601,-206.63165610144188,18.09460517228569,13.217945479983205,93.74991685049204,-200.29530614006876,36.12660851086716,13.229281215733037,77.23449847890731,-207.7544281214137,18.01024497447306,13.383932358335827,64.25148169957673,-170.34813462730713,45.49168980607332,9.792538873947706,9.792538873947706,0.0,False,False,False,False,0.0,False,False,79.20662900459055
4232.399,17.399000000000342,61.32367496438457,-216.51906023034445,8.21888888888889,-3.310795403067586,-158.19362048903935,87.06016127194839,7.655512390286702,77.11176107932172,-207.89941844788095,17.987826095186207,13.277863349332717,94.3393452140964,-201.48299869631683,36.27833552538997,13.28921725316964,77.6164379960779,-209.0363174376513,17.92890311504065,13.367650875914487,64.53066332377476,-171.28514147069555,45.34746057599897,9.761736401189927,9.761736401189927,0.0,False,False,False,False,0.0,False,False,79.80254144166197
4232.5,17.5,61.540749920001836,-217.28630628344087,8.016944444444444,-3.321169303810317,-158.96458533597735,87.22666851181545,7.612630057920607,77.5038500046939,-209.18207557268482,17.902489204774213,13.281570793100592,94.9380782135035,-202.6844652102548,36.449901232657815,13.292820963134572,78.01488066393387,-210.3276419636704,17.88351176037338,13.392698501947239,64.88057295162518,-172.4074352163353,45.00297197008712,9.793405687370928,10.139006886526587,0.3668890595436096,True,True,False,False,0.000984587144815408,False,False,80.18083218374838
4232.6,17.600000000000364,61.77139206035364,-218.05355233653734,7.955,-3.328425961267211,-159.7272716185566,87.40675791288017,7.641786308040855,77.8952597249945,-210.4520669619186,17.82587132140793,13.29753650656021,95.53341447125268,-203.87385671257428,36.61881927728263,13.308809243696297,78.40313631434817,-211.60976806421021,17.83640301962732,13.399761540020075,65.16430344799852,-173.34439073657353,44.83771825880626,9.78605948888131,9.78605948888131,0.0,False,False,False,False,0.0,False,False,80.78008165048197
4232.7,17.699999999999818,61.9816834236187,-218.78743986675403,7.691111111111111,-3.336590044936518,-160.49572307978886,87.54656529461748,7.72811661873634,78.30389573575943,-211.72009123954467,17.78656884790083,13.348129199799065,96.14484848065261,-205.05877960736527,36.81844591005795,13.359490680430092,78.80551328412491,-212.89291704168215,17.826571473801515,13.49543151906582,65.45833619059052,-174.28203836886604,44.64098875417415,9.867320231364731,9.867320231364731,0.0,False,False,False,False,0.0,False,False,81.38444289967352
4232.799,17.798999999999978,62.19875837923596,-219.51020788802737,7.58,-3.3410332827244584,-161.26244213212004,87.68276060120499,7.761670781593047,78.72562428327736,-212.97349780001394,17.7726158846947,13.368429559498848,96.76577727871901,-206.22767382656852,37.03112888761336,13.379772295102317,79.22442187833701,-214.15869522522058,17.846901842191073,13.439845728066707,65.76417114676617,-175.20615217469208,44.4472892407758,9.797469296168819,9.797469296168819,0.0,False,False,False,False,0.0,False,False,81.98618229072895
4232.899,17.899000000000342,62.402266150133734,-220.18849787747757,7.198888888888889,-3.33496126088162,-162.03288028756413,87.76935071510897,7.64806720036123,79.15653889159984,-214.23616420650202,17.78021178799801,13.315007957086548,97.39562151096897,-207.40508705693998,37.25520784556615,13.326103691471063,79.65850976715984,-215.4279864231033,17.900849507143032,13.389484790841829,66.08016149811645,-176.13012121854734,44.21162141350259,9.732699122381488,9.732699122381488,0.0,False,False,False,False,0.0,False,False,82.59339577663351
4232.999,17.998999999999796,62.61255751339879,-220.91126589954098,7.33,-3.3211097003987637,-162.79372298324697,87.8913947260315,7.571346722715145,79.58327237498438,-215.49492802712498,17.81409214249802,13.26762705659554,98.01858069670354,-208.58042315715025,37.49181457857546,13.278429233588648,80.0894431595117,-216.69338274077444,17.978655962788597,13.345746118496054,66.30156001583141,-176.76965170261485,44.295494617096494,9.64200757985571,9.111770594805789,-0.5627806186676025,True,True,False,False,0.0023171455193346006,False,False,82.97638325781689
4233.1,18.100000000000364,62.82284887666382,-221.58955588899124,7.176111111111111,-3.2994961461715606,-163.55459947655086,87.97852395393285,7.502071050203131,80.01918139473703,-216.75750438612047,17.862322743656208,13.18268327323153,98.64886720122281,-209.75932690188947,37.72874112502165,13.193633028760257,80.5184047979264,-217.96451665059217,18.063045392249443,13.219844712027287,66.6106734136555,-177.68564158787663,44.067009266373546,9.501382671020194,9.501382671020194,0.0,False,False,False,False,0.0,False,False,83.58174782712958
4233.2,18.199999999999818,63.012789462842115,-222.26784587765138,6.968888888888889,-3.265685882631771,-164.30115871677924,88.05096884490828,7.4450077887043475,80.45961748334297,-217.99438578399963,17.962579690817456,13.076574215048,99.2773324470704,-210.91335316814494,38.00054713481342,13.087541088838657,80.9571387369967,-219.2069258519121,18.20354092688628,13.132142634930139,66.92534738347993,-178.57673708040718,43.86594462011476,9.399102868807612,9.399102868807612,0.0,False,False,False,False,0.0,False,False,84.17742553061808
4233.3,18.300000000000182,63.20951364137262,-222.93501635973837,6.9238888888888885,-3.2202527294742462,-165.04253634153093,88.11613417952381,7.4107298176988,80.89798705739591,-219.22101183556364,18.074178304834582,12.975551970844561,99.90010743315258,-212.05867115465225,38.268715131470024,12.986288994675528,81.39901038733318,-220.43752657454468,18.360153787440254,13.01841142346408,67.24081672660219,-179.4553107597076,43.66619062421553,9.270793932225988,9.270793932225988,0.0,False,False,False,False,0.0,False,False,84.76964989934193
4233.399,18.399000000000342,63.40623781991818,-223.591067332882,6.8149999999999995,-3.165339611655663,-165.77218004207657,88.17481868013618,7.371581847269625,81.33173445703005,-220.42494251700012,18.20296063932601,12.876825242380354,100.5127336797045,-213.18340252365377,38.53844212956184,12.887660353366421,81.82950272762416,-221.64787813780504,18.52546015912626,12.933712342791246,67.54673914264475,-180.3154275140341,43.47326480647796,9.171662903688773,9.171662903688773,0.0,False,False,False,False,0.0,False,False,85.3526231652739
4233.499,18.498999999999796,63.58939481371413,-224.23599879787236,6.623888888888889,-3.1037933487239284,-166.50296125800602,88.2104583983667,7.295815162240833,81.7718201803757,-221.63138821696256,18.368031698916607,12.807307592812565,101.12962952625219,-214.3109586006549,38.8300868552831,12.817948478460307,82.27197053138259,-222.86036574188185,18.733152477657068,12.880267957975684,67.97308120540102,-181.51847622606783,42.941861173606455,9.143248793869382,9.791151880221708,0.6875110864639282,True,True,False,False,0.0034588674028472955,False,False,85.71800652055822
4233.6,18.600000000000364,63.76576821517292,-224.88093026365277,6.579999999999999,-3.0417204618997604,-167.23357034275963,88.2409125586663,7.223825268457224,82.21417060568565,-222.84516116028058,18.560385410990815,12.774204570193884,101.74763544625553,-215.44662902016296,39.13602277074793,12.784719942658665,82.71740922414139,-224.0819806094662,18.96847430561405,12.86808260257246,68.28897011256252,-182.3848010239956,42.73617151498475,9.116544196739591,9.116544196739591,0.0,False,False,False,False,0.0,False,False,86.30991722368627
4233.699,18.698999999999614,63.935358024249375,-225.51474222048984,6.449999999999999,-2.9820584117208147,-167.94487924949593,88.2736072955222,7.196511329752803,82.64589913279518,-224.03286888877398,18.76913149684431,12.755905192487939,102.34935267769588,-216.5590965980651,39.44411963461057,12.766256303799306,83.15300743482713,-225.27784626693506,19.219109463257922,12.843625196072283,68.59721287193277,-183.23103253058056,42.53992237606219,9.077855058250194,9.077855058250194,0.0,False,False,False,False,0.0,False,False,86.89109490323845
4233.799,18.798999999999978,64.11173142570817,-226.10407614629383,6.198055555555555,-2.919724660407564,-168.66255041723906,88.27652566286535,7.211003761902662,83.08098686330341,-225.2310267755706,18.989335613982306,12.738281190463182,102.95421833433302,-217.68233056497064,39.74499450098376,12.748579779989317,83.59079317905619,-226.48473079206352,19.482780724272697,12.833030464918876,68.9063411152944,-184.08323500202076,42.2934909004649,9.052884840238827,9.052884840238827,0.0,False,False,False,False,0.0,False,False,87.47914863521426
4233.9,18.899999999999636,64.26775405005009,-226.69341007130777,5.978055555555556,-2.852873305472868,-169.38784577637415,88.25591377216456,7.2122064632295455,83.51973627010965,-226.43967891579348,19.253654170072963,12.72356495410096,103.5626544021321,-218.81626289329856,40.07665955820262,12.733724954215715,84.0332942040879,-227.70199358119015,19.79125610660646,12.814439362365096,69.21815239083818,-184.94098728162817,42.044871893497714,9.01977449595861,9.01977449595861,0.0,False,False,False,False,0.0,False,False,88.07425309806119
4234.0,19.0,64.4237766744221,-227.27162448816847,5.893055555555556,-2.7836785647034312,-170.10208828722565,88.23376853081803,7.13955415293656,83.95194330589213,-227.6351476843501,19.531549889873606,12.700436715106175,104.16100257939428,-219.93897738242515,40.40810359569176,12.710430343630899,84.46953200262854,-228.9054328386213,20.112226042990027,12.786884534575043,69.73216719336901,-186.41699545155134,41.19805485239861,9.049219570887256,10.221814575445116,1.2439703941345215,True,True,False,False,0.011326669882437478,False,False,88.44489348031863
4234.1,19.100000000000364,64.56623211404451,-227.8387193976659,5.768055555555556,-2.712415655381088,-170.80938818138367,88.19728490525578,7.078083265630863,84.38163652558063,-228.82898190404393,19.840132858029538,12.67574856722946,104.75496090119725,-221.0612989034027,40.756194008805316,12.685591076941845,84.90290148978427,-230.10729503052548,20.462809110680666,12.765272640227282,70.03851593602785,-187.26659142508313,40.93950974855431,9.013591620775866,9.013591620775866,0.0,False,False,False,False,0.0,False,False,89.03620241706807
4234.199,19.198999999999614,64.72225473840149,-228.3835752908567,5.625,-2.6399995099130305,-171.50592486281445,88.16314658421138,7.069224081193921,84.80571201972651,-230.00917484814832,20.14913969110031,12.659029909797319,105.3399577780004,-222.17166224074492,41.089970357195334,12.668778018194729,85.32999330163173,-231.29606710288132,20.812532216084552,12.753217314554428,70.33979502247283,-188.10517496617567,40.668246723438045,8.987660399897173,8.987660399897173,0.0,False,False,False,False,0.0,False,False,89.62261681781591
4234.3,19.300000000000182,64.87827736275844,-228.90619216774093,5.481111111111111,-2.5643702575681475,-172.21602266283233,88.10383667318247,7.071653209708242,85.23846179290807,-231.21185159371802,20.490319065800428,12.651154169088064,105.93510623163027,-223.30391895405663,41.43728588998792,12.66078929919776,85.76556663629498,-232.5080696412538,21.195574409074034,12.749659752573804,70.64649982100732,-188.9585949640785,40.361899269904356,8.969946621595254,8.969946621595254,0.0,False,False,False,False,0.0,False,False,90.22240117685331
4234.4,19.399999999999636,65.02073280238088,-229.4399285527785,5.4,-2.4884361514177664,-172.91764873227558,88.04689664570672,7.0428122484031315,85.6672642145474,-232.4017688117932,20.857894358575585,12.645284439152306,106.52313852317975,-224.42482085038398,41.80431778991754,12.654844671633322,86.1975605073057,-233.70718133730696,21.602487772734356,12.741417621441213,70.95014758032943,-189.80144854168037,40.079509193591434,8.947688434699161,8.947688434699161,0.0,False,False,False,False,0.0,False,False,90.81789158311621
4234.499,19.498999999999796,65.14962105726875,-229.94030641493634,5.128055555555555,-2.413097497251901,-173.60927436383434,87.96536881307125,7.012073505416705,86.09121244778046,-233.5795463915527,21.255453831300734,12.642710446698912,107.10360318138822,-225.53491645029234,42.184642665447846,12.652189988384828,86.62536250261434,-234.89398741214197,22.03965576068307,12.744559496780688,71.2788467299745,-190.72065276021496,39.69570052465702,8.94660457862592,9.105933314550002,0.16897889971733093,True,True,False,False,0.00020905990438755027,False,False,91.19255445999227
4234.599,19.59900000000016,65.29207649690622,-230.42956476736066,5.083888888888889,-2.336906568452343,-174.30539921401547,87.884021923862,6.993567806869984,86.51904190600607,-234.76917217646866,21.666016083819066,12.641653076737454,107.68838022270548,-226.6568221416459,42.56383625250554,12.651065078718378,87.05636861197172,-236.0930674451361,22.48910122372773,12.739232935404784,71.58114735330146,-191.5616678491507,39.37341518183755,8.927309896671675,8.927309896671675,0.0,False,False,False,False,0.0,False,False,91.78912851287915
4234.699,19.698999999999614,65.42774834419149,-230.90770361242187,4.905,-2.259457645011943,-174.9991754614541,87.79135136579465,6.968168683175248,86.94660213790242,-235.95838508784163,22.10362983677694,12.63311856883878,108.27153646646012,-227.77902094128925,42.95787280490612,12.642432585573017,87.48748262811607,-237.29120543055086,22.964776770946717,12.72756055751479,71.8829648109922,-192.40046906455703,39.04455060770364,8.901669398203468,8.901669398203468,0.0,False,False,False,False,0.0,False,False,92.38714957742192
4234.799,19.798999999999978,65.55663659907935,-231.3747229485396,4.723888888888889,-2.1799841506621505,-175.6896370323431,87.68739124918987,6.932258167479468,87.3739415325974,-237.14646246318665,22.56784818247076,12.618788739561593,108.85286328944049,-228.90087135203515,43.366844332331446,12.628019341102341,87.91749952688141,-238.4882102570984,23.465078149560448,12.71048251179424,72.18339618222333,-193.23675666730588,38.709409897869946,8.87062323190458,8.87062323190458,0.0,False,False,False,False,0.0,False,False,92.98627404151627
4234.9,19.899999999999636,65.69909203871683,-231.81950326993098,4.651944444444444,-2.097588143274544,-176.38239550345975,87.57661081139511,6.882450490094687,87.80515936149503,-238.34467086857012,23.04899183629367,12.597867044957493,109.43775514830737,-230.0330868822465,43.7751291731326,12.606976773694,88.35205952728336,-239.6948645541503,23.982874127073117,12.685948778909822,72.4863066154675,-194.07785611400567,38.34707566103603,8.831981697236136,8.831981697236136,0.0,False,False,False,False,0.0,False,False,93.59210132028923
4235.0,20.0,65.82119670125249,-232.24204457422564,4.408888888888889,-2.013848975200077,-177.06295731112868,87.44326785473469,6.831461923634801,88.23077815527058,-239.52916927076532,23.564624488567397,12.575038565722712,110.01351047475416,-231.15334028720406,44.20572218254334,12.584004621909273,88.78101065381871,-240.88760698519633,24.533626029155247,12.664661278931593,72.191364865958,-193.11287771822347,39.64430275955785,8.598942274624712,5.31669172533069,-3.480034351348877,True,True,False,False,0.08869505747813371,False,False,93.97851512612979
4235.1,20.100000000000364,65.95686854850763,-232.6645858801005,4.3261111111111115,-1.9278987577594693,-177.73950385521377,87.32185446763351,6.808251000459063,88.65506758730191,-240.7119005122446,24.08251466092032,12.555618460825311,110.5859852318984,-232.2728865314928,44.6308355772039,12.56445506992494,89.20865083370246,-242.07876106654075,25.08529596953338,12.647187084574831,72.48137316203082,-193.9206703011954,39.28944075495617,8.566530848947277,8.566530848947277,0.0,False,False,False,False,0.0,False,False,94.56476440841548
4235.199,20.198999999999614,66.07218961870612,-233.08712718439511,4.138055555555556,-1.8401338063040684,-178.40659603255645,87.18970214440685,6.784533839104911,89.07341185501596,-241.88125304343617,24.625045664704242,12.533939470161643,111.14911440633347,-233.380782153499,45.077881289500425,12.542605215997007,89.63071298620643,-243.25619187282098,25.659577157358772,12.621331197930829,72.76686923393211,-194.71712141185358,38.94966082182736,8.525887103295974,8.525887103295974,0.0,False,False,False,False,0.0,False,False,95.14562880350668
4235.299,20.298999999999978,66.18751068887448,-233.48742947396335,4.046111111111111,-1.7478237727372512,-179.07660055299132,87.03877281004331,6.74222687349556,89.49393780884638,-243.06032268670177,25.195829606525265,12.502414046012083,111.71370463946954,-234.49900976624426,45.53743109042197,12.510917121254034,90.0545006569566,-244.44309529476556,26.26137512990564,12.584507196314828,73.05269174013658,-195.5176253766866,38.58544717963215,8.4741258703593,8.4741258703593,0.0,False,False,False,False,0.0,False,False,95.73223522481443
4235.4,20.399999999999636,66.29604816669067,-233.88773176274157,3.961111111111111,-1.6491887042593312,-179.74853354152208,86.87697046678134,6.706153150666924,89.9165875556335,-244.24783464150246,25.792665870031925,12.45764703875496,112.27947900088475,-235.62633340159576,46.01628675742685,12.46597821201979,90.48017753786631,-245.6379302721893,26.88753016647658,12.53226883257315,73.33878818211134,-196.32067118706135,38.22151523973944,8.406800902983848,8.406800902983848,0.0,False,False,False,False,0.0,False,False,96.32377133135115
4235.5,20.5,66.40458564449176,-234.24355601890653,3.6830555555555557,-1.5457380187152223,-180.4092638413892,86.69127695557894,6.669569746674579,90.33370118762751,-245.41927081412868,26.410209614103564,12.411987527372109,112.83575423437857,-236.73937306578935,46.4981990979651,12.420160765939615,90.89935820340487,-246.81686567165522,27.53328891245625,12.492527721755573,72.81282416876873,-194.6743864054743,40.0847190944454,8.087183330123354,3.665859476433978,-4.686263084411621,True,True,False,False,0.16088781450498285,False,False,96.69705641741484
4235.599,20.59900000000016,66.50633952994065,-234.577141259555,3.493888888888889,-1.4398949466378494,-181.05905452303858,86.49205967881375,6.630544201535638,90.74562477064356,-246.5752411153488,27.04620766632094,12.379343999464862,113.38292823180838,-237.8386959022599,46.989917078150114,12.387328671825909,91.31431816094081,-247.98057447690576,28.197301746233503,12.466656997607451,73.08103471971786,-195.42655290764475,39.69880584021653,8.04525683247178,8.04525683247178,0.0,False,False,False,False,0.0,False,False,97.25647911855002
4235.699,20.698999999999614,66.60130982303733,-234.92184600835674,3.386111111111111,-1.3311206626183247,-181.71081447439568,86.29153486059126,6.584973012092564,91.159988411494,-247.74035286184602,27.70275820137901,12.35268273314732,113.93150200557878,-238.94783911851022,47.50111275074839,12.360476983434943,91.73208146019111,-249.15372332049168,28.88082434603338,12.43960232349039,73.35020193079457,-196.1824192151269,39.32290341455169,8.001984205321046,8.001984205321046,0.0,False,False,False,False,0.0,False,False,97.82145471134142
4235.8,20.800000000000182,66.68949652375164,-235.24431174164198,3.1449999999999996,-1.2177320390844633,-182.3629532102408,86.06875025938196,6.522557787661032,91.57653706129192,-248.91423994552213,28.394219901529443,12.312699098697973,114.4812109579563,-240.06644464886134,48.03437242574794,12.320293976042713,92.15170557267834,-250.33516222480193,29.5982745773522,12.387076790640606,73.6195386604939,-196.94072857189954,38.925441136336524,7.9330785399070685,7.9330785399070685,0.0,False,False,False,False,0.0,False,False,98.39115441836809
4235.9,20.899999999999636,66.77089963212885,-235.53341894967724,2.905,-1.1004999234266921,-183.00182114565175,85.82596137226639,6.468277545787301,91.98747846702415,-250.07243147511772,29.1077091738839,12.265995482485499,115.02149537840778,-241.1710787453395,48.57883487530817,12.273399892713682,92.56490699786437,-251.5007199765564,30.336208037040407,12.345576042951059,73.8836457626376,-197.6857213561292,38.51025020237768,7.875359839183846,7.875359839183846,0.0,False,False,False,False,0.0,False,False,98.9538427035334
4235.999,20.998999999999796,66.84551914810862,-235.81140665034934,2.6988888888888884,-0.9798090148783254,-183.62897969829538,85.57616971460757,6.43416910276675,92.39220930176523,-251.21496842730642,29.831243574874126,12.220975075778089,115.55163636288094,-242.26190104610956,49.13140270833792,12.228141895352978,92.9731057851086,-252.65019495387332,31.08368663792691,12.296905613857321,73.3237967826715,-195.94587416581552,40.38847312521109,7.545271357602447,3.0902080308127324,-4.720425605773926,True,True,False,False,0.1632973729884636,False,False,99.30076658404738
4236.1,21.100000000000364,66.92013866410346,-236.0671553347148,2.5969444444444445,-0.8520211610382065,-184.2637652498876,85.30332274680349,6.388143694312646,92.80066962953538,-252.3772472729745,30.591191249887018,12.174360750783773,116.08530178062345,-243.3730590210127,49.70502482594168,12.181225357937834,93.38617611598364,-253.8191832619086,31.868254328284007,12.254042415382553,73.57667727177228,-196.66152550408236,39.96389831565754,7.484749637539334,7.484749637539334,0.0,False,False,False,False,0.0,False,False,99.84649701781981
4236.199,21.198999999999614,66.98119099539389,-236.28954549541044,2.3030555555555554,-0.7232799023664462,-184.88033498736317,85.01060113072012,6.336489647748289,93.19626931363952,-253.51374907448997,31.36723641262214,12.136466669260571,116.60098137718867,-244.46108746998726,50.288146672705345,12.143041002026331,93.78588686130134,-254.96285103021057,32.667783213125944,12.220808397086572,73.82032603724387,-197.35866272923988,39.527046450171,7.434206771350054,7.434206771350054,0.0,False,False,False,False,0.0,False,False,100.38036437287337
4236.299,21.298999999999978,67.03545973428689,-236.50081614795283,2.1061111111111113,-0.5911899555269906,-185.49806556931782,84.70327216144166,6.297443043830908,93.59231869130164,-254.65935284708831,32.17140364852962,12.106174996979968,117.11569452997536,-245.55922000325756,50.89287374080074,12.11251750268178,94.18573535271396,-256.11625361387644,33.49481830277804,12.194075064288553,74.06310551339281,-198.05898417865177,39.07892335201371,7.389989753811133,7.389989753811133,0.0,False,False,False,False,0.0,False,False,100.91900342456884
4236.4,21.399999999999636,67.09651206556225,-236.67872827603537,1.8399999999999999,-0.45489989137824527,-186.1170672447171,84.37816556208254,6.253705632042396,93.9908302947458,-255.81343109736878,33.006684248396404,12.070968133769597,117.63147423962798,-246.66657090822565,51.51251694859854,12.077164008784544,94.58643280434433,-257.27852339304945,34.35181656168241,12.150520684163245,74.30536758794399,-198.76169363374044,38.59623186280713,7.32877685209764,7.32877685209764,0.0,False,False,False,False,0.0,False,False,101.4620631970646
4236.5,21.5,67.14399721210307,-236.8344013886013,1.633888888888889,-0.31624284793942425,-186.7240925061008,84.03527262559557,6.1995892843572,94.38483714325601,-256.9523756446662,33.864380229414884,12.03244312354272,118.1389601248043,-247.760354440425,52.15230285000298,12.038439845041111,94.9830351328897,-258.4252300013078,35.23032660277593,12.116571868677163,73.79770111929291,-197.2020266384106,40.187024075242334,7.038856670587011,3.0106674490996603,-4.266676902770996,True,True,False,False,0.1334577438962495,False,False,101.7919553303599
4236.599,21.59900000000016,67.1846987662766,-236.96783548407058,1.395,-0.17664305438323108,-187.31963173219862,83.68090886018847,6.157645289078706,94.77376999153286,-258.07682960867817,34.73825677873,12.004272471836465,118.6375246987319,-248.8413192452492,52.80504628406756,12.010058222709228,95.37491352364721,-259.5577648687846,36.1246884785605,12.093877576469131,74.02490218008907,-197.85864136723492,39.702864471101634,6.997742248929944,6.997742248929944,0.0,False,False,False,False,0.0,False,False,102.30438695815394
4236.699,21.698999999999614,67.23218391281739,-237.1012695811201,1.343888888888889,-0.03490359977989041,-187.91743086186125,83.33013292674798,6.129813477363787,95.16543277910243,-259.21063938934554,35.62429824631897,11.986763110072486,119.1373643641104,-249.93239661445136,53.467612426839985,11.992375369267444,95.76991127861233,-260.7001930692917,37.03121754688897,12.081857529271186,74.25306846486606,-198.51855296130762,39.21630836345959,6.967116010369469,6.967116010369469,0.0,False,False,False,False,0.0,False,False,102.82193182525279
4236.799,21.798999999999978,67.25253468990417,-237.2124646610729,1.0769444444444443,0.10726390005003988,-188.51290962657603,82.94657346750874,6.1144795044550415,95.55608673016867,-260.3433272650252,36.553082809783376,11.976478711471957,119.63387401870119,-251.02344936687433,54.17146858284774,11.98194410265101,96.1639345203781,-261.841872523216,37.97995223532181,12.073359634347534,74.47992345835532,-199.17586364157654,38.71715595865332,6.940011924083117,6.940011924083117,0.0,False,False,False,False,0.0,False,False,103.33986973565482
4236.9,21.899999999999636,67.27966905935821,-237.29030121735587,0.9011111111111112,0.25152874936864034,-189.11270031170974,82.54606485132628,6.101296661572192,95.94964985042967,-261.48670846595974,37.51578230959199,11.968469528767464,120.13209009791106,-252.12585905075167,54.89510165638183,11.973781611432727,96.56115301211736,-262.99437956226075,38.96286624514037,12.066017746484835,74.70789210424579,-199.83730180353083,38.18253085766549,6.9138777829442235,6.9138777829442235,0.0,False,False,False,False,0.0,False,False,103.86352438892406
4237.0,22.0,67.29323624409275,-237.37925728179215,0.7680555555555556,0.39472413908492715,-189.70470510251744,82.14787792364612,6.080240858203706,96.33832667097693,-262.61842720147513,38.47899395956849,11.96357666503752,120.62217225363409,-253.21807288381905,55.63131757908278,11.968765376999022,96.95336869661267,-264.13532554841044,39.94509539591767,12.063556526300173,74.14163241639469,-198.10643234891538,39.86546510880297,6.643280820360229,2.4014306335428586,-4.491379737854004,True,True,False,False,0.14793783558482054,False,False,104.17830692672753
4237.1,22.100000000000364,67.30680342881226,-237.44597433071192,0.6030555555555555,0.5373422133843486,-190.29473085697947,81.7398355278363,6.060111799193767,96.7263244230108,-263.7502132801382,39.46417618849535,11.965335420172881,121.10941835304493,-254.31137005608664,56.38406641648643,11.970405427354207,97.34498041082976,-265.27666741348185,40.949231419775685,12.069582413060095,74.35701229961792,-198.7341512569371,39.34857927317365,6.6295413600508875,6.6295413600508875,0.0,False,False,False,False,0.0,False,False,104.6793294998609
4237.2,22.199999999999818,67.32715420591407,-237.5015718698982,0.5211111111111111,0.6787086698661435,-190.88355564777163,81.33421622452634,6.051031684104073,97.11291113667514,-264.88301518556176,40.4590503347184,11.973680911978837,121.59314982153657,-255.40676219472255,57.14362712256673,11.978595256420185,97.73626136496105,-266.41901722063733,41.96346558404567,12.08048066751965,74.57169318868523,-199.36091488965846,38.82258440595117,6.620674267441358,6.620674267441358,0.0,False,False,False,False,0.0,False,False,105.18176362138027
4237.3,22.300000000000182,67.3339377982663,-237.54604990251147,0.3569444444444444,0.8182210957967575,-191.47193339036616,80.91455234269004,6.042822206946213,97.49857466504751,-266.0173952339176,41.479185410094054,11.989244222536636,122.07389973124096,-256.50476033350134,57.93009695857273,11.994071600605306,98.12547210626421,-267.56371818385287,43.00208127625059,12.100712820988619,74.78482810973986,-199.9877623106963,38.29021720052144,6.621141073841064,6.621141073841064,0.0,False,False,False,False,0.0,False,False,105.68607224382805
4237.399,22.399000000000342,67.3339377982663,-237.57940842618126,0.25305555555555553,0.9541631561647794,-192.05443740102768,80.49097755883734,6.041165505222996,97.88033129310631,-267.14225903765185,42.50934358253172,12.008315934078983,122.54779904973779,-257.59452992148573,58.72968212725609,12.013047487904027,98.51133467022852,-268.6987953338446,44.05049735497532,12.118889691896811,74.99577972519747,-200.60831061162426,37.75666689906329,6.619750251150725,6.619750251150725,0.0,False,False,False,False,0.0,False,False,106.18743893746954
4237.5,22.5,67.34072139063358,-237.60164744248783,0.1588888888888889,1.090882287127969,-192.6493622820609,80.0609088281211,6.046621193060169,98.26900385762585,-268.29223196793464,43.5714428825998,12.028914003279645,123.0283870641167,-258.70973510541603,59.55390392700962,12.033539419165411,98.90448586352802,-269.8591570142576,45.1311217617419,12.141624075369661,74.25668625271688,-198.36455147972188,39.84194108681045,6.325021287998591,1.2339837503252138,-5.388537883758545,True,True,False,False,0.2130204994716561,False,False,106.49885288991484
4237.601,22.600999999999658,67.34750498300085,-237.63500596615768,0.1388888888888889,1.2246241010221486,-193.24500008811597,79.64112001965393,6.041924798884572,98.6567190522544,-269.44514783377105,44.63353012335047,12.057482047311026,123.50590429750152,-259.82894802213195,60.38490604075536,12.062021208999504,99.29682494946942,-271.02284224117363,46.21154246989662,12.176088567992732,74.46099227223743,-198.97052703812344,39.31340270430091,6.338144968019839,6.338144968019839,0.0,False,False,False,False,0.0,False,False,106.99230281131126
4237.7,22.699999999999818,67.34750498300085,-237.65724498246425,0.034999999999999996,1.3510310820334928,-193.83031252237137,79.22332091134913,6.055316966228472,99.03699724167605,-270.57876945997816,45.69519333076711,12.09816646160541,123.97223924886859,-260.930452556396,61.220933686603075,12.102685256285204,99.68092349738527,-272.16792779989106,47.29098414445797,12.223675517247495,74.66096092601882,-199.56667929874433,38.78630985201152,6.364813695021227,6.364813695021227,0.0,False,False,False,False,0.0,False,False,107.47935248292637
4237.799,22.798999999999978,67.34750498300085,-237.67948399877082,0.0011111111111111111,1.4722770964881646,-194.41870154380481,78.81015764300864,6.081208421114645,99.41892021064713,-271.7165084031488,46.76638434825087,12.146910059892587,124.43830552632106,-262.0368755780753,62.069654672994155,12.151441814882972,100.06660239834987,-273.3175737560077,48.379879880173014,12.27358805404358,74.86182953252776,-200.1654358825404,38.25923260472528,6.393808009563937,6.393808009563937,0.0,False,False,False,False,0.0,False,False,107.9702842430526
4237.899,22.899000000000342,67.34750498300085,-237.69060350613404,0.015,1.590367970960158,-195.01644704230887,78.39059062106449,6.104843228918489,99.8072503976523,-272.8699150823501,47.86667980297436,12.19357504554166,124.90961551421952,-263.15942721527165,62.944877074590956,12.198141146562751,100.45809264807887,-274.4830881199138,49.497453869689494,12.31655914432396,75.0657639665563,-200.77257363966174,37.71620939276606,6.415649582416623,6.415649582416623,0.0,False,False,False,False,0.0,False,False,108.46995790387439
4237.999,22.998999999999796,67.35428857536812,-237.71284252323068,0.01888888888888889,1.70440917057469,-195.61648427566618,77.98724282580588,6.11080797574709,100.19741992852916,-274.02752933540023,48.9635349555866,12.23839770788308,125.38057515443214,-264.2870846386882,63.8219419805338,12.242952868821579,100.85265875123655,-275.65229530325,50.611687204506715,12.363212713151329,74.15234439181854,-198.00159838846423,40.288912539489054,6.095858115364705,0.1453791468169756,-6.295794486999512,True,True,False,False,0.29090194597089963,False,False,108.77320383440696
4238.1,23.100000000000364,67.35428857536812,-237.73508153795711,0.011944444444444443,1.8145226427064878,-196.22339908552357,77.5801566029597,6.103636576357411,100.5921263574566,-275.2014291783108,50.08473885263118,12.28597061933442,125.85464141320224,-265.4317373350915,64.7255438331423,12.290508759776532,101.2518099157976,-276.8380238686832,51.750188907335996,12.411224142455199,74.34917442015019,-198.58630665903763,39.76876918515143,6.120949803891028,6.120949803891028,0.0,False,False,False,False,0.0,False,False,109.25886535144149
4238.2,23.199999999999818,67.35428857536812,-237.75732055426374,0.01888888888888889,1.9187095948799224,-196.82565489091195,77.183004933004,6.120467108178649,100.98313536919379,-276.3685390075483,51.20278827495491,12.33137464156221,126.32196105104869,-266.57092687319084,65.63086397649548,12.335867159814393,101.64763187233565,-278.0166177717403,52.88520026367286,12.454484048689416,74.54437310600326,-199.16752752673113,39.25390988762117,6.141516897474461,6.141516897474461,0.0,False,False,False,False,0.0,False,False,109.74329648476011
4238.3,23.300000000000182,67.35428857536812,-237.76844006241703,0.046944444444444414,2.0187997938563047,-197.43023189235873,76.78474544263342,6.135737813790337,101.37452133233556,-277.5402698364336,52.337125259337576,12.376001981968399,126.78731930346939,-267.715778511868,66.55169585918449,12.380493036213528,102.04313527778886,-279.2000243872621,54.0360274743693,12.500468657132576,74.73941229269819,-199.75111457209752,38.72798845482642,6.164808693266629,6.164808693266629,0.0,False,False,False,False,0.0,False,False,110.23124121598654
4238.4,23.399999999999636,67.35428857536812,-237.7906790787236,0.018055555555555557,2.114042442236442,-198.03650265666818,76.39819538776757,6.138517624811182,101.76685450860572,-278.7165791108127,53.471057475478965,12.424231490794542,127.25112029616852,-268.8662677098763,67.47831250826081,12.428703424185658,102.43977516185039,-280.38813556497956,55.186363062886265,12.550929453653062,74.93506731677886,-200.33718755776522,38.21298514165998,6.19257667713633,6.19257667713633,0.0,False,False,False,False,0.0,False,False,110.72296598161249
4238.499,23.498999999999796,67.35428857536812,-237.80179858608682,0.016111111111111083,2.2033777311295037,-198.63851312117467,76.01581488243171,6.156582322926088,102.15728363335602,-279.8854670295296,54.61028854221475,12.472122584181708,127.70972636206443,-270.01060658461193,68.41188627065932,12.476637784715193,102.83329771384024,-281.56911035502606,56.341260803493874,12.596824544018908,74.04454023427708,-197.63872320028227,40.7164842748653,5.884730245701744,0.13607176279951805,-6.079934120178223,True,True,False,False,0.27139981117961504,False,False,111.01552019156317
4238.599,23.59900000000016,67.35428857536812,-237.8240376023934,0.011944444444444443,2.289212505025394,-199.24886165911647,75.6406525824193,6.170593566159178,102.55385865348784,-281.07040360274607,55.760720098658346,12.518647324810338,128.17263998204282,-271.1717194729134,69.36093824310036,12.523161316745922,103.23397688270276,-282.7658317629073,57.50753772678402,12.64350766005458,74.23173256897422,-198.19781658903838,40.21861046436645,5.907239691804388,5.907239691804388,0.0,False,False,False,False,0.0,False,False,111.48886856331066
4238.7,23.699999999999818,67.35428857536812,-237.83515711054667,0.018055555555555557,2.3708478608414367,-199.866833059945,75.26248201002873,6.172911100150818,102.95509775692601,-282.2720770244002,56.93906800968845,12.568299777578893,128.63828859198637,-272.35041783374106,70.33513972991702,12.572782206663076,103.63995594263915,-283.9793498303969,58.702096879540164,12.695639602209939,74.42146600858335,-198.76495164523737,39.704230907726085,5.93495622732756,5.93495622732756,0.0,False,False,False,False,0.0,False,False,111.97068585291103
4238.8,23.800000000000182,67.35428857536812,-237.84627661870002,0.009999999999999998,2.4463795340786194,-200.48060315374445,74.89479427571716,6.1952021246088345,103.35208670994577,-283.46725110043053,58.112948498596324,12.619338774971915,129.09647915669112,-273.5239673022268,71.30915586577804,12.623761795222839,104.04214122187209,-285.18618495060093,59.89211511279569,12.746089947313873,74.60952209721026,-199.32925049962608,39.19438371136719,5.961232902498467,5.961232902498467,0.0,False,False,False,False,0.0,False,False,112.45158950431168
4238.9,23.899999999999636,67.34750498300085,-237.8573961268533,0.01388888888888889,2.517109321170768,-201.09698970236522,74.5272277906738,6.213523561525767,103.7492944391047,-284.66766989333917,59.298330547325435,12.66923017954075,129.55230926308536,-274.70384607578393,72.29867598623554,12.673653097596214,104.44351613203472,-286.3985458310348,61.0930213508303,12.795411362768254,74.7972742679726,-199.89635965688902,38.68513089383655,5.986380648020039,5.986380648020039,0.0,False,False,False,False,0.0,False,False,112.93625803224816
4239.0,24.0,67.35428857536812,-237.87963514315993,0.008888888888888889,2.5827797611982963,-201.71532540648457,74.1835942294135,6.222864124497666,104.14810818962205,-285.8728587618729,60.47424803271264,12.720001149044624,130.00709802884728,-275.8895205497703,73.281143011266,12.724445502400958,104.84609746513676,-287.6158561731806,62.284246934309195,12.847647728107386,73.94836715910517,-197.32324683143156,41.08895843484229,5.70079449928488,0.21952862098351655,-5.794914722442627,True,True,False,False,0.24664486436823363,False,False,113.2288456214256
4239.099,24.09900000000016,67.35428857536812,-237.8907546505231,0.015,2.6427694486055398,-202.329680582116,73.83881564998246,6.247480725321995,104.54488413655235,-287.0706500667152,61.65875859391891,12.770875507695257,130.45661698467845,-277.06900283939086,74.27542650045824,12.775335428630703,105.24667824308247,-288.82565616926877,63.48383563911546,12.897692920670476,74.12615345552393,-197.8601818831207,40.59932154656511,5.725537007330911,5.725537007330911,0.0,False,False,False,False,0.0,False,False,113.69158648677363
4239.2,24.199999999999818,67.34750498300085,-237.90187415867643,0.023055555555555555,2.69898412099814,-202.95893011800138,73.48769004312592,6.262642343290565,104.95087187512853,-288.29767709953575,62.878853008606065,12.822153635016493,130.9135954960055,-278.2784445967692,75.3054799031901,12.82659496587407,105.65728192972215,-290.0646576403566,64.71935560760924,12.949163890165757,74.30847303692615,-198.4103333720519,40.10033503537593,5.751194126965482,5.751194126965482,0.0,False,False,False,False,0.0,False,False,114.16738790545861
4239.3,24.300000000000182,67.34750498300085,-237.92411317419288,0.021111111111111112,2.7491821749203793,-203.58389452969564,73.15869002496454,6.2770401394644235,105.35304306409185,-289.5179761786724,64.08078982470691,12.875101601182106,131.36341237770665,-279.48246630748406,76.32255967090518,12.8795121436967,106.06432364746627,-291.2968272259446,65.93662603399684,13.00406209520933,74.48933280574208,-198.9578200218885,39.61537210075156,5.780534064820054,5.780534064820054,0.0,False,False,False,False,0.0,False,False,114.64235750712295
4239.399,24.399000000000342,67.34750498300085,-237.9352326831363,0.0019444444444444166,2.7932273329604658,-204.20550932322436,72.83508083921299,6.312457411548079,105.75169753430535,-290.73160949861665,65.28659441539178,12.931596274766292,131.80628275492265,-280.68113573137475,77.34433566370198,12.936006700063562,106.46734180946753,-292.5225759073915,67.15757346429382,13.062677993839864,74.66859366623856,-199.50302811449035,39.12330108150489,5.813847278933529,5.813847278933529,0.0,False,False,False,False,0.0,False,False,115.11668391840101
4239.499,24.498999999999796,67.34750498300085,-237.94635219128958,0.011944444444444443,2.831677376540216,-204.8367624980272,72.51577029448652,6.336176560277951,106.15538096778174,-291.96330384754555,66.51227183523675,12.99160974810256,132.25161479705002,-281.8988598781444,78.38600897301244,12.996037410600128,106.87559348800563,-293.76660740285007,68.39861601482328,13.123454173708474,74.00434918374579,-197.4888758561177,41.00147517009583,5.595648008038236,1.13411796795004,-4.71494722366333,True,True,False,False,0.1633446130004048,False,False,115.40640191479099
4239.6,24.600000000000364,67.34750498300085,-237.9574716986528,0.021944444444444444,2.8638309217168674,-205.47688444727814,72.2020274551627,6.355673835012408,106.56368894778805,-293.21365983062014,67.75806528846144,13.054629147465294,132.69917314704662,-283.13618260559747,79.44782219190678,13.059050624712555,107.28894218513605,-295.02940927004545,69.66006362274621,13.188048025935172,74.18075400944754,-198.0278018157855,40.510144769084626,5.633311927488056,5.633311927488056,0.0,False,False,False,False,0.0,False,False,115.8781125703145
4239.7,24.699999999999818,67.34750498300085,-237.97971071495942,0.023055555555555555,2.8889880904340726,-206.1140227883401,71.90495439833064,6.397200178723149,106.96855116192596,-294.4582548622544,68.99024024679481,13.121165295838871,133.14025918509444,-284.3688741317955,80.50242846033296,13.125597512151934,107.69852550013414,-296.2866319992619,70.90770005033272,13.257121535270661,74.35590855519008,-198.56544157787917,40.03251593693396,5.6757221370447555,5.6757221370447555,0.0,False,False,False,False,0.0,False,False,116.34992205790753
4239.799,24.798999999999978,67.34750498300085,-238.001949731266,0.045,2.9054614419988423,-206.75004764762113,71.62023708133145,6.456535173946591,107.37110426090342,-295.6977049056933,70.21886259621112,13.205759945028365,133.57598160527454,-285.59752345067534,81.55703374563583,13.210243617456888,108.10551523335415,-297.53963642202,72.15228018610564,13.357924356989201,74.53062941934887,-199.10335690514552,39.5562612050276,5.750128291982107,5.750128291982107,0.0,False,False,False,False,0.0,False,False,116.82305792234908
4239.899,24.899000000000342,67.35428857536812,-238.03530825493579,0.11694444444444443,2.9096220650133664,-207.399436433165,71.35595058515308,6.5323207756222885,107.78069649526343,-296.95902039360095,71.45836766611767,13.31730593487658,134.01647504093063,-286.84886357156904,82.62330353489529,13.321914656427131,108.5199829000745,-298.81587826357423,73.4090735523216,13.479189384076866,74.70969837276142,-199.65475164403264,39.07901200197275,5.844730019290738,5.844730019290738,0.0,False,False,False,False,0.0,False,False,117.30899753952112
4240.0,25.0,67.36107216772032,-238.05754727124236,0.15,2.899009148375579,-208.0636932841445,71.09844474887842,6.623780669665537,108.1974790322436,-298.2447636327919,72.73316395535711,13.447206215124963,134.46246028719867,-288.12526937670873,83.72199880790637,13.451926153232375,108.94257389736465,-300.117310919585,74.70231288374254,13.616332041053827,74.17822701307723,-198.04440260727924,40.589719709365,5.7425045099502094,1.9750810071934577,-3.9798617362976074,True,True,False,False,0.11642777187776612,False,False,117.61768800058182
4240.1,25.100000000000364,67.36785576008762,-238.1020253030655,0.24694444444444444,2.8727781131340944,-208.73146942095937,70.86779658992145,6.743016883949493,108.61376765904073,-299.5312088640363,73.99168765032762,13.595260787436239,134.90595439140193,-289.4030987510946,84.81270484811353,13.600143536607737,109.3642714449173,-301.4204264587056,75.97972660703364,13.776651950441607,74.35707488522338,-198.59707226989613,40.118455829357146,5.875246001157095,5.875246001157095,0.0,False,False,False,False,0.0,False,False,118.10559783440178
4240.199,25.198999999999614,67.3814229448071,-238.15762284304185,0.40388888888888885,2.8295426212618486,-209.40520932095941,70.66573806768126,6.896988369327494,109.03120377243476,-300.8194913805796,75.24103941071712,13.762817694796468,135.34864433509952,-290.68344548405787,85.8982259865272,13.767908055618815,109.78686110647723,-302.72638794299957,77.24860265543155,13.953278709418584,74.53842186843589,-199.15750286465848,39.65138070636534,6.02457012613529,6.02457012613529,0.0,False,False,False,False,0.0,False,False,118.60078127672605
4240.299,25.298999999999978,67.40855731426115,-238.2354593993249,0.6419444444444444,2.7685986242276135,-210.09985795039066,70.49777534321571,7.0501545023895495,109.45914225617383,-302.13660954109935,76.4958082733859,13.935065989550901,135.80041981740044,-291.9931310577122,86.99042544314455,13.940413166314812,110.22005661537371,-304.06151457758284,78.52320684192809,14.119636916055246,74.72649468192168,-199.73715112362947,39.18765044510172,6.163349914591057,6.163349914591057,0.0,False,False,False,False,0.0,False,False,119.11353598204241
4240.4,25.399999999999636,67.43569168371519,-238.34665448006774,0.9288888888888889,2.690843081487146,-210.81454185347286,70.35561559825155,7.18624580104723,109.89771353269931,-303.4830950097505,77.75460876617221,14.106720191833155,136.26143800468603,-293.3326789353221,88.09339499663106,14.112266716432694,110.66400375043538,-305.42605854897704,79.80183841477432,14.295130432540684,74.92139147824304,-200.33619823410896,38.74055349939829,6.310989228713987,6.310989228713987,0.0,False,False,False,False,0.0,False,False,119.64415272075121
4240.503,25.5029999999997,67.46960964553651,-238.48008857632715,1.1788888888888889,2.593901059263221,-211.5547230023446,70.24124768156997,7.309941678566164,110.35138702731699,-304.8731593101744,79.03724864195505,14.28597561448849,136.73625210775313,-294.7162813745316,89.22094562615537,14.291755866351961,111.12334037925469,-306.8347122506706,81.10488755083186,14.474829274271475,74.78211066067699,-199.91478540943012,39.25245571236414,6.361247175590073,3.0574203726860683,-3.4048619270324707,True,True,False,False,0.047713960659504465,False,False,120.09299550514653
4240.6,25.600000000000364,67.52387838444457,-238.64688119625634,1.5469444444444445,2.486312378484655,-212.26096724581149,70.18619128418263,7.420426996172314,110.78461285119778,-306.19760427263407,80.21590449994564,14.445961972710531,137.18764503635475,-296.03524781993576,90.2577697922214,14.451933724499458,111.56158240933195,-308.17633027893095,82.3022701116064,14.625800284690206,74.97556995852425,-200.50703458662727,38.86097794344919,6.4850500186731335,6.4850500186731335,0.0,False,False,False,False,0.0,False,False,120.6186832049737
4240.7,25.699999999999818,67.57136353098537,-238.8247933251289,1.7419444444444443,2.360824321531353,-212.9990336853895,70.13832251314064,7.553215542223432,111.23624291662557,-307.578017447072,81.44708416465654,14.60234596366367,137.65628451276731,-297.4106188057186,91.34656587012309,14.60849031250141,112.01928397434526,-309.57370839243157,83.55253805205236,14.782744832195828,75.1794375530965,-201.12944913899832,38.455451676410846,6.61398614624542,6.61398614624542,0.0,False,False,False,False,0.0,False,False,121.17213874506477
4240.8,25.800000000000182,67.63919945461294,-239.05830299318774,2.1438888888888887,2.2194923050941417,-213.748766934121,70.14492639567028,7.706297767607826,111.6963468760712,-308.97279351644806,82.63817655323213,14.771876535773995,138.1317552994247,-298.80089718128806,92.40334404045096,14.778285358805075,112.48134748622005,-310.98760542999094,84.76227220369725,14.966927581523962,75.38731633930806,-201.7655504377211,38.089141607840965,6.770160475639962,6.770160475639962,0.0,False,False,False,False,0.0,False,False,121.73843504873729
4240.899,25.899000000000342,67.71381897062287,-239.29181266203676,2.3180555555555555,2.062660167466577,-214.50177416358545,70.17564150723486,7.833055066151936,112.16212211440794,-310.3677896477647,83.82986434939247,14.93926144386352,138.6108880159838,-300.19204682226723,93.46246797508385,14.945920419666368,112.95178123373977,-312.4006502809914,85.97310839857928,15.119867663777855,75.600989072029,-202.40736058923,37.71830135252241,6.895372222159656,6.895372222159656,0.0,False,False,False,False,0.0,False,False,122.31175703860725
4240.999,25.998999999999796,67.79522207896991,-239.5698003627088,2.656111111111111,1.8894000891088152,-215.27059776934004,70.24264102973946,7.929446548810612,112.63708568418649,-311.7921292893986,85.01092592828182,15.089639791788578,139.0969806540525,-301.6133366311651,94.51635397429703,15.096458475121924,113.43417985951433,-313.8413013146254,87.17322020520331,15.265548804555028,75.48365936635838,-202.0339200336957,38.31519776793667,6.91443454489774,3.74185859122737,-3.271186351776123,True,True,False,False,0.044019591149065666,False,False,122.79306437018099
4241.099,26.09900000000016,67.87662518733205,-239.84778806259084,2.835,1.7048896493507597,-216.04530816681697,70.32251867856594,7.998339463113464,113.11234413314831,-313.23081312468616,86.20521234710226,15.213412396078736,139.5810070918925,-303.049816067408,95.58250220744773,15.220320263200756,113.9168960268416,-315.2948634195783,88.38533656041785,15.366837267294871,75.70272790180977,-202.6935824669694,37.969499300613165,6.9872998662305426,6.9872998662305426,0.0,False,False,False,False,0.0,False,False,123.38414715121426
4241.199,26.198999999999614,67.9715954804287,-240.15913428772274,3.0180555555555557,1.512759763408236,-216.82370230844205,70.4366327312823,8.03684744443517,113.58910335403381,-314.68040241814674,87.37491876027681,15.30614609258021,140.06384410876612,-304.49812803785534,96.62711021793842,15.313207726676193,114.39794196530653,-316.7587479841113,89.57067860840337,15.451100452270417,75.92173301923691,-203.3600431629653,37.648078231088626,7.043139909799307,7.043139909799307,0.0,False,False,False,False,0.0,False,False,123.98239185049202
4241.3,26.300000000000182,68.05978218114305,-240.4816000202179,3.2249999999999996,1.3142289753762193,-217.6112003079698,70.55511360448546,8.045110703743259,114.07293573108907,-316.1518427745504,88.56181986674912,15.366032950503023,140.5504405726016,-305.96941013026105,97.69108878007353,15.37317153261378,114.88642912107989,-318.24272487436747,90.77184256265889,15.485696857067065,76.14424614534211,-204.03601659034433,37.33147611777907,7.049028941774787,7.049028941774787,0.0,False,False,False,False,0.0,False,False,124.59133438788781
4241.4,26.399999999999636,68.16153606659194,-240.8040657527131,3.303055555555555,1.116908904872422,-218.39009032036748,70.69206692363558,8.024800069951498,114.55112560727194,-317.61327755899924,89.73098147270929,15.387569804836197,141.02779924698112,-307.4318624367861,98.7357868295377,15.394677077971991,115.36980566847976,-319.7143785717548,91.95356539038357,15.494409609091786,76.36390785025782,-204.7047829215875,37.01941549780434,7.029318552392726,7.029318552392726,0.0,False,False,False,False,0.0,False,False,125.19605136253364
4241.5,26.5,68.26328995204082,-241.14877050151483,3.455,0.9195291218908339,-219.1676070355679,70.84033928536145,8.018787638934597,115.02617399374851,-319.07773553680784,90.88284169946559,15.404071383891885,141.49841039666987,-308.8984891590313,99.76676422893529,15.41107149401409,115.85036671869393,-321.1886906975802,93.11776790810578,15.518717723192673,76.44822917337784,-204.96463830579998,37.09831064636164,6.986651928179832,5.765654860993555,-1.2595486640930176,True,True,False,False,0.006523163486880217,False,False,125.6896920584243
4241.599,26.59900000000016,68.3582602451375,-241.47123623401,3.3369444444444443,0.7195873562271506,-219.936235527499,70.98412727929002,8.026004919727187,115.49286636298606,-320.5315502996128,92.04457808060437,15.442140176747623,141.9570143597332,-310.3555889279915,100.8059058452904,15.448976897031269,116.32313831079287,-322.6532083648066,94.29285300010079,15.57090476451921,76.66108075789603,-205.623994559927,36.79621670915634,7.010541471708494,7.010541471708494,0.0,False,False,False,False,0.0,False,False,126.28834447258312
4241.7,26.699999999999818,68.44644694585185,-241.81594098281175,3.365,0.5090627809386414,-220.7194611544497,71.13754021836492,8.03400076612512,115.96540994530316,-322.02014594606146,93.22427976836394,15.484601919238319,142.41739920940253,-311.84870008318154,101.86407181134534,15.491296386758817,116.80186601490851,-324.1529179842896,95.48625207371994,15.602652467733218,76.87644465855601,-206.29866475497207,36.503996659007946,7.013420010502594,7.013420010502594,0.0,False,False,False,False,0.0,False,False,126.90241525673311
4241.8,26.800000000000182,68.53463364658123,-242.14952622346027,3.343888888888889,0.29841267242696284,-221.49424895746148,71.29391511039982,8.024264638188917,116.42972996654562,-323.4983761712874,94.40114215057339,15.504186957998236,142.86563208183992,-313.33257131632644,102.91804135852688,15.51067724147162,117.27167907830693,-325.6411840634705,96.67552185681461,15.610551385524154,77.08726168661306,-206.96648746194722,36.20764646984485,6.992735597184508,6.992735597184508,0.0,False,False,False,False,0.0,False,False,127.51200576415756
4241.9,26.899999999999636,68.62282034729557,-242.46087244859223,3.2338888888888886,0.08865614339955269,-222.26716375889558,71.44730599379457,7.993164533356363,116.89007713525983,-324.9790110724561,95.59796692285092,15.506807818009316,143.30583241278296,-314.8199814352883,103.98746532405863,15.513079915378215,117.73731557666368,-327.1310494224242,97.883974737521,15.608136200207058,77.29539701505468,-207.6324438827045,35.89196320107474,6.96173708075865,6.96173708075865,0.0,False,False,False,False,0.0,False,False,128.12185228910468
4242.001,27.001000000000204,68.71779064039222,-242.78333818187747,3.218055555555556,-0.1233859454708823,-223.04493963517493,71.61502615313672,7.97045091617034,117.35240308382723,-326.47560337565767,96.7973180454353,15.51054069004387,143.7439162569404,-316.32450032146426,105.05818413560678,15.516698482627499,118.20326444507766,-328.63756154594245,99.09470110515986,15.618067962192026,77.51420644199099,-208.3380379821257,35.55074734524768,6.946046031266684,7.047368219373406,0.10456854104995728,True,True,False,False,4.494012743099939e-05,False,False,128.62249652328737
4242.1,27.100000000000364,68.81276093347384,-243.09468440542923,3.188888888888889,-0.3315993077335634,-223.80514941207582,71.78459941676675,7.952941209726511,117.80444009385387,-327.9430700418485,97.97669708691008,15.509899038676043,144.16849789277774,-317.8007697020683,106.11072647488805,15.515916222054702,118.65897222872954,-330.11450185561324,100.28506074961827,15.607108362824231,77.71637826213971,-208.99327302828692,35.24458340580025,6.9068021283682475,6.9068021283682475,0.0,False,False,False,False,0.0,False,False,129.22533278481075
4242.2,27.199999999999818,68.90094763420325,-243.40603062977112,3.135,-0.5405744384204927,-224.57087925330663,71.95059357042875,7.921734021734264,118.25851094710946,-329.42543294659686,99.17412278982593,15.497087803837374,144.59122426963734,-319.29298604597415,107.1813788840642,15.50291698583922,119.11752242380766,-331.6055782666527,101.49317507571863,15.59274513036345,77.9187684395257,-209.65138902641644,34.9384733760339,6.8638688923413635,6.8638688923413635,0.0,False,False,False,False,0.0,False,False,129.83327095964015
4242.299,27.298999999999978,68.98235074255032,-243.7062573467498,3.0330555555555554,-0.7466485479696097,-225.32721256971044,72.11048903574117,7.914726890801815,118.70368005487431,-330.89341672720013,100.36837823446496,15.49282869195145,145.0022315618797,-320.77148610600557,108.25004278752718,15.498498966515731,119.56808839854378,-333.0823530779278,102.69860438365113,15.598765444228329,78.11674603169473,-210.3002802825379,34.632304008151046,6.841604902675599,6.841604902675599,0.0,False,False,False,False,0.0,False,False,130.43479023981916
4242.4,27.399999999999636,69.05697025856023,-244.00648406372846,3.0119444444444445,-0.958148804210923,-226.09844406382004,72.26904450739846,7.92105503822592,119.15352087713134,-332.392613108422,101.5961229151205,15.501858629820898,145.41484207099373,-322.2819403768372,109.35068197660874,15.507432353057697,120.02291777947278,-334.5913878646427,103.93821531720322,15.610912807592937,78.31591266041447,-210.9610761407055,34.31802732092629,6.824896562438384,6.824896562438384,0.0,False,False,False,False,0.0,False,False,131.04911294662253
4242.5,27.5,69.12480618218777,-244.28447176361044,2.8269444444444445,-1.1696653973150917,-226.86116655294686,72.4215734371014,7.909126816292639,119.59700336436079,-333.8786698566634,102.8326943162211,15.514534015639528,145.82046200074504,-323.7793524531825,110.46112292244679,15.520107738151465,120.46991040248822,-336.08781344812667,105.18637398369405,15.62427204486359,78.78050022843992,-212.44493541338827,33.27143673651543,6.886369063204002,8.183463662506199,1.3737778663635254,True,True,False,False,0.013759851300949625,False,False,131.44767785509262
4242.601,27.600999999999658,69.19264210581534,-244.5735789732259,2.811111111111111,-1.3850695213229276,-227.6298803075529,72.58307173850261,7.899259337426056,120.04251869258226,-335.38151961020054,104.07589553598729,15.525013482883983,146.22678271396626,-325.29384561153256,111.57965883347956,15.5304929473531,120.92090668711757,-337.60045497483446,106.44159438495772,15.632023309031833,78.97892673179011,-213.11045790037196,32.949952267426056,6.865578804507945,6.865578804507945,0.0,False,False,False,False,0.0,False,False,132.0672523696824
4242.699,27.698999999999614,69.27404521414735,-244.84044716574465,2.7049999999999996,-1.5949043523640831,-228.37422667270584,72.75674834670741,7.883553864433511,120.47181811387917,-336.8414322481177,105.28719393173866,15.530577659944933,146.61644196248062,-326.7653873136542,112.66562098979063,15.536014903522059,121.3540678378084,-339.07006668731566,107.66406063148966,15.635701646235983,79.1688158744376,-213.7547061383838,32.62253487452939,6.841563386853581,6.841563386853581,0.0,False,False,False,False,0.0,False,False,132.66882992851518
4242.799,27.798999999999978,69.34188113780505,-245.1073153582634,2.6730555555555555,-1.809763116291192,-229.131710078214,72.92308581049906,7.8637770842332495,120.90745806205842,-338.332389084451,106.53601782863956,15.535399349079604,147.01010370989474,-328.26853081091764,113.78989653334975,15.540769057169333,121.7943099316487,-340.5706952828262,108.92435078068934,15.641761696144776,79.36109858714673,-214.41012946375602,32.2908956230566,6.819364503233165,6.819364503233165,0.0,False,False,False,False,0.0,False,False,133.28302366730242
4242.899,27.899000000000342,69.40971706144768,-245.36306404262893,2.5749999999999997,-2.02602595215487,-229.88798537692205,73.09270442127095,7.868008208668315,121.3406604456727,-339.82489504394925,107.79545629059503,15.54668237599207,147.3998645457047,-329.77351782827566,114.92426990377169,15.552010913067896,122.23159612628372,-342.0733676975431,110.1954343018161,15.658357165941071,79.55147893878309,-215.0643447264785,31.951020737614016,6.807701039500249,6.807701039500249,0.0,False,False,False,False,0.0,False,False,133.8980606093443
4242.999,27.998999999999796,69.47076939272304,-245.60769321884112,2.5230555555555556,-2.2437954146687504,-230.64461038009222,73.25894248180805,7.878803297626807,121.7727797228871,-341.31902527815487,109.06951622311712,15.560566916859294,147.78711403401007,-331.2804490211657,116.07441976911875,15.565863062708086,122.66717958825961,-343.57798122284856,111.48109879831627,15.669552517954557,79.6582916123369,-215.46241621887495,31.820171815686592,6.767355397998958,6.370652044433451,-0.41998541355133057,True,True,False,False,0.0012937317545834934,False,False,134.30769465545953
4243.099,28.09900000000016,69.53182172398334,-245.8412028876901,2.3380555555555556,-2.4627153625678515,-231.4019160867008,73.42823961956339,7.887465161954791,122.20564753382041,-342.8143969432306,110.3554814713731,15.574696541102275,148.17374626603234,-332.78898326957875,117.2368065456172,15.579988018097085,123.10235751525826,-345.0841820538924,112.77841645788227,15.68660012592799,79.84597687813789,-216.11201649909555,31.46754391228791,6.756050727058909,6.756050727058909,0.0,False,False,False,False,0.0,False,False,134.92034270824655
4243.199,28.198999999999614,69.59287405525868,-246.07471255574893,2.295,-2.682873757109797,-232.16028025205975,73.60295611027477,7.906029091332009,122.6389025161128,-344.3112771687131,111.64364631463283,15.591701930365158,148.5598458895183,-334.2992594376176,118.40335009273933,15.596979926971434,123.53953083143824,-346.59157816534463,114.07840308009419,15.703612012430856,80.03400276526108,-216.76033944245006,31.118316788742547,6.744710334648551,6.744710334648551,0.0,False,False,False,False,0.0,False,False,135.53433025258252
4243.3,28.300000000000182,69.65392638651898,-246.28598320829133,2.203888888888889,-2.9070301285496716,-232.9271736493877,73.78041883326998,7.915400210047669,123.07523388217295,-345.8253965387212,112.96871646925698,15.610988470454437,148.9477934167604,-335.82704086456766,119.60400643295445,15.616250935304457,123.97998538652705,-348.11638509197826,115.41555975805666,15.72504631231656,80.22294830610036,-217.41444885305697,30.74523898690771,6.73750883283158,6.73750883283158,0.0,False,False,False,False,0.0,False,False,136.15592492221043
4243.399,28.399000000000342,69.70819512542707,-246.508373368987,2.165,-3.1292791272052227,-233.67896678721027,73.95871367691171,7.922128404154367,123.50189333013942,-347.31199455298304,114.25905657910118,15.633722872351486,149.326457485517,-337.32711971673996,120.77711865008871,15.638981971389846,124.41045879446769,-349.61372616317715,116.7178282240192,15.749530251547984,80.40719522031975,-218.0553257732415,30.39810060704901,6.7339240159387135,6.7339240159387135,0.0,False,False,False,False,0.0,False,False,136.7669699304738
4243.499,28.498999999999796,69.75568027196786,-246.71964402152935,2.083055555555555,-3.3564945832865587,-234.4390398069813,74.13638345603104,7.944046550581494,123.93299108636623,-348.81607055963474,115.58054039902512,15.659023452186997,149.70895162701336,-338.8448265680722,121.98186283053471,15.66428242303443,124.84461111625411,-351.1290033005864,118.05127956371237,15.775399830499664,79.7531429304092,-216.08369471747355,32.22593131885572,6.494956381892182,2.4136508077069054,-4.317790508270264,True,True,False,False,0.13683740783357148,False,False,137.18483331812868
4243.599,28.59900000000016,69.81673260324322,-246.91979516591846,2.0319444444444446,-3.5861020235353163,-235.20071746030314,74.33244859088424,7.9666189365557,124.36596367996528,-350.3223050851014,116.90892895176289,15.685569903650475,150.09344077213206,-340.3647027444442,123.1921289157394,15.6908249016337,125.27978350325489,-352.64675150814503,119.3915378598013,15.802659818168568,79.9321269522049,-216.70793625112023,31.8602828286674,6.492926777185887,6.492926777185887,0.0,False,False,False,False,0.0,False,False,137.78386130916212
4243.699,28.698999999999614,69.86421774979908,-247.11994630951745,1.9730555555555553,-3.8184724879205163,-235.96406770753381,74.52242929514533,7.992093803409959,124.80113572789391,-351.830879106443,118.24738645794322,15.716152697743917,150.48024926175586,-341.8869378533338,124.41755190889494,15.721406933635539,125.71785137312054,-354.16684966749034,120.7421546414483,15.836568191888837,80.11198938572721,-217.3320599838571,31.50134910210347,6.497545558531224,6.497545558531224,0.0,False,False,False,False,0.0,False,False,138.38518774752083
4243.799,28.798999999999978,69.92527008105938,-247.32009745469662,2.0169444444444444,-4.05452642625226,-236.72909773198953,74.7340589449658,8.020344448816934,125.23773417823126,-353.34252551892905,119.58354375555304,15.75251804210095,150.8685241437653,-343.4122539688075,125.6404111812443,15.757771368219531,126.15771849715321,-355.6902137555563,122.09082832846413,15.875393157705775,80.29237266730466,-217.9567700342999,31.139714405099415,6.507080931972962,6.507080931972962,0.0,False,False,False,False,0.0,False,False,138.98927752675587
4243.9,28.899999999999636,69.9727552276002,-247.5091290909324,1.8969444444444443,-4.2968519831028935,-237.50279648025577,74.94065150202267,8.034338852912478,125.67996610471917,-354.8727241025765,120.95550784289294,15.788479846668782,151.26190596754734,-344.95628053912674,126.90103763716502,15.79373311435715,126.6032023936518,-357.2322200433091,123.47535881450393,15.908106975354544,80.47482565295246,-218.58831620981707,30.76860251820912,6.510212261322989,6.510212261322989,0.0,False,False,False,False,0.0,False,False,139.60213666960811
4244.001,29.001000000000204,70.020240374141,-247.72039974426485,1.9530555555555558,-4.542487734171427,-238.2769788114522,75.1583569662643,8.04917275568128,126.12408473927498,-356.4060224297661,122.31192064178504,15.82186814318839,151.65710302460914,-346.50345814449713,128.1509655457777,15.827121035177072,127.04991888281366,-358.7773807582354,124.84405177156006,15.942177884700895,79.66984441560408,-216.12069165003587,33.04022411845146,6.237773599931978,1.3994453265353686,-5.115255355834961,True,True,False,False,0.1921793892985616,False,False,140.02104250973397
4244.1,29.100000000000364,70.07450911306415,-247.89831187155727,1.8,-4.786134580434713,-239.03654975176644,75.38333238901522,8.065826358929078,126.56160367068611,-357.9116268544141,123.6677861250819,15.852605063170996,152.0468888939479,-348.0226566378238,129.39998246451057,15.857851677110371,127.49016121770897,-360.29446068429473,126.21193039699786,15.970267480039425,79.84192122193592,-216.71367021646228,32.6784977387459,6.235792082727022,6.235792082727022,0.0,False,False,False,False,0.0,False,False,140.60090561408396
4244.199,29.198999999999614,70.12199425958988,-248.0873435085831,1.8688888888888888,-5.032419848937802,-239.7963205601868,75.61036318869854,8.069375073248878,127.00101650202464,-359.41962531586023,125.02039891021927,15.878996352697332,152.43884221709342,-349.54421744416334,130.6505289941031,15.884241739095415,127.93226002522945,-361.8137224970559,127.57631483047166,15.994971083533912,80.01433662584813,-217.3061715637623,32.331702457307934,6.230424573678299,6.230424573678299,0.0,False,False,False,False,0.0,False,False,141.18251040222538
4244.3,29.300000000000182,70.1694794061307,-248.2652556366656,1.8030555555555556,-5.286406197773368,-240.57077099817016,75.84718693611188,8.069966295893492,127.45079407947516,-360.9603686287948,126.41731488611629,15.904198905164302,152.8404135808926,-351.0987690987685,131.9439837517737,15.909442951366037,128.3851160836218,-363.36576948899614,128.9852264518545,16.02017381548539,80.1905185941772,-217.90998968413808,31.96659815271308,6.224948695863068,6.224948695863068,0.0,False,False,False,False,0.0,False,False,141.7774974844034
4244.399,29.399000000000342,70.22374814503877,-248.43204825659478,1.6869444444444446,-5.538534158481186,-241.32937598038836,76.09448976963735,8.079686081385756,127.89400891573457,-362.4726550686073,127.79326656523064,15.932107094182006,153.2368658756548,-352.6245175533354,133.21879887429307,15.937336474709147,128.83018642452805,-364.88964459501994,130.37287429803473,16.051339398627633,80.36330642479155,-218.50159745822816,31.601305781596245,6.226043166461824,6.226043166461824,0.0,False,False,False,False,0.0,False,False,142.36259480781717
4244.5,29.5,70.26444969921229,-248.62107989362067,1.7519444444444445,-5.799141294857221,-242.10305429294033,76.34235084567554,8.086502204373174,128.34836095175834,-364.0178206977973,129.19035774631155,15.960594827270377,153.64424694524448,-354.18327173566956,134.519764106569,15.965823720351413,129.28794365291432,-366.44618715273486,131.78212602293402,16.076520140211567,79.62042411662571,-216.20164069663514,33.74247019923611,5.963825112749379,1.4230966631780078,-4.797448635101318,True,True,False,False,0.16915312399792798,False,False,142.76956702055307
4244.599,29.59900000000016,70.31193484576818,-248.79899202170316,1.735,-6.057564074145894,-242.86074884317904,76.60002021753026,8.08629123432228,128.79422669420416,-365.5350182623457,130.5659920588115,15.985977934957939,154.0449803050516,-355.71354469538227,135.80112103844846,15.991209769001298,129.7372443510606,-367.97437355503274,133.1695872690701,16.102608115257986,79.78689442228865,-216.76784871400537,33.40312860459286,5.9588568211007535,5.9588568211007535,0.0,False,False,False,False,0.0,False,False,143.3339101502341
4244.7,29.699999999999818,70.3526363999417,-248.95466513426913,1.6049999999999998,-6.324653130238538,-243.63335949741656,76.86171363803885,8.101355963600726,129.24888716989767,-367.0859228534098,131.9991000161121,16.01748935111538,154.454565775245,-357.27750499780103,137.1385145054039,16.022733128554993,130.1961258821233,-369.53657546801475,134.61515640201682,16.139048020107793,79.9565817736482,-217.34552701866244,33.035940718445396,5.963613059928504,5.963613059928504,0.0,False,False,False,False,0.0,False,False,143.91163398538245
4244.8,29.800000000000182,70.39333795413029,-249.12145775419833,1.5780555555555555,-6.592725373755988,-244.39838860876154,77.13080661368642,8.111412559976635,129.69996818574333,-368.6244421025175,133.41004331602585,16.048170681291992,154.86191917852307,-358.82871660656616,138.45802201014675,16.053402700989103,130.64967460583767,-371.08675808739963,136.03808507933317,16.164342502913236,80.12395809448515,-217.91760196869896,32.68586214555342,5.957537576375254,5.957537576375254,0.0,False,False,False,False,0.0,False,False,144.48556741970566
4244.9,29.899999999999636,70.44760669303838,-249.2771308667643,1.5411111111111109,-6.863235820439851,-245.16317425546725,77.42022351519962,8.11293563044809,130.15340775650625,-370.16507045570967,134.82832276154335,16.071254898505988,155.27279569412994,-360.3817780628054,139.7839594432339,16.076469634386303,131.10562554131445,-372.6386422678216,137.46802444841853,16.185221729295893,80.29174726037637,-218.4886926978374,32.323907999982694,5.947046836399504,5.947046836399504,0.0,False,False,False,False,0.0,False,False,145.06079973203705
4245.001,30.001000000000204,70.4815246548597,-249.42168447117695,1.5411111111111109,-7.137559214248981,-245.9355340713611,77.69733216327226,8.117358055306113,130.6114886218444,-371.7231263639919,136.2837307081534,16.087172076086766,155.6893969567355,-361.9519805852021,141.15044826610702,16.092410840216328,131.56807730862295,-374.20714183599733,138.93515496399172,16.196026754615158,79.49558889000761,-216.00273128550927,34.61328915404054,5.658152588422512,0.8613569659906153,-5.0648112297058105,True,True,False,False,0.1886507939066142,False,False,145.45482974512294
4245.099,30.09900000000016,70.52900980138543,-249.56623807479957,1.426111111111111,-7.404677405538313,-246.68525726839076,77.98691974987551,8.125249248631588,131.05502210486253,-373.23675961145847,137.6873126417604,16.10218598587553,156.0943335222829,-363.47692437911013,142.4677825958593,16.10742663184442,132.0148897428128,-375.7311621352206,140.34992517042332,16.21557553935626,79.65142241751965,-216.534259598186,34.26849885855036,5.6459516201920446,5.6459516201920446,0.0,False,False,False,False,0.0,False,False,145.99438765341804
4245.2,30.199999999999818,70.56292776320674,-249.69967217184904,1.3930555555555555,-7.681774584986203,-247.45849557001418,78.27679297287239,8.139894855320653,131.51158212768505,-374.798711257004,139.1564157661075,16.121792004826062,156.51300318846495,-365.0500048032859,143.8510156508834,16.127048747276284,132.47548220907177,-377.3038397755136,141.830842865141,16.234670694642496,79.81150407755499,-217.0808530963459,33.90462389885385,5.632325091293395,5.632325091293395,0.0,False,False,False,False,0.0,False,False,146.551195938612
4245.3,30.300000000000182,70.60362931739533,-249.83310626810845,1.3711111111111112,-7.958100547041099,-248.22467325562158,78.57819326027,8.149793113761989,131.96332274994555,-376.3473080661448,140.60887324323033,16.14101424697604,156.92915257233764,-366.60908667515014,145.21957707301507,16.146268800514257,132.93041950714516,-378.8632789162362,143.2948506714835,16.254209734062982,79.96906135754509,-217.62092969671014,33.54602266686181,5.6194664235999054,5.6194664235999054,0.0,False,False,False,False,0.0,False,False,147.10321497859533
4245.4,30.399999999999636,70.64433087156888,-249.9665403643678,1.335,-8.235784437302128,-248.99103250221373,78.88614711551016,8.15253875701118,132.41633219583602,-377.8973120785915,142.06358611200153,16.155925107745997,157.3485134037935,-368.16907290305636,146.59281690158306,16.161155011908967,133.3857119759094,-380.42416774399504,144.76074552309325,16.264493590421793,80.1261073861525,-218.15933392764887,33.19039721335922,5.597352572845034,5.597352572845034,0.0,False,False,False,False,0.0,False,False,147.65558254476008
4245.499,30.498999999999796,70.67824883337514,-250.08885495247392,1.2219444444444445,-8.511574885876742,-249.74964681657494,79.19055021178755,8.15433625863607,132.86590029576587,-379.43285870633235,143.5171603031705,16.16740147964972,157.76661245165872,-369.7140210318442,147.96811628600028,16.17263245423688,133.83841002669283,-381.9700643912618,146.22537182378204,16.277267507711098,79.3350648188694,-215.67585771411606,35.48513550677149,5.316670223894427,0.5829975614221334,-4.995055198669434,True,True,False,False,0.18360422619848704,False,False,148.01896142640163
4245.6,30.600000000000364,70.70538320284422,-250.2222890495234,1.2669444444444444,-8.79370815615634,-250.52318048887463,79.49966077012526,8.150207576537767,133.32330860751804,-381.0008443741484,144.99667277141674,16.17598965838137,158.19385086483015,-371.29104428848035,149.37160194947643,16.181253122618855,134.30030718931968,-383.5480696854687,147.7162081121425,16.281485896494843,79.48549691326922,-216.18978735168196,35.146857165066315,5.287165135879028,5.287165135879028,0.0,False,False,False,False,0.0,False,False,148.5507708032203
4245.699,30.698999999999614,70.74608475701777,-250.3446036368394,1.2038888888888888,-9.070846793204993,-251.2801980524095,79.82241476554935,8.135699308916587,133.77063629585388,-382.53876403052647,146.44927496871836,16.18067848233139,158.61387456502678,-372.8371829255468,150.7487328853703,16.18593188559103,134.75036016951398,-385.09610192966846,149.17946763291852,16.286724107562495,79.63123686995235,-216.69108422592186,34.80668465698779,5.259347661767759,5.259347661767759,0.0,False,False,False,False,0.0,False,False,149.0712688993307
4245.8,30.800000000000182,70.77321912647179,-250.4557987175823,1.116111111111111,-9.35395455400372,-252.05098444613205,80.14305072512312,8.124388893921301,134.2261568587805,-384.10838329110004,147.95029121310156,16.18332464799943,159.0438751967671,-374.4145372280512,152.17581140308457,16.188623107369413,135.20998614429487,-386.6755453845245,150.6914606927517,16.286766892783103,79.7791849382375,-217.19948806063329,34.454166928169855,5.225666970189221,5.225666970189221,0.0,False,False,False,False,0.0,False,False,149.60129828578695
4245.9,30.899999999999636,70.8071370882931,-250.56699379753508,1.1088888888888888,-9.634158090526823,-252.8129037394187,80.47264182014338,8.111805630951478,134.67575741904568,-385.66292892925355,149.43263482943513,16.181797904206213,159.47047354774247,-375.97610179999424,153.58590951677172,16.187114568255794,135.66272846687485,-388.23986968720925,152.18432405737195,16.28368680165701,79.92395571368955,-217.6997029313518,34.10828624734275,5.189197298074244,5.189197298074244,0.0,False,False,False,False,0.0,False,False,150.1246983740758
4246.0,31.0,70.84105505009936,-250.66706936933457,0.9988888888888889,-9.913863989786021,-253.57335231514378,80.80719912049634,8.093347001437316,135.1256325744954,-387.21705592933046,150.9251660162252,16.176810530656056,159.89955308989275,-377.5366486359138,155.0074392291632,16.182121437413915,136.11475318988607,-389.8038812562659,153.6870459437077,16.27677104731768,79.22485171477624,-215.49982843942672,36.152771417096545,4.917278143599122,0.675261057594363,-4.473630905151367,True,True,False,False,0.14735901922855243,False,False,150.4665441009349
4246.1,31.100000000000364,70.8614058272012,-250.7671449419242,0.9130555555555555,-10.193272460097607,-254.33196895070205,81.13303175939542,8.07536823854874,135.57556041221042,-388.770666258201,152.42340272853292,16.17216378728941,160.33105055239304,-379.0960306295113,156.43887058231354,16.17750236257295,136.56796254956163,-391.36706772429756,155.19565033440247,16.274423446989335,79.36126828446507,-215.97034947170533,35.81989163563518,4.880671076527659,4.880671076527659,0.0,False,False,False,False,0.0,False,False,150.9632996513277
4246.2,31.199999999999818,70.88175660428797,-250.86722051372362,0.9138888888888889,-10.47293386662583,-255.08892571480953,81.46415442649035,8.063954049195655,136.0240233909893,-390.32442175974035,153.9214926560998,16.171466978600343,160.76388205132372,-380.65477024162215,157.8721145080676,16.17686402145036,137.02021577763088,-392.93046313454835,156.70437353745828,16.275465591968352,79.49643236606137,-216.4375985518292,35.49100600038618,4.847453754763872,4.847453754763872,0.0,False,False,False,False,0.0,False,False,151.458551493193
4246.299,31.298999999999978,70.90889097374199,-250.9561765781599,0.8619444444444445,-10.750443909739422,-255.83770037877957,81.80511138204372,8.068284607404916,136.46631555816475,-391.86332053290323,155.41106503600392,16.175951547825964,161.19353535547623,-382.1978030364539,159.29746239835268,16.18140330841032,137.46622838108271,-394.479187078617,158.20472087099333,16.2834798613489,79.62888438473833,-216.8975219064108,35.15722177785493,4.821551152068804,4.821551152068804,0.0,False,False,False,False,0.0,False,False,151.94781428248672
4246.399,31.399000000000342,70.92924175082877,-251.0228936262896,0.7180555555555556,-11.031741800112004,-256.5940184289144,82.15010807177312,8.070437515228118,136.91270700407253,-393.4185293075017,156.94054526438507,16.184145764435595,161.62979481650183,-383.7564497530657,160.7631402047092,16.18959792630429,137.9152979312244,-396.04481870854704,159.74507966496813,16.29176142084306,79.76146230455034,-217.35974025237195,34.80252885905686,4.795573244819845,4.795573244819845,0.0,False,False,False,False,0.0,False,False,152.44127890976796
4246.499,31.498999999999796,70.94959252791554,-251.08961067441936,0.6469444444444444,-11.314231939900104,-257.3496644301391,82.50166718979736,8.064023687871131,137.35917762851452,-394.9745720590055,158.47118067925643,16.19242149326581,162.06852581051584,-385.3152598267255,162.23188617813992,16.197895648579966,138.36517554415946,-397.61108068369134,161.28670747181266,16.300056211391112,79.17877650120487,-215.52102864671156,36.50812918143055,4.573996923827716,0.9510663265749217,-3.818542242050171,True,True,False,False,0.10742411209895464,False,False,152.75761082078662
4246.599,31.59900000000016,70.96994330500229,-251.14520821439572,0.5819444444444445,-11.598107023650796,-258.104473176215,82.86081283624844,8.064485743106106,137.8060169103308,-396.5315167909851,160.01324775312872,16.203519946890424,162.50991408110116,-386.87432639645476,163.7130409349493,16.20898674587016,138.8144815510013,-399.17866044903934,162.83975052277418,16.31394206231555,79.3045129339888,-215.95970937832377,36.159153464145774,4.5528959716881285,4.5528959716881285,0.0,False,False,False,False,0.0,False,False,153.22958682137212
4246.7,31.699999999999818,70.9835104897218,-251.21192526252543,0.585,-11.886355509146794,-258.86604550651595,83.22259457250719,8.060216047517047,138.25760791671377,-398.105100020128,161.5654943822597,16.21431726133268,162.95836104654322,-388.44938347460953,165.20742438360077,16.219801532252152,139.2696725769824,-400.7626451416496,164.40321696661505,16.321537896349763,79.43113118511386,-216.40031861738967,35.821924189368666,4.525155134627924,4.525155134627924,0.0,False,False,False,False,0.0,False,False,153.70561618959215
4246.8,31.800000000000182,71.0038612668236,-251.25640329513857,0.45111111111111113,-12.172720926232328,-259.61905119037357,83.59591918950271,8.052175452186027,138.70367456395846,-399.6643340146024,163.1201355470872,16.221383420017606,163.40381495240013,-390.0093644143867,166.70373619225296,16.22689324750734,139.719428282679,-402.3319544222926,165.96882628579334,16.328189900980494,79.55541047374514,-216.8339598999137,35.468769405434124,4.496820336194626,4.496820336194626,0.0,False,False,False,False,0.0,False,False,154.17591409295073
4246.9,31.899999999999636,71.01742845155817,-251.30088132696164,0.405,-12.46010679023217,-260.3713173908819,83.96887340219598,8.05367050565962,139.15002798322757,-401.22439187795686,164.6788090037003,16.231737128983678,163.85206638873242,-391.5694489045555,168.2068400844515,16.237225209435938,140.16797703198324,-403.90268509122,167.538380322477,16.342229838231,79.67860113419445,-217.2653496848441,35.12026945226972,4.475873470381423,4.475873470381423,0.0,False,False,False,False,0.0,False,False,154.64547800834424
4247.001,32.001000000000204,71.02421204391038,-251.34535935878478,0.4180555555555555,-12.751962767549175,-261.1301978158692,84.34566100085688,8.046696750967715,139.60234089163737,-402.80073312854796,166.2579020678239,16.24253769220617,164.3088195611833,-393.1450847273204,169.73267250074093,16.248010564224757,140.62291187438424,-405.489706118513,169.1285270321827,16.349642763538846,79.07849248099487,-215.35780664201883,36.87784407881255,4.250517416811159,0.5547178558506349,-3.8932318687438965,True,True,False,False,0.11172820928112662,False,False,154.9457411392553
4247.099,32.09900000000016,71.03777922864492,-251.3787178832447,0.34888888888888886,-13.036142364711921,-261.86519296925275,84.72538257107715,8.035351462377303,140.04234327875068,-404.330789781155,167.79739615860748,16.248615328139813,164.7555621307218,-394.6737441830628,171.22058110620458,16.254075574062124,141.06529415354163,-407.0299425285456,170.67851821520642,16.35459188034386,79.1930774419385,-215.75675555385976,36.54357794666346,4.220467127367546,4.220467127367546,0.0,False,False,False,False,0.0,False,False,155.38387606439375
4247.199,32.198999999999614,71.05134641336443,-251.41207640691448,0.2880555555555555,-13.326886060124009,-262.6143921229677,85.11861131827862,8.037378237738055,140.4908347724052,-405.89299491039344,169.3699994840995,16.257575296770895,165.21334327593098,-396.233824421456,172.74206306262917,16.263082534382317,141.51798434164724,-408.6021763640624,172.26222622924,16.367557437696174,79.3095377094678,-216.16123256244956,36.20524430562357,4.197719004874499,4.197719004874499,0.0,False,False,False,False,0.0,False,False,155.8299494505437
4247.299,32.29899999999998,71.0581300057317,-251.4454349313744,0.24805555555555556,-13.618996632432264,-263.36281506021805,85.5116350260654,8.030806968165304,140.93703967774138,-407.45684194690693,170.946252184466,16.267604515143045,165.67135095946264,-397.79483267376065,174.26935415843684,16.27316065348599,141.96851437465784,-410.1760788883925,173.849647518649,16.37474832544574,79.42466541661449,-216.5634250371391,35.871346908683044,4.169196212778379,4.169196212778379,0.0,False,False,False,False,0.0,False,False,156.27506861498082
4247.399,32.39900000000034,71.0649135980839,-251.46767394768096,0.19694444444444445,-13.912047799597511,-264.10988198318483,85.91221910994965,8.018967190960325,141.38079149525316,-409.0222014064553,172.53333535061358,16.273248735954656,166.1296047314765,-399.3565908029822,175.80792709352312,16.278859097537016,142.41650824175886,-411.7512975633239,175.4476846742538,16.378953015276277,79.53828411256379,-216.9629266929069,35.529925288290364,4.137687222763231,4.137687222763231,0.0,False,False,False,False,0.0,False,False,156.71880767974514
4247.499,32.498999999999796,71.0649135980839,-251.48991296319747,0.16305555555555556,-14.205914772806723,-264.8559252873254,86.31201803055369,8.017727749646106,141.82221623998996,-410.58896121462357,174.12381523406813,16.281896062932375,166.58848717343864,-400.9189150715754,177.35213497365015,16.287567703062543,142.86206014701682,-413.32811272653464,177.04923935224002,16.392147419342837,78.89111339075353,-214.8939614991445,37.42342938259538,3.9089739380680357,0.007305951287409407,-4.1078619956970215,True,True,False,False,0.12445441684072293,False,False,156.9911414657482
4247.599,32.59900000000016,71.07169719045118,-251.50103247135075,0.075,-14.50188522806391,-265.6014530778463,86.72750353387603,8.024867588032278,142.2636156023449,-412.1570097444283,175.7231694476666,16.297915687841904,167.0503081830751,-402.4816595938318,178.90512439382806,16.303561861177858,143.30564779986167,-414.9071447228047,178.65973564790002,16.410974694147516,78.99659484452545,-215.26944217235697,37.08816709439403,3.8913356210408896,3.8913356210408896,0.0,False,False,False,False,0.0,False,False,157.41155682011615
4247.7,32.69999999999982,71.07169719045118,-251.51215197950404,0.036111111111111115,-14.803459830540401,-266.35525073262914,87.14849496104327,8.0520806146367,142.71099324829189,-413.7422768573037,177.34374011373905,16.319610265756396,167.52114191643682,-404.0607119708119,180.48146315722457,16.3252331678451,143.75595382118476,-416.5035908481082,180.29191901439924,16.435346159045448,79.10312042688791,-215.64710168645493,36.75330722160549,3.878876838188935,3.878876838188935,0.0,False,False,False,False,0.0,False,False,157.8361524477866
4247.799,32.79899999999998,71.07169719045118,-251.52327148765738,0.006944444444444445,-15.10147076537366,-267.0958954830003,87.56895279517236,8.07624227759232,143.15014939564335,-415.2983675109152,178.93458399572594,16.344478161827805,167.9860834452697,-405.60987311927653,182.0304344485544,16.35007393751537,144.19842924373506,-418.0707004209431,181.89437876163365,16.461191511730192,79.20732827778036,-216.01617330574817,36.42722216267468,3.868621254960244,3.868621254960244,0.0,False,False,False,False,0.0,False,False,158.2526524193547
4247.899,32.89900000000034,71.07169719045118,-251.52327148765738,0.03305555555555555,-15.40523373333893,-267.8441045645526,88.00357478149307,8.074194267344026,143.59333165586804,-416.8728134514102,180.5543089852978,16.368157680339664,168.45801559794367,-407.17652684639125,183.60836287254654,16.37376476200746,144.64562199281062,-419.65601760701423,183.52586392238928,16.482469093966873,79.31215107879946,-216.38777456335177,36.088893366296006,3.853433245365099,3.853433245365099,0.0,False,False,False,False,0.0,False,False,158.67351149031748
4248.0,33.0,71.07169719045118,-251.53439099581067,0.016944444444444443,-15.71479354326574,-268.5992924303887,88.4483229623117,8.087632483303977,144.0392143547758,-418.46597848660855,182.18236320600278,16.391934729387483,168.93568950550485,-408.76104443004925,185.19606243646504,16.397575263116888,145.09615652272853,-421.25999328275753,185.1658733436128,16.508600573349128,78.73276647147124,-214.5274832643557,37.79157581224961,3.65749577541328,0.116198441459749,-3.7265360355377197,True,True,False,False,0.10247357237829909,False,False,158.9311264334576
4248.099,33.09900000000016,71.07169719045118,-251.5455105031739,0.016111111111111083,-16.020885247507273,-269.340833191434,88.8920211565239,8.119068017233237,144.47447779260244,-420.0307979713763,183.78046766011437,16.420744741959858,169.4052221415953,-410.31650842594627,186.75575469235287,16.426384717833745,145.5355884823368,-422.83580677437493,186.775899684637,16.540623967056238,78.82996567070893,-214.87604191190997,37.481204043859805,3.6527557675513345,3.6527557675513345,0.0,False,False,False,False,0.0,False,False,159.32871777268926
4248.199,33.198999999999614,71.07169719045118,-251.5455105031739,0.003888888888888861,-16.333385002840117,-270.09102946482886,89.35090747593507,8.134589197474192,144.91369987145447,-421.6146820993024,185.40810253959967,16.452375064433117,169.88254296838784,-411.8899177809701,188.34519422756443,16.457986370264873,145.97822003720717,-424.4311486429995,188.41558067210448,16.57153918296086,78.92753999569751,-215.2277213261864,37.15771894081833,3.6465362343965637,3.6465362343965637,0.0,False,False,False,False,0.0,False,False,159.73107625173756
4248.3,33.30000000000018,71.07169719045118,-251.55663001132717,0.018055555555555557,-16.65242613801829,-270.8490029596662,89.82047354432243,8.150211034167912,145.35733580759864,-423.21765064250906,187.0450804188565,16.482797142979905,170.36823468766116,-413.4812403668382,189.94573382342364,16.48839984566472,146.42565951273343,-426.04551112818535,190.06469759290124,16.601171138163664,79.02580405935653,-215.58225825618447,36.84322514736157,3.6386620930489713,3.6386620930489713,0.0,False,False,False,False,0.0,False,False,160.13809582839534
4248.399,33.39900000000034,71.07169719045118,-251.56774951948046,0.01888888888888889,-16.967913679195387,-271.59294529580734,90.2883245384419,8.174513013371994,145.79335745542278,-424.7916311833843,188.6526959559921,16.51230735585861,170.8487174250053,-415.0427978234121,191.51904653286942,16.517841423758558,146.86384232386487,-427.6310787234765,191.68397208509407,16.63117527550711,79.12166959157994,-215.92914836126712,36.536446846582386,3.63190282882336,3.63190282882336,0.0,False,False,False,False,0.0,False,False,160.5376519490959
4248.499,33.498999999999796,71.07169719045118,-251.56774951948046,0.01888888888888889,-17.28942211851716,-272.3454755960153,90.77114798461709,8.192175883129647,146.2346772319044,-426.38434877981933,190.29008630420506,16.542273648409697,171.33795279042272,-416.62203543142624,193.1223428553547,16.54780877031626,147.3092149045184,-429.2349911013855,193.33341107663136,16.660815663082847,78.57207805612694,-214.15601690342788,38.1561718528629,3.4498964079972687,0.07939694695396415,-3.545011520385742,True,True,False,False,0.09278036395828677,False,False,160.7769127092991
4248.599,33.59900000000016,71.07169719045118,-251.57886902842387,0.008055555555555528,-17.614168439046637,-273.0984270820801,91.25937837437871,8.207803878574273,146.67604759160523,-427.98019076380854,191.92041087276564,16.57279511302384,171.83012983673584,-418.2035242409229,194.72040846819334,16.578298142182586,147.75363631097582,-430.84233424483887,194.97566450375461,16.69221938504317,78.66393149671495,-214.48822411889174,37.859714229854006,3.4435407188134213,3.4435407188134213,0.0,False,False,False,False,0.0,False,False,161.16259227468518
4248.699,33.698999999999614,71.07169719045118,-251.57886902842387,0.015,-17.942044912280654,-273.85228923942475,91.75811425169697,8.233755276050896,147.11686763353427,-429.57940073150496,193.56409076659114,16.604288760414924,172.3247557207262,-419.7874979752841,196.3321795170568,16.609817580469542,148.19913925427485,-432.4526485615894,196.631549965718,16.723855017856337,78.75566839115,-214.8198161694157,37.553580128990696,3.437416940482761,3.437416940482761,0.0,False,False,False,False,0.0,False,False,161.5489180558976
4248.8,33.80000000000018,71.07169719045118,-251.58998853578703,0.019999999999999997,-18.276124178367432,-274.6151199246705,92.26694889736882,8.256916988754936,147.56075105263662,-431.19827490891805,195.21708914596834,16.63583795036053,172.8261644769568,-421.39007358492074,197.9546425205875,16.64135742894696,148.64689477977467,-434.0829621531338,198.29673900678296,16.75500696298977,78.84752089377058,-215.15425845970915,37.256219084092656,3.4304318803605085,3.4304318803605085,0.0,False,False,False,False,0.0,False,False,161.93969453125172
4248.899,33.89900000000034,71.0649135980839,-251.60110804394037,0.013055555555555555,-18.606587168020212,-275.3637036018861,92.7665834085524,8.274028505790513,147.99481911768524,-432.7885643802158,196.84284263560232,16.66648717911645,173.31982461924852,-422.9634585848393,199.55230394773253,16.672018507065744,149.08525368570884,-435.6843172242507,199.9344926957591,16.785801855770316,78.9371023141603,-215.48150551657736,36.96751333152135,3.423844956108399,3.423844956108399,0.0,False,False,False,False,0.0,False,False,162.3233094002194
4249.0,34.0,71.07169719045118,-251.60110804394037,0.011944444444444443,-18.946642963035508,-276.1285035731236,93.30002516309325,8.300094909301377,148.43760357667452,-434.4142092462044,198.509731353783,16.69723116155469,173.82675622346687,-424.5708385542675,201.18928855606038,16.702713512545696,149.53086519869785,-437.32164687553603,201.6133913916546,16.81587725316279,78.40899023115013,-213.7718359245402,38.534266546136784,3.24919400399169,0.0,-3.6761341094970703,True,True,False,False,0.08618072019884246,False,False,162.552628690441
4249.099,34.09900000000016,71.07169719045118,-251.61222755130353,0.006944444444444445,-19.28250206784618,-276.87980143933703,93.82074191667499,8.325203961934777,148.8728935604787,-436.0104132427695,200.1392441349571,16.726854653748386,174.32806268881836,-426.14812175825574,202.7921482270771,16.732292180251864,149.96908014753933,-438.92923561189843,203.2546642669004,16.84564691053095,78.49348131405421,-214.0817909216455,38.25724183981567,3.240996794636456,3.240996794636456,0.0,False,False,False,False,0.0,False,False,162.91879372047958
4249.2,34.19999999999982,71.0649135980839,-251.61222755130353,0.008888888888888889,-19.628101296437375,-277.6473208958092,94.355969795848,8.34292422574671,149.3176387939139,-437.64185655367135,201.81801670646922,16.757852995792025,174.8430919501698,-427.75933378931063,204.44489071165634,16.763273263261343,150.41730490534079,-440.5721990274047,204.94553624421533,16.877271981366277,78.57954158879762,-214.39724400733712,37.96609848294276,3.2338879913400307,3.2338879913400307,0.0,False,False,False,False,0.0,False,False,163.29279367158915
4249.299,34.29899999999998,71.07169719045118,-251.62334705945682,0.01388888888888889,-19.969870870128716,-278.4003484771566,94.8977076638456,8.363280031789804,149.75300335915566,-439.2442596100477,203.45111149052465,16.78747261659362,175.34986189236298,-429.3411705990003,206.05232451305022,16.792905449102232,150.8568149843095,-442.185657395551,206.59055917928515,16.90553789492179,78.66356032722113,-214.70568002070132,37.690191369530886,3.2241870381721474,3.2241870381721474,0.0,False,False,False,False,0.0,False,False,163.65974713272865
4249.399,34.39900000000034,71.0649135980839,-251.63446656761016,0.02611111111111111,-20.31786197363409,-279.16218419167006,95.43891716056379,8.387748670549678,150.1924280332693,-440.86604616734115,205.10912768207027,16.81779890485445,175.8637160172362,-430.9415023322218,207.68678836936218,16.823214346198192,151.2994077350016,-443.8189097169456,208.26049610530373,16.937638600703654,78.74780884816133,-215.0165732564908,37.41519731296605,3.2179373735262637,3.2179373735262637,0.0,False,False,False,False,0.0,False,False,164.03077665395315
4249.5,34.5,71.0649135980839,-251.63446656761016,0.015,-20.67249700119946,-279.93260042062906,96.00279622503129,8.406728594051199,150.63616847038804,-442.5073402725764,206.7946772002248,16.84995085303295,176.38509470004388,-432.56038388243337,209.34786386194602,16.85536934324192,151.74715601805235,-445.47164520989094,209.95827220167828,16.96953404871028,78.25509888793242,-213.4118353020607,38.89303672078736,3.0559288384416874,0.0,-3.698901414871216,True,True,False,False,0.07619756341000546,False,False,164.24582820835073
4249.6,34.600000000000364,71.0649135980839,-251.64558607576345,0.045,-21.026571256273655,-280.6961601701722,96.56488718936663,8.42648659892944,151.0760843184579,-444.13538813422787,208.45649746782098,16.878768026502158,176.9044651212658,-434.1654192615543,210.98696683159648,16.884149001596683,152.18954003197834,-447.1112707631689,211.63184756636966,16.99559848875065,78.33453657727716,-213.7062583852709,38.629522439012746,3.0430972613469978,3.0430972613469978,0.0,False,False,False,False,0.0,False,False,164.59995604025818
4249.699,34.698999999999614,71.0649135980839,-251.64558607576345,0.07805555555555556,-21.379387108048512,-281.45344634815064,97.13113438575704,8.451110718802846,151.51304091220314,-445.7496376285021,210.11493049647132,16.90594749062958,177.42255129261,-435.7560462352786,212.62316109988697,16.911296500272215,152.62942377784807,-448.73678103901227,213.30191854014396,17.024155861789527,78.41310390945007,-213.99658965345665,38.35939040781182,3.033147577422595,3.033147577422595,0.0,False,False,False,False,0.0,False,False,164.95055023107864
4249.799,34.79899999999998,71.0649135980839,-251.6567055839168,0.03,-21.738626986151516,-282.2195643645531,97.70662967176254,8.47215399939813,151.9561982727832,-447.38271617756266,211.78307571481537,16.936835441973066,177.95024051838934,-437.36436033488013,214.27040426517976,16.94212517550585,153.0747822765477,-450.3816181022986,214.9818815995836,17.057118510529904,78.49229794419492,-214.2890760075284,38.09863223769367,3.0272142090279117,3.0272142090279117,0.0,False,False,False,False,0.0,False,False,165.30501882521673
4249.899,34.89900000000034,71.0649135980839,-251.66782509207007,0.016944444444444443,-22.101037324087287,-282.9864854659165,98.28912909800732,8.492637507473765,152.4007170835006,-449.01858321355473,213.4545259762441,16.96689925107227,178.4818605488611,-438.9745869681852,215.92179958666003,16.972180867513806,153.52277171446295,-452.02885645762103,216.66527468657316,17.084285887694584,78.57158776032257,-214.58062133261404,37.839276415827925,3.01548556905753,3.01548556905753,0.0,False,False,False,False,0.0,False,False,165.65975511616648
4250.0,35.0,71.0649135980839,-251.66782509207007,0.008888888888888889,-22.46946653346808,-283.7626565708378,98.88760526094343,8.520730555714042,152.85007206162612,-450.6737518922386,215.15615502815797,16.995103146969427,179.02200578621412,-440.60295054027296,217.60334414214458,17.000349404324393,153.97526839083787,-453.69549742589214,218.3788160982711,17.113254393819965,78.11449102020997,-213.08122705742284,39.22527360921771,2.8612538972342727,0.0,-3.2557601928710938,True,True,False,False,0.06676816959546271,False,False,165.86000532589696
4250.099,35.09900000000016,71.0649135980839,-251.67894459943324,0.008055555555555528,-22.832962577156135,-284.525309188695,99.47710699930623,8.546919346680701,153.28955932407104,-452.2993577392361,216.81661037187456,17.024441988283858,179.5533415138587,-442.201444257532,219.2454375069331,17.029712559936048,154.4195242386698,-455.33198177433985,220.05124554432217,17.143584031452242,78.18859021100987,-213.35418275754125,38.98120237657233,2.85257973953899,2.85257973953899,0.0,False,False,False,False,0.0,False,False,166.19486593210837
4250.199,35.198999999999614,71.0581300057317,-251.69006410758658,0.006944444444444445,-23.20297030137309,-285.29671089174104,100.07278220965473,8.564102259854353,153.73123065232542,-453.9449847569103,218.49918649135984,17.052903303835013,180.0904372062786,-443.81900111814525,220.91077938905937,17.05818549298074,154.86556618245572,-456.9886601853144,221.74580020826033,17.16989304702336,78.26258161336816,-213.6289998696816,38.73691693835101,2.839490982052246,2.839490982052246,0.0,False,False,False,False,0.0,False,False,166.53304460506487
4250.3,35.30000000000018,71.0581300057317,-251.69006410758658,0.011944444444444443,-23.5792558665097,-286.0767716209519,100.69101478454395,8.585900148668246,153.73123065232542,-453.9449847569103,218.49918649135984,0.0,180.0904372062786,-443.81900111814525,220.91077938905937,0.0,60.51190412061013,-158.42628142350136,93.85816981469584,0.012219157851493634,67.88475270559005,-178.8731778726335,72.88600170432696,0.02770032992392535,0.02770032992392535,0.0,False,False,False,False,0.0,True,True,163.64743381605118
4250.399,35.39900000000034,71.0581300057317,-251.70118361573986,0.008055555555555528,-23.950255991980704,-286.8428269379523,101.29920288568864,8.609356418643241,153.73123065232542,-453.9449847569103,218.4888937006893,0.0,180.0904372062786,-443.81900111814525,220.90110867843552,0.0,60.51194294205009,-158.4264268790197,93.86907001710676,0.0,67.8806158176941,-178.8586765330146,72.91177843470875,0.0015387144206838997,0.0015387144206838997,0.0,False,False,False,False,0.0,True,True,163.63887143430617
4250.499,35.498999999999796,71.0581300057317,-251.71230312389315,0.016944444444444443,-24.32708372885843,-287.6176376555332,101.91924277104114,8.622375610024692,153.73123065232542,-453.9449847569103,218.47860099104233,0.0,180.0904372062786,-443.81900111814525,220.89143810417193,0.0,60.511627510058354,-158.42524384861036,93.88133010945982,0.0,67.88030022815957,-178.85749315073912,72.92408339032866,2.9624519823734405e-07,0.0015780329704284668,0.0015780329704284668,True,True,False,False,1.9332800375398842e-08,True,True,163.63674287742967
4250.599,35.59900000000016,71.0581300057317,-251.71230312389315,0.013055555555555555,-24.706206937515674,-288.3930491041691,102.54894127122593,8.640280874650879,153.73123065232542,-453.9449847569103,218.47860099104233,0.0,180.0904372062786,-443.81900111814525,220.89143810417193,0.0,60.5113737828212,-158.4242930827243,93.88230336046684,0.0,67.88000638210535,-178.8563920517509,72.9251962487517,0.0,0.0,0.0,False,False,False,False,0.0,True,True,163.63553878883846
4250.699,35.698999999999614,71.0581300057317,-251.72342263204644,0.019999999999999997,-25.08780439236947,-289.1693526351192,103.18061046087581,8.660175987500361,153.73123065232542,-453.9449847569103,218.46830836243043,0.0,180.0904372062786,-443.81900111814525,220.88176766628655,0.0,60.51106711081066,-158.42314851793685,93.89452425715467,0.0,67.87965943329765,-178.85509716544016,72.93761396897413,0.0,0.0,0.0,False,False,False,False,0.0,True,True,163.6331947956984
4250.8,35.80000000000018,71.0581300057317,-251.72342263204644,0.021944444444444444,-25.47534057048477,-289.9539228493279,103.8281372670858,8.667805659267275,153.73123065232542,-453.9449847569103,218.46830836243043,0.0,180.0904372062786,-443.81900111814525,220.88176766628655,0.0,60.510694981849326,-158.42175976507355,93.8959460217814,0.0,67.87924621490868,-178.85355507041268,72.9391726070813,0.0,0.0,0.0,False,False,False,False,0.0,True,True,163.6291711981211
4250.9,35.899999999999636,71.0581300057317,-251.73454214019972,0.0061111111111111106,-25.8609925959911,-290.73110891351973,104.47032375748522,8.684384437758188,153.73123065232542,-453.9449847569103,218.458015814865,0.0,180.0904372062786,-443.81900111814525,220.87209736479724,0.0,60.51040535390915,-158.42067367921285,93.90810690502191,0.0,67.87891648786443,-178.85231861553052,72.95153120046237,0.0,0.0,0.0,False,False,False,False,0.0,True,True,163.62409705267393
4251.0,36.0,71.0581300057317,-251.73454214019972,0.008055555555555528,-26.249038312478554,-291.50935590091643,105.1224087233935,8.708127351033443,153.73123065232542,-453.9449847569103,218.458015814865,0.0,180.0904372062786,-443.81900111814525,220.87209736479724,0.0,60.51013222228199,-158.41964582121955,93.90915893703702,0.0,67.87860338947345,-178.85114035328678,72.95272198853226,0.0,0.0,-0.24517950415611267,True,True,False,False,0.0,True,True,163.61787475457587
4251.099,36.09900000000016,71.05134641336443,-251.74566164756294,0.0030555555555555553,-26.635579513817774,-292.2806041617237,105.76302313062492,8.720008744434818,153.73123065232542,-453.9449847569103,218.45029073829642,0.0,180.0904372062786,-443.81900111814525,220.86577610921736,0.0,60.50979606731169,-158.41837966947676,93.92074235820101,0.0,67.87822809550936,-178.84972678172397,72.96496419394548,0.0,0.0,0.0,False,False,False,False,0.0,True,True,163.6104518873555
4251.199,36.198999999999614,71.05134641336443,-251.75678115571628,0.011944444444444443,-27.02815725614128,-293.0603445745164,106.42167726148385,8.739806646075099,153.73123065232542,-453.9449847569103,218.43999847382776,0.0,180.0904372062786,-443.81900111814525,220.85610622720358,0.0,60.509537944796136,-158.41741060521196,93.9327835239238,0.0,67.87792991722776,-178.84860733688737,72.97720453576255,0.0,0.0,0.0,False,False,False,False,0.0,True,True,163.6025832813526
4251.299,36.29899999999998,71.05134641336443,-251.75678115571628,0.006944444444444445,-27.423311136484482,-293.8413360231762,107.09046613939199,8.765567466997409,153.73123065232542,-453.9449847569103,218.43999847382776,0.0,180.0904372062786,-443.81900111814525,220.85610622720358,0.0,60.50930641317845,-158.41654102101066,93.93367359882201,0.0,67.87765834488228,-178.84758736810946,72.97823534941655,0.0,0.0,0.0,False,False,False,False,0.0,True,True,163.5942726025664
4251.399,36.39900000000034,71.05134641336443,-251.76790066386957,0.015,-27.821138691939176,-294.6233331255208,107.76064403284546,8.781934114999657,153.73123065232542,-453.9449847569103,218.42970629045044,0.0,180.0904372062786,-443.81900111814525,220.84643648165047,0.0,60.50900130255753,-158.41539106653684,93.94589979640119,0.0,67.87731332438328,-178.84628699428052,72.990658486047,0.0,0.0,0.0,False,False,False,False,0.0,True,True,163.58527553670692
4251.5,36.5,71.05134641336443,-251.76790066386957,0.008055555555555528,-28.22510196789731,-295.41423000900784,108.44729258262561,8.804013624923174,153.73123065232542,-453.9449847569103,218.42970629045044,0.0,180.0904372062786,-443.81900111814525,220.84643648165047,0.0,60.50873339696644,-158.41437786326304,93.94693666371931,0.0,67.87700483716662,-178.84512031367274,72.99183747821006,0.0,0.0,-0.4751836657524109,True,True,False,False,0.0,True,True,163.57614717865673
4251.599,36.59900000000016,71.04456282099716,-251.77902017202285,0.008888888888888889,-28.62346397647649,-296.19061146762124,109.11509981257954,8.824626828752532,153.73123065232542,-453.9449847569103,218.42198212081672,0.0,180.0904372062786,-443.81900111814525,220.84011637888085,0.0,60.50849946381384,-158.41349263529588,93.95813090562149,0.0,67.87673193451987,-178.8440876209888,73.003695377352,0.0,0.0,0.0,False,False,False,False,0.0,True,True,163.56709377132438
4251.699,36.698999999999614,71.04456282099716,-251.77902017202285,0.01388888888888889,-29.02855660829173,-296.9756625474468,109.80603678450781,8.843492391752275,153.73123065232542,-453.9449847569103,218.42198212081672,0.0,180.0904372062786,-443.81900111814525,220.84011637888085,0.0,60.50822639896022,-158.41246222018424,93.95918544225668,0.0,67.87641900467509,-178.84290677461962,73.00488869082511,0.0,0.0,0.0,False,False,False,False,0.0,True,True,163.55779664709016
4251.799,36.79899999999998,71.04456282099716,-251.79013967938607,0.013055555555555555,-29.435946875736157,-297.76216351174963,110.49778189700788,8.871482066223406,153.73123065232542,-453.9449847569103,218.41169022139414,0.0,180.0904372062786,-443.81900111814525,220.83044705365415,0.0,60.507993324628444,-158.41158107329727,93.97113654789202,0.0,67.87614613455474,-178.84187517815315,73.01704018953909,0.0,0.0,0.0,False,False,False,False,0.0,True,True,163.5486520185253
4251.899,36.89900000000034,71.04456282099716,-251.79013967938607,0.006944444444444445,-29.845913000913967,-298.55009105923517,111.19973545210206,8.892565133584897,153.73123065232542,-453.9449847569103,218.41169022139414,0.0,180.0904372062786,-443.81900111814525,220.83044705365415,0.0,60.50776823719777,-158.41072905289388,93.97200843364062,0.0,67.87588129797679,-178.84087269584077,73.01805321994625,0.0,0.0,0.0,False,False,False,False,0.0,True,True,163.53957012243333
4251.999,36.998999999999796,71.04456282099716,-251.80125918832942,0.006944444444444445,-30.258616934426367,-299.33864312879933,111.9023552051667,8.90788233673569,153.73123065232542,-453.9449847569103,218.4013984016452,0.0,180.0904372062786,-443.81900111814525,220.82077786357863,0.0,60.50747575074693,-158.40961550712967,93.98419714719178,0.0,67.87554927607458,-178.8396086318755,73.03043953564838,0.0,0.0,-0.588559091091156,True,True,False,False,0.0,True,True,163.53025360967416
4252.1,37.100000000000364,71.04456282099716,-251.80125918832942,0.0061111111111111106,-30.677599572131506,-300.1362739567539,112.62180949797356,8.93326812574162,153.73123065232542,-453.9449847569103,218.4013984016452,0.0,180.0904372062786,-443.81900111814525,220.82077786357863,0.0,60.50721817499787,-158.4086332334804,93.9852021061343,0.0,67.87525143316785,-178.8384727980869,73.0315872243044,0.0,0.0,0.0,False,False,False,False,0.0,True,True,163.52113263933995
4252.199,37.198999999999614,71.04456282099716,-251.81237869569264,0.008055555555555528,-31.090636350261363,-300.91968802587854,113.32751977963345,8.95821772977593,153.73123065232542,-453.9449847569103,218.39110666450642,0.0,180.0904372062786,-443.81900111814525,220.81110881142024,0.0,60.507005354095746,-158.407822468359,93.99708102592005,0.0,67.87499988680517,-178.83751450397557,73.04366456437789,0.0,0.0,0.0,False,False,False,False,0.0,True,True,163.51236300651922
4252.3,37.30000000000018,71.03777922864492,-251.81237869569264,0.004999999999999999,-31.514761353700845,-301.71964654377007,114.05156274226766,8.971235435130513,153.73123065232542,-453.9449847569103,218.39367514069633,0.0,180.0904372062786,-443.81900111814525,220.81445891531885,0.0,60.5066864460742,-158.4066129663339,93.99755840809355,0.0,67.87464050414161,-178.8361514963684,73.04474781144668,0.0,0.0,0.0,False,False,False,False,0.0,True,True,163.50319303236404
4252.4,37.399999999999636,71.03777922864492,-251.82349820384593,0.008888888888888889,-31.936932293943897,-302.51219464679974,114.77427917545944,8.98828824158666,153.73123065232542,-453.9449847569103,218.38338360502883,0.0,180.0904372062786,-443.81900111814525,220.80479014573365,0.0,60.50641207821983,-158.40557400657426,94.00967107369459,0.0,67.87432640140392,-178.83496207093222,73.05705880074717,0.0,0.0,0.0,False,False,False,False,0.0,True,True,163.49434608406403
4252.499,37.498999999999796,71.03777922864492,-251.82349820384593,0.016111111111111083,-32.357044975574446,-303.29784165441606,115.49934071625118,9.010073431927347,153.73123065232542,-453.9449847569103,218.38338360502883,0.0,180.0904372062786,-443.81900111814525,220.80479014573365,0.0,60.50613862825556,-158.4045390257443,94.01073017297328,0.0,67.87401398958423,-178.83377962336706,73.0582536675042,0.0,0.0,-0.4658746123313904,True,True,False,False,0.0,True,True,163.48565406418112
4252.599,37.59900000000016,71.03777922864492,-251.82349820384593,0.0061111111111111106,-32.78370012912202,-304.09210656101124,116.23642714583909,9.02203354912173,153.73123065232542,-453.9449847569103,218.38338360502883,0.0,180.0904372062786,-443.81900111814525,220.80479014573365,0.0,60.50581353146393,-158.40330535291287,94.0119924996387,0.0,67.87364923668349,-178.83239546407853,73.05965232447599,0.0,0.0,0.0,False,False,False,False,0.0,True,True,163.47682868273625
4252.699,37.698999999999614,71.03777922864492,-251.83461771199921,0.0061111111111111106,-33.21246643675203,-304.88674318699714,116.97282478725792,9.036631936165941,153.73123065232542,-453.9449847569103,218.3730921505424,0.0,180.0904372062786,-443.81900111814525,220.79512151273823,0.0,60.505507613884845,-158.40213830609585,94.02423598892807,0.0,67.87330385866116,-178.83107787937863,73.07209270617788,0.0,0.0,0.0,False,False,False,False,0.0,True,True,163.46818371067587
4252.799,37.79899999999998,71.03777922864492,-251.83461771199921,0.009999999999999998,-33.643259009099005,-305.6822409126687,117.7186743507303,9.056452294970523,153.73123065232542,-453.9449847569103,218.3730921505424,0.0,180.0904372062786,-443.81900111814525,220.79512151273823,0.0,60.505192360138516,-158.40093284170513,94.02546918034525,0.0,67.87294923028458,-178.82972185463703,73.0734628169681,0.0,0.0,0.0,False,False,False,False,0.0,True,True,163.4596045701107
4252.899,37.89900000000034,71.03099563627765,-251.8457372201525,0.019999999999999997,-34.0760114613569,-306.4783605135573,118.457614651576,9.066260223651001,153.73123065232542,-453.9449847569103,218.36536979712062,0.0,180.0904372062786,-443.81900111814525,220.78880371796217,0.0,60.504839276858384,-158.39957757722973,94.03714542516457,0.0,67.87255691241234,-178.82821599325746,73.08579986079704,0.0,0.0,0.0,False,False,False,False,0.0,True,True,163.45096564062803
4253.0,38.0,71.03099563627765,-251.8457372201525,0.01388888888888889,-34.51531506252514,-307.2824834390967,119.21936308113644,9.078260381860186,153.73123065232542,-453.9449847569103,218.36536979712062,0.0,180.0904372062786,-443.81900111814525,220.78880371796217,0.0,60.50454470985868,-158.39845052400406,94.03829836815673,0.0,67.87222220239076,-178.82693534739468,73.08709377543815,0.0,0.0,-0.46847081184387207,True,True,False,False,0.0,True,True,163.44266408264636
4253.1,38.100000000000364,71.03099563627765,-251.85685672830584,0.0061111111111111106,-34.95259014374919,-308.0790350592289,119.97272102885064,9.095396890866773,153.73123065232542,-453.9449847569103,218.3550786261111,0.0,180.0904372062786,-443.81900111814525,220.779135504934,0.0,60.50419953628733,-158.3971334325206,94.05069545014281,0.0,67.87183757641495,-178.82546771592138,73.09968577720035,0.0,0.0,0.0,False,False,False,False,0.0,True,True,163.43428305634015
4253.199,38.198999999999614,71.03099563627765,-251.85685672830584,0.016944444444444443,-35.3874128264321,-308.8679694424743,120.72756368221697,9.103123152722233,153.73123065232542,-453.9449847569103,218.3550786261111,0.0,180.0904372062786,-443.81900111814525,220.779135504934,0.0,60.50384168199951,-158.39577322540703,94.05208716404384,0.0,67.87144091467594,-178.82396000136427,73.10120922643421,0.0,0.0,0.0,False,False,False,False,0.0,True,True,163.42599822063212
4253.299,38.29899999999998,71.02421204391038,-251.86797623566906,0.008055555555555528,-35.82884445165227,-309.66483743083637,121.48272653532823,9.116227675046755,153.73123065232542,-453.9449847569103,218.34735697962205,0.0,180.0904372062786,-443.81900111814525,220.77281858191103,0.0,60.50355676401359,-158.39468618325623,94.06348994557304,0.0,67.87111653987475,-178.82272242037962,73.11327592303347,0.0,0.0,0.0,False,False,False,False,0.0,True,True,163.41811217611257
4253.399,38.39900000000034,71.02421204391038,-251.86797623566906,0.009999999999999998,-36.27282851737853,-310.4622059002224,122.25358343702362,9.136651336376346,153.73123065232542,-453.9449847569103,218.34735697962205,0.0,180.0904372062786,-443.81900111814525,220.77281858191103,0.0,60.50324218426769,-158.3934798761002,94.06472386852876,0.0,67.87076269001201,-178.82136552557907,73.11464681620939,0.0,0.0,0.0,False,False,False,False,0.0,True,True,163.41018506517443
4253.499,38.498999999999796,71.02421204391038,-251.8790957446124,0.004999999999999999,-36.719044647060116,-311.2601307267006,123.0232363333055,9.147698470685317,153.73123065232542,-453.9449847569103,218.33706609145182,0.0,180.0904372062786,-443.81900111814525,220.76315078828065,0.0,60.50291439891107,-158.39221531978833,94.07706689571067,0.0,67.87039585594475,-178.8199503240583,73.12718568445763,0.0,0.0,-0.49248313903808594,True,True,False,False,0.0,True,True,163.4022874832186
4253.599,38.59900000000016,71.02421204391038,-251.8790957446124,0.006944444444444445,-37.167515581169766,-312.05790350509574,123.8020146442405,9.156060236274241,153.73123065232542,-453.9449847569103,218.33706609145182,0.0,180.0904372062786,-443.81900111814525,220.76315078828065,0.0,60.50258812994152,-158.39096295752734,94.0783478904825,0.0,67.87003035300054,-178.8185473647323,73.12860310239815,0.0,0.0,0.0,False,False,False,False,0.0,True,True,163.39450492789547
4253.699,38.698999999999614,71.01742845155817,-251.89021525197563,0.009999999999999998,-37.61817108583894,-312.8558466955791,124.57327845154838,9.17210539699625,153.73123065232542,-453.9449847569103,218.32934515131015,0.0,180.0904372062786,-443.81900111814525,220.75683473647948,0.0,60.50224366720544,-158.38964227554266,94.08999021134157,0.0,67.86964661412415,-178.81707609667401,73.14090645122026,0.0,0.0,0.0,False,False,False,False,0.0,True,True,163.38673948583406
4253.799,38.79899999999998,71.01742845155817,-251.89021525197563,0.01388888888888889,-38.070699928756156,-313.6543123843071,125.35957661101133,9.183605826228602,153.73123065232542,-453.9449847569103,218.32934515131015,0.0,180.0904372062786,-443.81900111814525,220.75683473647948,0.0,60.50188208156362,-158.3882619368332,94.09140231289244,0.0,67.86924559274289,-178.81554521360826,73.14245317549039,0.0,0.0,0.0,False,False,False,False,0.0,True,True,163.3789990828417
4253.9,38.899999999999636,71.01742845155817,-251.90133476012892,0.011111111111111112,-38.52983261667832,-314.46077739185966,126.15183815523726,9.192693387531323,153.73123065232542,-453.9449847569103,218.31905454753496,0.0,180.0904372062786,-443.81900111814525,220.7471673637381,0.0,60.50153479045201,-158.3869298107415,94.1038147607721,0.0,67.86885825293821,-178.81405947025658,73.1550634173276,0.0,0.0,0.0,False,False,False,False,0.0,True,True,163.3713810842343
4253.999,38.998999999999796,71.01742845155817,-251.90133476012892,0.015,-38.981877864491004,-315.2515517093275,126.93737580997387,9.208555296160979,153.73123065232542,-453.9449847569103,218.31905454753496,0.0,180.0904372062786,-443.81900111814525,220.7471673637381,0.0,60.5011821330423,-158.385571313063,94.10520415853361,0.0,67.86846727078091,-178.8125533389847,73.15658498143442,0.0,0.0,-0.49647819995880127,True,True,False,False,0.0,True,True,163.36387291859714
4254.099,39.09900000000016,71.01742845155817,-251.90133476012892,0.008888888888888889,-39.44013449685078,-316.0507144303225,127.73416193239918,9.216000500472177,153.73123065232542,-453.9449847569103,218.31905454753496,0.0,180.0904372062786,-443.81900111814525,220.7471673637381,0.0,60.5007808562649,-158.3840201592213,94.10679043941896,0.0,67.86802701787826,-178.81085152113798,73.15830417320839,0.0,0.0,0.0,False,False,False,False,0.0,True,True,163.3562162796318
4254.2,39.19999999999982,71.0106448591909,-251.9124542682822,0.011944444444444443,-39.90468381050697,-316.85771559451575,128.5305298465694,9.222798430914393,153.73123065232542,-453.9449847569103,218.3113343131725,0.0,180.0904372062786,-443.81900111814525,220.7408521826498,0.0,60.50040152463872,-158.38255877863193,94.11857715274068,0.0,67.86760780069235,-178.80923648085152,73.17075326131074,0.0,0.0,0.0,False,False,False,False,0.0,True,True,163.3487200060328
4254.3,39.30000000000018,71.0106448591909,-251.9124542682822,0.01888888888888889,-40.366597117246585,-317.6570682624664,129.33384823595944,9.241534941726309,153.73123065232542,-453.9449847569103,218.3113343131725,0.0,180.0904372062786,-443.81900111814525,220.7408521826498,0.0,60.500068210586925,-158.38127516122788,94.11988996297252,0.0,67.86723537329165,-178.80780223500824,73.1722021815806,0.0,0.0,0.0,False,False,False,False,0.0,True,True,163.34153871720017
4254.399,39.39900000000034,71.0106448591909,-251.9235737764355,0.03305555555555555,-40.82570606498365,-318.44904673071676,130.12689168586917,9.251991720543794,153.73123065232542,-453.9449847569103,218.30104399315462,0.0,180.0904372062786,-443.81900111814525,220.7311852302279,0.0,60.499666985678445,-158.3797268958043,94.13252331200115,0.0,67.86679588573367,-178.80610631988498,73.18502465414377,0.0,0.0,0.0,False,False,False,False,0.0,True,True,163.33416116524214
4254.499,39.498999999999796,71.0106448591909,-251.9235737764355,0.013055555555555555,-41.290990044794896,-319.2494939642966,130.93676615546286,9.265083428614657,153.73123065232542,-453.9449847569103,218.30104399315462,0.0,180.0904372062786,-443.81900111814525,220.7311852302279,0.0,60.49932220895838,-158.37839248472653,94.13388787655583,0.0,67.86641217836052,-178.804621233046,73.18652485392136,0.0,0.0,-0.5013518929481506,True,True,False,False,0.0,True,True,163.32709805522535
4254.599,39.59900000000016,71.0038612668236,-251.9346932837987,0.021944444444444444,-41.758187624352786,-320.05064692306934,131.7386154865889,9.2834509781403,153.73123065232542,-453.9449847569103,218.2933244661796,0.0,180.0904372062786,-443.81900111814525,220.724870921382,0.0,60.49899685631436,-158.37713486164628,94.14546677454868,0.0,67.8660478483558,-178.80321294628027,73.19876562761125,0.0,0.0,0.0,False,False,False,False,0.0,True,True,163.32020285634465
4254.7,39.69999999999982,71.0038612668236,-251.9346932837987,0.028888888888888888,-42.232071794599385,-320.86042291916453,132.56369315185293,9.295658448375432,153.73123065232542,-453.9449847569103,218.2933244661796,0.0,180.0904372062786,-443.81900111814525,220.724870921382,0.0,60.498601575182704,-158.37560636860294,94.14702982884786,0.0,67.86561282025094,-178.80153075763354,73.20046491922646,0.0,0.0,0.0,False,False,False,False,0.0,True,True,163.31303635006668
4254.8,39.80000000000018,71.0038612668236,-251.9346932837987,0.031111111111111082,-42.70290691349861,-321.6631166643638,133.38396514256456,9.316198864446513,153.73123065232542,-453.9449847569103,218.2933244661796,0.0,180.0904372062786,-443.81900111814525,220.724870921382,0.0,60.49830546753649,-158.37445488973955,94.14820715767834,0.0,67.86527795427479,-178.80022855859025,73.20178027789058,0.0,0.0,0.0,False,False,False,False,0.0,True,True,163.30641662667114
4254.899,39.89900000000034,71.0038612668236,-251.94581279274212,0.006944444444444445,-43.17110355019268,-322.45873046876596,134.19386778147734,9.333344329266609,153.73123065232542,-453.9449847569103,218.2830344292814,0.0,180.0904372062786,-443.81900111814525,220.71520438871016,0.0,60.49799873871605,-158.3732605237247,94.16047836325755,0.0,67.8649332856878,-178.7988864595788,73.2142452044681,0.0,0.0,0.0,False,False,False,False,0.0,True,True,163.29985277133187
4255.001,40.001000000000204,71.0038612668236,-251.94581279274212,0.016944444444444443,-43.655688045689075,-323.2790735747418,135.03794408365857,9.348570873225434,153.73123065232542,-453.9449847569103,218.2830344292814,0.0,180.0904372062786,-443.81900111814525,220.71520438871016,0.0,60.49765170842652,-158.37190236612463,94.1618667604545,0.0,67.864546172405,-178.79737143088252,73.21577543761629,0.0,0.0,-0.4799792170524597,True,True,False,False,0.0,True,True,163.29310029819655
4255.1,40.100000000000364,70.99707767445634,-251.95693230010534,0.009999999999999998,-44.12782120372642,-324.07607637592633,135.84886191625174,9.365561693620137,153.73123065232542,-453.9449847569103,218.27531560911424,0.0,180.0904372062786,-443.81900111814525,220.70889095158293,0.0,60.49734472553012,-158.37069095120833,94.17339837667943,0.0,67.8642017221636,-178.7960121624501,73.2279669738333,0.0,0.0,0.0,False,False,False,False,0.0,True,True,163.28665831125946
4255.199,40.198999999999614,70.99707767445634,-251.95693230010534,0.0061111111111111106,-44.60207952603155,-324.87370357677776,136.67487215606852,9.381336000364808,153.73123065232542,-453.9449847569103,218.27531560911424,0.0,180.0904372062786,-443.81900111814525,220.70889095158293,0.0,60.49706187529551,-158.3695698289764,94.17454404500772,0.0,67.86388155976206,-178.79474314746525,73.22924852475151,0.0,0.0,0.0,False,False,False,False,0.0,True,True,163.28041036970907
4255.3,40.30000000000018,70.99707767445634,-251.96805180825862,0.011111111111111112,-45.08830326977643,-325.6881334483796,137.51533043989582,9.401445994358134,153.73123065232542,-453.9449847569103,218.26502585689164,0.0,180.0904372062786,-443.81900111814525,220.69922484015234,0.0,60.49677320118459,-158.36842423635267,94.18676486444848,0.0,67.86355409488851,-178.7934436151224,73.24167020380341,0.0,0.0,0.0,False,False,False,False,0.0,True,True,163.27415806098873
4255.4,40.399999999999636,70.99707767445634,-251.96805180825862,0.011111111111111112,-45.57201672686466,-326.4949781905261,138.35684488138637,9.413209413035272,153.73123065232542,-453.9449847569103,218.26502585689164,0.0,180.0904372062786,-443.81900111814525,220.69922484015234,0.0,60.4964578136804,-158.36717455049558,94.1880419208476,0.0,67.86320062608587,-178.79204303660325,73.24308462308021,0.0,0.0,0.0,False,False,False,False,0.0,True,True,163.26786070547686
4255.5,40.5,70.99029408210413,-251.96805180825862,0.004999999999999999,-46.05778679702219,-327.3019065548146,139.19570003581896,9.424056475042326,153.73123065232542,-453.9449847569103,218.2675972925471,0.0,180.0904372062786,-443.81900111814525,220.70257810188815,0.0,60.49612191439894,-158.36583942576635,94.18865012506882,0.0,67.86282675717695,-178.7905569910731,73.24429533818797,0.0,0.0,-0.49095699191093445,True,True,False,False,0.0,True,True,163.2615291165528
4255.6,40.600000000000364,70.99029408210413,-251.97917131562184,0.003888888888888861,-46.54548889644229,-328.1092983166292,140.03733972612258,9.441099522420865,153.73123065232542,-453.9449847569103,218.25730774367835,0.0,180.0904372062786,-443.81900111814525,220.69291227489953,0.0,60.495834056538655,-158.36469166601037,94.20087309200329,0.0,67.86250104138097,-178.78925828246,73.25671613652491,0.0,0.0,0.0,False,False,False,False,0.0,True,True,163.25549401535628
4255.7,40.69999999999982,70.99029408210413,-251.97917131562184,0.016944444444444443,-47.035375634630256,-328.91682440119865,140.8881158025766,9.448989046320749,153.73123065232542,-453.9449847569103,218.25730774367835,0.0,180.0904372062786,-443.81900111814525,220.69291227489953,0.0,60.49548187432288,-158.36328468671198,94.20231054806193,0.0,67.86211107066998,-178.7877003369058,73.25828931241337,0.0,0.0,0.0,False,False,False,False,0.0,True,True,163.24920947963193
4255.8,40.80000000000018,70.99029408210413,-251.99029082456525,0.01388888888888889,-47.52712492435794,-329.7242512623523,141.7354832541828,9.458742590945663,153.73123065232542,-453.9449847569103,218.24701827476258,0.0,180.0904372062786,-443.81900111814525,220.6832465834541,0.0,60.49513056600999,-158.36188167519455,94.21479425796947,0.0,67.86172196178471,-178.78614636215613,73.27096785211249,0.0,0.0,0.0,False,False,False,False,0.0,True,True,163.24299256325713
4255.906,40.90599999999995,70.9835104897218,-251.99029082456525,0.011944444444444443,-48.05041457119066,-330.58054620860787,142.63766528072435,9.475800056056059,153.73123065232542,-453.9449847569103,218.2495901334427,0.0,180.0904372062786,-443.81900111814525,220.68660029650724,0.0,60.4948045227071,-158.36057829172992,94.2153704118594,0.0,67.86135348477293,-178.78467334663952,73.27216589324992,0.0,0.0,0.0,False,False,False,False,0.0,True,True,163.2368291069544
4255.999,40.998999999999796,70.9835104897218,-252.0014103319284,0.008888888888888889,-48.51185156923731,-331.33226376236814,143.43125830725893,9.49291998944423,153.73123065232542,-453.9449847569103,218.23930086867205,0.0,180.0904372062786,-443.81900111814525,220.67693489026132,0.0,60.494568147984246,-158.35963054946475,94.22738897091288,0.0,67.86108453772523,-178.7835950059391,73.28436412316324,0.0,0.0,-0.5290578007698059,True,True,False,False,0.0,True,True,163.23141948250878
4256.099,41.09900000000016,70.9835104897218,-252.0014103319284,0.01388888888888889,-49.01042061011163,-332.14096510300664,144.2944619162434,9.50781322923171,153.73123065232542,-453.9449847569103,218.23930086867205,0.0,180.0904372062786,-443.81900111814525,220.67693489026132,0.0,60.49425328914223,-158.35836033051498,94.22868634437778,0.0,67.86073223636568,-178.7821737345526,73.28579911498633,0.0,0.0,0.0,False,False,False,False,0.0,True,True,163.22558865777725
4256.199,41.198999999999614,70.9835104897218,-252.0014103319284,0.006944444444444445,-49.511109355506164,-332.94976676196416,145.16056565186744,9.516909296728432,153.73123065232542,-453.9449847569103,218.23930086867205,0.0,180.0904372062786,-443.81900111814525,220.67693489026132,0.0,60.49392419739152,-158.35702824408068,94.23004678550818,0.0,67.8603658199297,-178.78069056652234,73.28729654989723,0.0,0.0,0.0,False,False,False,False,0.0,True,True,163.2197144751123
4256.299,41.29899999999998,70.97672689736956,-252.01252984087182,0.0061111111111111106,-50.01372313418398,-333.7589773273156,146.01770671905436,9.535047157399077,153.73123065232542,-453.9449847569103,218.23158396562792,0.0,180.0904372062786,-443.81900111814525,220.6706237839918,0.0,60.493619687937745,-158.355797458425,94.24159939921279,0.0,67.86002393442507,-178.77930871196986,73.29951237405253,0.0,0.0,0.0,False,False,False,False,0.0,True,True,163.21400989457376
4256.399,41.39900000000034,70.97672689736956,-252.01252984087182,0.0030555555555555553,-50.51821059961267,-334.5690382690355,146.88974409823538,9.551143964649011,153.73123065232542,-453.9449847569103,218.23158396562792,0.0,180.0904372062786,-443.81900111814525,220.6706237839918,0.0,60.493286766886904,-158.3544473788565,94.24297813328629,0.0,67.8596537536575,-178.77780753476975,73.30102793436893,0.0,0.0,0.0,False,False,False,False,0.0,True,True,163.20821052813628
4256.5,41.5,70.97672689736956,-252.02364934823504,0.01388888888888889,-51.02982684261511,-335.3873577028121,147.76707016833876,9.559551844196779,153.73123065232542,-453.9449847569103,218.2212949850489,0.0,180.0904372062786,-443.81900111814525,220.66095879860606,0.0,60.492946272320715,-158.35306378964464,94.25544151444709,0.0,67.85927532290177,-178.77626979301687,73.31368982683483,0.0,0.0,-0.5234060287475586,True,True,False,False,0.0,True,True,163.20240218939972
4256.6,41.600000000000364,70.96994330500229,-252.02364934823504,0.008055555555555528,-51.53849253677802,-336.19775668773525,148.63915096232657,9.576672812663226,153.73123065232542,-453.9449847569103,218.22386756862528,0.0,180.0904372062786,-443.81900111814525,220.66431326746533,0.0,60.49264292454358,-158.35182974880573,94.25594734726498,0.0,67.858934826112,-178.77488462729045,73.31480005360463,0.0,0.0,0.0,False,False,False,False,0.0,True,True,163.1968515360021
4256.699,41.698999999999614,70.96994330500229,-252.03476885638833,0.004999999999999999,-52.043816602052985,-337.00101509664734,149.50467593567421,9.59478444654955,153.73123065232542,-453.9449847569103,218.21357879009634,0.0,180.0904372062786,-443.81900111814525,220.65464856533163,0.0,60.49230493136951,-158.35044845333186,94.26840825680236,0.0,67.85856058021565,-178.77335517580323,73.32745350097684,0.0,0.0,0.0,False,False,False,False,0.0,True,True,163.19119721562214
4256.8,41.80000000000018,70.96994330500229,-252.03476885638833,0.0061111111111111106,-52.56113150549798,-337.82091721502206,150.39677421423283,9.60246813906708,153.73123065232542,-453.9449847569103,218.21357879009634,0.0,180.0904372062786,-443.81900111814525,220.65464856533163,0.0,60.4919647310366,-158.34905317272197,94.26983270462111,0.0,67.85818277432946,-178.7718056616602,73.32901765107958,0.0,0.0,0.0,False,False,False,False,0.0,True,True,163.18554417843575
4256.9,41.899999999999636,70.96994330500229,-252.0458883645416,0.011944444444444443,-53.075387900535,-338.6326337781663,151.27626606713721,9.615690951807577,153.73123065232542,-453.9449847569103,218.20329009307162,0.0,180.0904372062786,-443.81900111814525,220.64498400023703,0.0,60.491642054642625,-158.34772076225383,94.28224333945231,0.0,67.85782346857262,-178.77032199951262,73.34162471606467,0.0,0.0,0.0,False,False,False,False,0.0,True,True,163.18003345988623
4257.0,42.0,70.96315971265008,-252.0458883645416,0.006944444444444445,-53.5913925676677,-339.4449535615577,152.15923597029098,9.631380051418338,153.73123065232542,-453.9449847569103,218.2058630998033,0.0,180.0904372062786,-443.81900111814525,220.64833892050441,0.0,60.49128613467484,-158.34624650598764,94.28299433436752,0.0,67.85743102663989,-178.76869646559825,73.34297787290666,0.0,0.0,-0.5500345230102539,True,True,False,False,0.0,True,True,163.17439867999087
4257.099,42.09900000000016,70.96315971265008,-252.0458883645416,0.0061111111111111106,-54.103956927131094,-340.24958631989114,153.0414192223372,9.64178018545411,153.73123065232542,-453.9449847569103,218.2058630998033,0.0,180.0904372062786,-443.81900111814525,220.64833892050441,0.0,60.490976912393975,-158.34496719046692,94.28430007945192,0.0,67.85708596915033,-178.76726889252467,73.34441877760516,0.0,0.0,0.0,False,False,False,False,0.0,True,True,163.16907764170094
4257.199,42.198999999999614,70.96315971265008,-252.0570078726949,0.016111111111111083,-54.62384424093679,-341.06258020194514,153.9288389733894,9.658400994372649,153.73123065232542,-453.9449847569103,218.19557460561984,0.0,180.0904372062786,-443.81900111814525,220.63867463941935,0.0,60.49066306039542,-158.34366928353387,94.29667552813419,0.0,67.85673553936788,-178.76581972143035,73.35699102177252,0.0,0.0,0.0,False,False,False,False,0.0,True,True,163.16376609740325
4257.3,42.30000000000018,70.96315971265008,-252.0570078726949,0.01388888888888889,-55.15071817338761,-341.8843838428278,154.83432329149127,9.672201263294467,153.73123065232542,-453.9449847569103,218.19557460561984,0.0,180.0904372062786,-443.81900111814525,220.63867463941935,0.0,60.49028586922498,-158.34210320636305,94.29827380795454,0.0,67.85632117563266,-178.76409930579769,73.35872744187054,0.0,0.0,0.0,False,False,False,False,0.0,True,True,163.15814364840227
4257.399,42.39900000000034,70.95637612028281,-252.06812738005812,0.009999999999999998,-55.66864988367059,-342.6900059340586,155.7119843915615,9.676240279211038,153.73123065232542,-453.9449847569103,218.18785962366175,0.0,180.0904372062786,-443.81900111814525,220.6323658678429,0.0,60.48992743232279,-158.3406059645988,94.31009924087178,0.0,67.85592722749048,-178.7624537285488,73.37121079032569,0.0,0.0,0.0,False,False,False,False,0.0,True,True,163.15268641700405
4257.499,42.498999999999796,70.95637612028281,-252.06812738005812,0.011111111111111112,-56.19357101691725,-343.50365220099775,156.61278445986918,9.689325945695165,153.73123065232542,-453.9449847569103,218.18785962366175,0.0,180.0904372062786,-443.81900111814525,220.6323658678429,0.0,60.48958764493398,-158.33918083073803,94.31155328077783,0.0,67.85555134720047,-178.76087721409732,73.3728017808242,0.0,0.0,-0.539630651473999,True,True,False,False,0.0,True,True,163.14735311913498
4257.6,42.600000000000364,70.95637612028281,-252.07924688900152,0.008055555555555528,-56.725338170917034,-344.32611502446775,157.51858571337442,9.704704462627689,153.73123065232542,-453.9449847569103,218.17757141318646,0.0,180.0904372062786,-443.81900111814525,220.62270200723748,0.0,60.4892068303461,-158.33758362088938,94.3242337112596,0.0,67.85513371424409,-178.75912558090806,73.38567907360778,0.0,0.0,0.0,False,False,False,False,0.0,True,True,163.14182882791542
4257.699,42.698999999999614,70.95637612028281,-252.07924688900152,0.006944444444444445,-57.24802171650183,-345.13261683386736,158.41495283838773,9.710727772819206,153.73123065232542,-453.9449847569103,218.17757141318646,0.0,180.0904372062786,-443.81900111814525,220.62270200723748,0.0,60.48883975985037,-158.33604619030115,94.32580238033384,0.0,67.85473122264357,-178.75743979328595,73.3873803651035,0.0,0.0,0.0,False,False,False,False,0.0,True,True,163.1364546225184
4257.8,42.80000000000018,70.94959252791554,-252.07924688900152,0.008055555555555528,-57.78289486705591,-345.9554305932366,159.32605304145264,9.722594260117612,153.73123065232542,-453.9449847569103,218.1801451450521,0.0,180.0904372062786,-443.81900111814525,220.6260576834908,0.0,60.48847348118668,-158.3345120089652,94.32661517004696,0.0,67.8543280787919,-178.75575119977984,73.38879806957816,0.0,0.0,0.0,False,False,False,False,0.0,True,True,163.13109868712783
4257.9,42.899999999999636,70.94959252791554,-252.09036639636474,0.008888888888888889,-58.31398161843953,-346.7704861961859,160.22920047980867,9.733705350983103,153.73123065232542,-453.9449847569103,218.1698571389784,0.0,180.0904372062786,-443.81900111814525,220.61639410838106,0.0,60.48808910282728,-158.33289012669894,94.3393205952326,0.0,67.85390781241249,-178.75397788822056,73.40169714165512,0.0,0.0,0.0,False,False,False,False,0.0,True,True,163.12568676945918
4258.001,43.001000000000204,70.94959252791554,-252.09036639636474,0.009999999999999998,-58.85200968117471,-347.5936089816343,161.15000862658292,9.738863732434215,153.73123065232542,-453.9449847569103,218.1698571389784,0.0,180.0904372062786,-443.81900111814525,220.61639410838106,0.0,60.487723508561125,-158.3313363598517,94.340905320894,0.0,67.85350585752603,-178.75226958961065,73.40342087333123,0.0,0.0,-0.5130477547645569,True,True,False,False,0.0,True,True,163.12038804716533
4258.099,43.09900000000016,70.94280893554824,-252.10148590451803,0.011111111111111112,-59.37587566857868,-348.3922904255287,162.03357242328948,9.754169246675822,153.73123065232542,-453.9449847569103,218.16214336894157,0.0,180.0904372062786,-443.81900111814525,220.6100867975282,0.0,60.487414517377786,-158.33001609920703,94.35255069094774,0.0,67.85316280709635,-178.7508038002747,73.4157236452575,0.0,0.0,0.0,False,False,False,False,0.0,True,True,163.11547816208835
4258.2,43.19999999999982,70.94280893554824,-252.10148590451803,0.011111111111111112,-59.91733640373612,-349.21619040006374,162.9590238909027,9.768524239666108,153.73123065232542,-453.9449847569103,218.16214336894157,0.0,180.0904372062786,-443.81900111814525,220.6100867975282,0.0,60.48702242099671,-158.32833763254797,94.35426226978174,0.0,67.85273459791783,-178.74897074375104,73.41757309951502,0.0,0.0,0.0,False,False,False,False,0.0,True,True,163.11011121057038
4258.299,43.29899999999998,70.94280893554824,-252.10148590451803,0.003888888888888861,-60.44949719754594,-350.02389307838035,163.86804428471225,9.771952025684973,153.73123065232542,-453.9449847569103,218.16214336894157,0.0,180.0904372062786,-443.81900111814525,220.6100867975282,0.0,60.486671075940045,-158.3268342290707,94.35579534819581,0.0,67.85234854261198,-178.74731881531704,73.4192398134898,0.0,0.0,0.0,False,False,False,False,0.0,True,True,163.10503026878925
4258.4,43.399999999999636,70.94280893554824,-252.11260541267131,0.008888888888888889,-60.994254960123314,-350.84764279360877,164.79076562728153,9.784197904726717,153.73123065232542,-453.9449847569103,218.15185564673,0.0,180.0904372062786,-443.81900111814525,220.60042364308663,0.0,60.48632860685706,-158.3253711591206,94.36833838631843,0.0,67.85196989158712,-178.74570117167107,73.4319816149869,0.0,0.0,0.0,False,False,False,False,0.0,True,True,163.10000949942784
4258.5,43.5,70.93602534319604,-252.11260541267131,0.0011111111111111111,-61.5350286065137,-351.66390638778716,165.707699460179,9.798676162997895,153.73123065232542,-453.9449847569103,218.15443010385482,0.0,180.0904372062786,-443.81900111814525,220.60378007540854,0.0,60.4859321061212,-158.32367052688423,94.36932105125037,0.0,67.8515380549979,-178.74384898034313,73.4335650929284,0.0,0.0,-0.5194784998893738,True,True,False,False,0.0,True,True,163.09473219211444
4258.6,43.600000000000364,70.93602534319604,-252.12372492003453,0.006944444444444445,-62.076980168909905,-352.4807120228385,166.62528168233018,9.806255820140338,153.73123065232542,-453.9449847569103,218.1441425854121,0.0,180.0904372062786,-443.81900111814525,220.5941172058888,0.0,60.48558581803642,-158.32217763496075,94.3818942347681,0.0,67.85115660234406,-178.74220448949538,73.44633384891257,0.0,0.0,0.0,False,False,False,False,0.0,True,True,163.0897624731756
4258.7,43.69999999999982,70.93602534319604,-252.12372492003453,0.008055555555555528,-62.62074950154921,-353.2973910732824,167.5515527526344,9.816695915917197,153.73123065232542,-453.9449847569103,218.1441425854121,0.0,180.0904372062786,-443.81900111814525,220.5941172058888,0.0,60.48523533940208,-158.3206482760944,94.38345299665777,0.0,67.85077136100081,-178.74052343905103,73.44802959735047,0.0,0.0,0.0,False,False,False,False,0.0,True,True,163.08478453575265
4258.799,43.79899999999998,70.93602534319604,-252.12372492003453,0.011111111111111112,-63.160475199733554,-354.1062549122351,168.47049558148157,9.82777744082222,153.73123065232542,-453.9449847569103,218.1441425854121,0.0,180.0904372062786,-443.81900111814525,220.5941172058888,0.0,60.48484235122217,-158.3189314501809,94.38520278016897,0.0,67.85034433905919,-178.73865793170887,73.44991139640902,0.0,0.0,0.0,False,False,False,False,0.0,True,True,163.07961685285963
4258.9,43.899999999999636,70.92924175082877,-252.13484442897789,0.013055555555555555,-63.71211383214879,-354.9321369158094,169.39769176657924,9.838952982090202,153.73123065232542,-453.9449847569103,218.13643002768552,0.0,180.0904372062786,-443.81900111814525,220.58781135615857,0.0,60.48448846488148,-158.31738227361572,94.39708192776469,0.0,67.84995509890977,-178.73695398993897,73.46245522160179,0.0,0.0,0.0,False,False,False,False,0.0,True,True,163.07467095883607
4259.0,44.0,70.92924175082877,-252.13484442897789,0.013055555555555555,-64.26004433716886,-355.7497961190005,170.32968410323608,9.846529958221462,153.73123065232542,-453.9449847569103,218.13643002768552,0.0,180.0904372062786,-443.81900111814525,220.58781135615857,0.0,60.48412763719649,-158.3158046189117,94.39868981998417,0.0,67.84955957418642,-178.7352246286224,73.46419964272302,0.0,0.0,-0.4585866630077362,True,True,False,False,0.0,True,True,163.06973103148485
4259.099,44.09900000000016,70.92924175082877,-252.13484442897789,0.0030555555555555553,-64.80444955184828,-356.55886789954553,171.25423099133081,9.854063148587231,153.73123065232542,-453.9449847569103,218.13643002768552,0.0,180.0904372062786,-443.81900111814525,220.58781135615857,0.0,60.483780443178524,-158.31429165750032,94.40023190795256,0.0,67.84917826506823,-178.7335630044245,73.46587579170891,0.0,0.0,0.0,False,False,False,False,0.0,True,True,163.064926607338
4259.199,44.198999999999614,70.92924175082877,-252.14596393713117,0.021944444444444444,-65.35585288631252,-357.37657330908206,172.18335624864176,9.870924210665734,153.73123065232542,-453.9449847569103,218.12614279325902,0.0,180.0904372062786,-443.81900111814525,220.5781489074957,0.0,60.48343868434966,-158.31281072271446,94.41279279771288,0.0,67.8488015122868,-178.73193043123965,73.47863245643178,0.0,0.0,0.0,False,False,False,False,0.0,True,True,163.06018358927875
4259.299,44.29899999999998,70.9224581584615,-252.14596393713117,0.033888888888888885,-65.90870979880647,-358.19484947108907,173.11595722966896,9.879793317696748,153.73123065232542,-453.9449847569103,218.12871797579098,0.0,180.0904372062786,-443.81900111814525,220.58150609599855,0.0,60.48306179766751,-158.31117935635186,94.41370553949791,0.0,67.84838959525987,-178.73014743488096,73.48014704818804,0.0,0.0,0.0,False,False,False,False,0.0,True,True,163.05527401382253
4259.4,44.399999999999636,70.9224581584615,-252.14596393713117,0.009999999999999998,-66.46881799650085,-359.0208047107678,174.0649141954785,9.881792151782761,153.73123065232542,-453.9449847569103,218.12871797579098,0.0,180.0904372062786,-443.81900111814525,220.58150609599855,0.0,60.482679904513944,-158.3095200409478,94.41539690682428,0.0,67.84797209604643,-178.72833341211162,73.48197694983625,0.0,0.0,0.0,False,False,False,False,0.0,True,True,163.05034400413882
4259.5,44.5,70.9224581584615,-252.14596393713117,0.011111111111111112,-67.02476127388815,-359.8383783976185,175.00597555925398,9.89192496308245,153.73123065232542,-453.9449847569103,218.12871797579098,0.0,180.0904372062786,-443.81900111814525,220.58150609599855,0.0,60.482292435956175,-158.30782530571832,94.4171240936814,0.0,67.84754994208629,-178.7264869676088,73.48383944118162,0.0,0.0,-0.4299715757369995,True,True,False,False,0.0,True,True,163.04541131035225
4259.6,44.600000000000364,70.9224581584615,-252.14596393713117,0.02611111111111111,-67.58179788843175,-360.6561710210376,175.94855493721914,9.89771729154602,153.73123065232542,-453.9449847569103,218.12871797579098,0.0,180.0904372062786,-443.81900111814525,220.58150609599855,0.0,60.48189639930884,-158.30608218733965,94.41890031482858,0.0,67.8471194263932,-178.72459209292492,73.48575067182863,0.0,0.0,0.0,False,False,False,False,0.0,True,True,163.0404510558922
4259.699,44.698999999999614,70.91567456609422,-252.1570834444944,0.0030555555555555553,-68.13481384296283,-361.465288268106,176.87091894530863,9.90127698926776,153.73123065232542,-453.9449847569103,218.121006429782,0.0,180.0904372062786,-443.81900111814525,220.57520142545926,0.0,60.48153966593223,-158.3045099483716,94.43080388813765,0.0,67.84672894323883,-178.72287110780843,73.49831269318722,0.0,0.0,0.0,False,False,False,False,0.0,True,True,163.0357599852
4259.799,44.79899999999998,70.91567456609422,-252.1570834444944,0.0061111111111111106,-68.69480246006825,-362.2822744593046,177.8163181249715,9.90835464198149,153.73123065232542,-453.9449847569103,218.121006429782,0.0,180.0904372062786,-443.81900111814525,220.57520142545926,0.0,60.48111196195061,-158.3026261290929,94.43272343159606,0.0,67.84626678318776,-178.72083552700616,73.50036579729765,0.0,0.0,0.0,False,False,False,False,0.0,True,True,163.030677127314
4259.899,44.89900000000034,70.91567456609422,-252.1570834444944,0.006944444444444445,-69.25554018120877,-363.0994336336223,178.7629002595942,9.912603641389905,153.73123065232542,-453.9449847569103,218.121006429782,0.0,180.0904372062786,-443.81900111814525,220.57520142545926,0.0,60.48069374982166,-158.30080253809368,94.43458206725529,0.0,67.84581378423138,-178.7188602499581,73.50235826958578,0.0,0.0,0.0,False,False,False,False,0.0,True,True,163.02569671221312
4260.001,45.001000000000204,70.91567456609422,-252.1570834444944,0.021944444444444444,-69.82866356484325,-363.9327102420325,179.72968442051575,9.91771296968251,153.73123065232542,-453.9449847569103,218.121006429782,0.0,180.0904372062786,-443.81900111814525,220.57520142545926,0.0,60.48028396024226,-158.29901337398312,94.43640555663747,0.0,67.8453678466261,-178.71691326155477,73.5043221848263,0.0,0.0,-0.43948179483413696,True,True,False,False,0.0,True,True,163.02075933454594
4260.099,45.09900000000016,70.90889097374199,-252.16820295264768,0.008888888888888889,-70.38054318870168,-364.73301497806995,180.64756049352607,9.921907713781431,153.73123065232542,-453.9449847569103,218.11329538824464,0.0,180.0904372062786,-443.81900111814525,220.5688973432107,0.0,60.479855715212565,-158.29714695684368,94.44860999607681,0.0,67.84490617665244,-178.71490116872977,73.51717857614038,0.0,0.0,0.0,False,False,False,False,0.0,True,True,163.0157999932954
4260.199,45.198999999999614,70.90889097374199,-252.16820295264768,0.008888888888888889,-70.94428448486508,-365.5496824315425,181.5975860977051,9.925006282394044,153.73123065232542,-453.9449847569103,218.11329538824464,0.0,180.0904372062786,-443.81900111814525,220.5688973432107,0.0,60.479409129040235,-158.29519305022438,94.45060126695554,0.0,67.84442491518165,-178.7127955505274,73.51930242348287,0.0,0.0,0.0,False,False,False,False,0.0,True,True,163.01073391673893
4260.3,45.30000000000018,70.90889097374199,-252.16820295264768,0.0061111111111111106,-71.51434036839332,-366.37462299251337,182.55816389375093,9.931263836946712,153.73123065232542,-453.9449847569103,218.11329538824464,0.0,180.0904372062786,-443.81900111814525,220.5688973432107,0.0,60.47898651440626,-158.2933315158925,94.45249808394792,0.0,67.84396715426438,-178.71077920373108,73.5213360994419,0.0,0.0,0.0,False,False,False,False,0.0,True,True,163.0057998884429
4260.4,45.399999999999636,70.90889097374199,-252.16820295264768,0.021111111111111112,-72.07961766747187,-367.19121081649456,183.5102338876093,9.93181021904931,153.73123065232542,-453.9449847569103,218.11329538824464,0.0,180.0904372062786,-443.81900111814525,220.5688973432107,0.0,60.47851568380885,-158.29123416249848,94.45463460262548,0.0,67.84346223634273,-178.70853000556403,73.52360439230769,0.0,0.0,0.0,False,False,False,False,0.0,True,True,163.00059064023588
4260.499,45.498999999999796,70.90210738135966,-252.16820295264768,0.01888888888888889,-72.63977488201708,-367.99933031447983,184.44815539773253,9.93236755388799,153.73123065232542,-453.9449847569103,218.11587135539185,0.0,180.0904372062786,-443.81900111814525,220.5722552984114,0.0,60.47807672377209,-158.28928042469087,94.45587599594025,0.0,67.84298984053187,-178.70642745071044,73.52544226338001,0.0,0.0,-0.42086637020111084,True,True,False,False,0.0,True,True,162.99561175894513
4260.6,45.600000000000364,70.90210738135966,-252.17932246080096,0.008055555555555528,-73.21172645945838,-368.8239060053795,185.4043040886243,9.93932845564104,153.73123065232542,-453.9449847569103,218.10558485198052,0.0,180.0904372062786,-443.81900111814525,220.56259385001226,0.0,60.47762198759772,-158.28725327989767,94.46899253615592,0.0,67.84250035613532,-178.7042454036208,73.53875266624641,0.0,0.0,0.0,False,False,False,False,0.0,True,True,162.99053667075376
4260.699,45.698999999999614,70.90210738135966,-252.17932246080096,0.013055555555555555,-73.77286118946607,-369.632077251635,186.34912433098577,9.936965479956372,153.73123065232542,-453.9449847569103,218.10558485198052,0.0,180.0904372062786,-443.81900111814525,220.56259385001226,0.0,60.477136376859754,-158.28509136380362,94.47119483599754,0.0,67.84198131762966,-178.70193466868213,73.5410829963724,0.0,0.0,0.0,False,False,False,False,0.0,True,True,162.98532725830702
4260.801,45.801000000000386,70.89532378902251,-252.17932246080096,0.018055555555555557,-74.35142923629569,-370.4642806574829,187.31777972202366,9.936756995948063,153.73123065232542,-453.9449847569103,218.10816112115893,0.0,180.0904372062786,-443.81900111814525,220.5659521097887,0.0,60.476660258449634,-158.28296698658903,94.47261042811752,0.0,67.84146978990434,-178.69965229979823,73.54310267603404,0.0,0.0,0.0,False,False,False,False,0.0,True,True,162.9801552885203
4260.9,45.899999999999636,70.89532378902251,-252.17932246080096,0.026944444444444417,-74.91353928659967,-371.2721059919252,188.26395204764174,9.945043523576222,153.73123065232542,-453.9449847569103,218.10816112115893,0.0,180.0904372062786,-443.81900111814525,220.5659521097887,0.0,60.47623691120379,-158.28106653447279,94.4745459760128,0.0,67.84101327844171,-178.69760296988346,73.54516919578694,0.0,0.0,0.0,False,False,False,False,0.0,True,True,162.97534099701343
4261.0,46.0,70.89532378902251,-252.17932246080096,0.008055555555555528,-75.4820507336631,-372.0880723330129,189.2206227346038,9.94471808443874,153.73123065232542,-453.9449847569103,218.10816112115893,0.0,180.0904372062786,-443.81900111814525,220.5659521097887,0.0,60.47576766978833,-158.27894571801218,94.47670560598277,0.0,67.84051041752966,-178.69533020438465,73.5474608853066,0.0,0.0,-0.46740102767944336,True,True,False,False,0.0,True,True,162.97024749420765
4261.099,46.09900000000016,70.89532378902251,-252.17932246080096,0.008055555555555528,-76.04540539504393,-372.89558652520475,190.16833149294868,9.946298804734132,153.73123065232542,-453.9449847569103,218.10816112115893,0.0,180.0904372062786,-443.81900111814525,220.5659521097887,0.0,60.47532830299629,-158.2769589831226,94.47872867806187,0.0,67.84003811516169,-178.6931945409484,73.54961432395028,0.0,0.0,0.0,False,False,False,False,0.0,True,True,162.96536889748313
4261.2,46.19999999999982,70.88854019665524,-252.17932246080096,0.019999999999999997,-76.62046997246392,-373.71979839974284,191.13083312887485,9.954686299923052,153.73123065232542,-453.9449847569103,218.1107375708991,0.0,180.0904372062786,-443.81900111814525,220.56931052707802,0.0,60.47487411373318,-158.27489874319474,94.48007850876462,0.0,67.83954974897405,-178.69097927167428,73.55156645125182,0.0,0.0,0.0,False,False,False,False,0.0,True,True,162.96038900110082
4261.3,46.30000000000018,70.88854019665524,-252.19044196816418,0.023888888888888887,-77.1902413813384,-374.53589477990243,192.08262643282558,9.951623496582346,153.73123065232542,-453.9449847569103,218.1004513929991,0.0,180.0904372062786,-443.81900111814525,220.55964951096152,0.0,60.47438451914618,-158.27269348054236,94.49337606128583,0.0,67.83902642528318,-178.68862208427632,73.56505325550496,0.0,0.0,0.0,False,False,False,False,0.0,True,True,162.95524113307147
4261.399,46.39900000000034,70.88854019665524,-252.19044196816418,0.016111111111111083,-77.754776180708,-375.3433121819909,193.03228990395505,9.95144203140431,153.73123065232542,-453.9449847569103,218.1004513929991,0.0,180.0904372062786,-443.81900111814525,220.55964951096152,0.0,60.47393946769727,-158.27068029019384,94.4954260374033,0.0,67.83854844996424,-178.68645996279287,73.56723333319552,0.0,0.0,0.0,False,False,False,False,0.0,True,True,162.95038804197355
4261.5,46.5,70.88175660428797,-252.19044196816418,0.011944444444444443,-78.33107993056552,-376.1673299122587,193.99675082608852,9.960443594833318,153.73123065232542,-453.9449847569103,218.10302814480227,0.0,180.0904372062786,-443.81900111814525,220.56300823285258,0.0,60.47347710280702,-158.26858178515113,94.49681530304818,0.0,67.83805192647415,-178.68420642436524,73.5692245574615,0.0,0.0,-0.5267991423606873,True,True,False,False,0.0,True,True,162.94541708309916
4261.599,46.59900000000016,70.88175660428797,-252.2015614771076,0.016111111111111083,-78.89630545117278,-376.97524594484463,194.94086336308212,9.958874236203124,153.73123065232542,-453.9449847569103,218.09274216876193,0.0,180.0904372062786,-443.81900111814525,220.55334749990607,0.0,60.473011552546694,-158.26645296831066,94.51003430383254,0.0,67.8375537902636,-178.6819286020886,73.58263102696512,0.0,0.0,0.0,False,False,False,False,0.0,True,True,162.94044812347852
4261.701,46.70100000000002,70.88175660428797,-252.2015614771076,0.03194444444444444,-79.47910798385765,-377.8072239382221,195.92134146639074,9.958740275000537,153.73123065232542,-453.9449847569103,218.09274216876193,0.0,180.0904372062786,-443.81900111814525,220.55334749990607,0.0,60.472546856647654,-158.26431935600127,94.51220611587544,0.0,67.83705463826637,-178.67963678748947,73.58494153104814,0.0,0.0,0.0,False,False,False,False,0.0,True,True,162.9354590186524
4261.799,46.79899999999998,70.87497301192067,-252.2015614771076,0.021111111111111112,-80.03927526217048,-378.606845051087,196.85884802962804,9.965955278777495,153.73123065232542,-453.9449847569103,218.0953192226435,0.0,180.0904372062786,-443.81900111814525,220.5567065264074,0.0,60.472100053217886,-158.26225483498746,94.51356039319006,0.0,67.83657622037218,-178.67742618718935,73.58688962847317,0.0,0.0,0.0,False,False,False,False,0.0,True,True,162.9306279972519
4261.901,46.90099999999984,70.87497301192067,-252.2015614771076,0.021944444444444444,-80.62251638674309,-379.4395011996217,197.840801148116,9.967483764588394,153.73123065232542,-453.9449847569103,218.0953192226435,0.0,180.0904372062786,-443.81900111814525,220.5567065264074,0.0,60.471636156019244,-158.2601216461837,94.51573168126272,0.0,67.83607791710062,-178.67513478520877,73.58919965237081,0.0,0.0,0.0,False,False,False,False,0.0,True,True,162.9256800376732
4262.001,47.001000000000204,70.87497301192067,-252.2015614771076,0.011944444444444443,-81.19489879455736,-380.2556435865868,198.80415955442157,9.969518480896475,153.73123065232542,-453.9449847569103,218.0953192226435,0.0,180.0904372062786,-443.81900111814525,220.5567065264074,0.0,60.471184508144944,-158.25805180141018,94.5178386624406,0.0,67.8355930921648,-178.67291289418125,73.59143967016877,0.0,0.0,-0.4562323987483978,True,True,False,False,0.0,True,True,162.92085356010708
4262.099,47.09900000000016,70.87497301192067,-252.21268098526087,0.009999999999999998,-81.75682642453441,-381.05526322132005,199.74202661549702,9.975789406606335,153.73123065232542,-453.9449847569103,218.08503345069366,0.0,180.0904372062786,-443.81900111814525,220.54704607873225,0.0,60.47081812643299,-158.25637858581342,94.53059398659056,0.0,67.83519474061303,-178.67109367666126,73.60438380835136,0.0,0.0,0.0,False,False,False,False,0.0,True,True,162.9166154179491
4262.199,47.198999999999614,70.8681894195534,-252.21268098526087,0.011944444444444443,-82.33158917201663,-381.8703841382504,200.70199836427847,9.971895480755324,153.73123065232542,-453.9449847569103,218.08761080666898,0.0,180.0904372062786,-443.81900111814525,220.55040540985223,0.0,60.47035474507971,-158.2542697064301,94.53199466825822,0.0,67.83469796097572,-178.66883279946418,73.60638339440932,0.0,0.0,0.0,False,False,False,False,0.0,True,True,162.91177790266673
4262.299,47.29899999999998,70.8681894195534,-252.21268098526087,0.011944444444444443,-82.90727777324572,-382.684492421705,201.66751818245464,9.969917642857919,153.73123065232542,-453.9449847569103,218.08761080666898,0.0,180.0904372062786,-443.81900111814525,220.55040540985223,0.0,60.46992519091623,-158.25230050169353,94.53399917270664,0.0,67.83423523960337,-178.66671154632405,73.60852191614137,0.0,0.0,0.0,False,False,False,False,0.0,True,True,162.90714674013918
4262.399,47.39900000000034,70.8614058272012,-252.21268098526087,0.0061111111111111106,-83.48388184325064,-383.49861987993734,202.62888633541678,9.982785738502796,153.73123065232542,-453.9449847569103,218.0901883431802,0.0,180.0904372062786,-443.81900111814525,220.55376489844113,0.0,60.469569726278266,-158.250659759986,94.53492312519987,0.0,67.83384682369865,-178.66491870926885,73.61004992068355,0.0,0.0,0.0,False,False,False,False,0.0,True,True,162.90298445850786
4262.499,47.498999999999796,70.8614058272012,-252.21268098526087,0.006944444444444445,-84.0618890974557,-384.3126741632176,203.59674729211275,9.984962098665452,153.73123065232542,-453.9449847569103,218.0901883431802,0.0,180.0904372062786,-443.81900111814525,220.55376489844113,0.0,60.46914471035827,-158.24868212730973,94.53693549347625,0.0,67.83338910903545,-178.66278892675538,73.61219672760282,0.0,0.0,-0.417710542678833,True,True,False,False,0.0,True,True,162.8983757723014
4262.599,47.59900000000016,70.8614058272012,-252.2238004926241,0.004999999999999999,-84.64108879243173,-385.1260547935144,204.55814584412786,9.985622922857424,153.73123065232542,-453.9449847569103,218.07990289692648,0.0,180.0904372062786,-443.81900111814525,220.54410488323006,0.0,60.46876186725266,-158.24689254073536,94.54980844335975,0.0,67.8329737102219,-178.6608471596742,73.62526403452088,0.0,0.0,0.0,False,False,False,False,0.0,True,True,162.8940448891012
4262.7,47.69999999999982,70.8614058272012,-252.2238004926241,0.011111111111111112,-85.22722705041974,-385.9475309170346,205.53758145951105,9.997520848197095,153.73123065232542,-453.9449847569103,218.07990289692648,0.0,180.0904372062786,-443.81900111814525,220.54410488323006,0.0,60.46839072898333,-158.24516029322993,94.55157098937579,0.0,67.83256931375233,-178.6589596831364,73.62716654843148,0.0,0.0,0.0,False,False,False,False,0.0,True,True,162.88979848011888
4262.799,47.79899999999998,70.85462223486405,-252.2238004926241,0.0030555555555555553,-85.80301398230053,-386.7529618745715,206.49385038610598,10.00400845500278,153.73123065232542,-453.9449847569103,218.08248073554037,0.0,180.0904372062786,-443.81900111814525,220.5474646764338,0.0,60.46801786971876,-158.24342489087786,94.55259144245257,0.0,67.83216441454692,-178.6570751569889,73.62878735850799,0.0,0.0,0.0,False,False,False,False,0.0,True,True,162.88558521238443
4262.9,47.899999999999636,70.85462223486405,-252.2238004926241,0.019999999999999997,-86.39165564874256,-387.57451609695903,207.47580129464254,10.00922753310687,153.73123065232542,-453.9449847569103,218.08248073554037,0.0,180.0904372062786,-443.81900111814525,220.5474646764338,0.0,60.46763394294535,-158.24163582099033,94.55441185974635,0.0,67.83174717862889,-178.65513086899267,73.63074713593932,0.0,0.0,0.0,False,False,False,False,0.0,True,True,162.8812950194646
4263.0,48.0,70.85462223486405,-252.2238004926241,0.009999999999999998,-86.97570007954495,-388.38795500253076,208.44924469824295,10.018662534505692,153.73123065232542,-453.9449847569103,218.08248073554037,0.0,180.0904372062786,-443.81900111814525,220.5474646764338,0.0,60.467275305790096,-158.23995765997552,94.5561192616159,0.0,67.83135601775477,-178.65330052063123,73.63259200074731,0.0,0.0,-0.5266014337539673,True,True,False,False,0.0,True,True,162.877183776948
4263.1,48.100000000000364,70.84783864246663,-252.23492000077738,0.004999999999999999,-87.56100840484017,-389.20140450124075,209.411510426893,10.024154128326035,153.73123065232542,-453.9449847569103,218.07477363276857,0.0,180.0904372062786,-443.81900111814525,220.541165043083,0.0,60.46689733829185,-158.23817430552248,94.56824067126946,0.0,67.83094578378059,-178.65136492408382,73.64537473762752,0.0,0.0,0.0,False,False,False,False,0.0,True,True,162.87294540630856
4263.199,48.198999999999614,70.84783864246663,-252.23492000077738,0.009999999999999998,-88.1417191588967,-390.0064591991559,210.37746196530514,10.029222379177954,153.73123065232542,-453.9449847569103,218.07477363276857,0.0,180.0904372062786,-443.81900111814525,220.541165043083,0.0,60.46654510930523,-158.236518271849,94.56992536221365,0.0,67.83056182299613,-178.6495597007419,73.64719417527971,0.0,0.0,0.0,False,False,False,False,0.0,True,True,162.8689106865716
4263.299,48.29899999999998,70.84783864246663,-252.23492000077738,0.01888888888888889,-88.7295237567473,-390.81967646029955,211.3543690422205,10.039028102172901,153.73123065232542,-453.9449847569103,218.07477363276857,0.0,180.0904372062786,-443.81900111814525,220.541165043083,0.0,60.4661769306074,-158.2347798077502,94.57169373659463,0.0,67.83016140084175,-178.64766898967176,73.64909970465413,0.0,0.0,0.0,False,False,False,False,0.0,True,True,162.864767102994
4263.4,48.399999999999636,70.84105505009936,-252.23492000077738,0.013055555555555555,-89.32420689208715,-391.6411478490851,212.33701395636018,10.042790719921717,153.73123065232542,-453.9449847569103,218.0773519540514,0.0,180.0904372062786,-443.81900111814525,220.54452529839207,0.0,60.465763455600126,-158.23283475797035,94.5729279744835,0.0,67.82971491626053,-178.64556865779892,73.65093889749127,0.0,0.0,0.0,False,False,False,False,0.0,True,True,162.86033547773008
4263.5,48.5,70.84105505009936,-252.23492000077738,0.008888888888888889,-89.91391840666907,-392.4541031911868,213.3156834967179,10.043586954211104,153.73123065232542,-453.9449847569103,218.0773519540514,0.0,180.0904372062786,-443.81900111814525,220.54452529839207,0.0,60.46536973653637,-158.23097877253738,94.57481595101567,0.0,67.8292889026175,-178.6435604362306,73.65296285883909,0.0,0.0,-0.5156095027923584,True,True,False,False,0.0,True,True,162.85605144079827
4263.599,48.59900000000016,70.84105505009936,-252.24603950893066,0.011944444444444443,-90.4986052897508,-393.2587732360461,214.27803683945908,10.050596681459604,153.73123065232542,-453.9449847569103,218.06706703561488,0.0,180.0904372062786,-443.81900111814525,220.53486599908075,0.0,60.46497647456772,-158.229125580886,94.58775349461982,0.0,67.82886397828733,-178.6415580401589,73.66609116370888,0.0,0.0,0.0,False,False,False,False,0.0,True,True,162.85179813490726
4263.7,48.69999999999982,70.84105505009936,-252.24603950893066,0.013055555555555555,-91.09572248139979,-394.0800655612504,215.26823003754262,10.0566545206366,153.73123065232542,-453.9449847569103,218.06706703561488,0.0,180.0904372062786,-443.81900111814525,220.53486599908075,0.0,60.46455771234571,-158.22713466100288,94.5897783367955,0.0,67.82841253981803,-178.6394117676986,73.66825410128212,0.0,0.0,0.0,False,False,False,False,0.0,True,True,162.84734668798114
4263.8,48.80000000000018,70.83427145774715,-252.24603950893066,0.004999999999999999,-91.68739441664427,-394.89354515330143,216.24431263075596,10.061245351929333,153.73123065232542,-453.9449847569103,218.06964565903036,0.0,180.0904372062786,-443.81900111814525,220.53822655901672,0.0,60.464145777607015,-158.2251693036309,94.59103308867985,0.0,67.82796868036131,-178.63729409620007,73.67011101950034,0.0,0.0,0.0,False,False,False,False,0.0,True,True,162.84295265309768
4263.9,48.899999999999636,70.83427145774715,-252.24603950893066,0.013055555555555555,-92.27988601138645,-395.70723565250927,217.2264789702481,10.069712898603155,153.73123065232542,-453.9449847569103,218.06964565903036,0.0,180.0904372062786,-443.81900111814525,220.53822655901672,0.0,60.46378894541468,-158.22346063119107,94.59277058189679,0.0,67.82758003464876,-178.63543308636923,73.67198633952376,0.0,0.0,0.0,False,False,False,False,0.0,True,True,162.83893568839108
4264.001,49.001000000000204,70.83427145774715,-252.24603950893066,0.004999999999999999,-92.87965990245726,-396.52857038160124,218.21938510690762,10.06920638950211,153.73123065232542,-453.9449847569103,218.06964565903036,0.0,180.0904372062786,-443.81900111814525,220.53822655901672,0.0,60.4633641444826,-158.22143741586316,94.59482817395461,0.0,67.82712261293236,-178.63325450680858,73.67418177315253,0.0,0.0,-0.4785718321800232,True,True,False,False,0.0,True,True,162.83447549581518
4264.099,49.09900000000016,70.82748786537988,-252.25715901629388,0.008888888888888889,-93.46270455551998,-397.32456713025874,219.17075585625,10.067272406084033,153.73123065232542,-453.9449847569103,218.06193987044432,0.0,180.0904372062786,-443.81900111814525,220.53192840975757,0.0,60.46297237854598,-158.21957527884388,94.60703111531797,0.0,67.82670007620828,-178.63124611046175,73.68703942059838,0.0,0.0,0.0,False,False,False,False,0.0,True,True,162.83028603374544
4264.2,49.19999999999982,70.82748786537988,-252.25715901629388,0.003888888888888861,-94.06455161083184,-398.1448286807457,220.16493100116736,10.078738923702478,153.73123065232542,-453.9449847569103,218.06193987044432,0.0,180.0904372062786,-443.81900111814525,220.53192840975757,0.0,60.462608714463386,-158.21785924008762,94.60877666586906,0.0,67.82630350024624,-178.62937476887691,73.6889253604482,0.0,0.0,0.0,False,False,False,False,0.0,True,True,162.82628839126497
4264.3,49.30000000000018,70.82748786537988,-252.25715901629388,0.008055555555555528,-94.66176052619693,-398.9570618194874,221.150520722144,10.084412158470291,153.73123065232542,-453.9449847569103,218.06193987044432,0.0,180.0904372062786,-443.81900111814525,220.53192840975757,0.0,60.46221622728079,-158.2160026624956,94.61066506737554,0.0,67.82587882502712,-178.62736593258705,73.69094982683158,0.0,0.0,0.0,False,False,False,False,0.0,True,True,162.8221097346588
4264.4,49.399999999999636,70.82748786537988,-252.25715901629388,0.003888888888888861,-95.26020768842254,-399.7686111250914,222.13678470172073,10.08240981958072,153.73123065232542,-453.9449847569103,218.06193987044432,0.0,180.0904372062786,-443.81900111814525,220.53192840975757,0.0,60.461809794718654,-158.21407076526614,94.6126298633284,0.0,67.82544035365741,-178.6252817451886,73.69305014538175,0.0,0.0,0.0,False,False,False,False,0.0,True,True,162.81783686141492
4264.499,49.498999999999796,70.82070427301261,-252.25715901629388,0.011944444444444443,-95.85349788966393,-400.57184493565455,223.10879795723739,10.091083429342989,153.73123065232542,-453.9449847569103,218.06451897654506,0.0,180.0904372062786,-443.81900111814525,220.53528943178665,0.0,60.46143862743918,-158.21229521667726,94.61369241184913,0.0,67.8250379762206,-178.62335689693379,73.69471372571316,0.0,0.0,-0.44668978452682495,True,True,False,False,0.0,True,True,162.81380960477819
4264.599,49.59900000000016,70.82070427301261,-252.2682785252373,0.016944444444444443,-96.45355291339571,-401.3834286346212,224.08927932725555,10.095390088657759,153.73123065232542,-453.9449847569103,218.0542345861489,0.0,180.0904372062786,-443.81900111814525,220.52563084859875,0.0,60.461025279504426,-158.2103100404062,94.62676357321966,0.0,67.82459290509206,-178.62121936443626,73.7079779017408,0.0,0.0,0.0,False,False,False,False,0.0,True,True,162.80948658054876
4264.702,49.702000000000226,70.82070427301261,-252.2682785252373,0.0030555555555555553,-97.07277612282034,-402.21850713043557,225.10728957138897,10.09126431588967,153.73123065232542,-453.9449847569103,218.0542345861489,0.0,180.0904372062786,-443.81900111814525,220.52563084859875,0.0,60.4606057633441,-158.20829301668707,94.62881440131602,0.0,67.8241397693559,-178.61904069859625,73.71017318708259,0.0,0.0,0.0,False,False,False,False,0.0,True,True,162.80509731687744
4264.799,49.79899999999998,70.82070427301261,-252.2682785252373,0.0019444444444444166,-97.6568790334675,-403.0040843572269,226.0663160150384,10.092900764218978,153.73123065232542,-453.9449847569103,218.0542345861489,0.0,180.0904372062786,-443.81900111814525,220.52563084859875,0.0,60.460200689836725,-158.20634794530937,94.63079212877899,0.0,67.82370484211981,-178.61695227636451,73.71227756491227,0.0,0.0,0.0,False,False,False,False,0.0,True,True,162.80087731272963
4264.901,49.90099999999984,70.82070427301261,-252.2682785252373,0.011111111111111112,-98.2714110354731,-403.8304747489845,227.07541210722016,10.100043190615423,153.73123065232542,-453.9449847569103,218.0542345861489,0.0,180.0904372062786,-443.81900111814525,220.52563084859875,0.0,60.45977273482926,-158.20430234850406,94.6328722829227,0.0,67.82324373184153,-178.6147481995441,73.71449856801364,0.0,0.0,0.0,False,False,False,False,0.0,True,True,162.7964810553961
4264.999,49.998999999999796,70.81392068064531,-252.27939803339058,0.011111111111111112,-98.8621805659339,-404.62481861339376,228.03312589607995,10.102913829586067,153.73123065232542,-453.9449847569103,218.04652980839006,0.0,180.0904372062786,-443.81900111814525,220.51933387764979,0.0,60.459358344211005,-158.2023242060537,94.6451941785387,0.0,67.82279869658129,-178.61262377128386,73.72747412537431,0.0,0.0,-0.4175975024700165,True,True,False,False,0.0,True,True,162.79222544191052
4265.1,50.100000000000364,70.81392068064531,-252.27939803339058,0.009999999999999998,-99.4713633798254,-405.4432381106131,229.0332724185641,10.10009649905325,153.73123065232542,-453.9449847569103,218.04652980839006,0.0,180.0904372062786,-443.81900111814525,220.51933387764979,0.0,60.458869765388755,-158.19999827897567,94.64755959668774,0.0,67.82227748292992,-178.61014248292264,73.72997451771286,0.0,0.0,0.0,False,False,False,False,0.0,True,True,162.7874524478807
4265.199,50.198999999999614,70.81392068064531,-252.27939803339058,0.01888888888888889,-100.06845717074738,-406.2451733724791,230.0135801119421,10.09809667778538,153.73123065232542,-453.9449847569103,218.04652980839006,0.0,180.0904372062786,-443.81900111814525,220.51933387764979,0.0,60.45841399535723,-158.197812967124,94.64978165474128,0.0,67.82179057185522,-178.60780785697386,73.73232697880779,0.0,0.0,0.0,False,False,False,False,0.0,True,True,162.78290895592852
4265.299,50.29899999999998,70.8071370882931,-252.27939803339058,0.006944444444444445,-100.67207726978206,-407.0545650633707,230.99885992363892,10.095691431357418,153.73123065232542,-453.9449847569103,218.04910951883716,0.0,180.0904372062786,-443.81900111814525,220.52269550897262,0.0,60.45798173593474,-158.19573420593596,94.6511532719213,0.0,67.82132662959921,-178.60557673116122,73.73430008732754,0.0,0.0,0.0,False,False,False,False,0.0,True,True,162.77852120841425
4265.399,50.39900000000034,70.8071370882931,-252.2905175407538,0.021944444444444444,-101.27631375898235,-407.863286038843,231.9818966076162,10.09471591621277,153.73123065232542,-453.9449847569103,218.03882553721553,0.0,180.0904372062786,-443.81900111814525,220.51303749695344,0.0,60.45750207668357,-158.19341610114685,94.66456276880601,0.0,67.82081543684706,-178.60310623077152,73.74789964854864,0.0,0.0,0.0,False,False,False,False,0.0,True,True,162.77379509734232
4265.499,50.498999999999796,70.8071370882931,-252.2905175407538,0.0011111111111111111,-101.88054831796353,-408.67189352483945,232.97246928692286,10.093849906193428,153.73123065232542,-453.9449847569103,218.03882553721553,0.0,180.0904372062786,-443.81900111814525,220.51303749695344,0.0,60.45703954319772,-158.19119186178378,94.66682424392326,0.0,67.82032121900406,-178.6007296271007,73.75029431667518,0.0,0.0,-0.25347253680229187,True,True,False,False,0.0,True,True,162.76921171324375
4265.6,50.600000000000364,70.8071370882931,-252.2905175407538,0.01388888888888889,-102.49127831637051,-409.4880618691533,233.97309401862103,10.091765294729164,153.73123065232542,-453.9449847569103,218.03882553721553,0.0,180.0904372062786,-443.81900111814525,220.51303749695344,0.0,60.45659492457201,-158.18905944221274,94.66899249149347,0.0,67.81984419679394,-178.5984417978514,73.75259958887732,0.0,0.0,0.0,False,False,False,False,0.0,True,True,162.76476076108415
4265.699,50.698999999999614,70.80035349591077,-252.2905175407538,0.0030555555555555553,-103.09063072141032,-410.28727893180206,234.94903915983238,10.089752698757334,153.73123065232542,-453.9449847569103,218.0414055498732,0.0,180.0904372062786,-443.81900111814525,220.51639943295444,0.0,60.45612876404504,-158.18683102874994,94.67051706023814,0.0,67.8193468052677,-178.59606408908104,73.7547210043562,0.0,0.0,0.0,False,False,False,False,0.0,True,True,162.76019522964506
4265.799,50.79899999999998,70.80035349591077,-252.2905175407538,0.008055555555555528,-103.69615369054951,-411.0943380516996,235.94000175711426,10.089469237580225,153.73123065232542,-453.9449847569103,218.0414055498732,0.0,180.0904372062786,-443.81900111814525,220.51639943295444,0.0,60.45566940022008,-158.18461386756994,94.67277113925734,0.0,67.81885586894475,-178.59369454037486,73.75710846046493,0.0,0.0,0.0,False,False,False,False,0.0,True,True,162.75564911594543
4265.899,50.89900000000034,70.79356990357363,-252.2905175407538,0.016944444444444443,-104.30202812678215,-411.9011458053154,236.9261933696146,10.089954356969011,153.73123065232542,-453.9449847569103,218.0439857430307,0.0,180.0904372062786,-443.81900111814525,220.5197615263544,0.0,60.45524061279995,-158.18254115630705,94.67413729049795,0.0,67.81839555474431,-178.5914694321209,73.75907642130912,0.0,0.0,0.0,False,False,False,False,0.0,True,True,162.75132157100637
4265.999,50.998999999999796,70.79356990357363,-252.30163704890708,0.011111111111111112,-104.90847047651721,-412.7073687689815,237.9100791525646,10.086942127238933,153.73123065232542,-453.9449847569103,218.0337020860897,0.0,180.0904372062786,-443.81900111814525,220.51010394586055,0.0,60.45476018287005,-158.18020610156867,94.68756386144649,0.0,67.8178837626412,-178.58898194643143,73.77269298504608,0.0,0.0,-0.5616171360015869,True,True,False,False,0.0,True,True,162.74661794960122
4266.1,51.100000000000364,70.79356990357363,-252.30163704890708,0.013055555555555555,-105.5209911058412,-413.52130022290567,238.91128943162192,10.084521087413611,153.73123065232542,-453.9449847569103,218.0337020860897,0.0,180.0904372062786,-443.81900111814525,220.51010394586055,0.0,60.45428617779704,-158.1779021571254,94.68990578694495,0.0,67.81737776657026,-178.58652250685503,73.77517083398868,0.0,0.0,0.0,False,False,False,False,0.0,True,True,162.74195826650663
4266.199,51.198999999999614,70.79356990357363,-252.30163704890708,0.013055555555555555,-106.12151679000665,-414.3190594710447,239.89287831886634,10.087688855854845,153.73123065232542,-453.9449847569103,218.0337020860897,0.0,180.0904372062786,-443.81900111814525,220.51010394586055,0.0,60.453863166467855,-158.1758469137237,94.69199493083846,0.0,67.81692400659784,-178.58431786805477,73.77739198431752,0.0,0.0,0.0,False,False,False,False,0.0,True,True,162.73768845169556
4266.3,51.30000000000018,70.79356990357363,-252.30163704890708,0.019999999999999997,-106.73462473718367,-415.1325070619991,240.89448337732244,10.083118828882766,153.73123065232542,-453.9449847569103,218.0337020860897,0.0,180.0904372062786,-443.81900111814525,220.51010394586055,0.0,60.45336232520512,-158.1734248216111,94.69445722887177,0.0,67.81639101862487,-178.58174031292597,73.77998894603267,0.0,0.0,0.0,False,False,False,False,0.0,True,True,162.73286857197078
4266.4,51.399999999999636,70.78678631119129,-252.30163704890708,0.003888888888888861,-107.34184788566918,-415.9373246216278,241.88106285576802,10.080722736043354,153.73123065232542,-453.9449847569103,218.0362825814781,0.0,180.0904372062786,-443.81900111814525,220.51346634394972,0.0,60.45291115011136,-158.17123678883547,94.6959409318376,0.0,67.81590841490099,-178.57939986288767,73.78207350831481,0.0,0.0,0.0,False,False,False,False,0.0,True,True,162.7284084310652
4266.5,51.5,70.78678631119129,-252.31275655706042,0.008055555555555528,-107.94912232455913,-416.7423786862276,242.86544766472653,10.087513004442263,153.73123065232542,-453.9449847569103,218.0259991283054,0.0,180.0904372062786,-443.81900111814525,220.50380904847236,0.0,60.452464499851885,-158.1690617942319,94.70920478441866,0.0,67.81543045947967,-178.5770724256142,73.7955287936194,0.0,0.0,-0.5111294984817505,True,True,False,False,0.0,True,True,162.7239757050362
4266.6,51.600000000000364,70.78678631119129,-252.31275655706042,0.008055555555555528,-108.55657930788198,-417.54743455644814,243.85762568584548,10.082951160283086,153.73123065232542,-453.9449847569103,218.0259991283054,0.0,180.0904372062786,-443.81900111814525,220.50380904847236,0.0,60.451997781357214,-158.16676366227793,94.71154012104769,0.0,67.8149327682223,-178.57462178310735,73.79799748924442,0.0,0.0,0.0,False,False,False,False,0.0,True,True,162.7193704129469
4266.7,51.69999999999982,70.78000271883906,-252.31275655706042,0.009999999999999998,-109.16442755213158,-418.35164772612455,244.84466783288653,10.078780249522435,153.73123065232542,-453.9449847569103,218.0285799259114,0.0,180.0904372062786,-443.81900111814525,220.50717175122185,0.0,60.451559850267365,-158.16459337452656,94.7130052460293,0.0,67.8144640550321,-178.57229894620633,73.80006441883843,0.0,0.0,0.0,False,False,False,False,0.0,True,True,162.71496193775837
4266.8,51.80000000000018,70.78000271883906,-252.31275655706042,0.008888888888888889,-109.77239965346418,-419.15566041000346,245.83678440886848,10.081244906832717,153.73123065232542,-453.9449847569103,218.0285799259114,0.0,180.0904372062786,-443.81900111814525,220.50717175122185,0.0,60.451092870483045,-158.1622632689006,94.71537237987978,0.0,67.81396649453906,-178.56981625093127,73.80256510364113,0.0,0.0,0.0,False,False,False,False,0.0,True,True,162.7103238666959
4266.899,51.89900000000034,70.78000271883906,-252.31275655706042,0.0061111111111111106,-110.37422285129064,-419.95183435720696,246.81919262406848,10.08118216408197,153.73123065232542,-453.9449847569103,218.0285799259114,0.0,180.0904372062786,-443.81900111814525,220.50717175122185,0.0,60.45066606049852,-158.16014240743243,94.71752713732589,0.0,67.81350959276904,-178.5675458603736,73.80485202319528,0.0,0.0,0.0,False,False,False,False,0.0,True,True,162.70601024003446
4267.001,52.001000000000204,70.78000271883906,-252.3238760652137,0.0061111111111111106,-110.99484480984815,-420.77177803374,247.82411277290134,10.08231328294035,153.73123065232542,-453.9449847569103,218.01829667654533,0.0,180.0904372062786,-443.81900111814525,220.49751474080315,0.0,60.45023194665931,-158.15798646631058,94.73077075670076,0.0,67.81304351848188,-178.56523119396408,73.81829407497645,0.0,0.0,-0.4794743061065674,True,True,False,False,0.0,True,True,162.70162434742477
4267.099,52.09900000000016,70.77321912647179,-252.3238760652137,0.013055555555555555,-111.59178284571883,-421.5592659668632,248.79230522562472,10.084342248911705,153.73123065232542,-453.9449847569103,218.02087777640148,0.0,180.0904372062786,-443.81900111814525,220.50087774824374,0.0,60.44981486727789,-158.15591948187745,94.73213141579707,0.0,67.81259687642545,-178.56301770123596,73.82025135894794,0.0,0.0,0.0,False,False,False,False,0.0,True,True,162.69740911432882
4267.199,52.198999999999614,70.77321912647179,-252.3238760652137,0.016944444444444443,-112.20129403019028,-422.36290517728753,249.78579600588617,10.088311311800805,153.73123065232542,-453.9449847569103,218.02087777640148,0.0,180.0904372062786,-443.81900111814525,220.50087774824374,0.0,60.449408724144156,-158.1539123776478,94.73417082626887,0.0,67.81215986794987,-178.56085806467718,73.82242678536079,0.0,0.0,0.0,False,False,False,False,0.0,True,True,162.693274735919
4267.3,52.30000000000018,70.77321912647179,-252.3238760652137,0.015,-112.8177552337999,-423.17450565497694,250.78991905132952,10.093395513815752,153.73123065232542,-453.9449847569103,218.02087777640148,0.0,180.0904372062786,-443.81900111814525,220.50087774824374,0.0,60.44902846103231,-158.1520201287547,94.73609324546551,0.0,67.81174832763264,-178.55881017550396,73.82448953433811,0.0,0.0,0.0,False,False,False,False,0.0,True,True,162.68930914548497
4267.399,52.39900000000034,70.76643553410452,-252.3238760652137,0.0061111111111111106,-113.42290958662781,-423.96963518134595,251.7696992859894,10.09289016511188,153.73123065232542,-453.9449847569103,218.02345905676594,0.0,180.0904372062786,-443.81900111814525,220.50424091308406,0.0,60.44860181315477,-158.149884894943,94.73752321879327,0.0,67.81129179363039,-178.55652537136191,73.82651896789243,0.0,0.0,0.0,False,False,False,False,0.0,True,True,162.68500222193586
4267.499,52.498999999999796,70.76643553410452,-252.334995573367,0.0019444444444444166,-114.03456193661958,-424.77250214351704,252.7570025504835,10.093382094154284,153.73123065232542,-453.9449847569103,218.0131761329962,0.0,180.0904372062786,-443.81900111814525,220.49458433505842,0.0,60.44819918517057,-158.14785555193316,94.75063771167792,0.0,67.81085887972124,-178.554343379921,73.83982713583627,0.0,0.0,-0.505711019039154,True,True,False,False,0.0,True,True,162.68085370096193
4267.6,52.600000000000364,70.76643553410452,-252.334995573367,0.009999999999999998,-114.65297161239128,-425.5831049383375,253.7622193020363,10.09597485841439,153.73123065232542,-453.9449847569103,218.0131761329962,0.0,180.0904372062786,-443.81900111814525,220.49458433505842,0.0,60.44779861806222,-158.14583701921757,94.75268786131511,0.0,67.8104274117122,-178.55216913177676,73.84201691265939,0.0,0.0,0.0,False,False,False,False,0.0,True,True,162.67671790768478
4267.7,52.69999999999982,70.76643553410452,-252.334995573367,0.006944444444444445,-115.26613762362506,-426.3850604590571,254.75781315280392,10.094175957419493,153.73123065232542,-453.9449847569103,218.0131761329962,0.0,180.0904372062786,-443.81900111814525,220.49458433505842,0.0,60.44737289322734,-158.14369601618318,94.75486249294799,0.0,67.80997133626268,-178.5498754931602,73.84432697102505,0.0,0.0,0.0,False,False,False,False,0.0,True,True,162.6724100005252
4267.801,52.801000000000386,70.75965194175231,-252.334995573367,0.011111111111111112,-115.8859864915961,-427.1947080071453,255.75870147194576,10.097453646791081,153.73123065232542,-453.9449847569103,218.01575771561392,0.0,180.0904372062786,-443.81900111814525,220.4979478045785,0.0,60.446969018440626,-158.1416722001708,94.75617973073985,0.0,67.8095363933859,-178.54769599499033,73.84625082438389,0.0,0.0,0.0,False,False,False,False,0.0,True,True,162.66827550940118
4267.9,52.899999999999636,70.75965194175231,-252.334995573367,0.02611111111111111,-116.49429851330316,-427.9882764872431,256.7452376517108,10.102492641082227,153.73123065232542,-453.9449847569103,218.01575771561392,0.0,180.0904372062786,-443.81900111814525,220.4979478045785,0.0,60.44660082801242,-158.1398213549094,94.75805965362625,0.0,67.80913844375415,-178.54569555409407,73.84826556687801,0.0,0.0,0.0,False,False,False,False,0.0,True,True,162.66442448750092
4267.999,52.998999999999796,70.75965194175231,-252.34611508152028,0.004999999999999999,-117.10376902623464,-428.7813369874254,257.7247610664933,10.103565556457118,153.73123065232542,-453.9449847569103,218.00547499574344,0.0,180.0904372062786,-443.81900111814525,220.48829151170892,0.0,60.44621905380912,-158.13789003877417,94.7710745092552,0.0,67.80872709105059,-178.5436146064899,73.86147191764694,0.0,0.0,-0.4732072949409485,True,True,False,False,0.0,True,True,162.6604596117123
4268.1,53.100000000000364,70.75965194175231,-252.34611508152028,0.009999999999999998,-117.7263176567396,-429.5901556191676,258.73231464506864,10.107596705680704,153.73123065232542,-453.9449847569103,218.00547499574344,0.0,180.0904372062786,-443.81900111814525,220.48829151170892,0.0,60.44581136769568,-158.13580178809175,94.77319472420993,0.0,67.80828898630992,-178.54137054545,73.86373169106305,0.0,0.0,0.0,False,False,False,False,0.0,True,True,162.65624791982046
4268.2,53.19999999999982,70.75286834938504,-252.34611508152028,0.011944444444444443,-118.34327648632453,-430.3911084772962,259.7255699099138,10.112826637875582,153.73123065232542,-453.9449847569103,218.00805688064128,0.0,180.0904372062786,-443.81900111814525,220.4916552859321,0.0,60.44545393813532,-158.13396790861648,94.77431860358651,0.0,67.8079017853139,-178.5393839163679,73.86546143732245,0.0,0.0,0.0,False,False,False,False,0.0,True,True,162.65243305503682
4268.3,53.30000000000018,70.75286834938504,-252.34611508152028,0.008888888888888889,-118.96165872257662,-431.19150501169554,260.7245199083019,10.116186694947235,153.73123065232542,-453.9449847569103,218.00805688064128,0.0,180.0904372062786,-443.81900111814525,220.4916552859321,0.0,60.44510681799684,-158.13219004886767,94.77612366965771,0.0,67.80752484333401,-178.5374533168452,73.86740553086219,0.0,0.0,0.0,False,False,False,False,0.0,True,True,162.6487083539264
4268.4,53.399999999999636,70.75286834938504,-252.34611508152028,0.008888888888888889,-119.5814151139922,-431.991427001422,261.72423952762955,10.122125900782823,153.73123065232542,-453.9449847569103,218.00805688064128,0.0,180.0904372062786,-443.81900111814525,220.4916552859321,0.0,60.4447293773631,-158.13026539045737,94.77807796149634,0.0,67.80711745409513,-178.53537594346568,73.86949749689005,0.0,0.0,0.0,False,False,False,False,0.0,True,True,162.6447644212729
4268.499,53.498999999999796,70.74608475701777,-252.3572345888835,0.023055555555555555,-120.19554609762412,-432.78351010722884,262.7020123464078,10.125827143159826,153.73123065232542,-453.9449847569103,218.0003565526265,0.0,180.0904372062786,-443.81900111814525,220.48536335787395,0.0,60.44435171147074,-158.12833825680593,94.79035081538171,0.0,67.806710455033,-178.53329913005837,73.88242935851493,0.0,0.0,-0.2890765368938446,True,True,False,False,0.0,True,True,162.64082920843043
4268.6,53.600000000000364,70.74608475701777,-252.3572345888835,0.013055555555555555,-120.82309917341814,-433.5910635723067,263.71282297181887,10.1261539780533,153.73123065232542,-453.9449847569103,218.0003565526265,0.0,180.0904372062786,-443.81900111814525,220.48536335787395,0.0,60.44399034659976,-158.1265018183911,94.79221564930909,0.0,67.8063184395514,-178.53130692675515,73.88443558135312,0.0,0.0,0.0,False,False,False,False,0.0,True,True,162.637020817148
4268.7,53.69999999999982,70.74608475701777,-252.3572345888835,0.008055555555555528,-121.44596111138056,-434.38982974515784,264.7142765217029,10.132027967825408,153.73123065232542,-453.9449847569103,218.0003565526265,0.0,180.0904372062786,-443.81900111814525,220.48536335787395,0.0,60.44363600094176,-158.1246940163157,94.79405125392739,0.0,67.8059341598116,-178.5293464068631,73.88640983936868,0.0,0.0,0.0,False,False,False,False,0.0,True,True,162.63326781345847
4268.799,53.79899999999998,70.73930116465047,-252.3572345888835,0.0061111111111111106,-122.06352262512675,-435.18069696708596,265.70161320034526,10.139098140650608,153.73123065232542,-453.9449847569103,218.00293892031362,0.0,180.0904372062786,-443.81900111814525,220.4887275941793,0.0,60.44326667873321,-158.1228029952949,94.79523418348586,0.0,67.80553560099779,-178.52730568719477,73.8881951465245,0.0,0.0,0.0,False,False,False,False,0.0,True,True,162.62940082287145
4268.899,53.89900000000034,70.73930116465047,-252.3572345888835,0.015,-122.68812137551718,-435.9797266343794,266.7046819527748,10.144612223848382,153.73123065232542,-453.9449847569103,218.00293892031362,0.0,180.0904372062786,-443.81900111814525,220.4887275941793,0.0,60.44292469932111,-158.1210317581443,94.7970320857779,0.0,67.80516411955483,-178.52538164817594,73.89013241873145,0.0,0.0,0.0,False,False,False,False,0.0,True,True,162.62571647432742
4269.001,54.001000000000204,70.73930116465047,-252.36835409703679,0.011944444444444443,-123.32663065558431,-436.7943541965575,267.7210029227524,10.15033768904597,153.73123065232542,-453.9449847569103,217.99265673016205,0.0,180.0904372062786,-443.81900111814525,220.47907201908242,0.0,60.4425629937004,-158.119148336227,94.80999738162933,0.0,67.80477187742154,-178.52333922088584,73.903299548779,0.0,0.0,-0.5156732201576233,True,True,False,False,0.0,True,True,162.62184762146333
4269.099,54.09900000000016,70.73930116465047,-252.36835409703679,0.0030555555555555553,-123.94115665529013,-437.5768275885186,268.70552526888355,10.154572929719755,153.73123065232542,-453.9449847569103,217.99265673016205,0.0,180.0904372062786,-443.81900111814525,220.47907201908242,0.0,60.44219631358361,-158.11723690662402,94.81193732834905,0.0,67.80437703879507,-178.52128100664274,73.9053718185798,0.0,0.0,0.0,False,False,False,False,0.0,True,True,162.6179705141016
4269.199,54.198999999999614,70.73251757229826,-252.36835409703679,0.009999999999999998,-124.56873042454986,-438.37571474933816,269.70598007082026,10.163591681475685,153.73123065232542,-453.9449847569103,217.99523940014774,0.0,180.0904372062786,-443.81900111814525,220.48243656008788,0.0,60.441849649496774,-158.11543554180273,94.81302918099895,0.0,67.80400096528072,-178.519326822103,73.90707029081514,0.0,0.0,0.0,False,False,False,False,0.0,True,True,162.61425313461368
4269.3,54.30000000000018,70.73251757229826,-252.36835409703679,0.004999999999999999,-125.20331391834428,-439.1826668711923,270.72206692327364,10.16474214898056,153.73123065232542,-453.9449847569103,217.99523940014774,0.0,180.0904372062786,-443.81900111814525,220.48243656008788,0.0,60.44143215883137,-158.1132754555414,94.81522181960948,0.0,67.8035533493548,-178.51701086849727,73.90940216291045,0.0,0.0,0.0,False,False,False,False,0.0,True,True,162.6099755048304
4269.4,54.399999999999636,70.73251757229826,-252.36835409703679,0.01388888888888889,-125.83220549192268,-439.9809817941056,271.7281516970828,10.160723846005284,153.73123065232542,-453.9449847569103,217.99523940014774,0.0,180.0904372062786,-443.81900111814525,220.48243656008788,0.0,60.44101234958028,-158.11110560794805,94.81742441388636,0.0,67.80310397910881,-178.5146882304319,73.9117407854536,0.0,0.0,0.0,False,False,False,False,0.0,True,True,162.60569215246122
4269.5,54.5,70.73251757229826,-252.3794736044,0.015,-126.46125994637441,-440.7795098894111,272.72689556455055,10.170107129473102,153.73123065232542,-453.9449847569103,217.984957414757,0.0,180.0904372062786,-443.81900111814525,220.4727812709726,0.0,60.44063178650122,-158.1091369211663,94.83047659586093,0.0,67.80269387948171,-178.5125667484503,73.92498762486565,0.0,0.0,-0.46973633766174316,True,True,False,False,0.0,True,True,162.60172382770753
4269.599,54.59900000000016,70.725733979931,-252.3794736044,0.009999999999999998,-127.08449810271246,-441.57042548972265,273.719024168697,10.17256973172375,153.73123065232542,-453.9449847569103,217.98754038706807,0.0,180.0904372062786,-443.81900111814525,220.4761461167015,0.0,60.440236987359,-158.1070827975228,94.83182544287963,0.0,67.80227029182268,-178.51036283934195,73.92693802096841,0.0,0.0,0.0,False,False,False,False,0.0,True,True,162.5976353759171
4269.699,54.698999999999614,70.725733979931,-252.3794736044,0.011111111111111112,-127.71476317467265,-442.3684684028263,274.7261346422701,10.165640456342091,153.73123065232542,-453.9449847569103,217.98754038706807,0.0,180.0904372062786,-443.81900111814525,220.4761461167015,0.0,60.439808150664604,-158.1048394783724,94.83410204014976,0.0,67.80181223491407,-178.5079666641814,73.92935043668211,0.0,0.0,0.0,False,False,False,False,0.0,True,True,162.59324938217216
4269.8,54.80000000000018,70.725733979931,-252.3794736044,0.009999999999999998,-128.35148409644395,-443.1738970730249,275.7430883698692,10.165207059279304,153.73123065232542,-453.9449847569103,217.98754038706807,0.0,180.0904372062786,-443.81900111814525,220.4761461167015,0.0,60.439368078893764,-158.10251215716875,94.83646336284768,0.0,67.80134266751895,-178.50548335525858,73.93185037504712,0.0,0.0,0.0,False,False,False,False,0.0,True,True,162.58872837595416
4269.9,54.899999999999636,70.71895038756372,-252.3794736044,0.008055555555555528,-128.98191265041078,-443.9714421036351,276.7452205396215,10.167212899492512,153.73123065232542,-453.9449847569103,217.9901235398707,0.0,180.0904372062786,-443.81900111814525,220.47951111979168,0.0,60.43896197392461,-158.10037027640723,94.83790110559644,0.0,67.80090757243218,-178.5031885746807,73.93389252341086,0.0,0.0,0.0,False,False,False,False,0.0,True,True,162.58450443610187
4270.0,55.0,70.71895038756372,-252.39059311334336,0.016944444444444443,-129.61305642440263,-444.7685043514053,277.74479956540927,10.16651503658164,153.73123065232542,-453.9449847569103,217.97984187893087,0.0,180.0904372062786,-443.81900111814525,220.46985626200518,0.0,60.43856203389666,-158.09825721651964,94.8510990636463,0.0,67.80047869121603,-178.50092260570773,73.94728449895467,0.0,0.0,-0.45823562145233154,True,True,False,False,0.0,True,True,162.58032845629918
4270.1,55.100000000000364,70.71895038756372,-252.39059311334336,0.023055555555555555,-130.24482961574378,-445.564786867633,278.7520582988359,10.162806350769015,153.73123065232542,-453.9449847569103,217.97984187893087,0.0,180.0904372062786,-443.81900111814525,220.46985626200518,0.0,60.438112335816385,-158.09590661475082,94.85348455862919,0.0,67.79999975077301,-178.49841915216436,73.94980490528127,0.0,0.0,0.0,False,False,False,False,0.0,True,True,162.57578137068137
4270.2,55.19999999999982,70.71895038756372,-252.39059311334336,0.009999999999999998,-130.87650253472677,-446.36066740147027,279.75903266612306,10.158970204649098,153.73123065232542,-453.9449847569103,217.97984187893087,0.0,180.0904372062786,-443.81900111814525,220.46985626200518,0.0,60.437662422300406,-158.09355437707657,94.85587170362027,0.0,67.79952060100838,-178.49591406154602,73.95232695762023,0.0,0.0,0.0,False,False,False,False,0.0,True,True,162.57123316365835
4270.299,55.29899999999998,70.71895038756372,-252.39059311334336,0.015,-131.50215134418107,-447.14803573798395,280.75582886788095,10.15773201775447,153.73123065232542,-453.9449847569103,217.97984187893087,0.0,180.0904372062786,-443.81900111814525,220.46985626200518,0.0,60.43727136564237,-158.09149849237593,94.85795786250084,0.0,67.79910104272533,-178.49370833652523,73.95454752694312,0.0,0.0,0.0,False,False,False,False,0.0,True,True,162.56716005508767
4270.399,55.39900000000034,70.71216679519645,-252.39059311334336,0.004999999999999999,-132.13513356188483,-447.9427833131044,281.75820547781655,10.162607009379565,153.73123065232542,-453.9449847569103,217.98242533406776,0.0,180.0904372062786,-443.81900111814525,220.47322156981494,0.0,60.436892608781626,-158.089487977299,94.8592625392233,0.0,67.798693474996,-178.4915448877548,73.95645783456224,0.0,0.0,0.0,False,False,False,False,0.0,True,True,162.5631548595281
4270.5,55.5,70.71216679519645,-252.39059311334336,0.0030555555555555553,-132.77536576943228,-448.74554946433943,282.7763158272673,10.170187390946912,153.73123065232542,-453.9449847569103,217.98242533406776,0.0,180.0904372062786,-443.81900111814525,220.47322156981494,0.0,60.43652430233706,-158.08751515675624,94.86126364711365,0.0,67.79829603447637,-178.48941601156156,73.95860071579978,0.0,0.0,-0.4375894367694855,True,True,False,False,0.0,True,True,162.55920396231141
4270.599,55.59900000000016,70.71216679519645,-252.40171262149664,0.016111111111111083,-133.40390043147906,-449.5322035400325,283.76715692600453,10.171561649425351,153.73123065232542,-453.9449847569103,217.97214387798147,0.0,180.0904372062786,-443.81900111814525,220.46356699810747,0.0,60.436170078197016,-158.0855952035324,94.8742647577677,0.0,67.79791413673988,-178.4873460628837,73.9717949783451,0.0,0.0,0.0,False,False,False,False,0.0,True,True,162.55535506632253
4270.699,55.698999999999614,70.70538320284422,-252.39059311334336,0.043055555555555555,-134.0397738337746,-450.3262968052037,284.7790759974153,10.174634252422514,153.73123065232542,-453.9449847569103,217.98500896968324,0.0,180.0904372062786,-443.81900111814525,220.4765870349665,0.0,60.43580520102652,-158.08359979952428,94.86449926199018,0.0,67.79752126653905,-178.48519757337326,73.96257939634098,0.0,0.0,0.0,False,False,False,False,0.0,True,True,162.55138442659174
4270.799,55.79899999999998,70.70538320284422,-252.40171262149664,0.021944444444444444,-134.67597121942717,-451.1207255985428,285.78094209183735,10.18084967294294,153.73123065232542,-453.9449847569103,217.9747276354622,0.0,180.0904372062786,-443.81900111814525,220.4669326106377,0.0,60.435420209340684,-158.08148842953216,94.8776940672062,0.0,67.79710835836913,-178.48293310390144,73.97596925990128,0.0,0.0,0.0,False,False,False,False,0.0,True,True,162.54723251936943
4270.899,55.89900000000034,70.70538320284422,-252.40171262149664,0.0061111111111111106,-135.3126246843853,-451.91561648663935,286.7912436064462,10.187550336361861,153.73123065232542,-453.9449847569103,217.9747276354622,0.0,180.0904372062786,-443.81900111814525,220.4669326106377,0.0,60.43509353510939,-158.07970043025523,94.8795069214837,0.0,67.79675371407065,-178.480992014925,73.97792279118,0.0,0.0,0.0,False,False,False,False,0.0,True,True,162.5435925736307
4270.999,55.998999999999796,70.70538320284422,-252.40171262149664,0.016944444444444443,-135.9506486222005,-452.71016541170957,287.8023484075188,10.192669175449533,153.73123065232542,-453.9449847569103,217.9747276354622,0.0,180.0904372062786,-443.81900111814525,220.4669326106377,0.0,60.434746476099065,-158.07781789942345,94.88141595862444,0.0,67.79637844008552,-178.47895643934174,73.97997154822427,0.0,0.0,-0.40880119800567627,True,True,False,False,0.0,True,True,162.53980321890808
4271.1,56.100000000000364,70.69859961047695,-252.41283212964998,0.018055555555555557,-136.59626479688333,-453.5119148847571,288.811360397425,10.191088586473493,153.73123065232542,-453.9449847569103,217.96703044338855,0.0,180.0904372062786,-443.81900111814525,220.46064424163933,0.0,60.43435561006894,-158.07569941235639,94.89388449326005,0.0,67.79595877010294,-178.4766818353547,73.9931053827911,0.0,0.0,0.0,False,False,False,False,0.0,True,True,162.53563382568692
4271.2,56.19999999999982,70.69859961047695,-252.41283212964998,0.016944444444444443,-137.23604795956277,-454.3056978038867,289.8233028419765,10.19924068125181,153.73123065232542,-453.9449847569103,217.96703044338855,0.0,180.0904372062786,-443.81900111814525,220.46064424163933,0.0,60.43401599625144,-158.07386845543286,94.89574144237815,0.0,67.79559077460046,-178.4746978645079,73.99510226299681,0.0,0.0,0.0,False,False,False,False,0.0,True,True,162.53192857727828
4271.299,56.29899999999998,70.69859961047695,-252.41283212964998,0.008888888888888889,-137.87015168929292,-455.0918276430402,290.8258916277265,10.204678066329535,153.73123065232542,-453.9449847569103,217.96703044338855,0.0,180.0904372062786,-443.81900111814525,220.46064424163933,0.0,60.433650746078335,-158.0718935589594,94.89774425974272,0.0,67.79519778552552,-178.47257298464373,73.99724092550892,0.0,0.0,0.0,False,False,False,False,0.0,True,True,162.52800443105312
4271.4,56.399999999999636,70.69859961047695,-252.41283212964998,0.009999999999999998,-138.51814868963632,-455.89275190547477,291.8488059273997,10.195984723109879,153.73123065232542,-453.9449847569103,217.96703044338855,0.0,180.0904372062786,-443.81900111814525,220.46064424163933,0.0,60.43325666064684,-158.06975600674755,94.89991189779572,0.0,67.794774917202,-178.47027931162768,73.9995494249478,0.0,0.0,0.0,False,False,False,False,0.0,True,True,162.52380864400496
4271.499,56.498999999999796,70.69181601812474,-252.4239516370132,0.008888888888888889,-139.15398309988097,-456.6765888014597,292.83852068350814,10.193906571729915,153.73123065232542,-453.9449847569103,217.95933375861966,0.0,180.0904372062786,-443.81900111814525,220.4543564635414,0.0,60.432859889645144,-158.06758606964803,94.912432820618,0.0,67.79435071164164,-178.46795933516947,74.0127293278166,0.0,0.0,-0.32337480783462524,True,True,False,False,0.0,True,True,162.519577059357
4271.599,56.59900000000016,70.69181601812474,-252.4239516370132,0.008888888888888889,-139.7964052926537,-457.46823687388815,293.85106809211396,10.19641411866479,153.73123065232542,-453.9449847569103,217.95933375861966,0.0,180.0904372062786,-443.81900111814525,220.4543564635414,0.0,60.43246962416747,-158.06543813318638,94.91461035627273,0.0,67.79393262584716,-178.465658281724,74.01504498534237,0.0,0.0,0.0,False,False,False,False,0.0,True,True,162.5153762300846
4271.699,56.698999999999614,70.69181601812474,-252.4239516370132,0.008888888888888889,-140.43942832515214,-458.2596009929415,294.8638955242183,10.197077281016686,153.73123065232542,-453.9449847569103,217.95933375861966,0.0,180.0904372062786,-443.81900111814525,220.4543564635414,0.0,60.43209890039708,-158.0633885455821,94.91668800726111,0.0,67.79353420273105,-178.4634555552056,74.01726162287092,0.0,0.0,0.0,False,False,False,False,0.0,True,True,162.51133366544732
4271.8,56.80000000000018,70.69181601812474,-252.4239516370132,0.0061111111111111106,-141.0898178783515,-459.0585880091634,295.88736607789093,10.203641981073117,153.73123065232542,-453.9449847569103,217.95933375861966,0.0,180.0904372062786,-443.81900111814525,220.4543564635414,0.0,60.43174172234875,-158.06140410459918,94.91869942936397,0.0,67.79314890293722,-178.46131487297393,74.01941575109792,0.0,0.0,0.0,False,False,False,False,0.0,True,True,162.5073895695118
4271.899,56.89900000000034,70.6850324257424,-252.4239516370132,0.024999999999999998,-141.72807203722073,-459.8417822153963,296.88631391399053,10.207014415457786,153.73123065232542,-453.9449847569103,217.961918301339,0.0,180.0904372062786,-443.81900111814525,220.45772284290237,0.0,60.43137505694944,-158.05937611817498,94.92002213593886,0.0,67.79275510024586,-178.45913679314032,74.021342213013,0.0,0.0,0.0,False,False,False,False,0.0,True,True,162.50338963145558
4272.0,57.0,70.6850324257424,-252.4350711451665,0.011944444444444443,-142.3798107295407,-460.6401126224891,297.90261275349536,10.200509771779725,153.73123065232542,-453.9449847569103,217.95163757976533,0.0,180.0904372062786,-443.81900111814525,220.44806927504493,0.0,60.43095093085414,-158.05703996741502,94.93344487741102,0.0,67.79230261643481,-178.45664444378772,74.03496135584139,0.0,0.0,-0.3535824716091156,True,True,False,False,0.0,True,True,162.49888016736276
4272.1,57.100000000000364,70.67824883337514,-252.4350711451665,0.01388888888888889,-143.02504019657002,-461.4298478764191,298.9112116384436,10.195596356033521,153.73123065232542,-453.9449847569103,217.95422242487373,0.0,180.0904372062786,-443.81900111814525,220.4514359591467,0.0,60.430509535359505,-158.0546185749617,94.93516728840146,0.0,67.79183331218765,-178.45406995044513,74.03728744581554,0.0,0.0,0.0,False,False,False,False,0.0,True,True,162.49423889957623
4272.2,57.19999999999982,70.67824883337514,-252.4350711451665,0.011111111111111112,-143.66999724604074,-462.21942403168333,299.92439932979187,10.19459837965879,153.73123065232542,-453.9449847569103,217.95422242487373,0.0,180.0904372062786,-443.81900111814525,220.4514359591467,0.0,60.43009979009587,-158.052367874264,94.9374490679863,0.0,67.79139569338544,-178.4516661424432,74.03970648813277,0.0,0.0,0.0,False,False,False,False,0.0,True,True,162.48987325919543
4272.3,57.30000000000018,70.67824883337514,-252.4350711451665,0.013055555555555555,-144.31563650853454,-463.00838205333235,300.93768458143836,10.19466907719512,153.73123065232542,-453.9449847569103,217.95422242487373,0.0,180.0904372062786,-443.81900111814525,220.4514359591467,0.0,60.42972844119759,-158.0503171442765,94.93952790085591,0.0,67.79099661488173,-178.44946227901798,74.04192423666412,0.0,0.0,0.0,False,False,False,False,0.0,True,True,162.4858318197262
4272.4,57.399999999999636,70.67824883337514,-252.44619065331977,0.018055555555555557,-144.96226454101532,-463.7964039842763,301.94327891743427,10.192646758713853,153.73123065232542,-453.9449847569103,217.9439419075925,0.0,180.0904372062786,-443.81900111814525,220.441782676864,0.0,60.42932317848083,-158.04805488035473,94.95287523024616,0.0,67.79056391049924,-178.44704682979747,74.0554657728121,0.0,0.0,0.0,False,False,False,False,0.0,True,True,162.4814505011266
4272.5,57.5,70.67146524103796,-252.44619065331977,0.008055555555555528,-145.60896054000992,-464.5839783065205,302.95158610977074,10.188609847622432,153.73123065232542,-453.9449847569103,217.9465270550996,0.0,180.0904372062786,-443.81900111814525,220.4451496657074,0.0,60.42889748993061,-158.0456662112409,94.95456391914796,0.0,67.79011091816116,-178.44450495074946,74.05775914484559,0.0,0.0,-0.4370653033256531,True,True,False,False,0.0,True,True,162.47686496229596
4272.6,57.600000000000364,70.67146524103796,-252.44619065331977,0.004999999999999999,-146.2558369646562,-465.37105850349195,303.96456009089917,10.187304509338734,153.73123065232542,-453.9449847569103,217.9465270550996,0.0,180.0904372062786,-443.81900111814525,220.4451496657074,0.0,60.42853759510562,-158.0436254708831,94.9566315734926,0.0,67.78972399537027,-178.44231095155888,74.05996653739238,0.0,0.0,0.0,False,False,False,False,0.0,True,True,162.47284520124293
4272.7,57.69999999999982,70.67146524103796,-252.457310160683,0.003888888888888861,-146.90373734204275,-466.1568301476774,304.9695945856577,10.181426478318128,153.73123065232542,-453.9449847569103,217.93624674287955,0.0,180.0904372062786,-443.81900111814525,220.43549666972743,0.0,60.42812986911633,-158.04131256306042,94.97002959826818,0.0,67.78928925214326,-178.43984478301186,74.07355884096366,0.0,0.0,0.0,False,False,False,False,0.0,True,True,162.46838351410486
4272.8,57.80000000000018,70.67146524103796,-252.457310160683,0.011944444444444443,-147.55222744273362,-466.94141882302506,305.9820467236935,10.176558073639184,153.73123065232542,-453.9449847569103,217.93624674287955,0.0,180.0904372062786,-443.81900111814525,220.43549666972743,0.0,60.42773104219394,-158.03906290265616,94.97230915174411,0.0,67.78886325933298,-178.43744188816208,74.07597649215484,0.0,0.0,0.0,False,False,False,False,0.0,True,True,162.46402274375717
4272.9,57.899999999999636,70.67146524103796,-252.457310160683,0.008055555555555528,-148.20108670266734,-467.72581544026116,306.9946634058217,10.183171177056089,153.73123065232542,-453.9449847569103,217.93624674287955,0.0,180.0904372062786,-443.81900111814525,220.43549666972743,0.0,60.42738406012818,-158.03711891870807,94.97427922028251,0.0,67.78848893211368,-178.4353447016574,74.07808665735769,0.0,0.0,0.0,False,False,False,False,0.0,True,True,162.46015816533745
4272.999,57.998999999999796,70.66468164865563,-252.457310160683,0.004999999999999999,-148.84436301685122,-468.5020487027679,307.9927754699472,10.183260513801947,153.73123065232542,-453.9449847569103,217.93883219282938,0.0,180.0904372062786,-443.81900111814525,220.43886396335822,0.0,60.42700535109954,-158.03500415217488,94.97569103690634,0.0,67.78808333651672,-178.43307979659946,74.08010190897625,0.0,0.0,-0.39476680755615234,True,True,False,False,0.0,True,True,162.45602111554038
4273.099,58.09900000000016,70.66468164865563,-252.46842966962635,0.004999999999999999,-149.49498855857902,-469.2851428927497,308.99800568715074,10.178963795035664,153.73123065232542,-453.9449847569103,217.9285520835176,0.0,180.0904372062786,-443.81900111814525,220.42921125166555,0.0,60.42663211012173,-158.03291012436975,94.98886782216123,0.0,67.78768278743054,-178.43083255963018,74.09347412741289,0.0,0.0,0.0,False,False,False,False,0.0,True,True,162.4519119706339
4273.2,58.19999999999982,70.66468164865563,-252.46842966962635,0.0030555555555555553,-150.15268920399785,-470.0757429591547,310.0213767909646,10.185508623945259,153.73123065232542,-453.9449847569103,217.9285520835176,0.0,180.0904372062786,-443.81900111814525,220.42921125166555,0.0,60.42627359077917,-158.0308899212055,94.99091489871101,0.0,67.78729652831095,-178.4286560469488,74.0956639974845,0.0,0.0,0.0,False,False,False,False,0.0,True,True,162.44791641698808
4273.299,58.29899999999998,70.66468164865563,-252.46842966962635,0.009999999999999998,-150.7976819285801,-470.8514234522416,311.0252569401294,10.194474408667057,153.73123065232542,-453.9449847569103,217.9285520835176,0.0,180.0904372062786,-443.81900111814525,220.42921125166555,0.0,60.42592494804795,-158.02889327082,94.99293749535124,0.0,67.78692164924104,-178.42650914304852,74.0978238403686,0.0,0.0,0.0,False,False,False,False,0.0,True,True,162.4439757134368
4273.399,58.39900000000034,70.66468164865563,-252.46842966962635,0.008888888888888889,-151.44955237398008,-471.63517211568325,312.0397313642582,10.193730189560481,153.73123065232542,-453.9449847569103,217.9285520835176,0.0,180.0904372062786,-443.81900111814525,220.42921125166555,0.0,60.425558648585834,-158.02679132650252,94.99506667582246,0.0,67.78652863234001,-178.42425388545954,74.10009266081873,0.0,0.0,0.0,False,False,False,False,0.0,True,True,162.43985613237487
4273.499,58.498999999999796,70.65789805628836,-252.46842966962635,0.023055555555555555,-152.10187805084274,-472.41808052651857,313.04914432620313,10.1873845223424,153.73123065232542,-453.9449847569103,217.93113783590255,0.0,180.0904372062786,-443.81900111814525,220.43257885006219,0.0,60.425161164272176,-158.0244795546302,94.99667687674716,0.0,67.78610477714338,-178.4217887403259,74.10230920525281,0.0,0.0,-0.38492923974990845,True,True,False,False,0.0,True,True,162.43539347210296
4273.6,58.600000000000364,70.65789805628836,-252.47954917777963,0.013055555555555555,-152.7607439266755,-473.20845483396397,314.06550173122884,10.188418590142657,153.73123065232542,-453.9449847569103,217.9208579317286,0.0,180.0904372062786,-443.81900111814525,220.42292642475653,0.0,60.424777041977144,-158.0222433539813,95.00999625925738,0.0,67.78569377894394,-178.41939607931096,74.11582715169152,0.0,0.0,0.0,False,False,False,False,0.0,True,True,162.43104710369877
4273.699,58.698999999999614,70.65789805628836,-252.47954917777963,0.016111111111111083,-153.4065794312079,-473.9835287150035,315.06967963066774,10.193037260186069,153.73123065232542,-453.9449847569103,217.9208579317286,0.0,180.0904372062786,-443.81900111814525,220.42292642475653,0.0,60.424415698731046,-158.02014395747244,95.01212236202618,0.0,67.78530656354518,-178.41714636615004,74.11809018125238,0.0,0.0,0.0,False,False,False,False,0.0,True,True,162.42693818491267
4273.801,58.801000000000386,70.65789805628836,-252.47954917777963,0.008055555555555528,-154.07222799040446,-474.7819139213565,316.1043671377362,10.188813658844474,153.73123065232542,-453.9449847569103,217.9208579317286,0.0,180.0904372062786,-443.81900111814525,220.42292642475653,0.0,60.42398708886098,-158.01766680195817,95.01463127157184,0.0,67.78485034917362,-178.41450967011215,74.12074257857716,0.0,0.0,0.0,False,False,False,False,0.0,True,True,162.42218386007355
4273.899,58.89900000000034,70.65789805628836,-252.49066868514285,0.0061111111111111106,-154.71185608878883,-475.5485775968361,317.0904552512891,10.187664793720064,153.73123065232542,-453.9449847569103,217.91057811073645,0.0,180.0904372062786,-443.81900111814525,220.41327413839582,0.0,60.4236221910828,-158.0155675592476,95.02781243001054,0.0,67.78445985534248,-178.41226317430542,74.13411367327949,0.0,0.0,0.0,False,False,False,False,0.0,True,True,162.41807835663107
4274.0,59.0,70.65789805628836,-252.49066868514285,0.008888888888888889,-155.37132221024666,-476.33871990540655,318.1150082115077,10.192223561607827,153.73123065232542,-453.9449847569103,217.91057811073645,0.0,180.0904372062786,-443.81900111814525,220.41327413839582,0.0,60.42323859977093,-158.01337377252904,95.0300347689923,0.0,67.78404892055563,-178.40991300825718,74.13647800181351,0.0,0.0,-0.3526112735271454,True,True,False,False,0.0,True,True,162.41379479889736
4274.1,59.100000000000364,70.65111446393615,-252.49066868514285,0.0011111111111111111,-156.0244049797141,-477.12061376462424,319.12443237937686,10.183008214684774,153.73123065232542,-453.9449847569103,217.91316428756622,0.0,180.0904372062786,-443.81900111814525,220.41664218905086,0.0,60.422790365707904,-158.01078455662633,95.03192683933281,0.0,67.78357414039792,-178.40717044932194,74.13897421979884,0.0,0.0,0.0,False,False,False,False,0.0,True,True,162.40886250735505
4274.199,59.198999999999614,70.65111446393615,-252.50178819329614,0.008888888888888889,-156.67071219474605,-477.89376889794323,320.1199116603089,10.174794173899366,153.73123065232542,-453.9449847569103,217.90288467031166,0.0,180.0904372062786,-443.81900111814525,220.4069901877766,0.0,60.4223911104227,-158.00846682202538,95.04532900262362,0.0,67.78314899203622,-178.4047024016718,74.15256805235639,0.0,0.0,0.0,False,False,False,False,0.0,True,True,162.404386830162
4274.299,59.29899999999998,70.65111446393615,-252.50178819329614,0.021111111111111112,-157.32346155783551,-478.6743864944141,321.1330744949598,10.176574948968854,153.73123065232542,-453.9449847569103,217.90288467031166,0.0,180.0904372062786,-443.81900111814525,220.4069901877766,0.0,60.42198880749838,-158.006127380892,95.04769815239149,0.0,67.78272031433325,-178.40220958794694,74.15507558143138,0.0,0.0,0.0,False,False,False,False,0.0,True,True,162.39986722515556
4274.399,59.39900000000034,70.65111446393615,-252.50178819329614,0.021111111111111112,-157.9762933267362,-479.4546731448571,322.14609043246026,10.170775241125243,153.73123065232542,-453.9449847569103,217.90288467031166,0.0,180.0904372062786,-443.81900111814525,220.4069901877766,0.0,60.42157009733595,-158.00368007707078,95.05017630438176,0.0,67.78227535976838,-178.3996088891711,74.15769154596371,0.0,0.0,0.0,False,False,False,False,0.0,True,True,162.39516688075176
4274.499,59.498999999999796,70.64433087156888,-252.50178819329614,0.026944444444444417,-158.62945559622642,-480.23391770783485,323.15382091893457,10.16484338365701,153.73123065232542,-453.9449847569103,217.9054711496349,0.0,180.0904372062786,-443.81900111814525,220.41035854324235,0.0,60.42117984624635,-158.00141180528556,95.05174356297847,0.0,67.78185872163041,-178.3971872469049,74.15986534664867,0.0,0.0,-0.3973022997379303,True,True,False,False,0.0,True,True,162.39076144388054
4274.6,59.600000000000364,70.64433087156888,-252.51290770144942,0.011944444444444443,-159.28956469363806,-481.020243425624,324.16847288030976,10.165264113016356,153.73123065232542,-453.9449847569103,217.89519173688666,0.0,180.0904372062786,-443.81900111814525,220.40070682778253,0.0,60.42076769965053,-157.99902227576646,95.06521857224824,0.0,67.78141959189857,-178.39464127547726,74.17353759250435,0.0,0.0,0.0,False,False,False,False,0.0,True,True,162.3861444231643
4274.699,59.698999999999614,70.64433087156888,-252.51290770144942,0.008888888888888889,-159.9367235301076,-481.7906863996864,325.1706051502605,10.161592276331783,153.73123065232542,-453.9449847569103,217.89519173688666,0.0,180.0904372062786,-443.81900111814525,220.40070682778253,0.0,60.4203705665774,-157.99673373139942,95.06753655299373,0.0,67.78099638043268,-178.39220245010142,74.17599093618728,0.0,0.0,0.0,False,False,False,False,0.0,True,True,162.38170639437263
4274.8,59.80000000000018,70.64433087156888,-252.51290770144942,0.01388888888888889,-160.59739204079608,-482.5754562235455,326.19244419201493,10.15206870356455,153.73123065232542,-453.9449847569103,217.89519173688666,0.0,180.0904372062786,-443.81900111814525,220.40070682778253,0.0,60.41995510940827,-157.99432600987893,95.0699749905928,0.0,67.7805539292236,-178.3896382885535,74.17857026683826,0.0,0.0,0.0,False,False,False,False,0.0,True,True,162.3770550423196
4274.899,59.89900000000034,70.64433087156888,-252.52402720960276,0.026944444444444417,-161.24541072387427,-483.3432160510932,327.1854981423306,10.144512888726908,153.73123065232542,-453.9449847569103,217.88491240664587,0.0,180.0904372062786,-443.81900111814525,220.3910552506579,0.0,60.41953652784352,-157.9918884288322,95.08349847285986,0.0,67.78010953356039,-178.3870503808741,74.19228462027947,0.0,0.0,0.0,False,False,False,False,0.0,True,True,162.3723655372651
