elapsed_s,blackout_elapsed_s,reference_relative_x_m,reference_relative_y_m,reference_speed_mps,raw_relative_x_m,raw_relative_y_m,raw_position_error_m,raw_speed_mps,phase4_v4_relative_x_m,phase4_v4_relative_y_m,phase4_v4_position_error_m,phase4_v4_speed_mps,phase4_v5_relative_x_m,phase4_v5_relative_y_m,phase4_v5_position_error_m,phase4_v5_speed_mps,ekf_relative_x_m,ekf_relative_y_m,ekf_position_error_m,ekf_speed_mps,hybrid_relative_x_m,hybrid_relative_y_m,hybrid_position_error_m,hybrid_speed_mps,ml_speed_measurement_mps,ml_predicted_residual_mps,ml_update_attempted,ml_update_accepted,ml_update_rejected_innovation,ml_update_skipped_ood,ml_normalized_innovation_squared,stationary_update_attempted,stationary_update_accepted,horizontal_position_sigma_m
4850.1,0.0,0.0,0.0,0.036944444444444446,0.0,0.0,0.0,0.017258024253507812,0.0,0.0,0.0,0.00678533619392356,0.0,0.0,0.0,0.006785336193923561,0.0,0.0,0.0,0.0,0.0,0.0,0.0,0.0,0.0,0.0,False,False,False,False,0.0,False,False,4.247448917620848
4850.199,0.09899999999925058,-0.006783526090643033,0.0,0.058055555555555555,0.002263927965007682,-0.0012889158396588412,0.00913880347369578,0.03537173422170101,0.0012850711450217568,0.0005644165780842357,0.008088314251127599,0.02156936597453313,0.0012850720486408125,0.0005642531145248592,0.008088303747418597,0.021568055941197917,0.0007377191328804863,0.0003247697075576423,0.007528253786591047,0.0,0.0007377191328804863,0.0003247697075576423,0.007528253786591047,0.0,0.0,0.0,False,False,False,False,0.0,False,False,4.261476974316573
4850.3,0.1999999999998181,-0.02035057827193043,0.011119508153296875,0.11888888888888888,0.006143371792750274,-0.00381832374403669,0.030414934026277138,0.056425202529820424,0.0040497541873766715,0.0017701945330168612,0.02613017201043784,0.03815716252854209,0.0040495333233939645,0.0017712489831602702,0.026129588503769573,0.038164055748243955,0.0015068197506896725,0.0006623189215241566,0.024230118756381293,0.0,0.0015068197506896725,0.0006623189215241566,0.024230118756381293,0.0,0.0,0.0,False,False,False,False,0.0,False,False,4.2852187518715565
4850.399,0.29899999999997817,-0.04070115652879913,0.0222390155165052,0.1388888888888889,0.012203352657192003,-0.007652545855908704,0.06076506013731417,0.08855505582964265,0.008552739099849108,0.003716660569117319,0.05262151525179409,0.060947410708353744,0.008551840018598903,0.003720957320868145,0.05261916141706369,0.06095395774856416,0.0028372619850571277,0.001240506185831321,0.048337679720877165,0.0,0.0028372619850571277,0.001240506185831321,0.048337679720877165,0.0,0.0,0.0,False,False,False,False,0.0,False,False,4.317608710583995
4850.499,0.3989999999994325,-0.054268208710086085,0.03335852445989079,0.1738888888888889,0.02141013096242054,-0.012654958086368507,0.08856890917033018,0.12110122643136147,0.015384624275453358,0.0066344281103097235,0.07460358214330692,0.08763038469900472,0.015381103381577879,0.0066477424248172386,0.07459552635223654,0.08764638437826222,0.003932809212261343,0.0017124787523942996,0.06624825051364272,0.0,0.003932809212261343,0.0017124787523942996,0.06624825051364272,0.0,0.0,0.0,False,False,False,False,0.0,False,False,4.359313159302813
4850.599,0.4989999999997963,-0.07461878696695434,0.0555975391863075,0.22305555555555553,0.03329501285724342,-0.01845919942391849,0.1308808187859488,0.1434626649094616,0.024544549871358134,0.010498774377198242,0.10893698160044629,0.11120401168223705,0.02453393032559756,0.010533916335549164,0.10891276991671872,0.11122723409416313,0.005007066963372868,0.00216849392728919,0.09589024711316596,0.0,0.005007066963372868,0.00216849392728919,0.09589024711316596,0.0,0.0,0.0,False,False,False,False,0.0,False,False,4.409826699005864
4850.699,0.5989999999992506,-0.10175289131446652,0.06671704812969304,0.2361111111111111,0.04757829681892859,-0.02517407302366368,0.1753390484066579,0.17219647298436833,0.035971902142498305,0.015248778732262627,0.14702755349773758,0.13630233431048056,0.03594646264206296,0.015326367400120567,0.14697657686139803,0.13633236112301686,0.006247627207697406,0.0026893006516170125,0.12555343264193355,0.0,0.006247627207697406,0.0026893006516170125,0.12555343264193355,0.0,0.0,0.0,False,False,False,False,0.0,False,False,4.468887677199844
4850.799,0.6989999999996144,-0.12888699566197825,0.07783655628298997,0.24388888888888888,0.06472060789554362,-0.03318196691302414,0.22317933741256263,0.20621438575671297,0.049928577989956334,0.020942498873470966,0.18764845629257942,0.1651672906445981,0.04987710130550394,0.02109365866359042,0.18755361578717972,0.1652142357413357,0.007678877776472852,0.0032793997453621675,0.15559243998017186,0.0,0.007678877776472852,0.0032793997453621675,0.15559243998017186,0.0,0.0,0.0,False,False,False,False,0.0,False,False,4.53619983167116
4850.9,0.7999999999992724,-0.15602110000949043,0.10007557258958388,0.2538888888888889,0.0856201309110003,-0.04283463199733325,0.2807379757992218,0.24964696885240384,0.0670971001703228,0.027793034221299782,0.23453463838938945,0.2008716527947256,0.06700776999400189,0.028052056753863137,0.2343699291470068,0.20092666234533887,0.009569020022079773,0.0040437460862491744,0.191421523224627,0.0,0.009569020022079773,0.0040437460862491744,0.191421523224627,0.0,0.0,0.0,False,False,False,False,0.0,False,False,4.612234455379238
4851.0,0.8999999999996362,-0.18993873043258347,0.12231458731600059,0.2780555555555555,0.1095192964173649,-0.05418316486732532,0.3476011599097896,0.27952526212934187,0.08735522005038408,0.035660960054684936,0.2905181338436441,0.2337810985292459,0.08722004505349636,0.03605197760489264,0.29027267295271547,0.23383610530183144,0.010788220486671664,0.004524864291425696,0.23273531677755124,0.0,0.010788220486671664,0.004524864291425696,0.23273531677755124,0.0,0.0,0.0,False,False,False,False,0.0,False,False,4.69514239321156
4851.099,0.9989999999997963,-0.22385636087073868,0.1556731117758915,0.295,0.13463317717926826,-0.06641682534566189,0.42170924706717416,0.28482050172125184,0.10986601636411658,0.04415156908913897,0.3518631545793282,0.25226141197779,0.10968839127934653,0.04466454211017816,0.35153236583007447,0.25228318545311385,0.011310630289064311,0.004724972465588801,0.27944383065724926,0.0,0.011310630289064311,0.004724972465588801,0.27944383065724926,0.0,0.0,0.0,False,False,False,False,0.0,False,False,4.784346910516025
4851.2,1.0999999999994543,-0.2577739913088939,0.18903163623578229,0.2819444444444444,0.16093081556386288,-0.07883231519377534,0.4970561454944592,0.2910767077015574,0.1342802017074724,0.05308579734275113,0.4149551317601027,0.2625481461739287,0.13407820643701845,0.05366691724155246,0.41457418157271736,0.26254360857548126,0.011745069230896198,0.004886479810418358,0.3264199176355094,0.0,0.011745069230896198,0.004886479810418358,0.3264199176355094,0.0,0.0,0.0,False,False,False,False,0.0,False,False,4.882300981426894
4851.299,1.1989999999996144,-0.2916916217319869,0.21127065254237615,0.3869444444444444,0.1877458158302233,-0.09059293012745961,0.5665526269275318,0.30053467165280795,0.1590739792023855,0.06184857899957389,0.4748858631793081,0.2687086846406619,0.1588675038954469,0.062439458635703916,0.47450421490840644,0.2686965053460612,0.011903024230411894,0.004943402993109875,0.36707035151807,0.0,0.011903024230411894,0.004943402993109875,0.36707035151807,0.0,0.0,0.0,False,False,False,False,0.0,False,False,4.984774725914674
4851.399,1.2989999999999782,-0.3323927782457239,0.25574868436547543,0.5,0.216368858897359,-0.10200937980686746,0.6550802751421377,0.3158692150194056,0.18482662580926754,0.07060147417289218,0.5493590823615252,0.27529078843779053,0.1846342196596271,0.07114693831392632,0.5489942815806923,0.2752826822928087,0.012359076013840483,0.005101500576530109,0.42623684936515904,0.0,0.012359076013840483,0.005101500576530109,0.42623684936515904,0.0,0.0,0.0,False,False,False,False,0.0,False,False,5.094415390234691
4851.499,1.3989999999994325,-0.36631040869894216,0.27798770067206924,0.40694444444444444,0.24758158997097704,-0.11396321628319617,0.7283466944615191,0.35260248169193037,0.2118745781503535,0.07943095702215293,0.6113286018720037,0.2937717605540127,0.2117152450470314,0.07987050894000043,0.6110352510684318,0.29375865686813646,0.013655720566865811,0.005533659098367995,0.46755263250150225,0.0,0.013655720566865811,0.005533659098367995,0.46755263250150225,0.0,0.0,0.0,False,False,False,False,0.0,False,False,5.2098776417003165
4851.6,1.5,-0.40701156521267823,0.27798770067206924,0.375,0.2831491043854656,-0.12825868647876104,0.8008482234064458,0.406528752591322,0.24184615153889255,0.08878846985021072,0.6758791944805259,0.3279924438603864,0.24173579167726894,0.08906239885949259,0.6756966055388066,0.3279665929058939,0.01562751072107978,0.006164715660839566,0.502505247421911,0.0,0.01562751072107978,0.006164715660839566,0.502505247421911,0.0,0.0,0.0,False,False,False,False,0.0,False,False,5.332067026854114
4851.699,1.5989999999992506,-0.45449624781705866,0.3002267161885746,0.42388888888888887,0.32234271479140114,-0.14574931337410452,0.8957529753068529,0.4607739354529256,0.27506188231302126,0.09864427382541444,0.7568953337866441,0.37196778596718144,0.2750097274850507,0.09871068983826344,0.7568273758774197,0.37194193779875545,0.017900713428240653,0.006858564899925268,0.556078916327811,0.0,0.017900713428240653,0.006858564899925268,0.556078916327811,0.0,0.0,0.0,False,False,False,False,0.0,False,False,5.456943096679045
4851.799,1.6989999999996144,-0.4951974043458578,0.3224657324951685,0.4030555555555555,0.36590308098845714,-0.167640062254505,0.9908066087235197,0.5144976033615838,0.3132371506782644,0.1093660674441957,0.8360489800256247,0.4211000980512407,0.31326081591293214,0.10914291041497019,0.8361287701809275,0.4210503118833121,0.020299642034396246,0.007552456794783668,0.6040758032226687,0.0,0.020299642034396246,0.007552456794783668,0.6040758032226687,0.0,0.0,0.0,False,False,False,False,0.0,False,False,5.587895119688956
4851.899,1.7989999999999782,-0.5426820869502378,0.3447047488017624,0.4861111111111111,0.41294455032804345,-0.1936099724193065,1.0968158500674179,0.5603357938196073,0.35625518651930804,0.12077127632437312,0.9264094244601803,0.46900953749328317,0.3563895325180983,0.12009502514535056,0.9267034611430057,0.46893773907541525,0.022515730268660356,0.008158497421596266,0.6578084462113944,0.0,0.022515730268660356,0.008158497421596266,0.6578084462113944,0.0,0.0,0.0,False,False,False,False,0.0,False,False,5.723397242224692
4851.999,1.8989999999994325,-0.603733821720843,0.35582425616497076,0.5638888888888888,0.4634785762912593,-0.22350126026586759,1.2143147682782252,0.6140147123278658,0.4041437275667533,0.13262595823857887,1.0322958076807296,0.517711324751712,0.4044341363876057,0.131252483588958,1.0328771044003693,0.5175888208482972,0.0250165221887308,0.008802854603140427,0.7181579548458294,0.0,0.0250165221887308,0.008802854603140427,0.7181579548458294,0.0,0.0,0.0,False,False,False,False,0.0,False,False,5.8631738662046615
4852.1,2.0,-0.6512185043402856,0.40030228877815854,0.5249999999999999,0.5186352820139893,-0.2576528838980994,1.3421858629485255,0.670650007411458,0.45753953675084263,0.14479819857054427,1.1378166521004411,0.5668056697215035,0.4580321089561045,0.14242724676967305,1.138831181689936,0.5666489183896516,0.02728336141683992,0.009343327967790685,0.783079619753843,0.0,-0.07104230759659516,-0.02651474986442385,0.7202618994113164,0.05233659403128848,1.5803157091140747,1.5803157091140747,True,True,False,False,0.01875017970182934,False,False,5.959557175889165
4852.2,2.0999999999994543,-0.712270239125953,0.40030228877815854,0.6261111111111111,0.5769274681488131,-0.2957378376891261,1.4650947362184832,0.722153012495178,0.5154925247396455,0.15684581031662365,1.2516678717774077,0.6170899634907023,0.5162195267205082,0.15318842839505342,1.2530971090793137,0.616910417423666,0.029964150289867562,0.00992893723667072,0.8386317680753633,0.0,-0.0734822422489648,-0.02704774534283149,0.768555890366684,0.0,0.0,0.0,False,False,False,False,0.0,False,False,6.103338285407907
4852.3,2.199999999999818,-0.7801054999872012,0.42254130429466386,0.7030555555555555,0.6383238814657753,-0.33953976682693643,1.6101892650030056,0.7866780030719024,0.5790803230541948,0.16872717326773642,1.3826813496484545,0.6767468063891413,0.5800534822915624,0.16355562648174884,1.384595983811096,0.6765672997975328,0.033123622529320315,0.010555223318908619,0.9116326763706714,0.0,-0.07033043885551793,-0.02642297941685904,0.839850918587987,0.0,0.0,0.0,False,False,False,False,0.0,False,False,6.250534893990129
4852.4,2.2999999999992724,-0.8275901825915817,0.46701933769794024,0.615,0.7027673176390417,-0.38973331347271567,1.7538583705077413,0.8472840701066575,0.6488614106159101,0.180133465036753,1.5040654277715155,0.737501099819465,0.6500866634521194,0.17311619801470005,1.506621358155169,0.7372400413772261,0.03594842602133435,0.01105385191574151,0.9765262171543206,0.0,-0.06751333439875942,-0.02592570983815158,0.9059313633212477,0.0,0.0,0.0,False,False,False,False,0.0,False,False,6.400891912740165
4852.499,2.3989999999994325,-0.9022089695434738,0.5114973687309509,0.7969444444444445,0.7687774967046741,-0.44546746800649195,1.9256109339989722,0.8984088639297297,0.7240943289887466,0.19054312894251924,1.6576712710471126,0.7969536453758762,0.7255621761282465,0.18135487896507985,1.66091329280918,0.7966926672710781,0.03897966291074551,0.011513151094208756,1.0657486850786486,0.0,-0.06448967351574308,-0.025467558591581497,0.9950401761294311,0.0,0.0,0.0,False,False,False,False,0.0,False,False,6.552563910760019
4852.599,2.4989999999997963,-0.9700442304047225,0.5337363858276333,0.7899999999999999,0.8367000803848622,-0.5086298581398093,2.085869696585414,0.9572838822235654,0.8065147196784814,0.1997650943815175,1.807677661152818,0.861893871326673,0.8082037787128996,0.1879067741889613,1.81156399340927,0.861565491537723,0.04230776057231132,0.011933266560070486,1.1389183679757398,0.0,-0.15565287320993135,-0.055686378342875896,1.0053121294384038,0.04101136648596223,1.2306324243545532,1.2306324243545532,True,True,False,False,0.011367923848544863,False,False,6.643392959172763
4852.699,2.5989999999992506,-1.0446630173716769,0.567094908707347,0.8030555555555555,0.9059443983257385,-0.5802385052768066,2.263016405821726,1.0356525922979776,0.8961377345479437,0.20733120375567046,1.9738635925646741,0.9371076115128891,0.898014852816316,0.19197166899693566,1.978563810517364,0.9367489781381905,0.04642638729843383,0.012339639430904782,1.2240218534704985,0.0,-0.1556306445029247,-0.05568418510127331,1.0854641217901817,0.0,0.0,0.0,False,False,False,False,0.0,False,False,6.79783067447504
4852.799,2.6989999999996144,-1.1192818043085069,0.6226924494738317,0.95,0.9769807932338783,-0.6596325457245109,2.4573714149809707,1.095215177757832,0.9930389086157234,0.2126995532721181,2.151741845385872,1.0041162403524109,0.9950173081763397,0.19294750280855924,2.1575313337790827,1.0037267808486505,0.04894249227031724,0.012519162165385022,1.3179755110251041,0.0,-0.15312965379659788,-0.05550574076149945,1.1804248231790389,0.0,0.0,0.0,False,False,False,False,0.0,False,False,6.9544308081669195
4852.9,2.7999999999992724,-1.2074676434567486,0.7005290049667332,1.055,1.0497591887099507,-0.7447460973240969,2.6802785476802744,1.1224473390556138,1.0969063326103776,0.21524354139277446,2.3549185554349026,1.053533253916445,1.0988472774119504,0.19048135266448327,2.362040880645513,1.0531439852938018,0.051331344666473995,0.012616008497982119,1.434503113698491,0.0,-0.15075624597074097,-0.05540952056637091,1.299262110569686,0.0,0.0,0.0,False,False,False,False,0.0,False,False,7.114469585801468
4853.0,2.899999999999636,-1.2888699564842216,0.7672460530964262,1.0688888888888888,1.1217397613913076,-0.8319180612633931,2.892812658395314,1.1386037113101708,1.20390099796325,0.21436102429134646,2.5533485634385586,1.0867489825504997,1.2056360995868123,0.18444316599068286,2.561682975895701,1.0863599439599168,0.05225180417146455,0.01262448502444375,1.5388506385948004,0.0,-0.14985093851143147,-0.055401183575342905,1.4050312449577045,0.0,0.0,0.0,False,False,False,False,0.0,False,False,7.274560527285681
4853.099,2.9989999999997963,-1.3770557956023386,0.8562021175327134,1.1911111111111112,1.1938762787244281,-0.9199111564265327,3.1247832073179675,1.1600505961462628,1.3117555039712872,0.2097747048096559,2.7654248506576047,1.0944240793700952,1.313105687555259,0.1746653261264097,2.7751506632082306,1.0940352727020073,0.05207112304697426,0.012629033953902765,1.659523816324051,0.0036512803761619846,-0.22548473623760448,-0.07591726292247115,1.4815405644755641,0.03175699029187319,0.8287593051199671,0.8248080015182495,True,True,False,False,0.00510453995012923,False,False,7.353344052737266
4853.199,3.0989999999992506,-1.4855922129923862,0.9451581819690003,1.3430555555555554,1.270519432493843,-1.0100074346667507,3.3791750459038763,1.2058973256870409,1.4198014304654203,0.20141747308301766,2.9990769355752196,1.0732872147197645,1.4205844372301992,0.16111311282523472,3.0100812933785726,1.0728986506824087,0.049701579803807704,0.012770669798445008,1.7962387099297574,0.043824169674393516,-0.23068068044903897,-0.07560668325750694,1.617641451184774,0.07234737268475615,0.07234737268475615,0.0,False,False,False,False,0.0,False,False,7.512056666681687
4853.299,3.1989999999996144,-1.5669945260349218,1.0229947382519904,1.1288888888888888,1.3538014423877975,-1.1001381087703472,3.610919851680398,1.249320525375796,1.5239501509570443,0.18953382837267063,3.201342856446624,1.0235823552336356,1.5240007145968655,0.14422790350472073,3.2134845148934663,1.0231940725921695,0.04232075844639746,0.013474206486845552,1.8997440324739987,0.10446134921606165,-0.24092173237410291,-0.07463051063278085,1.721409376376452,0.1334020453210795,0.1334020453210795,0.0,False,False,False,False,0.0,False,False,7.6716448992336765
4853.399,3.298999999999978,-1.6551803651681012,1.0674727700750894,1.0330555555555554,1.4440508692721494,-1.188741360735498,3.833501851910263,1.2807627415004768,1.622198956982318,0.1744545252013603,3.396865732839097,0.9647917009085607,1.6213701584790634,0.12443670080057807,3.409560142007357,0.9644037222109811,0.029132553285040157,0.015239894843097108,1.985976845531469,0.16165622686501235,-0.2569991028111971,-0.07247800955832846,1.803995183583588,0.19101441606468542,0.19101441606468542,0.0,False,False,False,False,0.0,False,False,7.831770543388326
4853.5,3.399999999999636,-1.7637167825430864,1.1675483418745851,1.373888888888889,1.5409260893643348,-1.2768661218152388,4.110453330369357,1.3128580413412638,1.7149532176620852,0.1564590481613067,3.622629781000132,0.9065331136364734,1.7131108275815434,0.10199921795820759,3.6364440276187264,0.9061454323496979,0.010116681202283559,0.01855624349605096,2.1134493131464507,0.2205792171951974,-0.27895703990523435,-0.06864856777482549,1.9320181916288401,0.2503590744204693,0.2503590744204693,0.0,False,False,False,False,0.0,False,False,7.993770309479906
4853.6,3.5,-1.845119095585622,1.256504406310872,1.206111111111111,1.641880278740312,-1.3632368284369067,4.361445720582485,1.3446079285426318,1.800510923356973,0.13636131756912834,3.8138351792219964,0.85153147274127,1.7975627437444597,0.0778102817279069,3.8286356345193764,0.8511440865511372,-0.013962778742497359,0.02373443546623854,2.207454474667769,0.2720196310811704,-0.3654936948994366,-0.07515717522252245,1.9906315314713008,0.32145699546264295,0.8638335809608815,0.5616165995597839,True,True,False,False,0.0023652934398172404,False,False,8.057925807593998
4853.699,3.5989999999992506,-1.9536555129907323,1.378818994416961,1.525,1.746865622600578,-1.4481365823765489,4.656772971503112,1.3832706046520529,1.87915905684317,0.1145769231153355,4.035935522475559,0.7974729517535228,1.8750326479052788,0.0522711296683391,4.051984979100293,0.7970858762898362,-0.04272271875288813,0.031103797209145398,2.3383755893522657,0.3277598209233207,-0.39901878211405206,-0.06656680629067689,2.1227424426618957,0.3776980942461693,0.3776980942461693,0.0,False,False,False,False,0.0,False,False,8.213171412974681
4853.8,3.699999999999818,-2.0418413521088494,1.4900140751598423,1.3888888888888888,1.8591174723429182,-1.5341813652576934,4.935913067701895,1.4176738250922634,1.9534308739198336,0.0908276726504126,4.233192973281925,0.7469004887216474,1.9480363900051105,0.024982096460100734,4.250346232441455,0.7465136992095289,-0.07646616986133768,0.04120619302452481,2.4416682588615237,0.3697307147193065,-0.43761881987772444,-0.055010405058214785,2.2272473094362737,0.4201800163560909,0.4201800163560909,0.0,False,False,False,False,0.0,False,False,8.371285679333036
4853.899,3.798999999999978,-2.130027191226966,1.6345676795725255,1.5680555555555553,1.9732631276700983,-1.618109921398899,5.236115260096515,1.4446253213995843,2.0209957068578004,0.06625294098850969,4.437409404110005,0.7058209463243683,2.0143024549582895,-0.002806956565319165,4.456059236064703,0.7054344685953859,-0.11288990201856786,0.05365521619714848,2.562835745882012,0.4078939434892165,-0.4787920782167758,-0.0409380731801229,2.352423628079134,0.4588441540673815,0.4588441540673815,0.0,False,False,False,False,0.0,False,False,8.525988343539808
4853.999,3.8989999999994325,-2.204645978178858,1.7346432513720207,1.3519444444444444,2.092348219979134,-1.7033746055693073,5.503101482223537,1.4846704795678447,2.084415787171399,0.040447442961631636,4.611545322798508,0.6637720596565149,2.0763694990898416,-0.03162403317240103,4.63106830408126,0.6633858182154326,-0.15290011934171913,0.06915026033757114,2.6426365570089705,0.4502235037590107,-0.5235770520999709,-0.02359387478342376,2.432568709413853,0.5016796829648293,0.5016796829648293,0.0,False,False,False,False,0.0,False,False,8.681670723885508
4854.099,3.9989999999997963,-2.2928318173120372,1.8791968557847039,1.5811111111111111,2.2154144600473744,-1.789688184885616,5.812486725918559,1.5217079126425666,2.143077063883365,0.014080898201536997,4.812062461928318,0.6227366272767254,2.13365685531576,-0.06077081279163494,4.832936635630941,0.6223506514752032,-0.19595377615323137,0.08757985486825176,2.758040789666979,0.4864231359921408,-0.7236453336481155,-0.023139206241719112,2.466014743143224,0.5828222672491414,1.810407173512202,1.2720218896865845,True,True,False,False,0.012125238333390352,False,False,8.726387911687798
4854.2,4.099999999999454,-2.3538835520977046,2.001511443890793,1.4638888888888888,2.3422793974732774,-1.8774331322707616,6.090989859937084,1.5328076305771026,2.1982070184807827,-0.013138461358026453,4.977985817925625,0.5949416245083804,2.1873762144668594,-0.09059774545811948,4.999996112756109,0.5945558842279364,-0.24108440502775627,0.10891202498590971,2.836521249047608,0.502057748594152,-0.7776120857787668,0.0023695882479223577,2.545820082903439,0.5991932334138116,0.5991932334138116,0.0,False,False,False,False,0.0,False,False,8.879359521992358
4854.299,4.198999999999614,-2.41493528686831,2.1238260319968822,1.4461111111111111,2.4666116799661624,-1.9629499108540887,6.36641487781595,1.5157328109401291,2.2497846379762017,-0.04084755881842879,5.142511422643088,0.5880396535656043,2.23752510109801,-0.12074182577670095,5.165604759342899,0.5876541257869604,-0.28505208759165773,0.13160608174623134,2.9163920814488664,0.49751920962753904,-0.8301567757551651,0.029490694188514223,2.6263593502182614,0.5953764667511948,0.5953764667511948,0.0,False,False,False,False,0.0,False,False,9.028912534082869
4854.399,4.298999999999978,-2.475987021653977,2.268379637199654,1.5669444444444445,2.590737362128062,-2.0480829784880332,6.656090856789808,1.4945722590100536,2.300853989492193,-0.07055348370975759,5.318723360906732,0.5937451818289763,2.287070407101541,-0.15285461642462356,5.343134976822749,0.5933598788340705,-0.32804028155827314,0.15563391019490297,3.0128673560687322,0.48743182681082053,-0.8817187508407628,0.05831075331436555,2.72508638227116,0.5860181468678073,0.5860181468678073,0.0,False,False,False,False,0.0,False,False,9.179652313928953
4854.499,4.3989999999994325,-2.5166881781677137,2.4129332416123375,1.4469444444444444,2.7139735842001746,-2.1320343929468555,6.929397756767043,1.4877169633184677,2.3513660987390614,-0.10228665770890015,5.4794419045055935,0.5994851713528839,2.3359621237563686,-0.18696435322353464,5.505241362229021,0.5991000911726533,-0.3695623606547364,0.18074020919944794,3.0972302158837697,0.4830132880152088,-0.9317083775004159,0.0885369496261424,2.8133572632572847,0.5823286710055199,0.5823286710055199,0.0,False,False,False,False,0.0,False,False,9.32990581174275
4854.599,4.498999999999796,-2.5709563868627376,2.5352478297184264,1.4030555555555555,2.837011392113092,-2.2155098490780634,7.198320222182713,1.4859311276189684,2.4011351255047666,-0.1359799398088351,5.644214011184424,0.6027237706579782,2.3840179039804377,-0.22299503504004267,5.670950001887499,0.6023389190948626,-0.40980766168002014,0.2069836575387773,3.176692913678354,0.47790353155617443,-1.3461334958573246,0.10207078820084714,2.7240671118199526,0.676813608958852,3.3447407516802556,2.7667927742004395,True,True,False,False,0.05731849216050286,False,False,9.355341123461015
4854.699,4.598999999999251,-2.5980904912102494,2.6686819259778125,1.3338888888888887,2.959837614734421,-2.2992292089720143,7.454576170085606,1.4869651454163322,2.449905272733145,-0.17143220607060328,5.792107519362151,0.6033196390365474,2.4309919615428446,-0.26073348779943617,5.820064001629604,0.6029349909554603,-0.44897311922038924,0.23449150138826333,3.247150828303492,0.4793037683782051,-1.4016279240900487,0.14104727825637217,2.7965084635812834,0.6794752012840983,0.6794752012840983,0.0,False,False,False,False,0.0,False,False,9.501033098607703
4854.799,4.698999999999614,-2.638791647723986,2.7798770059306053,1.2519444444444443,3.0823772264301113,-2.3826609007626147,7.706073638671906,1.4779576499880704,2.49770267944225,-0.20856269172776815,5.942587466714428,0.6073255435289442,2.4769142892241365,-0.3001003760285258,5.971323798514538,0.6069410821689293,-0.48681106485515513,0.262948080853885,3.311487829198882,0.46758314033400855,-1.455514120633127,0.18157317912925935,2.8550531488027993,0.669015928743129,0.669015928743129,0.0,False,False,False,False,0.0,False,False,9.646241046180396
4854.899,4.798999999999978,-2.6591422259959168,2.9466696258597933,1.4738888888888888,3.204800981065397,-2.465185839252181,7.979599583369009,1.4748756687266988,2.5446012788387757,-0.247358650387388,6.10579749857263,0.6101227656967356,2.521859346895952,-0.34108659103059186,6.136132188928902,0.6097384798777218,-0.5234412110906468,0.29232677506881494,3.4068687668609394,0.4715388511009309,-1.5079071057368867,0.2235942368251563,2.956430597271643,0.6742329950132785,0.6742329950132785,0.0,False,False,False,False,0.0,False,False,9.791066187220592
4855.0,4.899999999999636,-2.69305985641901,3.0578647066026745,1.2338888888888888,3.328451615251485,-2.5485352276051882,8.227412754064627,1.4779920826763768,2.590794742299232,-0.28805453577458867,6.254142227108875,0.6091011599522183,2.566009039365384,-0.3839353983487651,6.285204341391823,0.60871707145274,-0.5595238434036863,0.32310326581423315,3.4685582101006456,0.46757384110606226,-1.5596145345333112,0.2676978152452774,3.0115991730858833,0.6715419540766604,0.6715419540766604,0.0,False,False,False,False,0.0,False,False,9.937035619704751
4855.099,4.998999999999796,-2.7134104346909407,3.1912988028620606,1.2838888888888889,3.450407849586064,-2.6311660110238453,8.47901836007724,1.49803151679973,2.634332028864902,-0.32900982198393547,6.4024153466237586,0.5986067665756457,2.6074945851760223,-0.4269149041031147,6.434555202942634,0.5982228934709091,-0.594584080032416,0.3550039711669415,3.5403380479123707,0.490026464263896,-2.0187584781808097,0.3280623791978571,2.9462966854138655,0.7999278898902898,3.552962025313668,2.8577187061309814,True,True,False,False,0.06109071848961402,False,False,9.942533369834896
4855.199,5.098999999999251,-2.7201939607665215,3.31361339096815,1.2980555555555555,3.5768780331207117,-2.7167789514144776,8.718873063605523,1.556426714378979,2.6753246929811385,-0.3702617262944215,6.5331889167944075,0.5646870829754883,2.646424871166681,-0.47006683952061123,6.566340973011649,0.5643034400251454,-0.631238607204322,0.39067067218772455,3.5926770807362685,0.5328455558697012,-2.0776901312409217,0.3854058456814883,2.9978676754034352,0.8446040047022777,0.8446040047022777,0.0,False,False,False,False,0.0,False,False,10.082448030888003
4855.299,5.198999999999614,-2.7405445390384524,3.435927979074239,1.245,3.708275807172077,-2.8068897337617926,8.975525436062126,1.6301920552383975,2.711814513033482,-0.40967618418370005,6.672097916935688,0.5097411177134439,2.6809471979663213,-0.5111654736687989,6.706125511731643,0.5093577369111691,-0.6703809648448718,0.43149023559621424,3.6485919720288353,0.5982355055042645,-2.13847427080653,0.4487945169008848,3.0472044448518103,0.9118509775430407,0.9118509775430407,0.0,False,False,False,False,0.0,False,False,10.221447834000388
4855.399,5.298999999999978,-2.7608951172953207,3.5693620753336255,1.3380555555555556,3.844018437618138,-2.9027537253120985,9.247332913053773,1.6935101369210055,2.7430757201653284,-0.4459805666439695,6.8129781675931484,0.4485880019370557,2.7103980432856707,-0.5489046931170383,6.8480048207595035,0.44820486105713886,-0.7120082803767949,0.4782442807918399,3.7084965269271692,0.653766753362768,-2.201017877124665,0.5190408577741754,3.1012774874806794,0.9692392486077437,0.9692392486077437,0.0,False,False,False,False,0.0,False,False,10.359190822510024
4855.5,5.399999999999636,-2.767678643370902,3.7139156797463087,1.3038888888888889,3.9846163270339794,-3.004790414434442,9.525465812617073,1.7465774092762523,2.7694218300638886,-0.4790390524737145,6.94552741261296,0.3886731438501351,2.735096984318164,-0.5831636368796814,6.9817927684845875,0.3882903304654953,-0.7561296879716081,0.5314774800068215,3.7648694658817985,0.7153611326489244,-2.2655325110960285,0.5968788178414994,3.1572249740289333,1.0327092213321485,1.0327092213321485,0.0,False,False,False,False,0.0,False,False,10.497219738067374
4855.6,5.5,-2.774462169476608,3.8473497760056947,1.3138888888888889,4.126821077959018,-3.1104473407864295,9.799931182400028,1.7966749150851944,2.7907490009178013,-0.508067018271555,7.0669109816775695,0.3318584831358928,2.7549786355559034,-0.6131542358762305,7.104281220248346,0.33147593303314926,-0.8009944223881278,0.590405209033356,3.8081836695633675,0.7658980131388233,-2.624877994210635,0.7187641102326834,3.13215958941596,1.158148331969482,3.0268033451362792,1.9417002201080322,True,True,False,False,0.02817445144441789,False,False,10.483074120020193
4855.7,5.599999999999454,-2.767678643370902,3.9919033804183783,1.275,4.272399504864261,-3.219998577760251,10.078404148854073,1.8471999549852547,2.807885892216658,-0.5333023162800763,7.180836057725721,0.2783274887153126,2.7708589672252932,-0.6391537975486915,7.219562968046538,0.27794520698820563,-0.8466441385561625,0.6552167037067457,3.8501755216137528,0.8195894737988105,-2.6931811967094013,0.815738046031742,3.177038888795423,1.2141308839830571,1.2141308839830571,0.0,False,False,False,False,0.0,False,False,10.61330927203739
4855.799,5.698999999999614,-2.7608951172953207,4.169815507710775,1.5688888888888888,4.4215008458149425,-3.3324143887875506,10.386061100860898,1.925146942478121,2.8208155182954804,-0.553969928783322,7.312293926634869,0.2142674038198035,2.782758633686851,-0.6603877470853438,7.352751892551639,0.21388541910210002,-0.8927979470409241,0.7262534083160661,3.9176404850241395,0.8917955995405377,-2.7606767026908434,0.9196223944369957,3.2501931206125643,1.2886051901648523,1.2886051901648523,0.0,False,False,False,False,0.0,False,False,10.74078171627844
4855.899,5.798999999999978,-2.7608951172953207,4.325488621066843,1.5361111111111112,4.576711525704479,-3.450959257040743,10.691754432660655,1.9809763227171469,2.8298668212357594,-0.5698162337904402,7.431058381907458,0.1507976418591229,2.7910181744005333,-0.6766179569164887,7.472938606466215,0.15041601121778442,-0.9397109511423026,0.8050951934587681,3.963569307100936,0.9430730102779098,-2.8279391430859806,1.0326633513185308,3.2935077286211527,1.3421736922558332,1.3421736922558332,0.0,False,False,False,False,0.0,False,False,10.867742025054442
4855.999,5.8989999999994325,-2.7201939607665215,4.470042225479527,1.5619444444444441,4.733437434291853,-3.5727588057415516,10.965549206547326,1.988831484612794,2.8358724525282284,-0.5814723582388082,7.509172629422033,0.11150573897114872,2.7964391028160085,-0.6885153387481284,7.552744964690806,0.11112444792995843,-0.984979099592981,0.8892142561999237,3.9791078849426285,0.9674475450370766,-2.892174274749578,1.152027611963822,3.3224686911845356,1.3688393183685879,1.3688393183685879,0.0,False,False,False,False,0.0,False,False,10.99229667582124
4856.099,5.998999999999796,-2.6998433825096537,4.647954353562012,1.6861111111111111,4.890326310954136,-3.694386019184274,11.278533542545716,1.9814534387344414,2.8402090839414247,-0.5908810770387113,7.6248001941000485,0.09574140664559591,2.80030283121716,-0.6980868544631207,7.670186762411736,0.09536045909652455,-1.0272644368889392,0.9764162373149016,4.034564718577344,0.970823360748962,-3.2392261411439467,1.3406401126816834,3.3510089895793724,1.444811216451282,3.1930332086951907,1.8185269832611084,True,True,False,False,0.02468655495280964,False,False,10.955269676424027
4856.199,6.098999999999251,-2.665925752071498,4.814746974281289,1.7,5.047495506538903,-3.8135477024523845,11.573432357832896,1.9633399729936132,2.843895363712219,-0.5999020826211249,7.725060073381329,0.09920281907352699,2.8035371660750927,-0.7072392165773164,7.772216936306767,0.09882219983700732,-1.0655937276458642,1.0648327814846377,4.0771214161145615,0.9565188312812077,-3.2964620949615484,1.472669825177646,3.401037452052813,1.4332297416591637,1.4332297416591637,0.0,False,False,False,False,0.0,False,False,11.072177149989194
4856.299,6.198999999999614,-2.6116575433915368,4.992659102363774,1.7819444444444443,5.205262236643476,-3.9299152373863437,11.862401430396371,1.9575417389161962,2.8473984243367116,-0.6096244402722074,7.822203842324704,0.107526088838607,2.806556192516897,-0.7170828151607207,7.871352669822584,0.10714580095781615,-1.099849682814794,1.1538023521551874,4.125819210280991,0.9502118754282147,-3.347895964071095,1.606253875893362,3.4655140123726023,1.4296458404818315,1.4296458404818315,0.0,False,False,False,False,0.0,False,False,11.186711099620856
4856.399,6.298999999999978,-2.557389334696513,5.159451722292963,1.7519444444444445,5.3641921392887255,-4.044301309673781,12.143332447167177,1.9587818919781892,2.850735672300111,-0.620229433671409,7.915335138571954,0.11487337385239385,2.809368554016602,-0.727799629614957,7.966292658232315,0.11449339812059796,-1.1300675535352136,1.2432455187901656,4.168203269435316,0.9379830052452413,-3.3935027294238984,1.7412472892570852,3.518978140720496,1.4201400249745189,1.4201400249745189,0.0,False,False,False,False,0.0,False,False,11.298775053003531
4856.499,6.3989999999994325,-2.5099046520770703,5.2928858185523495,1.546111111111111,5.523732648868794,-4.1566302643260435,12.402930399051918,1.9436250223288574,2.8539073382022875,-0.6319959454985964,7.9921650999618405,0.12890873481386583,2.81196104557468,-0.7396682935095951,8.044498966299756,0.1285290876620533,-1.156187502047988,1.332305450348276,4.185540225023095,0.918241455270169,-3.433230385218859,1.8767047655355316,3.5387601496107246,1.4031215296750825,1.4031215296750825,0.0,False,False,False,False,0.0,False,False,11.408490364285143
4856.6,6.5,-2.4556364433971085,5.437439422965032,1.6769444444444446,5.684610849845162,-4.267756921182747,12.667062093224203,1.9282321545608176,2.856964930896173,-0.6455349198498878,8.076280716857697,0.14599807759241742,2.8143556059245993,-0.753301212272903,8.130072927883255,0.14561874394891744,-1.178340577722923,1.4214036854462646,4.2142647963193145,0.8997975596993716,-3.6850256681938474,2.087298192928246,3.5685913365414534,1.4414972449461108,2.7472960881575794,1.3598681688308716,True,True,False,False,0.013788507084811125,False,False,11.348971823668853
4856.699,6.598999999999251,-2.374234130354573,5.593112535531013,1.7819444444444443,5.841704438562437,-4.374191231202114,12.916996204479991,1.9052367572428897,2.8597778043726207,-0.6608337812333488,8.15516556949258,0.168311835855321,2.8164225021853735,-0.7686807157056065,8.210683872151622,0.1679328000470708,-1.1959974389001873,1.5071623845454785,4.25243816385707,0.8690412177260691,-3.7135274904332976,2.225730452924697,3.6239438178052668,1.4137740231625675,1.4137740231625675,0.0,False,False,False,False,0.0,False,False,11.450167663855522
4856.799,6.698999999999614,-2.306398869478262,5.693188108120596,1.3969444444444443,5.998724748450125,-4.477239867097099,13.130601033774601,1.8512349555334278,2.862443121251983,-0.6795538572470697,8.205410878334757,0.20993881115220328,2.8181784994735035,-0.7874698212895229,8.261974365029152,0.20956007294986165,-1.209680165227633,1.5901415874085392,4.2470910830097,0.8129534442736999,-3.7360977481504274,2.362608290642213,3.6244724863448456,1.3607500074776662,1.3607500074776662,0.0,False,False,False,False,0.0,False,False,11.550023658953412
4856.899,6.798999999999978,-2.218213030360145,5.87110023699317,1.8361111111111112,6.1530882215296705,-4.573737829759524,13.385564122986306,1.789923976183535,2.864876675580744,-0.7032751942404327,8.310247485451336,0.2670651142756298,2.8194633389977866,-0.8112431125800645,8.368506189516319,0.26668665687676585,-1.2193377680442008,1.6677568664069877,4.320398972400299,0.7513228517974354,-3.7525382906853193,2.4947360370372538,3.708637110208529,1.3021831727688695,1.3021831727688695,0.0,False,False,False,False,0.0,False,False,11.64745225558494
4857.0,6.899999999999636,-2.143594243408253,5.9711758080025765,1.3980555555555556,6.306229991358669,-4.663693885663471,13.583077081416823,1.7274648788735205,2.866840399450755,-0.7336440897974388,8.370129340237023,0.33565790074731594,2.819959799281165,-0.8416331722242875,8.429189459002465,0.335279705014436,-1.2254657152889323,1.7394369423167002,4.330193277615093,0.6732620769967995,-3.763418673623314,2.622006498706574,3.7203180303640453,1.2272167933133544,1.2272167933133544,0.0,False,False,False,False,0.0,False,False,11.743544643704345
4857.099,6.998999999999796,-2.0689754564563607,6.060131873228953,1.4361111111111111,6.453577984647678,-4.744079008379889,13.760991604195869,1.6638833600730065,2.8678702845323762,-0.7705542270241184,8.427972381926102,0.41041612166651864,2.8192095099926653,-0.8785126211594222,8.487587388988958,0.41003818086419147,-1.2284885635650886,1.802240500529866,4.340052667748093,0.5969654723456074,-4.154552351950608,2.9193691321494484,3.770148748096376,1.2534837392354288,3.588597531111471,2.4346442222595215,True,True,False,False,0.04414562949475845,False,False,11.661263009981477
4857.199,7.098999999999251,-1.9807896173231816,6.160207445028448,1.3480555555555556,6.599850221258909,-4.817624010135741,13.933418945020435,1.6109985234570048,2.8675240414974916,-0.8153492291587566,8.49497123297688,0.4856488758582225,2.816705879446941,-0.9232011081544398,8.555152819957929,0.4852711698391167,-1.229124190206421,1.8581144933860763,4.36726512578451,0.5205866917983454,-4.155936896135517,3.0410758179084953,3.802663249858534,1.1808074776252884,1.1808074776252884,0.0,False,False,False,False,0.0,False,False,11.750120865958879
4857.3,7.199999999999818,-1.8858202521144212,6.249163509464735,1.356111111111111,6.7452117830979175,-4.883772691911449,14.086766217154809,1.552239733176169,2.865318253385543,-0.8684959641506041,8.557709593155788,0.5678073819014454,2.8119434883117247,-0.9761416903776164,8.618237603578331,0.5674298773512679,-1.2279772091990153,1.906147626947832,4.392555568789798,0.43083560450858444,-4.1531935571322345,3.1559610408538243,3.835216188968756,1.0947959344620617,1.0947959344620617,0.0,False,False,False,False,0.0,False,False,11.838061937048057
4857.4,7.299999999999272,-1.784067360815017,6.360358589417527,1.4811111111111113,6.886508477411392,-4.939920453188987,14.24342626642928,1.4897404284478983,2.8608572437177404,-0.9296366216013459,8.644035791137835,0.6583967481926897,2.804544209198665,-1.0369586768915464,8.704921532035643,0.6580194174931341,-1.2258093273628428,1.9444506876101286,4.451055451144022,0.33645160841008565,-4.147263327047012,3.2607388746386485,3.897734925705065,1.0041144573006846,1.0041144573006846,0.0,False,False,False,False,0.0,False,False,11.923754748621334
4857.5,7.399999999999636,-1.695881521681838,6.471553669370319,1.4,7.024857055367228,-4.985158439107432,14.3981781370343,1.4232346380319727,2.8536451668652933,-1.000337942471254,8.747991618017881,0.763101243426729,2.793937162891076,-1.107192722039903,8.80885172344577,0.7627240555001246,-1.2233962848451414,1.9721526959801683,4.52414095916262,0.21968651900804226,-4.139040339373521,3.3551397282028828,3.959931926329969,0.8910518868357965,0.8910518868357965,0.0,False,False,False,False,0.0,False,False,12.008406873590596
4857.6,7.5,-1.5941286303824338,6.516031701193419,1.2738888888888888,7.159667850916151,-5.017092442058294,14.479016034926234,1.3508345065258756,2.843150253972829,-1.0822605692487814,8.79906184343574,0.8888614912690442,2.7795110097349727,-1.1884769045159898,8.859355312722064,0.8884844136939666,-1.2216652861153685,1.9872180272983566,4.544104118050278,0.08360249452696145,-4.469654204197778,3.645756580776931,4.062896330519393,0.8522808978463313,2.9859340703330086,2.2272636890411377,True,True,False,False,0.03690112627022389,False,False,11.912784224888055
4857.7,7.599999999999454,-1.5059427912492545,6.59386825747641,1.2230555555555556,7.29023538098074,-5.034115115512064,14.580217685621564,1.2865531730694226,2.8287242054890593,-1.1770033684328183,8.898077533881883,1.0279643430807144,2.760541031072328,-1.2823769804001581,8.957573513698065,1.0275873682085348,-1.2214992711137114,1.9884082529695373,4.614235577997675,0.0,-4.458839534856682,3.723291122514795,4.11822926343007,0.7134217860020049,0.7134217860020049,0.0,False,False,False,False,0.0,False,False,11.994850655035776
4857.8,7.699999999999818,-1.4313240043124247,6.649465797452805,1.0969444444444443,7.4158827044678475,-5.035645951330624,14.656565188660103,1.2315468707459518,2.809829906278283,-1.2856789046701138,8.99743896544724,1.1782517519854505,2.736436995483557,-1.3899783198341076,9.055544901683142,1.1778748460173531,-1.2227727011192395,1.980612924896229,4.673508402864316,0.0,-4.448576349568524,3.7861174231760226,4.159636477797901,0.559759587880689,0.559759587880689,0.0,False,False,False,False,0.0,False,False,12.077010167420124
4857.9,7.799999999999272,-1.3567052173605327,6.660585305606102,0.9161111111111111,7.536718670093668,-5.021049396873506,14.681743008380064,1.2085192267440594,2.78613806861656,-1.4091228311292612,9.071016475801287,1.3357673283787959,2.7068295706927374,-1.5120997090893689,9.127162501190995,1.3353904714407487,-1.2241889730779207,1.9728759429009437,4.689582030862918,0.0,-4.439874758767946,3.833653527341429,4.182998649297542,0.4067597097457132,0.4067597097457132,0.0,False,False,False,False,0.0,False,False,12.160004948525287
4857.999,7.8989999999994325,-1.2888699564842216,6.70506333821929,0.8380555555555556,7.652647799177764,-4.99086823375201,14.72228090721861,1.2166348827396611,2.7578869143231044,-1.5461462106029829,9.19014146735523,1.4906532556229968,2.672013795449505,-1.647565418924948,9.244187755071048,1.4902764243122328,-1.2256834398350038,1.9653951392621347,4.740089363302344,0.0,-4.433438995966893,3.865868815873241,4.236666139760458,0.25691396908337666,0.25691396908337666,0.0,False,False,False,False,0.0,False,False,12.24352362512212
4858.099,7.998999999999796,-1.2210346956079108,6.760660878195686,0.8480555555555556,7.766125905606437,-4.944735509144158,14.757552651329693,1.2386971613976057,2.724618309838468,-1.6995583313385731,9.33506757944261,1.648937371222968,2.631396671260416,-1.7991586212492363,9.386785248396198,1.648560555072196,-1.227351260890367,1.9575254626830965,4.803139568943241,0.0,-4.682227928147694,4.081814437334472,4.376765569081121,0.17591705213954478,1.8512436996030592,1.7509081363677979,True,True,False,False,0.02277755039425896,False,False,12.145054748013855
4858.2,8.099999999999454,-1.1803335390941743,6.738421861889092,0.5011111111111111,7.876836500201164,-4.881562976845235,14.732833290753165,1.2907825152919183,2.686402066149447,-1.8701813736178639,9.437144372491055,1.81345924171092,2.5850081670305394,-1.9677038763177273,9.485484886570081,1.8130824299698822,-1.2291682582904433,1.9493156814349655,4.789355158835361,0.0,-4.6801525157809465,4.091191820884911,4.388229684003772,0.01426718901017221,0.01426718901017221,0.0,False,False,False,False,0.0,False,False,12.232869031679405
4858.299,8.198999999999614,-1.1396323825804373,6.760660878195686,0.5219444444444444,7.982239798054965,-4.8032914816667125,14.728664103068454,1.3654449600331162,2.6445928713525353,-2.0529440342769942,9.59166264657315,1.974102311678408,2.534445528004154,-2.1482021643773828,9.636736439499106,1.9737255034315295,-1.2308958891302761,1.941684850471332,4.819840140856309,0.0,-4.681516253711354,4.0851682807942264,4.438828899082204,0.0,0.0,0.0,False,False,False,False,0.0,False,False,12.322264851132806
4858.399,8.298999999999978,-1.1124982782329256,6.771780386348983,0.45388888888888884,8.086054764214879,-4.709551078478967,14.711707932119031,1.4344558645155854,2.5984046349365935,-2.252479481129807,9.757462097633704,2.122128063039553,2.4787004174262934,-2.3452422538879345,9.7988167599102,2.1217512549810786,-1.2324302816984438,1.9350405338709358,4.838226543476919,0.0,-4.682996576272927,4.078758101304405,4.472228429323939,0.0,0.0,0.0,False,False,False,False,0.0,False,False,12.416446815941041
4858.499,8.398999999999432,-1.1124982782329256,6.749541370042389,0.17805555555555552,8.18738272579486,-4.604720674928734,14.676752136455416,1.4825446222409169,2.5491027377264586,-2.4650594089444766,9.915452058084904,2.242314762798993,2.419216327428426,-2.555161528045933,9.952411972860396,2.241937954743232,-1.23360530840414,1.929975472444014,4.82108725849783,0.0,-4.6841172988619935,4.073927122800988,4.462664453951306,0.0,0.0,0.0,False,False,False,False,0.0,False,False,12.515164270719291
4858.599,8.498999999999796,-1.0921476999609947,6.738421861889092,0.18305555555555555,8.286684953777428,-4.4931073134679265,14.632489520369594,1.5056512277441614,2.4974581525668067,-2.6876501561825528,10.086431671625753,2.327753290495147,2.356909593078875,-2.7749670234799657,10.119316394645194,2.3273764824552305,-1.2343606333832624,1.9267177984358284,4.813805200949163,0.0,-4.746043468777823,4.1314095131358926,4.488593061965987,0.020162381982393195,0.45513662695884705,0.45513662695884705,True,True,False,False,0.001537267651512206,False,False,12.426153503168559
4858.699,8.59899999999925,-1.0921476999609947,6.727302353735795,0.06194444444444444,8.384621653501139,-4.379058711418655,14.600014160551277,1.500933748983395,2.4443437446355807,-2.916669513386002,10.271950404452966,2.3742041413802197,2.292824778902783,-3.0011227816729913,10.300499711078034,2.3738273333801696,-1.234654870006402,1.9254504429636028,4.803966076743351,0.0,-4.745825888360122,4.132346689922657,4.481423791780846,0.0,0.0,0.0,False,False,False,False,0.0,False,False,12.531112893229764
4858.799,8.698999999999614,-1.0921476999609947,6.70506333821929,0.08305555555555555,8.482121229577148,-4.265241523486997,14.560707891235785,1.4964378832927825,2.39053892988817,-3.1489697279731224,10.451367079542445,2.3947935726682164,2.2278921597401227,-3.2305222895429204,10.475615802261899,2.3944167646708796,-1.2348259083300186,1.9247121939654066,4.782479914595858,0.0,-4.745941194439999,4.131848996796606,4.468963967990844,0.0,0.0,0.0,False,False,False,False,0.0,False,False,12.640599676831833
4858.9,8.799999999999272,-1.105714752142282,6.682824321912696,0.11499999999999999,8.58036714460955,-4.150433934428312,14.53202212216745,1.495769360461159,2.3359054117641422,-3.3852057913659346,10.640017843711194,2.406617165125463,2.161942119602141,-3.4638127455329117,10.659822944585887,2.4062403571841693,-1.2349208475608446,1.924302186069492,4.760275951287181,0.0,-4.745979310656322,4.131684386766392,4.44520427254718,0.0,0.0,0.0,False,False,False,False,0.0,False,False,12.755751268616576
4859.0,8.899999999999636,-1.105714752142282,6.67170481296931,0.07694444444444441,8.676572908038379,-4.036061216282616,14.50342736058358,1.4933789793063634,2.2815718451736546,-3.620173239718772,10.834964898132288,2.4167360972683283,2.096352746485186,-3.695850886841416,10.850780960578103,2.4163592893722705,-1.2350557510738671,1.9237181377869284,4.7497480524459466,0.0,-4.746058642003809,4.131340931386952,4.439093633536055,0.0,0.0,0.0,False,False,False,False,0.0,False,False,12.874317551310915
4859.1,9.0,-1.1124982782329256,6.649465797452805,0.036111111111111115,8.77113113433884,-3.920305896329221,14.470874335150915,1.496072832090814,2.226947782307601,-3.8562526159767985,11.023702616341456,2.4295928576591046,2.0304196068587563,-3.92898565753744,11.035468636084941,2.4292160497721653,-1.2352105230322135,1.9230495656411477,4.728008956353233,0.0,-4.86291825650506,4.273919602832488,4.439467280676571,0.04256922844517275,0.9373310208320618,0.9373310208320618,True,True,False,False,0.006512452668522706,False,False,12.794302852321294
4859.199,9.09899999999925,-1.1124982782329256,6.649465797452805,0.011111111111111112,8.86352266396757,-3.8043950269556466,14.450058822555865,1.4984526248348624,2.1726324415783242,-4.0910726003888405,11.23170730217621,2.4394955791850066,1.9648554483874316,-4.160877748458243,11.23982355463665,2.439118771299249,-1.2352798658968716,1.9227497233959083,4.728310497737763,0.0,-4.861980409759394,4.277974902181566,4.436505981173772,0.04151829071300585,0.04151829071300585,0.0,False,False,False,False,0.0,False,False,12.916671022561255
4859.3,9.199999999999818,-1.1124982782329256,6.6272267819363,0.019999999999999997,8.957472409068542,-3.684436935489414,14.413005178115517,1.5188013386643957,2.116885110108847,-4.331878984519757,11.425012747006814,2.455058887829928,1.8975725347727328,-4.398679507947158,11.429397876205034,2.454682079960334,-1.2355619600231207,1.9215303732749114,4.7073053183604365,0.0,-4.861257351586832,4.281100316673262,4.4223866838010535,0.022005736052848987,0.022005736052848987,0.0,False,False,False,False,0.0,False,False,13.045764501050709
4859.399,9.298999999999978,-1.105714752142282,6.616107273783003,0.03,9.049413967959392,-3.562705692248914,14.378277807835447,1.563279014847287,2.061673379336816,-4.570321545380784,11.626200467119633,2.4894114799974942,1.8309383701450914,-4.634146743773349,11.627215789697162,2.489034672135287,-1.2360581076941686,1.919388634914292,4.698526935437668,0.0,-4.861204125554265,4.281330079387844,4.422090566833526,0.0,0.0,0.0,False,False,False,False,0.0,False,False,13.176356156929266
4859.499,9.398999999999432,-1.105714752142282,6.604987764839618,0.024999999999999998,9.14183226747047,-3.433245756169325,14.344976547261476,1.6183001250395632,2.00492657384335,-4.815289303726433,11.836334643028021,2.539680081930932,1.7624564015298325,-4.87605721057045,11.833883533909974,2.53930327409593,-1.2366858101049691,1.9166765671865336,4.690140222217579,0.0,-4.861772992233265,4.278872218887445,4.418007134000096,0.0,0.0,0.0,False,False,False,False,0.0,False,False,13.31239279061151
4859.6,9.5,-1.0989312260516382,6.59386825747641,0.04805555555555555,9.234663000436495,-3.2949268217086574,14.302847190536005,1.6807142845000265,1.9463316587895563,-5.068253900000994,12.05316220971562,2.6021454959089825,1.691742997476474,-5.125865742731663,12.047407507737809,2.601768688104731,-1.2374693921553923,1.9132968484551798,4.68262122517019,0.0,-4.902553093387941,4.335966335985886,4.423308761182007,0.016268211773979344,0.3499278724193573,0.3499278724193573,True,True,False,False,0.000906622303811849,False,False,13.237804257170962
4859.699,9.59899999999925,-1.0989312260516382,6.582748749323112,0.023055555555555555,9.324872608047238,-3.1504530691729187,14.261518292641526,1.760749325015933,1.8876945484518628,-5.3230871863597695,12.274724552686568,2.680534813285445,1.6208970890135275,-5.377539467660114,12.265641454760448,2.680158006635284,-1.238467921147416,1.908982106157628,4.67584913401241,0.0,-4.903129662646909,4.3334749233288585,4.419407029149581,0.0,0.0,0.0,False,False,False,False,0.0,False,False,13.376302836567307
4859.799,9.698999999999614,-1.105714752142282,6.571629241959904,0.036944444444444446,9.414759717926994,-2.9949542772151525,14.219701238237434,1.8319016278502929,1.8272418205875482,-5.588505016288227,12.508840851019688,2.7637733568189957,1.5477273491357557,-5.639697497979201,12.496289678716105,2.763396550900008,-1.2393169612833197,1.9052715349806828,4.668269893629946,0.0,-4.903919312082692,4.330023908103071,4.4103460580693135,0.0,0.0,0.0,False,False,False,False,0.0,False,False,13.52050127519851
4859.899,9.798999999999978,-1.1124982782329256,6.560509733806606,0.046944444444444414,9.50301205168032,-2.8311415653552414,14.17364362785883,1.8899208079392666,1.7654431231651158,-5.861933517565622,12.75145650674637,2.842732192229609,1.4728268999659098,-5.90979196816132,12.735475288152108,2.8423553866642353,-1.2402213897707397,1.901282776313716,4.6609772617606025,0.0,-4.90476486131013,4.326294821883209,4.401477264485746,0.0,0.0,0.0,False,False,False,False,0.0,False,False,13.668924326347307
4860.0,9.899999999999636,-1.1192818043085069,6.538270717500013,0.12305555555555553,9.590561625386957,-2.65694033417757,14.11568817215387,1.971150202932499,1.7018505633097376,-6.146428973640708,12.994629432579016,2.9298732756236077,1.3956010820466531,-6.190853641305909,12.975177951536091,2.9294964721511767,-1.2412392431995318,1.8967650944082948,4.643107587176168,0.0,-4.90572301496392,4.322042113878408,4.387346152887893,0.0,0.0,0.0,False,False,False,False,0.0,False,False,13.822984126933985
4860.099,9.998999999999796,-1.1328488564897938,6.527151209346716,0.13694444444444445,9.67524997798445,-2.4754934829513804,14.066364557750045,2.0744851638756514,1.6382861068901877,-6.434515944003198,13.254584277882767,3.0300529538580414,1.318229866642011,-6.475504706247858,13.231660809072157,3.0296761512793275,-1.2424233578127906,1.8914265503606527,4.637019482951483,0.0,-5.2089764228885835,4.87099028500371,4.399736917689148,0.1375268322299515,2.8943939208984375,2.8943939208984375,True,True,False,False,0.06196088683939413,False,False,13.746440946750038
4860.2,10.099999999999454,-1.1531994347316,6.504912193830211,0.1711111111111111,9.760610197386285,-2.2800736867154323,14.010254016522879,2.1485027423729077,1.57208831032627,-6.73813754131698,13.520560623766482,3.1235032106744254,1.2374794584152846,-6.775544608470749,13.493920054895831,3.1231264095810176,-1.2432266150692903,1.8877674096191859,4.618022396174213,0.0,-5.206733347760867,4.881208340949778,4.366640743859875,0.06962881161520118,0.06962881161520118,0.0,False,False,False,False,0.0,False,False,13.90435797294813
4860.299,10.198999999999614,-1.1803335390941743,6.4937926856769135,0.24000000000000002,9.84326358939951,-2.0811014959735026,13.9659766532039,2.2042857733115047,1.5060560253832034,-7.0441809350051265,13.80193532249792,3.201467664533149,1.1567773250632847,-7.078012177435265,13.771563979220305,3.2010908638891085,-1.2440984156657855,1.8837420938760108,4.6104915593077545,0.0,-5.206081486325585,4.884218144003775,4.335594162261986,0.0,0.0,0.0,False,False,False,False,0.0,False,False,14.062964800445043
4860.4,10.299999999999272,-1.2210346956079108,6.460434162007111,0.425,9.926088291298043,-1.866556517611668,13.91391837922248,2.3503799017704377,1.4370546425043509,-7.366228311469987,14.079844959545753,3.3204446362657736,1.0723380365097779,-7.396321214361287,14.045256425175562,3.320067835951545,-1.2457228660424677,1.8761852147597184,4.584315425022392,0.0,-5.20763922716884,4.8769715950072925,4.289565175184052,0.0,0.0,0.0,False,False,False,False,0.0,False,False,14.228371715086888
4860.499,10.398999999999432,-1.26173585213671,6.438195145700517,0.35611111111111104,10.005525495066394,-1.641025429046703,13.864522471459155,2.4805665526311427,1.3669558224692633,-7.693944404068341,14.37453958129734,3.449845591938222,0.9865290567411255,-7.720240184921816,14.335828755670395,3.449468791692702,-1.2468476132125599,1.8709190336972958,4.567300378005974,0.0,-5.208700275162658,4.872003659990473,4.246349482384039,0.0,0.0,0.0,False,False,False,False,0.0,False,False,14.394312192290245
4860.599,10.498999999999796,-1.30922053474109,6.415956129393924,0.5238888888888888,10.084429258416161,-1.4022742416734286,13.818103406191177,2.5485837479607394,1.2933801020835094,-8.036357141506684,14.684784266547794,3.554721983371291,0.896538733607552,-8.058670708582433,14.641727905154205,3.5543451834201454,-1.247893968556483,1.8660343346541302,4.550335074032261,0.0,-5.558730925382673,5.645748941234038,4.3187449187077425,0.17917923137614444,3.6947450637817383,3.6947450637817383,True,True,False,False,0.10086113974938236,False,False,14.31563700701801
4860.7,10.599999999999454,-1.3567052173605327,6.349239081264231,0.7161111111111111,10.16322700394802,-1.1538762089702188,13.747929932978746,2.6118177912962572,1.2162839785076383,-8.391541413135826,14.96365206044766,3.642418210222885,0.8024164795001614,-8.409687827853286,14.916022593524312,3.6420414118658138,-1.248687698019355,1.86235145179208,4.488187650265398,0.0,-5.555632574682285,5.66012520320848,4.2550991632386275,0.1120355898798371,0.1120355898798371,0.0,False,False,False,False,0.0,False,False,14.486821825370784
4860.8,10.699999999999818,-1.4313240043124247,6.338119573110934,0.715,10.240775956194426,-0.902722967142964,13.73563679560633,2.6452626882044923,1.137073871918981,-8.750239686964141,15.305399465931076,3.704399074979155,0.706013302179549,-8.7641133334566,15.252725970328504,3.70402228007325,-1.2492246604338082,1.8598946814024617,4.481925741437309,0.0,-5.553698463347557,5.668974365327631,4.176329308089169,0.06912561663583312,0.06912561663583312,0.0,False,False,False,False,0.0,False,False,14.659250138376064
4860.9,10.799999999999272,-1.4923757390830297,6.315880557594428,0.6861111111111111,10.317616039537727,-0.6492453030406351,13.710903838389985,2.652125516546074,1.0548157614385087,-9.113350456845557,15.63807386596207,3.7418707950780123,0.6063531094625824,-9.122799294704787,15.580677082896859,3.741494008378671,-1.2494961228025945,1.858677650776038,4.463815437555056,0.0,-5.552384648826234,5.674864509575021,4.1103009526082905,0.051572200828937036,0.051572200828937036,0.0,False,False,False,False,0.0,False,False,14.834482906599554
4860.999,10.898999999999432,-1.5669945260349218,6.2380440005213496,0.8511111111111112,10.392630034144567,-0.3981076405434778,13.677394789346977,2.6428610898420093,0.9704409910262416,-9.474878106027562,15.916485168834136,3.758025892031412,0.5046551835849943,-9.479802348716468,15.85378271510042,3.7576491131092804,-1.2495838197840343,1.8582963458138304,4.391234345301865,0.0,-5.55124684520308,5.679811660097228,4.023169134984538,0.05097946094195034,0.05097946094195034,0.0,False,False,False,False,0.0,False,False,15.010487384215041
4861.099,10.998999999999796,-1.6416133130018764,6.19356596869825,0.8330555555555555,10.467746167852365,-0.14564718821698708,13.668292156862968,2.625107208512545,0.8826368126376996,-9.840245220224528,16.231295078915196,3.7574061251473347,0.39934705471598747,-9.840474755989884,16.16341489857736,3.757029354732538,-1.249480530362976,1.8587325954453735,4.352533571735782,0.008966213147647097,-5.7855725027933484,6.327106363126968,4.1461103221696085,0.2054268258569871,2.8617097836789167,2.7943787574768066,True,True,False,False,0.057637318290994485,False,False,14.921733675634066
4861.2,11.099999999999454,-1.7162320999537686,6.160207445028448,0.86,10.543336191775287,0.1070105539244849,13.672534779697552,2.5971323270719324,0.7915406863194818,-10.207860214738291,16.55906287391513,3.7423246704886033,0.2906427857124567,-10.203233419341116,16.486046940623382,3.741947910455358,-1.249016559126144,1.8606350922420902,4.32488297858285,0.029811117251279367,-5.780307242798694,6.348696365865305,4.068443786015513,0.23462788064400403,0.23462788064400403,0.0,False,False,False,False,0.0,False,False,15.101012556882953
4861.299,11.198999999999614,-1.8044179390718855,6.060131873228953,1.1538888888888887,10.61718473366827,0.35162126009085043,13.670526923997322,2.56479540860048,0.6999944162487829,-10.56559111783549,16.813290761213036,3.717507813740906,0.18196552594757204,-10.556098588599566,16.734540149962314,3.717131065259629,-1.2479454964367245,1.8648894884876743,4.231987741728706,0.05881812405005134,-5.774186876802898,6.373007232419931,3.9820794077168897,0.2718255697958376,0.2718255697958376,0.0,False,False,False,False,0.0,False,False,15.279203003432213
4861.4,11.299999999999272,-1.8722531999030092,6.015653840615765,0.9338888888888889,10.692300572360638,0.5972539172687272,13.683094285483522,2.521581638611294,0.6045536091664332,-10.926848290995618,17.12258597435297,3.6815931789865246,0.06922873873722896,-10.912297515615704,17.038922772200273,3.68121644166288,-1.2459151540352682,1.8726955501082887,4.190036126883162,0.10090039157010847,-5.766634807997536,6.402042686940064,3.913502836338404,0.3222639879992794,0.3222639879992794,0.0,False,False,False,False,0.0,False,False,15.463473828709537
4861.5,11.399999999999636,-1.9672225651418944,5.91557826881627,1.2149999999999999,10.76618305733662,0.8361218147792948,13.709139163894475,2.4790805513111547,0.5082713205050013,-11.280123178370768,17.372973788003755,3.641671440199109,-0.04396350990182753,-11.260483317759755,17.283402935169203,3.6412947146017483,-1.2428063293550173,1.8842813036278458,4.09586793051351,0.13901165523656805,-5.757681833997148,6.435408013294569,3.8259383727518497,0.3686486681839998,0.3686486681839998,0.0,False,False,False,False,0.0,False,False,15.64841037824776
4861.6,11.5,-2.0418413521088494,5.848861219896488,1.1149999999999998,10.839251458197321,1.0710493276140696,13.738633063946232,2.441486382267056,0.41037755647913526,-11.628827018865287,17.648879957294405,3.602065699686453,-0.1585446889002917,-11.604025780885276,17.554203798056736,3.6016889842095727,-1.2385497268084944,1.8996587644609837,4.030071645677717,0.18010272357573184,-5.900785987658516,6.992145518986259,4.024742561802275,0.5232011461211914,2.5097547149310726,2.0917415618896484,True,True,False,False,0.03226654501820695,False,False,15.54665415705732
4861.699,11.59899999999925,-2.1232436651363225,5.793263679920092,1.0869444444444443,10.911038256504336,1.2996883791642009,13.787121679174806,2.399813859871195,0.3120978263738071,-11.969426090993048,17.928860423294424,3.559492889431711,-0.27312046756032626,-11.93945473680206,17.828972440748398,3.5591161835249423,-1.2330646194676795,1.918923971380364,3.9752895379475492,0.2245607355210853,-5.885879650889245,7.044500677131134,3.9652268011391945,0.5765129387118643,0.5765129387118643,0.0,False,False,False,False,0.0,False,False,15.728857824171444
4861.8,11.699999999999818,-2.204645978178858,5.7265466325804875,1.0588888888888888,10.984055684570242,1.5284232889527953,13.840740267677617,2.3547899735024376,0.21092139904471008,-12.31193650432166,18.199501082013484,3.512642655410109,-0.39068126193066205,-12.276652508932012,18.09435401777996,3.51226595516852,-1.2260124714403386,1.9430390448981538,3.9080242075198464,0.2729655686234178,-5.868722031898987,7.103171771631161,3.9141474296341414,0.6339504167150962,0.6339504167150962,0.0,False,False,False,False,0.0,False,False,15.917264099124061
4861.899,11.798999999999978,-2.2792647651307503,5.637590567354112,1.0930555555555554,11.055385690444982,1.7478354598182304,13.890395875171722,2.3061471278386794,0.11100366229115768,-12.642466239460072,18.435668146706362,3.4632001617888726,-0.5064071915445584,-12.601945017479643,18.325492689874363,3.4628234713039903,-1.217556803054209,1.9713757084747687,3.816851475785297,0.3244354721123178,-5.8499222218936,7.166173756465476,3.8840907867311762,0.6942741008493969,0.6942741008493969,0.0,False,False,False,False,0.0,False,False,16.104605175080074
4861.999,11.898999999999432,-2.3471000259919985,5.570873519224419,0.9330555555555555,11.126873474552076,1.9647106984060052,13.948203188354297,2.2609296247059585,0.00933787245142519,-12.970961641770012,18.69097243876599,3.414189129516644,-0.6237806941699231,-12.925121004289283,18.576104083829865,3.4138124456996346,-1.2073817775279774,2.0045996898643397,3.743964037201813,0.37050742736855635,-5.828786249216292,7.235187948230497,3.8590259749822455,0.7492892688787042,0.7492892688787042,0.0,False,False,False,False,0.0,False,False,16.29631073966017
4862.1,12.0,-2.4217188129589533,5.526395487401319,0.9330555555555555,11.198257020475848,2.179403830872087,14.025195002288713,2.219257888364371,-0.09391363916072663,-13.297468501360537,18.96724894112394,3.3669058091213353,-0.7426418464596323,-13.246234030728193,18.847570625530924,3.3665291328573934,-1.1954859112929184,2.0426329344680516,3.69327072584023,0.4186056646735755,-5.917803178165856,7.794377379741799,4.167295016269962,0.8994763957610277,2.6281189359128088,1.821698784828186,True,True,False,False,0.02445264956254756,False,False,16.183336430361724
4862.2,12.099999999999454,-2.4692034955633337,5.4596784384815376,0.7530555555555556,11.268241507988403,2.387559615498559,14.07676487294346,2.1728663904873646,-0.19650326691826847,-13.615585541523968,19.21017600742322,3.318115860224246,-0.8604372897016113,-13.558999337889068,19.086598258111263,3.31773918870649,-1.181975364936763,2.0848875141409984,3.6119482337497097,0.46863373170165856,-5.889502487785386,7.88288851355958,4.191705173811121,0.959033747963201,0.959033747963201,0.0,False,False,False,False,0.0,False,False,16.37423787351156
4862.299,12.198999999999614,-2.523471704258357,5.392961391141934,0.9069444444444444,11.336824465185396,2.588931079498567,14.141088921766668,2.1247174946739737,-0.2979108276887685,-13.925426205397672,19.446162103239097,3.268024213923592,-0.9766529665951051,-13.8635552998005,19.318542472860905,3.2676475449191993,-1.1668473052779473,2.131394785982894,3.5324561539809123,0.5193637252200473,-5.859212122496022,7.976008337547178,4.2189211494406775,1.0191977338040057,1.0191977338040057,0.0,False,False,False,False,0.0,False,False,16.565899798752685
4862.399,12.298999999999978,-2.5913069651346685,5.392961391141934,0.6238888888888888,11.405292485447916,2.7875012863947743,14.237036859454912,2.0761482831393803,-0.39966915669168196,-14.233257064789925,19.74820820133708,3.2162561175292472,-1.0931218604484063,-14.166086570063053,19.616343078071935,3.215879449478298,-1.149782638733602,2.1832113821261245,3.5185916932748866,0.5717205941831174,-5.8263635104438345,8.075752640206163,4.202732413252512,1.0810838879412525,1.0810838879412525,0.0,False,False,False,False,0.0,False,False,16.762354257266438
4862.499,12.398999999999432,-2.6455751738146294,5.337363851165537,0.715,11.472979760543458,2.9814016999743833,14.313774872210766,2.0313603511832246,-0.5006401721525354,-14.53596962217336,19.98875007357607,3.165915592714349,-1.2085574764905824,-14.463543489372853,19.85298343753426,3.1655389265202967,-1.131014694141513,2.2397713046369194,3.448039012380415,0.6201284866450886,-5.791403709386384,8.181109070107158,4.240651370423046,1.1390210655773139,1.1390210655773139,0.0,False,False,False,False,0.0,False,False,16.9618357195579
4862.599,12.498999999999796,-2.679492804237723,5.281766311189141,0.6588888888888889,11.539875004703495,3.1710682556402805,14.375168422236017,1.991000246068328,-0.6009316360660863,-14.833757707989468,20.222628985766974,3.11855090007325,-1.3230767898862237,-14.756114469973669,20.083737963936972,3.1181742352218045,-1.1105622891090774,2.3007661851635257,3.368665123259742,0.6665224096023191,-5.7826193436888955,8.453417165670665,4.437202211143818,1.2245504598531143,1.7664748542293511,0.5715305805206299,True,True,False,False,0.0024050401600493715,False,False,16.83480604245153
4862.7,12.599999999999454,-2.7201939607665215,5.259527294882547,0.41388888888888886,11.606266799070225,3.3591194369019486,14.451955851365463,1.9580513979799499,-0.7014305655865514,-15.130080884923247,20.48930275465034,3.077523827418864,-1.4377324829069615,-15.04721192104298,20.347195507632037,3.077147163028982,-1.0884198563376823,2.3662208906478455,3.3217327822493607,0.7017651628531312,-5.742257473752823,8.572729905004122,4.48443746887383,1.2696038909703753,1.2696038909703753,0.0,False,False,False,False,0.0,False,False,17.03569159436713
4862.799,12.698999999999614,-2.754111591204677,5.237288278575953,0.2938888888888889,11.669840967654247,3.5403039837783217,14.523434962742208,1.9210277304872698,-0.7990499254954109,-15.416665504296441,20.746278533311816,3.038729461938728,-1.5490426289381605,-15.328721702378427,20.601285341952167,3.038352797768152,-1.06536748193329,2.4340156274538667,3.2726433082644157,0.7448374918493809,-5.70095423906353,8.6941986038842,4.542478463180926,1.3222926269842814,1.3222926269842814,0.0,False,False,False,False,0.0,False,False,17.23558542583099
4862.899,12.798999999999978,-2.7812456955371267,5.159451722292963,0.41999999999999993,11.732974001730252,3.718851974992569,14.58553739333818,1.8666120795742878,-0.8963704471805779,-15.70198110153477,20.946411009166805,2.9904089636649327,-1.6599929438051657,-15.608978001887778,20.79867498042846,2.9900322995061273,-1.0404549689958296,2.507022274733829,3.1726541456469897,0.7979656515071071,-5.657235888241699,8.82231615774653,4.657026461277996,1.3851343290841045,1.3851343290841045,0.0,False,False,False,False,0.0,False,False,17.440586442074657
4862.999,12.898999999999432,-2.7948127477184137,5.137212706776458,0.20888888888888887,11.79537635055059,3.8920040996527225,14.643229233966897,1.814473440169858,-0.9921046124440801,-15.982529572090488,21.196539117194206,2.9382495842454595,-1.7691288897654174,-15.884549209235404,21.04676938225798,2.9378729201356393,-1.0138773300134651,2.58497236219416,3.1121795800611287,0.849163612275692,-5.6115527194232735,8.956301234721359,4.745467442990232,1.446045832294698,1.446045832294698,0.0,False,False,False,False,0.0,False,False,17.648849680310548
4863.099,12.998999999999796,-2.8151633259903446,5.1149736904698635,0.20111111111111113,11.856742293428693,4.059964895633774,14.70978783199545,1.761931869713498,-1.0860965057564365,-16.258075355965964,21.442875217894294,2.8844634238883984,-1.876283383568011,-16.155207552599705,21.29089255196483,2.884086759884515,-0.9855218303292556,2.667998122416238,3.0553686247810283,0.9055228238420732,-5.537846029094893,8.888002629939882,4.652821561145768,1.475629802538063,0.8165480577959434,-0.6955705285072327,True,True,False,False,0.0035597919301814836,False,False,17.510484606511884
4863.199,13.09899999999925,-2.8422974303378568,5.09273467416327,0.2688888888888889,11.917014189468787,4.221778554327812,14.784987117114381,1.6915902661392075,-1.1781892264452911,-16.52805157793738,21.684733207334766,2.8205603865445075,-1.9812723698765464,-16.420394383045263,21.53035266749833,2.820183722652286,-0.9551676663134208,2.7570944554493644,3.0027444076279397,0.9769788981381949,-5.488953618195611,9.031512908200304,4.745393867072535,1.5565751912035426,1.5565751912035426,0.0,False,False,False,False,0.0,False,False,17.718326470523884
4863.299,13.198999999999614,-2.8558644825040815,5.070495658646764,0.125,11.976464988516451,4.377289827352181,14.84851951749551,1.638187626142981,-1.2682878171844356,-16.7921018461479,21.920163533261363,2.7594147818392276,-2.083983815299591,-16.67975830275119,21.76394603810879,2.7590381180148054,-0.9227687026808231,2.8519533973642686,2.9425820394794333,1.0278065473006355,-5.4376678043623965,9.181669502424468,4.85463271180432,1.6168921547354274,1.6168921547354274,0.0,False,False,False,False,0.0,False,False,17.929321685016784
4863.399,13.298999999999978,-2.8626480085796624,5.059376149703379,0.11194444444444442,12.03510704318672,4.528222062937079,14.907220741852564,1.6002995088904737,-1.3565503952127513,-17.05081845265599,22.161431257371234,2.7077442549033277,-2.1846042160044856,-16.93388328919736,22.003708872175306,2.707367591125988,-0.8887594387824863,2.951722709490733,2.887635556994016,1.080324916627909,-5.384498701027264,9.33764597054163,4.966218236736461,1.6788998384321447,1.6788998384321447,0.0,False,False,False,False,0.0,False,False,18.14357103255691
4863.499,13.398999999999432,-2.8694315346853685,5.059376149703379,0.034999999999999996,12.092952129679306,4.6740951156266455,14.967343331228362,1.5382178418809156,-1.4432134778154333,-17.304239379037124,22.409047223455648,2.648846925544631,-2.283371618032883,-17.182795886709428,22.249891755316263,2.648470261944493,-0.8527970691780183,3.057049163697235,2.8418529037162648,1.1456089533168337,-5.329041770526653,9.500068022120788,5.076359602905339,1.7536731894904272,1.7536731894904272,0.0,False,False,False,False,0.0,False,False,18.36101262906685
4863.599,13.498999999999796,-2.87621506076095,5.048256642340171,0.023888888888888887,12.1500552957418,4.8132657059840955,15.028107717436779,1.4704472678033773,-1.5283659684453001,-17.55160904017246,22.64002265995483,2.5834703552918334,-2.38033834451667,-17.425737120641625,22.479463725281743,2.5830936935015627,-0.814614460045074,3.168524515987939,2.789908583397087,1.2110552831355934,-5.227690127205254,9.125831786401285,4.707021780656455,1.7371867319247258,0.1051581729730644,-1.7234506607055664,True,True,False,False,0.021840911949007804,False,False,18.211477079541012
4863.699,13.59899999999925,-2.8694315346853685,5.0371371349769625,0.07305555555555555,12.206415074388657,4.945469672187101,15.076125294785234,1.4039487496625431,-1.6122670350564159,-17.7923292597169,22.86405472451428,2.5149984260242038,-2.4757343565226795,-17.662097040275295,22.702648074861955,2.514621768253736,-0.7738489629583596,3.28634794885339,2.7307012083296893,1.2824713026537757,-5.169575604122149,9.293798648044719,4.838370591118199,1.8175376964306256,1.8175376964306256,0.0,False,False,False,False,0.0,False,False,18.427634943416866
4863.799,13.698999999999614,-2.8626480085796624,5.0371371349769625,0.13694444444444445,12.261800605132606,5.069820093169307,15.12448392655363,1.3187023008271104,-1.6948976380616723,-18.025693060000165,23.092374878521994,2.436240015227916,-2.5695065112322193,-17.89117042434712,22.930181409496633,2.435863362687875,-0.7299318834590711,3.411407478572065,2.6816925599448895,1.3684602954886678,-5.10778197758998,9.469763943593337,4.96878324776485,1.9124616342533163,1.9124616342533163,0.0,False,False,False,False,0.0,False,False,18.646701491043917
4863.899,13.798999999999978,-2.8558644825040815,5.048256642340171,0.175,12.316209767934618,5.185702452621432,15.172696807475884,1.2418501249659197,-1.7762211495379394,-18.25103106227919,23.32428856940861,2.3550604289924446,-2.6615859102530988,-18.11229045589523,23.1613619213814,2.3546837852633264,-0.6826299631148247,3.543868631064584,2.643129123734739,1.4446112349033913,-5.042035003331416,9.6538773986033,5.098145162375843,1.9975475186558385,1.9975475186558385,0.0,False,False,False,False,0.0,False,False,18.868668497949702
4864.0,13.899999999999636,-2.8422974303378568,5.059376149703379,0.19194444444444442,12.370826023570169,5.293643431719379,15.21492709096135,1.15405401103709,-1.8572147691554235,-18.46980214588808,23.549790213823446,2.2644503843696517,-2.7530187350180735,-18.326866888565636,23.38641345162665,2.264073758308124,-0.6308244809380144,3.685866984819994,2.6032940732744527,1.54852475168355,-4.970932780288447,9.848767942928184,5.241122227354404,2.1104853298736104,2.1104853298736104,0.0,False,False,False,False,0.0,False,False,19.095749876539205
4864.099,13.998999999999796,-2.835513904247213,5.081615166800062,0.2619444444444444,12.42403616745975,5.3869535688608385,15.262604624725919,1.0170931969874144,-1.9354126778863627,-18.6735675352134,23.772229332221578,2.1448530837527033,-2.8409354697816442,-18.526590751655093,23.60820654097964,2.144476495802757,-0.574512676527358,3.835693807868107,2.581558944590175,1.6850038253828317,-4.884913881598004,9.794831963717554,5.139499279298579,2.214321422642394,1.481244361999131,-0.7745656371116638,True,True,False,False,0.004409120973488402,False,False,18.931213916322722
4864.199,14.09899999999925,-2.821946852065926,5.081615166800062,0.32805555555555554,12.477299017357476,5.464516432302321,15.304036642408834,0.8673626853858595,-2.0124572861892838,-18.865764753101182,23.961057538960013,1.9965592778188654,-2.92714180970207,-18.714815395208113,23.79666307429655,1.9961827355737958,-0.5101171451730286,3.999896809971077,2.552385393543322,1.8425681644353222,-4.801034476286152,10.008717149182242,5.309719556543083,2.3805725781942098,2.3805725781942098,0.0,False,False,False,False,0.0,False,False,19.15422178081316
4864.3,14.199999999999818,-2.7948127477184137,5.070495658646764,0.4411111111111111,12.531315219443963,5.522800682639422,15.332800732435212,0.7136826635276717,-2.0874264596391168,-19.04304975249867,24.123918994556746,1.8152605787477436,-3.010555307512441,-18.888245207894197,23.959712201154804,1.8148841324345795,-0.43562679058356735,4.181466172588065,2.5211370068729018,2.0436806259594773,-4.705751362832509,10.240968616815715,5.5123023322283915,2.590458724382781,2.590458724382781,0.0,False,False,False,False,0.0,False,False,19.382315968376073
4864.4,14.299999999999272,-2.7473280651290963,5.070495658646764,0.5338888888888889,12.585738865736438,5.558686261123593,15.340836729811999,0.6039263328730122,-2.158114052760397,-19.199448059125416,24.27709499129171,1.6176632471325034,-3.0886844645454894,-19.041019825808828,24.113931723146358,1.617286935396072,-0.34994823834147504,4.377579723300341,2.4955084707019637,2.2365688568523536,-4.598009006603832,10.487585016009866,5.724497973865866,2.7920337717749826,2.7920337717749826,0.0,False,False,False,False,0.0,False,False,19.610512316445494
4864.5,14.399999999999636,-2.69305985641901,5.103854183106655,0.6588888888888889,12.64059878034993,5.572394011749303,15.340815387715972,0.5476428040788592,-2.2243908427192234,-19.33544615128443,24.443793721085328,1.4084814289428864,-3.161423361150184,-19.17363116144153,24.28200278039923,1.408105308299612,-0.25026691571304693,4.590069880748147,2.496239503836301,2.4576161881898804,-4.4745525521743446,10.750756498369274,5.92125172435254,3.0217679196119134,3.0217679196119134,0.0,False,False,False,False,0.0,False,False,19.840772837154205
4864.6,14.5,-2.6116575433915368,5.170571231236348,1.085,12.6940173821835,5.564379327712677,15.31074033952071,0.553243640972723,-2.2853194112172934,-19.450694528365112,24.623428359621943,1.1991592751943874,-3.227818712133484,-19.285775423830675,24.464107306392222,1.19878337707223,-0.13449755125643698,4.817694609288467,2.502167767547195,2.6498513952321563,-4.334779986696201,10.332990629293706,5.4424006647856356,3.11369314871144,1.2049804495165084,-2.017709493637085,True,True,False,False,0.029904969193235147,False,False,19.66486967346409
4864.7,14.599999999999454,-2.523471704258357,5.226168770422656,1.1219444444444444,12.744789298063473,5.5357973934065825,15.27140019510957,0.6272581084641358,-2.339977431994227,-19.545748575243913,24.772596939531592,0.9941886059984888,-3.286975979636237,-19.378051916960143,24.616064153555417,0.9938129706007834,-0.0011938243011774903,5.058887776263979,2.5278189481701414,2.861737392646286,-4.178844675416177,10.615132265015298,5.637480573775133,3.3336233135940354,3.3336233135940354,0.0,False,False,False,False,0.0,False,False,19.890467500993246
4864.799,14.698999999999614,-2.408151760777666,5.2928858185523495,1.3180555555555555,12.793105247093562,5.488361683868274,15.20251378664973,0.7479112324576975,-2.387178349231079,-19.620972438539454,24.913867085188787,0.8002422601335589,-3.3377276965870206,-19.450881992157402,24.76122284724145,0.7998669335287413,0.14940851312415415,5.308829687834787,2.557609970579652,3.0333776761428686,-4.003928376442631,10.905425994035372,5.834990165245707,3.5132273228844557,3.5132273228844557,0.0,False,False,False,False,0.0,False,False,20.11460403069737
4864.9,14.799999999999272,-2.2928318173120372,5.304005326705646,1.2930555555555556,12.841065491358135,5.42198538434269,15.134357173113573,0.8775196205420397,-2.427733550581367,-19.679848300316234,24.984217829143528,0.6158197070259233,-3.381051445816419,-19.507703905959833,24.83556194262976,0.6154447910788257,0.3232132748877853,5.572474462605483,2.6297847062741817,3.219680784659801,-3.803222794243759,11.209876674655998,6.095949251899795,3.7076550405445556,3.7076550405445556,0.0,False,False,False,False,0.0,False,False,20.343520407818108
4864.999,14.898999999999432,-2.1368107173176094,5.348483359318834,1.6538888888888887,12.885909099352377,5.339820415856986,15.022722314439502,1.0167085533104738,-2.4592574776255627,-19.72142852725555,25.071985440204703,0.43857557795162583,-3.414519636548268,-19.547687458499762,24.928936228252578,0.438201055960598,0.5157066292525363,5.836691944505449,2.697071726244121,3.3843892584959585,-3.5820506757575736,11.513458792624439,6.332111861830394,3.8803272401745508,3.8803272401745508,0.0,False,False,False,False,0.0,False,False,20.56715055195117
4865.099,14.998999999999796,-1.9672225651418944,5.392961391141934,1.758888888888889,12.929402445069853,5.241713217368393,14.89739281568879,1.130380319702266,-2.4823815422018622,-19.749326760239953,25.147565334615667,0.28629407944912144,-3.4389365865586874,-19.574410769068738,25.010710000863583,0.28591988931233514,0.7314308402035877,6.105943222960199,2.7912494146323965,3.5158480168187025,-3.3742960120200145,11.053687824845465,5.8329820368435366,3.9025484514066813,1.8637527810171033,-2.1560773849487305,True,True,False,False,0.034133608727512726,False,False,20.371028806307816
4865.2,15.099999999999454,-1.7637167825430864,5.448558931118329,2.0261111111111108,12.973393077512712,5.130978547133227,14.74053134482085,1.2292813261229925,-2.4974057144779787,-19.766012769996163,25.225243814867035,0.15842096999902833,-3.4547210602115275,-19.590326313782885,25.095921377276124,0.1580471325348635,0.9687963030825308,6.377907421615867,2.886228746982,3.632279789248032,-3.111001555455859,11.355360465091657,6.058504817285555,4.026416459168052,4.026416459168052,0.0,False,False,False,False,0.0,False,False,20.590362834418485
4865.3,15.199999999999818,-1.5330768955967664,5.4596784384815376,2.2480555555555557,13.016020464490104,5.010686725908675,14.556023754832426,1.323885280227332,-2.5042687502534373,-19.773099122601426,25.251460889731575,0.03890679078750786,-3.4618902101911435,-19.597048316567275,25.130855068615066,0.038533292484685275,1.2233947878145361,6.645246770540337,3.000618004916491,3.7512347102352757,-2.8289679370827963,11.651507883211732,6.325984940231171,4.152733989394993,4.152733989394993,0.0,False,False,False,False,0.0,False,False,20.806360469346355
4865.399,15.298999999999978,-1.2888699564842216,5.48191745557822,2.4161111111111113,13.055159372188369,4.881306388168256,14.356598170740686,1.4075528629942775,-2.5029957080779095,-19.772051668365872,25.28313781661217,0.07215573265014874,-3.4605398968749634,-19.596039629627086,25.171811255795554,0.07252898485776839,1.4943282292518387,6.906496520515288,3.126598415745372,3.85225289702272,-2.5291616936495003,11.940598464730083,6.576692479602448,4.261041159329722,4.261041159329722,0.0,False,False,False,False,0.0,False,False,21.018910831390855
4865.499,15.398999999999432,-1.0175289130091025,5.493036963731517,2.668888888888889,13.091436596495784,4.741042453707771,14.1289915949973,1.490499062228666,-2.493579805722817,-19.76398547917707,25.3001167767951,0.17584000832371668,-3.4507167045141047,-19.588413746696073,25.19919785565282,0.17621307170476544,1.7849914543200156,7.167087991510208,3.264439806904307,3.955256953473607,-2.2077870799667316,12.228723951882348,6.840043399449578,4.371407825020239,4.371407825020239,0.0,False,False,False,False,0.0,False,False,21.23323492793147
4865.599,15.498999999999796,-0.7258372912921778,5.515275979248022,2.9319444444444445,13.124737341810315,4.591361211875078,13.881355703407072,1.5767243685005456,-2.476002861044388,-19.749826809430317,25.325649023154927,0.27562875733778236,-3.43244747486399,-19.57509695950043,25.235937725618502,0.2760016002629987,2.091306012954331,7.424617418055976,3.4032162914822446,4.048492527042689,-1.9278920883437156,11.973957134606948,6.569588876155274,4.390802574565912,2.987892076173135,-1.4841139316558838,True,True,False,False,0.01616744402597071,False,False,21.019340236428306
4865.7,15.599999999999454,-0.41379509130332215,5.5597540118612105,3.091111111111111,13.154655296844497,4.430078978348364,13.61539612412988,1.6720593566238633,-2.4495758151312006,-19.729853866197207,25.371414422169366,0.3803972423437676,-3.405057105212873,-19.556400161498203,25.29365234393439,0.38076991504185015,2.4176195357269528,7.680343066870632,3.537485933595601,4.161001585973989,-1.57408916296064,12.25122570097634,6.791323560172375,4.510278227789767,4.510278227789767,0.0,False,False,False,False,0.0,False,False,21.230427600180327
4865.8,15.699999999999818,-0.08140231305759826,5.64871007471732,3.341111111111111,13.17968042234533,4.257935394380881,13.333813015288108,1.8076789529676378,-2.413537095715576,-19.7041282332415,25.459875547888828,0.505245950327929,-3.367788611175705,-19.532421885773527,25.394679397702816,0.5056185019623686,2.758207754810057,7.9310216536957965,3.6431211180901713,4.296896234869228,-1.2050933807495996,12.522812726147459,6.965340542860029,4.653070494796496,4.653070494796496,0.0,False,False,False,False,0.0,False,False,21.440544441093405
4865.9,15.799999999999272,0.27134104346005694,5.837741711743191,3.723055555555556,13.199911096314295,4.0708139517129425,13.048753094480904,1.9571031635388645,-2.365987053662633,-19.67171506825775,25.645426194598695,0.6457389762962152,-3.318699299809682,-19.502319595232358,25.593106429419304,0.6461114603327395,3.116538979371695,8.180933910225622,3.6858785890944343,4.440549672528569,-0.8172651667805242,12.793297175883913,7.040228355366906,4.803621550567263,4.803621550567263,0.0,False,False,False,False,0.0,False,False,21.652951533308578
4865.999,15.898999999999432,0.637651452143936,5.937817284332775,3.8719444444444444,13.215927770563335,3.8735229086241456,12.746542527763854,2.041892269099833,-2.3075752676048578,-19.63352982944973,25.740399251842913,0.7641454955707668,-3.2584825201674947,-19.466976476278496,25.70181717212603,0.7645179034222005,3.485664514775587,8.42805807390366,3.78318352647121,4.53342358148411,-0.41799035176629884,13.060605842649895,7.2005900080935135,4.903324101453164,4.903324101453164,0.0,False,False,False,False,0.0,False,False,21.866625596324734
4866.099,15.998999999999796,1.0582300695077769,6.137968428721854,4.401944444444444,13.227411445524059,3.6669295495942618,12.417528276776409,2.096841074802,-2.238661162600269,-19.59012259944999,25.9384687240833,0.864802954197707,-3.1875232131396163,-19.42692419390623,25.915056545252124,0.865175323599269,3.871908507415743,8.675478938409421,3.78889772080523,4.6404852046736424,-0.02879646359266533,13.161924924193888,7.107572830013643,4.992372470576053,4.564137093698323,-0.4531462490558624,True,True,False,False,0.0015068328871033557,False,False,21.653898094607285
4866.2,16.099999999999454,1.499159265143549,6.315880557594428,4.7619444444444445,13.232579561803032,3.451550242787194,12.07797748012408,2.1698769484680214,-2.1599070262748032,-19.541985800599143,26.115474698408086,0.962964975509377,-3.106506708174613,-19.38262255720132,26.107953221172806,0.9633373146147814,4.273924564560844,8.924929342663978,3.8087344393805203,4.728225155094294,0.4037117607364373,13.43029567577154,7.198257268857429,5.0869370742523525,5.0869370742523525,0.0,False,False,False,False,0.0,False,False,21.874888385679444
4866.3,16.199999999999818,1.9740060912024133,6.4937926856769135,5.051944444444445,13.232906030635824,3.230014990293797,11.722417527585936,2.260927831198658,-2.0730084189463276,-19.49027957745213,26.297344691448725,1.0594315915421932,-3.017183217939971,-19.335148915569093,26.30677089572709,1.0598039074196692,4.683360982454016,9.17180668739717,3.8095095380060053,4.833921123603618,0.844156493442569,13.69587006378453,7.290163144526161,5.199390125193059,5.199390125193059,0.0,False,False,False,False,0.0,False,False,22.098617682799727
4866.4,16.299999999999272,2.4556364433669846,6.660585305606102,5.16611111111111,13.229235413341815,2.997039827151607,11.379455181973658,2.3994105441510705,-1.9763200359481252,-19.433878083702115,26.46815554228307,1.1793090049015302,-2.91785479892675,-19.283457780119072,26.49467455480387,1.1796813132253197,5.10585582178749,9.420165581340848,3.8260875645990935,4.967793613460835,1.2984490717464914,13.962920905050144,7.393455742746129,5.340019697481596,5.340019697481596,0.0,False,False,False,False,0.0,False,False,22.328060163518472
4866.499,16.398999999999432,2.9169162172596237,6.749541370042389,4.938888888888889,13.21965144391994,2.7517077540566186,11.051200241230507,2.56097211914557,-1.8689281168914835,-19.372175428659446,26.556513221850267,1.3228410878912755,-2.8075799109396904,-19.22698812030588,26.599810906935076,1.323213387778623,5.5380250970929445,9.670521052217607,3.9245807500447127,5.122061728637527,1.76279129149358,14.23191414847444,7.570859048991431,5.5009773242653415,5.5009773242653415,0.0,False,False,False,False,0.0,False,False,22.562399326011157
4866.599,16.498999999999796,3.371412465076683,6.782899893712192,4.813888888888888,13.20209770611825,2.4871775237877984,10.728261881027203,2.741820914374385,-1.7465760205707288,-19.302682039603177,26.582915395774947,1.4913673343713625,-2.68198618921755,-19.163458109429584,26.643144125553395,1.491739632144625,5.990815841206557,9.928767162633399,4.093623690637717,5.303109953361148,2.1660035096504044,14.157765716496698,7.472727524398094,5.63613613201196,4.7345764031641195,-0.9542062282562256,True,True,False,False,0.00668006841118871,False,False,22.37522579197088
4866.699,16.59899999999925,3.859826343316835,6.771780386348983,5.003888888888889,13.17407864563809,2.2044577386879687,10.373800273724862,2.9411883404956893,-1.608112047469352,-19.224918675520218,26.56551735537677,1.684771651435202,-2.539900504113083,-19.09244475442554,26.64422349880717,1.685143942259157,6.461297247981463,10.195005765834091,4.299549146895237,5.508656747013779,2.665749946433498,14.440564975654905,7.76119034161448,5.848147425292395,5.848147425292395,0.0,False,False,False,False,0.0,False,False,22.62425754959867
4866.799,16.698999999999614,4.348240221556987,6.738421861889092,4.983888888888889,13.135026912514578,1.9028493351799283,10.029475659946232,3.1417902848263872,-1.4521061262059722,-19.138100778795472,26.518643285957673,1.885955140516006,-2.3798566313408998,-19.013233339224154,26.616067193689553,1.8863274306393842,6.95096275394093,10.46816400614367,4.548092022288888,5.705401072941995,3.185345670104114,14.73041968631528,8.076159542965437,6.051356250848474,6.051356250848474,0.0,False,False,False,False,0.0,False,False,22.882444835962122
4866.899,16.798999999999978,4.890922308492163,6.827377926325379,5.261111111111111,13.088619158615503,1.584925501157723,9.730649571157537,3.284128771462707,-1.2793487995449275,-19.042954119317095,26.595983262486712,2.058581021170608,-2.2026791843535762,-18.926510682548543,26.712954921116257,2.058953302987778,7.456226933497475,10.748740053762313,4.6859224015737135,5.853401799982473,3.7211375610713087,15.027947944197393,8.283582858480976,6.205821477516816,6.205821477516816,0.0,False,False,False,False,0.0,False,False,23.15046515438615
4866.999,16.898999999999432,5.379336186732315,6.660585305606102,5.261111111111111,13.03884254292074,1.2540809915017468,9.375410738678061,3.4072330567307,-1.0920448770608124,-18.94102048641011,26.406836084669788,2.206316069898104,-2.0106447350014784,-18.833710500006397,26.54375513463874,2.206688349369435,7.976305795674872,11.033014086067556,5.085507309008501,6.000605932943155,4.272423936163129,15.329279938630261,8.73908012156211,6.359490110105302,6.359490110105302,0.0,False,False,False,False,0.0,False,False,23.427106719462543
4867.1,17.0,5.92201827366749,6.538270717500013,5.548055555555555,12.987241935097968,0.908227295992885,9.03408956752659,3.5171673968341794,-0.8900748597522808,-18.832274474025613,26.26916778608772,2.335982063962301,-1.803632373817068,-18.734812994890845,26.427531823091133,2.3363543380595524,8.514043672329743,11.324465979508583,5.4430010796787,6.1111215986603336,4.8097488698149125,15.529363269202358,9.059629600597583,6.460205694976292,6.18138294171548,-0.2951519787311554,True,True,False,False,0.0006390253243322159,False,False,23.28635890221641
4867.199,17.09899999999925,6.4714838866782465,6.449314653063726,5.593888888888889,12.933746372736305,0.5595239540343684,8.743595994617204,3.609867190294509,-0.6808290003697612,-18.72079307913173,26.166579885123667,2.4537333346908636,-1.5892213451422215,-18.633534570993948,26.346238707472242,2.454105606540526,9.053036168254724,11.612861839397054,5.772922286676267,6.238330267710923,5.379488413964479,15.834210789325066,9.448213037439428,6.59372572343562,6.59372572343562,0.0,False,False,False,False,0.0,False,False,23.574211543941594
4867.299,17.198999999999614,7.041300077960935,6.327000064957637,5.843055555555556,12.87217533739132,0.19560776479968173,8.461269280047386,3.7722452110734723,-0.4573942469191013,-18.602871951829613,26.033227524672775,2.599138224721999,-1.3603270274843298,-18.526508012200182,26.23517108311477,2.599510493113987,9.61127848825185,11.909067021218453,6.14526325990517,6.400846882257586,5.969406247262319,16.147223101026146,9.87854932985711,6.762617448496232,6.762617448496232,0.0,False,False,False,False,0.0,False,False,23.874845041906514
4867.4,17.299999999999272,7.611116269243622,6.171326952391657,5.881944444444445,12.801270698067894,-0.1884262232075456,8.208785747574872,3.9610263495937166,-0.21777906471981215,-18.476540569072103,25.861341332301045,2.764795563508348,-1.114865243690505,-18.411861000007587,26.08593267006291,2.765167829943841,10.191137044333821,12.21354632400467,6.5700016845197675,6.568219507694287,6.581902861676183,16.46884039917512,10.348819421798936,6.936428935551977,6.936428935551977,0.0,False,False,False,False,0.0,False,False,24.189050370596046
4867.5,17.399999999999636,8.214850090964466,6.03789285613227,6.168055555555555,12.72656553066726,-0.5855501695538341,8.014085956823926,4.120775412886549,0.03310707723635889,-18.342817480584795,25.71691963018882,2.921200611132653,-0.8577896174820109,-18.290374329444337,25.964925871877302,2.921572871478182,10.778191774116097,12.524236500915698,6.974480228863295,6.715780519188245,7.201783600962089,16.796903264155198,10.806600236573546,7.090365057559884,7.090365057559884,0.0,False,False,False,False,0.0,False,False,24.5122765113167
4867.599,17.498999999999796,8.845718017017758,5.937817284332775,6.351111111111111,12.64953773605474,-0.9941659711163854,7.907049785397972,4.279498020803668,0.29510792504577327,-18.203052986987895,25.610438309440692,3.077780811649537,-0.589321263489986,-18.163389332827727,25.882197098155814,3.0781530678094695,11.37131817099453,12.842496194096093,7.352091334082966,6.882567612903434,7.761399593625472,16.949152191570093,11.064594112874227,7.235827765520844,6.7647266821182725,-0.49873682856559753,True,True,False,False,0.0018244404867328457,False,False,24.42035416074213
4867.7,17.599999999999454,9.47658594307105,5.75990515625029,6.531111111111111,12.562375267508246,-1.426279139844286,7.820699488680463,4.4500187040786425,0.5773796379472391,-18.053131048325127,25.421576783149685,3.251234769554815,-0.3001151639227203,-18.0272358360621,25.717930731760706,3.2516070255397636,11.993287444262233,13.172443369955891,7.828122968869598,7.059361268825581,8.415168274512295,17.295968568512478,11.584790309663054,7.418909768599649,7.418909768599649,0.0,False,False,False,False,0.0,False,False,24.76726979876049
4867.8,17.699999999999818,10.066752712640731,5.4707979482150115,6.533888888888888,12.464055639287682,-1.8686347438488664,7.721031897579886,4.61337350058864,0.8720778233607602,-17.89637852359633,25.111092819396156,3.4246434954615292,0.0018319538116508944,-17.88485899339445,25.43205341799318,3.425015751432908,12.624170313916194,13.507903352708176,8.434183307839994,7.231147402978466,9.078071971439192,17.648455017953555,12.217725701462443,7.596921989046297,7.596921989046297,0.0,False,False,False,False,0.0,False,False,25.12356627003616
4867.9,17.799999999999272,10.711187690860248,5.2928858185523495,6.696944444444445,12.357045656263857,-2.323951600777521,7.792628613939344,4.7411244545106435,1.1814315816704313,-17.73256833645163,24.91962661327073,3.5763276060422013,0.31875792145330384,-17.736139394996616,25.26536361896123,3.576699859182577,13.268343522419293,13.850653355191314,8.931653327241724,7.362504460228089,9.754811055833498,18.008532586835354,12.751561826057666,7.734505132589629,7.734505132589629,0.0,False,False,False,False,0.0,False,False,25.49211157860314
4867.999,17.898999999999432,11.430241456046721,5.215049263059448,7.146111111111111,12.246621027265926,-2.787784647231809,8.044366115488012,4.891123695065925,1.5012097647220868,-17.56434642990025,24.849276417307603,3.72319589751951,0.6463086116290624,-17.583516084657827,25.22038440442661,3.7235681501987035,13.920308879708585,14.194293613966165,9.318114878432882,7.526089132973711,10.43962583574446,18.36948723810684,13.191685174630106,7.904253630766064,7.904253630766064,0.0,False,False,False,False,0.0,False,False,25.868312936131733
4868.1,18.0,12.189996377761993,5.170571231236348,7.4430555555555555,12.128428203433629,-3.276290342753275,8.447085952577526,5.061431446533111,1.8413135500274829,-17.38576010705419,24.816996589269117,3.883539866589491,0.9946616841659746,-17.42152014893951,25.2138476205408,3.8839121192685138,14.600186983964765,14.551279841961918,9.68538655901606,7.679890059541614,10.9084843637637,18.164531557599286,13.057001110711294,7.976917079406146,6.488071966571065,-1.5762709379196167,True,True,False,False,0.01822319603359708,False,False,25.847396631517334
4868.2,18.099999999999454,12.929400721205331,5.0260176260335765,7.585,12.00413677098117,-3.7722046427512947,8.846741121369293,5.1637268715160625,2.1907225180878807,-17.201189160223027,24.68537889255746,4.0197243781489025,1.3525972970194864,-17.253995286353057,25.10819294370577,4.020096626521696,15.285464383080397,14.911127587598742,10.16200939435912,7.800362054492304,11.620314313594095,18.538322380197272,13.575569490521836,8.10315078787697,8.10315078787697,0.0,False,False,False,False,0.0,False,False,26.24700777580549
4868.3,18.199999999999818,13.675588590739315,4.903703037927487,7.563055555555556,11.873798880774626,-4.276613246229514,9.355461145026089,5.255834487210354,2.5510747085680756,-17.010156798258315,24.575843058471417,4.137412174183826,1.7217749253697197,-17.08054411346956,25.024004155212374,4.137784421986615,15.979393974611991,15.279787700589653,10.628765317453093,7.915216928277415,12.341237905673214,18.92132344566142,14.080986245503375,8.223767375182266,8.223767375182266,0.0,False,False,False,False,0.0,False,False,26.659335501139072
4868.399,18.298999999999978,14.414992934182655,4.703551894328497,7.628055555555555,11.739212359935213,-4.785549429282356,9.859150349359382,5.379177698213856,2.918369952835479,-16.81579266572792,24.397838639307167,4.25757165299308,2.098047852592406,-16.904099996715107,24.87162552764556,4.257943900785362,16.67758776220157,15.64914798959293,11.177003589354614,8.041841917741323,13.066682239822144,19.305099889508195,14.663667535240398,8.356096461031147,8.356096461031147,0.0,False,False,False,False,0.0,False,False,27.079022628723024
4868.499,18.398999999999432,15.188314908079215,4.53675927360922,7.891111111111111,11.598127584732389,-5.3109318638147105,10.481720553173417,5.500747121242802,3.300199834323858,-16.61420249814725,24.262944254091526,4.378002711892407,2.4891872761925624,-16.72113892867763,24.762190504673402,4.378374958856047,17.393327859325403,16.028008353786433,11.700892595773924,8.154689342930862,13.810451365925076,19.698796767919198,15.224516048783263,8.474705599740819,8.474705599740819,0.0,False,False,False,False,0.0,False,False,27.514982468909196
4868.599,18.498999999999796,15.981987460217576,4.381086161043239,8.063055555555556,11.453543669407939,-5.846778643844948,11.18552732925868,5.599456373206443,3.69205829411254,-16.407027242562357,24.149286072036286,4.487100602405813,2.8906128973296346,-16.533082790718886,24.673600282258775,4.4874728474635495,18.119529479731835,16.410446855865402,12.217798681076777,8.260279452024928,14.116342614301225,19.164265098773853,14.900436577364312,8.445268724566617,6.04740905542697,-2.5386483669281006,True,True,False,False,0.047268353212898614,False,False,27.554507591256332
4868.7,18.599999999999454,16.789227064522166,4.192054524807458,8.226111111111111,11.304041505767945,-6.398280213495674,11.926543945472046,5.715520129696778,4.097365819846014,-16.191801708609553,24.012183091062877,4.6001796070144785,3.3058604041892123,-16.337633981023092,24.56154080352878,4.600551852033768,18.861795612140376,16.804384518726188,12.781486934628472,8.379817059087108,14.875338802256836,19.567081785874045,15.49369005624476,8.569881593777803,8.569881593777803,0.0,False,False,False,False,0.0,False,False,28.01166933439929
4868.8,18.699999999999818,17.596466668841817,4.047500920394774,8.266111111111112,11.151349838613843,-6.9535349117791885,12.749992954353479,5.801856330326028,4.508279078906259,-15.973816697556014,23.919736903825047,4.702879188449245,3.7268398456676506,-16.139699363284794,24.492643865199703,4.703251433173047,19.605654613763832,17.199600969336416,13.304682329743565,8.46681176835525,15.63620419331307,19.9713338263671,16.044035757573376,8.661901315074697,8.661901315074697,0.0,False,False,False,False,0.0,False,False,28.475915185022924
4868.9,18.799999999999272,18.464758007947136,3.94742534780519,8.655,10.993773302628437,-7.517280012716215,13.684117855041814,5.905230511275384,4.928139446950121,-15.750620785721296,23.900900893992816,4.807107819655056,4.157007226612117,-15.936991273306699,24.496974441402834,4.807480062770091,20.35922658016191,17.598761255290736,13.782161776372881,8.588388522842013,16.40723797369169,20.37974347797268,16.560630055115467,8.78850308159017,8.78850308159017,0.0,False,False,False,False,0.0,False,False,28.951498986140667
4868.999,18.898999999999432,19.31269876878052,3.7806327278760015,8.57611111111111,10.834770756050705,-8.085393616133148,14.583478480312854,6.012854591874482,5.352282012174552,-15.523606750907726,23.8232428076523,4.911569827405698,4.591635538319652,-15.73067603705311,24.44178537577864,4.911942069141201,21.1132809709794,18.001020440039262,14.33392908281324,8.67707720840823,17.178989296013807,20.791443299001948,17.144106637585544,8.882166529064843,8.882166529064843,0.0,False,False,False,False,0.0,False,False,29.434330360987733
4869.1,19.0,20.174206581780133,3.6471986316166154,8.69111111111111,10.670634226982925,-8.67427827706119,15.560741650510947,6.092715522600456,5.793420876475915,-15.286441176311884,23.77582204421662,5.00625885067305,5.0437304926434345,-15.515040183366606,24.415624159262997,5.006631092218692,21.88979530260015,18.417980783602474,14.87007901930682,8.775989075675225,17.34342270732738,20.047883569667334,16.643190913435603,8.809105548917394,5.791763838382014,-3.194389820098877,True,True,False,False,0.07484392733219884,False,False,29.541677903482874
4869.199,19.09899999999925,21.05606497305168,3.458166995380833,8.988888888888889,10.506753899822138,-9.260667290219402,16.52442766646771,6.207461118367722,6.234273506691562,-15.049062717430681,23.710821451713542,5.1088742957981115,5.4955491280136055,-15.299178190796518,24.3714515734515,5.10924653732841,22.659551075810576,18.83231418438778,15.45754086104873,8.884275860619116,18.11624281970084,20.463866400194863,17.257936334922103,8.921463558332508,8.921463558332508,0.0,False,False,False,False,0.0,False,False,30.038720833110553
4869.3,19.199999999999818,21.937923364323222,3.3358524064846553,8.938055555555556,10.337063672620106,-9.870460290815345,17.57801583357602,6.326479416715103,6.693301805639075,-14.801514078427552,23.693090753962725,5.218335396335064,5.966013321656922,-15.074033866748016,24.37264497350227,5.21870763767928,23.454374273217645,19.260434882507393,15.996623093476236,8.992769889250546,18.914557453328268,20.893867712917796,17.816414985420238,9.034111058394231,9.034111058394231,0.0,False,False,False,False,0.0,False,False,30.55757104704339
4869.4,19.299999999999272,22.84013233385163,3.1912988028620606,9.103055555555555,10.169345992681881,-10.484349475156705,18.643287862596864,6.401330189376935,7.155986764322363,-14.550572755473674,23.68050735602316,5.308770229243403,6.440293130513147,-14.8456771965555,24.37800707808009,5.309142467998144,24.248918226612208,19.68943068412366,16.558171193194664,9.066438196256913,19.712920078771504,21.324925319006468,18.401300690857123,9.111891713351337,9.111891713351337,0.0,False,False,False,False,0.0,False,False,31.082436683341374
4869.5,19.399999999999636,23.74234130336498,3.0022671666262783,9.216111111111113,10.002132958208271,-11.105577098492356,19.69326268491727,6.465436245824729,7.625480650407758,-14.294565571299263,23.641777007463155,5.386354535268869,6.921618167489646,-14.612588782060383,24.356105536533413,5.386726773901499,25.048670343929693,20.125099012471374,17.172590543750516,9.147955468897662,20.51684427853375,21.762866406806864,19.035858659589262,9.197521333942863,9.197521333942863,0.0,False,False,False,False,0.0,False,False,31.618280709557833
4869.599,19.498999999999796,24.637766746817814,2.8132355296004072,9.175,9.833630043882245,-11.727749079409042,20.75096857784363,6.556538744177292,8.097300792812609,-14.037052924834871,23.611845225930146,5.472621448905557,7.405339001621736,-14.37810896891566,24.34130012263236,5.472993687538024,25.84760719052289,20.561162771222115,17.789115640557355,9.239786225028817,20.861032813832665,21.427393840043102,18.993435939997383,9.176275910959298,7.176580806229239,-2.11684250831604,True,True,False,False,0.03286975676920536,False,False,31.774082896343714
4869.699,19.59899999999925,25.539975716346223,2.6464429096712188,9.23111111111111,9.658018604904091,-12.363962922506255,21.85289099721945,6.643616584351611,8.582554030361592,-13.774249655318535,23.604942163670124,5.564396101733847,7.9027327877101445,-14.138992325484827,24.347960369553366,5.56476833271905,26.66265288220214,21.00598740118781,18.393838043070605,9.330818837364088,21.67065806691372,21.869260176236672,19.608373791214223,9.27082586137315,9.27082586137315,0.0,False,False,False,False,0.0,False,False,32.32454880983411
4869.799,19.698999999999614,26.469318790222147,2.4796502889519414,9.406944444444445,9.476563461947263,-13.007430571166429,22.99137680119351,6.727704752943854,9.07676539406797,-13.50854899515397,23.624636081564493,5.657755509959983,8.409214031768396,-13.89741369241566,24.37981969859769,5.658127740935341,27.488756292891726,21.449998235853798,18.99771970654301,9.426499376574197,22.49163200663702,22.31051404288187,20.22585348941398,9.370023738661871,9.370023738661871,0.0,False,False,False,False,0.0,False,False,32.884959354974036
4869.899,19.798999999999978,27.419012442354937,2.3350966845392587,9.616944444444444,9.28950431712426,-13.656508583510076,24.17458384154541,6.782244623828736,9.578972647045669,-13.239631680429499,23.682043483212777,5.735745611679017,8.923836986669887,-13.653007733713448,24.447719689687347,5.736117840308857,28.32163440515146,21.897897241681843,19.58361284457648,9.486982262686048,23.319691062668742,22.75582149244042,20.828116512396942,9.434023962852335,9.434023962852335,0.0,False,False,False,False,0.0,False,False,33.45566470032942
4869.999,19.898999999999432,28.375489620578374,2.179423572763367,9.658888888888889,9.097968331543921,-14.310062375808602,25.367813739014423,6.838622025902267,10.088659667389704,-12.969028750676804,23.746236702525696,5.805620815958788,9.446012339600694,-13.407278886249465,24.520815722093072,5.805993042256319,29.16226361248929,22.34612461645987,20.18204261962047,9.56626148991141,24.1558024140856,23.20163992558115,21.441533072644745,9.516820528156277,9.516820528156277,0.0,False,False,False,False,0.0,False,False,34.035711555077995
4870.099,19.998999999999796,29.331966798801805,2.023750460197387,9.716111111111111,8.901977466862906,-14.96996257279042,26.57387338629197,6.929200242987176,10.605342530273054,-12.695399539739462,23.818896557466534,5.887698654895349,9.97532133091423,-13.158864626309906,24.60064073625993,5.888070880812297,30.01173069095843,22.795209587574323,20.78257908031076,9.651143419982573,24.595374454121703,23.02108524306658,21.524947735675703,9.510201134579862,7.884766057139792,-1.7204537391662598,True,True,False,False,0.021714847621647174,False,False,34.25243302986363
4870.199,20.09899999999925,30.295227503115893,1.9125553794545058,9.756944444444445,8.700962323198295,-15.638507884072329,27.827182939365656,7.033049454963769,11.129494122971918,-12.417074212862003,23.930391142891043,5.981588320829846,10.512316776922983,-12.906119789348947,24.71753811687221,5.981960546633562,30.868849502429967,23.24990920613324,21.34506290744955,9.754055884392317,25.440176906436836,23.46925106055206,22.096665924608708,9.61615537584912,9.61615537584912,0.0,False,False,False,False,0.0,False,False,34.84722879051578
4870.299,20.198999999999614,31.278838785686833,1.7457627595253173,9.946944444444444,8.496303295189712,-16.315230705922808,29.073070156671115,7.1068105207808445,11.660474647852135,-12.13247504088764,24.03093206451821,6.0673348906422495,11.056435651784795,-12.647437540216204,24.821559245513374,6.067707107482135,31.733200673286163,23.709309863909162,21.96824631442826,9.822990991155109,26.292485414773466,23.922251070918225,22.73016396256229,9.688132259471452,9.688132259471452,0.0,False,False,False,False,0.0,False,False,35.45265794315102
4870.4,20.299999999999272,32.262450068257785,1.6234481714192284,9.923888888888888,8.287887334473208,-17.005011220951488,30.361145525315358,7.162085254801062,12.202735410608618,-11.839174718289655,24.158525766627783,6.140579641401017,11.61224145567311,-12.380607862175355,24.950845699801903,6.140951858150518,32.609432058655216,24.182852707143518,22.56207281054021,9.899863447130166,27.156870494935504,24.389391800346544,23.331419418779948,9.768076910074623,9.768076910074623,0.0,False,False,False,False,0.0,False,False,36.07513152486766
4870.499,20.398999999999432,33.24606135082873,1.4900140751598423,9.948055555555555,8.083650946773647,-17.685511016551786,31.63617644224665,7.191213490911459,12.73891191272426,-11.546988476738706,24.300341841524737,6.195246286723771,12.16191563709142,-12.11459782777773,25.092362692812692,6.195618497732623,33.47282361207851,24.650234229643285,23.161330245201118,9.934060449222756,28.008919523043605,24.85063325032674,23.940471648894302,9.805285271258152,9.805285271258152,0.0,False,False,False,False,0.0,False,False,36.69429332696412
4870.6,20.5,34.23645615947527,1.345460470747159,10.026111111111112,7.876805997656653,-18.37986015985584,32.92293168345669,7.155395996916151,13.287861780185146,-11.244789388021003,24.44090828865076,6.2133631228668325,12.724831708725027,-11.839202006721512,25.230642305634746,6.213735332178442,34.35256420683018,25.132802913423497,23.787625807629723,9.935290772495442,28.30542140183083,24.507733413974666,23.909580949756425,9.685481605887496,7.556871486287275,-2.252716302871704,True,True,False,False,0.037234607781495406,False,False,36.972969835899626
4870.699,20.59899999999925,35.24041802030308,1.200906866334476,10.186944444444444,7.6748112672075015,-19.05679812291235,34.208731152991696,7.115974963204113,13.825120148299366,-10.945626923010165,24.620180057065745,6.209630059085551,13.275922716399924,-11.566275724440944,25.40551131666873,6.210002260111143,35.21312165973232,25.608235340398654,24.407343737739353,9.926440457796627,29.144435902298845,24.971263999735818,24.539577751715115,9.679036649593122,9.679036649593122,0.0,False,False,False,False,0.0,False,False,37.59787440369032
4870.8,20.699999999999818,36.25116340722154,1.0785922782283865,10.188888888888888,7.469206240101726,-19.745610391930573,35.52532160611322,7.118553027567534,14.37122519353444,-10.636973557828405,24.819068860328866,6.212087704991046,13.836308287169457,-11.284295590468785,25.59817818726373,6.212459899227863,36.0880194023955,26.099238347624087,25.02117794381946,9.940088132367144,29.997650988726384,25.450098442685473,25.161016082273843,9.695138275667194,9.695138275667194,0.0,False,False,False,False,0.0,False,False,38.24211863588477
4870.9,20.799999999999272,37.26869232023064,0.9451581819690003,10.26888888888889,7.266912878836783,-20.428834448303697,36.83686103088854,7.1323213425533165,14.911686730384545,-10.329675257060972,25.039120751781162,6.222235706367001,14.390991201532179,-11.003396918017897,25.810020872791245,6.222607900453081,36.95219324833297,26.59110974853696,25.647904464444302,9.946931866105567,30.840642230371255,25.929913106059526,25.7984070549832,9.704411664359602,9.704411664359602,0.0,False,False,False,False,0.0,False,False,38.88686560342533
4870.999,20.898999999999432,38.29300475931532,0.8117240857096142,10.325000000000001,7.066452167095491,-21.106861032473947,38.15130352134418,7.151306065610224,15.447526791226522,-10.024029225391917,25.284964176551224,6.2400584941633435,14.940977993730622,-10.72392588584568,26.045889777982783,6.240430685779378,37.80969179788148,27.07816045004833,26.27088256417255,9.975600977218495,31.67736737453108,26.405164718613058,26.434652663443643,9.735486133876993,9.735486133876993,0.0,False,False,False,False,0.0,False,False,39.53143281542462
4871.1,21.0,39.317317198400005,0.667170481296931,10.401944444444444,6.857682239952976,-21.798915533528977,39.47597905639824,7.162876182142804,15.995343213072042,-9.710413721354902,25.52662775329799,6.259643167848619,15.503312112377412,-10.43707171596219,26.27567378798306,6.260015359417194,38.68438961279142,27.57920369164933,26.919474899108536,9.985547418853567,32.13283654170544,26.3604555641665,26.67886168216377,9.66714097039758,8.277645934059075,-1.470240592956543,True,True,False,False,0.01586315500705971,False,False,39.846613143698605
4871.199,21.09899999999925,40.35519668966598,0.5337363858276333,10.475,6.645184737097097,-22.47745991528941,40.81519399746716,7.201811685356992,16.535082842609587,-9.402632950406774,25.809480027168064,6.292440608617269,16.057296868717525,-10.155656453966964,26.545264266763272,6.292812798651924,39.544845747653866,28.07151209084808,27.549696176713717,10.041496025425614,32.96601884303085,26.837159289536324,27.32160327836839,9.725106315184233,9.725106315184233,0.0,False,False,False,False,0.0,False,False,40.49863753433499
4871.299,21.198999999999614,41.39307618093195,0.40030228877815854,10.501944444444446,6.423569167905622,-23.1674300006766,42.16994695279455,7.291956276754378,17.084451060904858,-9.089474773978404,26.095308465830264,6.354679659253498,16.62115862785268,-9.869334132314274,26.816288547783508,6.355051848087545,40.42080384566328,28.569357245906637,28.185829252864878,10.10945817407723,33.814558694253485,27.31942146025577,27.965566403420205,9.795105573143553,9.795105573143553,0.0,False,False,False,False,0.0,False,False,41.165489040191034
4871.399,21.298999999999978,42.424172146107274,0.3224657324951685,10.416944444444443,6.201087621715758,-23.864990471159555,43.556226765698234,7.35174660433734,17.638675760479483,-8.772338733403314,26.40144502399244,6.416230170881512,17.190062989617672,-9.579272679709993,27.107281097619722,6.41660235960807,41.300837350386715,29.07248022830072,28.771951872827568,10.164581431698986,34.66739047063283,27.806992972600938,28.558131934233586,9.852265940073018,9.852265940073018,0.0,False,False,False,False,0.0,False,False,41.84115756578038
4871.499,21.398999999999432,43.46883516344883,0.18903163623578229,10.506944444444445,5.981734289928514,-24.56749750119503,44.92402994872509,7.367435181226137,18.197125775959506,-8.452288714699735,26.708270493860294,6.456974078387165,17.763328242677836,-9.286504344865165,27.39632946551315,6.45734626705112,42.184023692708536,29.57829671442149,29.417335745291616,10.19094295758325,35.52356368395021,28.297338560523446,29.209660337513203,9.88066457526497,9.88066457526497,0.0,False,False,False,False,0.0,False,False,42.524293813886025
4871.599,21.498999999999796,44.50671465472986,0.10007557258958388,10.521944444444443,5.763019943873416,-25.26999793480443,46.311062497189816,7.347789596903821,18.75737183192752,-8.129680921844988,27.032527587406445,6.47287860263521,18.33851073864951,-8.991267741275497,27.702480384328805,6.473250788993385,43.06829677343998,30.085416926681933,30.019822486528053,10.196404010394659,35.94614053537259,28.24002528273686,29.41326569666529,9.80526057747277,8.373050098910573,-1.5151126384735107,True,True,False,False,0.0168498456409536,False,False,42.87527240321478
4871.699,21.59899999999925,45.578511776403865,-0.03335852445989085,10.755,5.541232288494766,-25.97365069997017,47.706210360327155,7.407799674435344,19.31880417963107,-7.803528517259721,27.385174543628782,6.513013009529407,18.91504898916552,-8.69254772110498,28.034296947662856,6.513385192744082,43.954252879309884,30.597654960668347,30.674047729161813,10.271190132560717,36.79830571073077,28.73272623164963,30.076230660628987,9.881686480548746,9.881686480548746,0.0,False,False,False,False,0.0,False,False,43.56530401771865
4871.8,21.699999999999818,46.63674184592671,-0.14455360441268328,10.674999999999999,5.315233891358423,-26.689173122899142,49.11297023211549,7.4509216874475275,19.89013178059126,-7.473126837484109,27.73245635748111,6.556105883586922,19.501676231254653,-8.39006037420571,28.36018631467819,6.55647805489418,44.85069345279943,31.120882600842762,31.316408957086548,10.282586780910567,37.66084258411183,29.23616521708713,30.721220776952894,9.894739307617629,9.894739307617629,0.0,False,False,False,False,0.0,False,False,44.270031494715695
4871.9,21.799999999999272,47.71532249372147,-0.3002267161885749,10.86111111111111,5.091717313032561,-27.40293505348021,50.5106772654609,7.507912500086178,20.460368991036788,-7.144638807513315,28.101218253118077,6.605613351820076,20.08712177981743,-8.089432104256437,28.705211987812827,6.6059855192239345,45.746674642337986,31.634277777420426,31.99512699795221,10.370324871946186,38.52324309118933,29.730318739260674,31.405859072699464,9.984117179563164,9.984117179563164,0.0,False,False,False,False,0.0,False,False,44.97478813508342
4872.0,21.899999999999636,48.773552563244316,-0.40030228877815877,10.751944444444444,4.869876300021037,-28.12317283780207,51.923889886100135,7.564740106970682,21.03192960829302,-6.80873249426101,28.472190324476717,6.653837091239156,20.674246726799385,-7.7814577030250565,29.052580672624153,6.6542092282030945,46.64451669775846,32.15421586970626,32.62406238112625,10.38015441199967,39.387734844529334,30.230943754891,32.036960037380915,9.995586500526578,9.995586500526578,0.0,False,False,False,False,0.0,False,False,45.68761367016935
4872.099,21.998999999999796,49.85213321102402,-0.5226168776743366,10.855,4.65729706645147,-28.83875214544018,53.33269851261207,7.516159188587333,21.598878601469064,-6.473292824258131,28.873117951713997,6.654312592027519,21.25674253199681,-7.473727124076926,29.428120934640717,6.6546847202081025,47.52676155554708,32.68030294992518,33.284249103954515,10.371201092046466,40.12823536122662,30.60699594334711,32.61298796154681,9.968590583805952,9.62739460660099,-0.36086195707321167,True,True,False,False,0.0009560688336979493,False,False,46.07156156980456
4872.2,22.099999999999454,50.93749738489437,-0.611572941320535,10.91,4.447487624854855,-29.57219477190109,54.77260833941057,7.590100390494469,22.181864697809623,-6.135241503691086,29.28134774257253,6.690582561250579,21.85538352104156,-7.164161126405725,29.811168355390198,6.69095466826564,48.43371251787673,33.21270971936447,33.916825266675865,10.454015464620356,41.00018649394387,31.118856788046436,33.2501175720282,10.052967273109035,10.052967273109035,0.0,False,False,False,False,0.0,False,False,46.80053846311504
4872.299,22.198999999999614,52.029645084840304,-0.7338875294266242,10.983055555555556,4.237190236536497,-30.300810019816645,56.198947018426324,7.730487183019459,22.759630928337923,-5.802441961507438,29.70562190483168,6.7793626164893235,22.448556881725192,-6.85958955428097,30.208690878251918,6.7797347191618105,49.335920632158285,33.729473750030685,34.56847439655638,10.5504956882607,41.86800788831119,31.61592489744684,33.90824729424658,10.150978876513644,10.150978876513644,0.0,False,False,False,False,0.0,False,False,47.52414778191082
4872.4,22.299999999999272,53.1217927848013,-0.8673216256860105,10.956944444444444,4.011272191896644,-31.052618166755032,57.645427920854104,7.814655203735184,23.35534096748574,-5.455865873748845,30.118040973957775,6.868026165500079,23.060318021498276,-6.542122158684896,30.59241124909949,6.868398265446394,50.261466192877954,34.26555993235408,35.24912530522902,10.629506271902773,42.75870472573207,32.131826315426956,34.588110080770285,10.23155177688491,10.23155177688491,0.0,False,False,False,False,0.0,False,False,48.27283693844475
4872.499,22.398999999999432,54.21394048476229,-0.9673971982755943,11.046944444444444,3.785442162339345,-31.79238856452825,59.10341390972407,7.811054447824952,23.945140914219937,-5.113261367106254,30.55140614027542,6.91154206623667,23.665983798168003,-6.228337126820346,30.99766356772389,6.911914161271262,51.170446277564956,34.79670835814782,35.89337129945081,10.638946535454076,43.63373436588048,32.643136325093145,35.236468682935836,10.24252342020048,10.24252342020048,0.0,False,False,False,False,0.0,False,False,49.01430081344997
4872.6,22.5,55.30608818470822,-1.0785922782283865,11.011111111111111,3.5577773206089476,-32.54443362294516,60.563907146239686,7.748367790477735,24.548904668341237,-4.7633370630739185,30.97711545623516,6.907046830272813,24.285950752025354,-5.907913784335919,31.393809462247262,6.9074189234480805,52.10016946752122,35.333588716097225,36.55304145464146,10.620540271815106,44.09056175919699,32.660738529600344,35.55461258910638,10.150676601592872,8.843470291505131,-1.3822091817855835,True,True,False,False,0.01403014205012334,False,False,49.45764924985646
4872.699,22.59899999999925,56.43215351510737,-1.2787434226174663,11.29888888888889,3.334500729274027,-33.27721538995437,61.994055679632396,7.727326738558454,25.139476784932764,-4.419449824682413,31.44989115471122,6.898990045469753,24.89244963092502,-5.592884709669508,31.83339027101189,6.899362138490684,53.009109558223955,35.862306247917864,37.298455739613786,10.622480195212926,44.95934379280066,33.166096690380684,36.30526646829991,10.153801889349708,10.153801889349708,0.0,False,False,False,False,0.0,False,False,50.200675333235004
4872.799,22.698999999999614,57.54465179332524,-1.3788189944169615,11.241944444444444,3.103299388947908,-34.017528174559246,63.47555583501026,7.7842834808356,25.736952712453707,-4.0719113079562215,31.921504773874926,6.925060078334275,25.50602068007487,-5.274541322986939,32.274611323333595,6.925432170732155,53.928998823220525,36.398514677167206,37.94996555643277,10.67273747867547,45.838793796754764,33.67873285558837,36.9602361078996,10.205256510548645,10.205256510548645,0.0,False,False,False,False,0.0,False,False,50.95730538627643
4872.899,22.798999999999978,58.67071712372439,-1.512253091466436,11.306944444444444,2.8679084119798604,-34.76285726076139,64.95811063864686,7.8480481035142775,26.337584527084147,-3.7227953852998987,32.408609361475946,6.969408924839712,26.12282000792737,-4.954774540830702,32.72944485612062,6.969781016978541,54.85370254303673,36.93526470751341,38.6365270852862,10.71115893437575,46.72311873896173,34.19204477311785,37.65025887250366,10.244875303985316,10.244875303985316,0.0,False,False,False,False,0.0,False,False,51.72099696757636
4873.0,22.899999999999636,59.76964834974591,-1.6234481714192284,11.146944444444443,2.6325378618202215,-35.51840486622343,66.4343095414717,7.822552282925362,26.945603495907868,-3.3669956461293458,32.870319109545306,6.980566059681631,26.747320445900133,-4.628687627980511,33.15879377149272,6.980938147734459,55.78797977689914,37.4790466486053,39.30469165092178,10.694889271352762,47.61674640871086,34.712167249891344,38.31409627844295,10.229814952076076,10.229814952076076,0.0,False,False,False,False,0.0,False,False,52.49756503942615
4873.099,22.998999999999796,60.88214662797883,-1.7346432521621096,11.2,2.40543107226145,-36.258799938348254,67.90761118664543,7.822772099100703,27.541316754053234,-3.0160015436927017,33.36544343708508,6.987656901282493,27.35929706498748,-4.306807674139865,33.621384157060476,6.988028989022407,56.70183959829763,38.016694211615615,39.970536611628575,10.725013471575085,47.973722398244995,34.66310240677697,38.618950078265954,10.176736181557189,8.698353911570145,-1.5627706050872803,True,True,False,False,0.01794015282023744,False,False,52.9568862321225
4873.2,23.099999999999454,62.00821195836292,-1.856957841058287,11.329999999999998,2.171693721119097,-37.015722715969545,69.40135202058606,7.8642213130567935,28.14931911423163,-2.6550215956526095,33.868296833274066,7.014135737803004,27.984030572616373,-3.975545566285395,34.09007675144872,7.014507820151395,57.635734041066875,38.56776029689648,40.66050171444434,10.747425718605651,48.85996027442101,35.186047629155404,39.30726111815173,10.199965973127775,10.199965973127775,0.0,False,False,False,False,0.0,False,False,53.73722785986895
4873.299,23.198999999999614,63.12749376265636,-1.9347943965511885,11.253055555555557,1.9375022112697404,-37.76111390772741,70.90655989240807,7.919963919008371,28.7463634452917,-2.2962435535013324,34.38303022411886,7.05765453675522,28.597711878531374,-3.645954624487694,34.572155071544465,7.0580266140010295,58.55193382183514,39.11505598624757,41.30406717530625,10.812537193200564,49.729665040336805,35.70556933106487,39.95370816357157,10.265878803261918,10.265878803261918,0.0,False,False,False,False,0.0,False,False,54.50944705484654
4873.399,23.298999999999978,64.24677556696487,-2.0459894772940697,11.26611111111111,1.6980162959826657,-38.51825139266684,72.40561563554883,7.962236235203617,29.351159340983532,-1.9279612733767424,34.89581583009476,7.104480798483869,29.219594215524506,-3.3072438827135944,35.04988154190941,7.104852867893741,59.478461352567386,39.67512550024311,41.992716694875824,10.840463760048118,50.60944440342213,36.23738040409051,40.639798359970214,10.2946148201491,10.2946148201491,0.0,False,False,False,False,0.0,False,False,55.29695908859107
4873.499,23.398999999999432,65.34570679300144,-2.0904675083270803,11.09,1.4596414924641883,-39.27626641051827,73.92031506682525,7.930034179090231,29.9565558815232,-1.5548493571442439,35.393203995106994,7.118314383515813,29.842309269302127,-2.963737907936827,35.514135733770196,7.11868644956544,60.40250423021593,40.24191380073641,42.620015941722464,10.839981044631676,51.48699249312196,36.775649787896405,41.26304685465539,10.294941554772278,10.294941554772278,0.0,False,False,False,False,0.0,False,False,56.08987680610063
4873.599,23.498999999999796,66.45142154512867,-2.123826032786971,11.106944444444444,1.223080319873979,-40.031329668458696,75.44345784020459,7.8950320993545615,30.56042520043198,-1.178460273978187,35.903444612362186,7.113076668794234,30.463656798784996,-2.616884776908392,35.99114222087611,7.1134487284773655,61.32367264658621,40.812340989684536,43.241279436992535,10.829706809150139,52.04878962054861,36.989714241769114,41.680988941773606,10.236590488924644,9.375551546933519,-0.9099252223968506,True,True,False,False,0.006083768166081032,False,False,56.58925627386134
4873.7,23.599999999999454,67.55035277116524,-2.112706524633674,11.063888888888888,0.983025614166066,-40.7886713655375,76.98726713685704,7.837242204421965,31.16698991285836,-0.7958695147415958,36.4071854527351,7.087849251594309,31.08799583432222,-2.2639667881112646,36.46267067916242,7.088221306886935,62.24850241756183,41.39254762748724,43.82712351971823,10.7893933287364,52.9228996933306,37.53810107177276,42.262855163742735,10.196870660443306,10.196870660443306,0.0,False,False,False,False,0.0,False,False,57.39141441153289
4873.8,23.699999999999818,68.68998515374568,-2.2127820972232577,11.31888888888889,0.7421959100095382,-41.52992597825536,78.50312010406316,7.750807787385523,31.760672140244004,-0.41332364429383445,36.97312822000599,7.037677906366761,31.699464698180158,-1.9104723620691617,36.991755767327135,7.038049922331679,63.15713067154081,41.96876042679455,44.52663448457394,10.729217165494335,53.78151395560132,38.08259715740696,42.964870565851626,10.13728227139174,10.13728227139174,0.0,False,False,False,False,0.0,False,False,58.186441161426494
4873.9,23.799999999999272,69.82283401020534,-2.3128576690227534,11.32611111111111,0.4957465403107851,-42.261024769694586,80.0131308708865,7.6799404156092725,32.34554308728087,-0.027084001225645454,37.546931914364336,6.980350345681689,32.30231041705593,-1.5528632530551225,37.52821981144834,6.980722349979057,64.05248640295981,42.55498146949766,45.23737282898498,10.674679645182604,54.627371301632635,38.63640985773189,43.67773572319594,10.083332525270501,10.083332525270501,0.0,False,False,False,False,0.0,False,False,58.98193151930317
4874.0,23.899999999999636,70.95568286669514,-2.401813732668952,11.351944444444444,0.24303153918838297,-42.98215686287272,81.52940148394701,7.602885969540503,32.92426185277895,0.35732194097146647,38.131375716112075,6.914744615302994,32.898922644846444,-1.1967889923382224,38.07583332256951,6.915116618333297,64.93771741847645,43.144642432261676,45.94230705264921,10.598157512396133,55.46341107390934,39.19330405640836,44.38653297103483,10.00739816667453,10.00739816667453,0.0,False,False,False,False,0.0,False,False,59.7769826272893
4874.099,23.998999999999796,72.08853172316987,-2.4907697971052385,11.311944444444444,-0.008371989739312836,-43.69082974064138,83.03859623295344,7.587932125299427,33.49063942096879,0.7382270766307674,38.73272145076963,6.874455269029451,33.48303880232044,-0.8436164304316862,38.640615909624145,6.874827234938075,65.81231568551055,43.72393098923624,46.638926408338804,10.594689536045504,55.46478228052086,38.90584110019371,44.60973480434896,9.880771977124825,7.688941255473665,-2.315570831298828,True,True,False,False,0.0394102544669864,False,False,60.27613725537248
4874.2,24.099999999999454,73.22138057964462,-2.579725861541526,11.368888888888888,-0.26233560799255007,-44.41713289390584,84.55900408553151,7.648268725803575,34.060800642912056,1.1355638260564436,39.336425847349076,6.887618947408478,34.071726789106044,-0.4742128884585338,39.20623135164679,6.887990846335364,66.69731638332162,44.32826835586964,47.35951155933117,10.62625189448062,56.29023780798552,39.46951706222948,45.32992859046449,9.912368802489812,9.912368802489812,0.0,False,False,False,False,0.0,False,False,61.07425794879974
4874.3,24.199999999999818,74.35422943611934,-2.6464429096712183,11.368888888888888,-0.5119463116320974,-45.138720946413606,86.0844815506548,7.62255110060513,34.62153147383588,1.5357709010794265,39.952198934737964,6.890425124009813,34.65113320846136,-0.10148750655022372,39.784578017952434,6.890797020619603,67.56226439031057,44.94330066872559,48.071971907141986,10.600144885405578,57.097007594188625,40.04318100912743,46.04579998251823,9.886295919087912,9.886295919087912,0.0,False,False,False,False,0.0,False,False,61.86831589483168
4874.4,24.299999999999272,75.48707829259408,-2.690920941494318,11.31,-0.7637270677113948,-45.85335878539375,87.61952612702075,7.531604647585037,35.17715867355578,1.9399272886058625,40.57504621098478,6.851318348827212,35.225632168456706,0.27542895196549994,40.370574379085134,6.851690206342055,68.42183935812771,45.559092401182276,48.76455053386188,10.547607553773764,57.898553507880386,40.617401252056645,46.74363031818246,9.833792713129238,9.833792713129238,0.0,False,False,False,False,0.0,False,False,62.66322545347293
4874.499,24.398999999999432,76.61314362297816,-2.724279465954209,11.31611111111111,-1.021593241609015,-46.55354959319038,89.15243848555085,7.542933903114967,35.719590715654824,2.3457949316308273,41.2066538775123,6.835142833371748,35.787033239511686,0.6546911042879977,40.965701887768894,6.835514661956326,69.26256270776777,46.18002079852218,49.45363105120918,10.566817059319332,58.68243357496152,41.19634722039185,47.43977035512945,9.853036003091216,9.853036003091216,0.0,False,False,False,False,0.0,False,False,63.45233794963058
4874.599,24.498999999999796,77.75277600554354,-2.7798770059306053,11.375,-1.2905897829146349,-47.26009907085567,90.69919420873069,7.577591094945005,36.26416750686276,2.7594509737415116,41.856765159567516,6.842220446207142,36.35095224871857,1.0416296153983446,41.577817682606394,6.842592274055482,70.10443947180623,46.81818277986287,50.184306174823675,10.561431332333356,58.75255701327374,41.08658443784278,47.80454749657471,9.744106322034172,7.898495573310058,-1.9491888284683228,True,True,False,False,0.027934325113478427,False,False,63.9717523969781
4874.699,24.59899999999925,78.85849075767075,-2.768757497777308,11.141944444444443,-1.559939730401707,-47.96880826229318,92.25057480189353,7.585845525480693,36.808249635021646,3.175199926868701,42.46826354277903,6.852657466302385,36.9144780218599,1.430682541885355,42.15371277869347,6.853029291536314,70.94587505039226,47.45865091706288,50.84684890337089,10.587689384056462,59.528939824929125,41.67753693116451,48.46756263446345,9.769941126995773,9.769941126995773,0.0,False,False,False,False,0.0,False,False,64.76715802967779
4874.799,24.698999999999614,79.98455608805484,-2.790996514083902,11.223055555555556,-1.8240991068161898,-48.67678499260672,93.79851624140457,7.527268535265294,37.350195949964075,3.593253758415934,43.1097125474798,6.836436434183347,37.4759815011572,1.8221407864451544,42.75815652204118,6.836808253996075,71.78361856694967,48.101284665908786,51.54880852093974,10.529055958742935,60.30178313309552,42.270385676134055,49.172550433035,9.710884454920736,9.710884454920736,0.0,False,False,False,False,0.0,False,False,65.56475292622883
4874.899,24.798999999999978,81.12418847063527,-2.824355037753704,11.31,-2.086004732072526,-49.37983902988798,95.34856759581568,7.477828942478334,37.88772676625327,4.013429691214966,43.773815469001654,6.8089823515044285,38.03317679926741,2.2159317577443383,43.384787401148266,6.809354161026421,72.61569537137824,48.74673845150639,52.268270858122996,10.532400760128697,61.06919607059686,42.86567878248016,49.897714483327924,9.713806009544987,9.713806009544987,0.0,False,False,False,False,0.0,False,False,66.36361688951645
4874.999,24.898999999999432,82.25025380101937,-2.846594054060298,11.283055555555555,-2.350305913851925,-50.081161261032264,96.89354490005748,7.511625044731002,38.42210616278123,4.435752648968296,44.42903441334631,6.813340727185491,38.58732774944303,2.6120193676418952,44.002813226804165,6.813712534791903,73.44328219467066,49.398628988726614,52.982318556907124,10.537589487772633,61.83246076009159,43.46690274408997,50.614486644975806,9.718571490427417,9.718571490427417,0.0,False,False,False,False,0.0,False,False,67.16590238692828
4875.1,25.0,83.37631913140346,-2.857713562213595,11.295,-2.617431357895301,-50.78769391478381,98.44901289405362,7.4456814306279435,38.96050264066335,4.8623815025802655,45.08175487210492,6.789380077366543,39.145698997160395,3.0122144323041216,44.61842458133782,6.789751884900059,74.27513131148791,50.05821496252542,53.69289628403992,10.4844916016836,62.128113753570275,43.61992173860184,51.10437177907761,9.598882933994833,8.4127844864679,-1.2522616386413574,True,True,False,False,0.011533469544501183,False,False,67.70341700153014
4875.199,25.09899999999925,84.4956009356969,-2.846594054060298,11.181944444444445,-2.8769762956515743,-51.47046766335856,99.99124130053075,7.310734550738346,39.48352816185486,5.278868648245339,45.73958722511837,6.717608738286953,39.68822751428275,3.403020353040641,45.24111396908231,6.717980540328827,75.08528539256065,50.69977274122961,54.366970079241284,10.392573790907448,62.86950674729168,44.20702788706306,51.78543509157705,9.5062606098553,9.5062606098553,0.0,False,False,False,False,0.0,False,False,68.49040240035683
4875.299,25.198999999999614,85.61488274002046,-2.8354745459070014,11.24388888888889,-3.13763803301717,-52.146341035609545,101.53113560644215,7.177229019685634,40.0032890304817,5.696701481757456,46.402753242572665,6.620116100239182,40.22756026043552,3.795328162289491,45.86912454386788,6.620487899568317,75.8924997341037,51.34617203774226,55.047030417900025,10.290047355523978,63.60751013877087,44.79800459365154,52.47163789847798,9.40302254481184,9.40302254481184,0.0,False,False,False,False,0.0,False,False,69.28124146353119
4875.4,25.299999999999272,86.72738101822327,-2.8132355296004077,11.161111111111111,-3.4004301971049684,-52.822044538547274,103.07232088664334,7.179342967763271,40.5215014634493,6.115588445459508,47.06067576021284,6.574760348459483,40.765397439422074,4.188763835341466,46.492278171806525,6.575132147350485,76.70175510723377,51.99929501152586,55.721868949533665,10.30271610171176,64.34702058231213,45.394838764997914,53.14977855489906,9.414972545043037,9.414972545043037,0.0,False,False,False,False,0.0,False,False,70.07976304946513
4875.499,25.398999999999432,87.85344634862241,-2.80211602144711,11.21,-3.659470463780023,-53.48614031984434,104.6111096518635,7.22124501591728,41.025407725473976,6.52771653507575,47.74841334352206,6.576453010797618,41.2886184726588,4.576138015635304,47.14575089818638,6.576824791322713,77.49410291061034,52.640783674572745,56.40240352298475,10.29267375105456,65.07103457196372,45.98100403770974,53.84079391193399,9.404225681022448,9.404225681022448,0.0,False,False,False,False,0.0,False,False,70.8657270980818
4875.6,25.5,88.97272815291586,-2.768757497777308,11.19111111111111,-3.9261930362378803,-54.16302289272045,106.16769788214515,7.18549385957785,41.53649427620591,6.951041418861145,48.42180062106129,6.564874191703757,41.819551768613366,4.974350389868983,47.784702184787896,6.56524597108131,78.29500834498226,53.30248657653059,57.078876235761214,10.279479918857612,65.46147555543583,46.26170064380749,54.37614205031661,9.3437886656743,8.504413976339215,-0.8858991265296936,True,True,False,False,0.005774100008793824,False,False,71.40145555815097
4875.699,25.59899999999925,90.07844290505815,-2.7020404496476154,11.095,-4.188867033588586,-54.82076854774036,107.71577201891935,7.122738652512655,42.03551579131503,7.364958357193132,49.08632508788336,6.532982664046372,42.33797983546996,5.363747065893229,48.417029466341376,6.533354443199444,79.07600913592586,53.95101614770116,57.71154451811654,10.22883290470287,66.17117568613413,46.851023377866944,55.01875644333277,9.29223892873819,9.29223892873819,0.0,False,False,False,False,0.0,False,False,72.18416902620744
4875.799,25.698999999999614,91.19772470936665,-2.657562417824516,11.186111111111112,-4.453949848415125,-55.47719582671611,109.2664473622049,7.035900798223989,42.535236508037286,7.781295051118905,49.769543932021676,6.475633150475261,42.857223210209185,5.75552725834502,49.0671393407983,6.476004924046011,79.86121011544505,54.60157698330001,58.3705885536167,10.164989483906966,66.88422025646058,47.44180062291681,55.68745528276077,9.227483666748977,9.227483666748977,0.0,False,False,False,False,0.0,False,False,72.97371890334526
4875.899,25.798999999999978,92.28308888322194,-2.590845368904734,10.963055555555554,-4.718591567808602,-56.12393719951185,110.7931312458857,6.939977968208638,43.028422227584045,8.1952937511821,50.42185026827035,6.402681331228369,43.36982637598207,6.145287378831951,49.68729479945788,6.403053104113864,80.63723917616306,55.251743311808085,59.003312455196365,10.082848502377928,67.5883517084727,48.03173028420836,56.324730002771425,9.14443084402663,9.14443084402663,0.0,False,False,False,False,0.0,False,False,73.76057638779042
4876.0,25.899999999999636,93.37523658318293,-2.4796502897420303,10.963055555555554,-4.980708696893938,-56.76222310455155,112.34095283258272,6.723606652356084,43.516131062555836,8.60973620657051,51.07744018822425,6.271099545030175,43.87698057946451,6.5357552188181325,50.312571827461014,6.271471298418906,81.4096079498033,55.90137094983261,59.59462987189047,9.902143323471874,68.28815000898163,48.620320000116465,56.92599473356519,8.96280470551534,8.96280470551534,0.0,False,False,False,False,0.0,False,False,74.5483050602783
4876.099,25.998999999999796,94.48095133531015,-2.401813732668952,11.080000000000002,-5.229245533821229,-57.3747636973814,113.8602151214537,6.630830132621764,43.98174137325989,9.012418110044065,51.77310977090753,6.165052036936034,44.36149412557609,6.915541490912476,50.97816296573234,6.165423780985352,82.15199380453969,56.53887532871428,60.21634346941205,9.86642471208555,68.78410689352722,49.03272441046394,57.49643056975436,8.902844406777628,8.478957741064287,-0.4472256302833557,True,True,False,False,0.0014720433471592134,False,False,75.05274949743082
4876.199,26.09899999999925,95.54596493092365,-2.201662589069961,10.90611111111111,-5.476656693961206,-57.991789838044426,115.4041090187928,6.664797047125382,44.44357479331456,9.418031839574377,52.406789411215364,6.128342100414546,44.842376651843104,7.29843873721581,51.585906889229065,6.128713832178368,82.89452997045821,57.185709596512986,60.72000314285102,9.828798340281736,69.4539484181526,49.616233297988984,58.01627064767949,8.86420700803827,8.86420700803827,0.0,False,False,False,False,0.0,False,False,75.82237284152336
4876.299,26.198999999999614,96.60419500044648,-1.9792724283742875,10.848888888888888,-5.722916178105969,-58.60632152147585,116.95067494948617,6.575949442864942,44.89870673171219,9.824258673326009,53.03565653008385,6.07282364331869,45.31659486508002,7.682271726447487,52.18968636714358,6.073195363512031,83.62760274794925,57.83485765330568,61.205572490711205,9.754754930043694,70.11476809474132,50.20140004011806,58.51933284869857,8.789152570864676,8.789152570864676,0.0,False,False,False,False,0.0,False,False,76.59006794861698
4876.4,26.299999999999272,97.66242506996933,-1.7791212831951198,10.806111111111111,-5.971827667525615,-59.218871283568916,118.48790326680788,6.517044431855426,45.35121384293522,10.234162829783653,53.67291509894471,6.017553188329015,45.78836872446429,8.06990476792903,52.80076737976782,6.017924899883925,84.35866547097031,58.49258946512544,61.722517252597356,9.718394410813666,70.77329102100255,50.79386832467888,59.050357883868344,8.751770914429747,8.751770914429747,0.0,False,False,False,False,0.0,False,False,77.36349475141336
4876.499,26.398999999999432,98.72065513949215,-1.5678506314428322,10.783888888888889,-6.218439959335943,-59.814099681664345,120.02016167536735,6.499050674601773,45.78904391786291,10.635569137794302,54.32015206699917,5.982251715089683,46.24507216869301,8.449757213567189,53.42320914229724,5.982623421737999,85.0682147616166,59.13977288705149,62.223827281313156,9.682978085932834,71.41210076823236,51.37652985872867,59.57234733780518,8.71535367288272,8.71535367288272,0.0,False,False,False,False,0.0,False,False,78.12122042789726
4876.599,26.498999999999796,99.80601931334745,-1.4344165351834461,10.83611111111111,-6.470061504575675,-60.41114365356375,121.54365345674623,6.459017580140527,46.22619255602329,11.041299275281686,55.013101351663124,5.946207686098408,46.701303586749944,8.833961727634186,54.08835756936087,5.946579383377899,85.77890577758095,59.794718737807756,62.815339849622234,9.646127300385242,72.33199499254661,52.22549050198656,60.28438965119978,8.713820804080683,9.378074960718486,0.7005831003189087,True,True,False,False,0.0036135835172100054,False,False,78.62971018805439
4876.699,26.59899999999925,100.9049505393991,-1.334340963383951,10.973888888888888,-6.722870272281168,-61.0022444503718,123.06098699101861,6.398890324779254,46.657709157578566,11.447216860217559,55.73267818735764,5.9024909042693965,47.15191839506933,9.218625216282557,54.77913434783845,5.902862594172579,86.4817166117938,60.45169125588319,63.44717057781806,9.595036471106775,72.96666682987197,52.81876814487635,60.93526829944358,8.661871442906763,8.661871442906763,0.0,False,False,False,False,0.0,False,False,79.39401907748662
4876.799,26.698999999999614,101.95639708284635,-1.1675483426646736,10.73388888888889,-6.9760200089572635,-61.58745070399653,124.56659301279593,6.353405129507983,47.084458475400574,11.851914816088396,56.395355016893255,5.8600885178747735,47.597712560663844,9.60230046868045,55.41530678793898,5.860460207195722,87.17728676552217,61.11015530613175,64.00730015817688,9.561087815614421,73.59443826638797,53.413050289535626,61.50969399172643,8.627064255518949,8.627064255518949,0.0,False,False,False,False,0.0,False,False,80.15731810469056
4876.899,26.798999999999978,103.04176125670163,-1.0118752300986937,10.886111111111111,-7.229607891760095,-62.169852608181266,126.0954917943317,6.350907358222736,47.50717586625572,12.25617231053275,57.09755914248161,5.838080123866259,48.03945814878926,9.985730294055287,56.09100350715406,5.838451805018082,87.87008197855013,61.768321506660065,64.58740554028492,9.550667255081713,74.21948622728881,54.006855549499896,62.1110640262189,8.615785163090782,8.615785163090782,0.0,False,False,False,False,0.0,False,False,80.9216315140061
4877.0,26.899999999999636,104.11355837839069,-0.8784411338393073,10.816944444444445,-7.485611674820956,-62.75676149010828,127.60603938167935,6.328546313933769,47.92967941615061,12.6661010272808,57.793450127138144,5.819150183674296,48.481263691415776,10.374835503058994,56.75903846265349,5.819521853527751,88.56400232480465,62.436365163860096,65.19626822126256,9.523150363018667,74.84535154930902,54.60938199348414,62.73377436755288,8.587401153813328,8.587401153813328,0.0,False,False,False,False,0.0,False,False,81.69433169821873
4877.099,26.998999999999796,105.15822139574732,-0.7116485139101189,10.666111111111112,-7.736399284551378,-63.32657615030364,129.09618329547672,6.248522139747539,48.33913617061313,13.068097531718045,58.466142740077075,5.772961234352257,48.909654449004435,10.756646464377212,57.4057756090032,5.7733329011886365,89.23575866289595,63.09324013732482,65.76160456737297,9.457519095444168,75.60783486966044,55.345856871933954,63.369308453896465,8.540823824818595,8.907253882075656,0.3863339424133301,True,True,False,False,0.001099254153645539,False,False,82.19878586296979
4877.199,27.09899999999925,106.22323499136078,-0.5559754013441388,10.708888888888888,-7.990413339930886,-63.893851638793926,130.60032171252286,6.182546396183254,48.7471175560084,13.472617784753448,59.163379739695756,5.717700539219382,49.336693393758146,11.141049759417923,58.07666495716912,5.718072199696093,89.90769904916715,63.755612332377666,66.34890375818736,9.412995550331912,76.21446434144045,55.94384815660203,63.97465418428278,8.495524288306978,8.495524288306978,0.0,False,False,False,False,0.0,False,False,82.9595369443684
4877.299,27.198999999999614,107.2611144826117,-0.40030228877815877,10.591111111111111,-8.246042132596056,-64.45476913323022,132.0790594759712,6.145937950342213,49.14854920032451,13.876373503003908,59.840569142946386,5.669517410880433,49.75715317295631,11.525005408958021,58.72749381667866,5.669889058088479,90.57233218020943,64.41849214443035,66.93273912302946,9.360888907602193,76.8141093584156,56.54191129487421,64.57116855717501,8.44264165417789,8.44264165417789,0.0,False,False,False,False,0.0,False,False,83.71866702188954
4877.399,27.298999999999978,108.30577749996831,-0.23350966805888163,10.568888888888889,-8.503464840501234,-65.00884479990563,133.56737302798766,6.073262744216453,49.542881862796044,14.279428624710913,60.52853278871828,5.608006142312874,50.170488243248414,11.908603782580393,59.38975312299831,5.608377778617662,91.22702034017786,65.08258235920157,67.51204206537268,9.289927698127672,77.40430494053666,57.140582746190354,65.16661328241725,8.370904453304002,8.370904453304002,0.0,False,False,False,False,0.0,False,False,84.47476402940869
4877.5,27.399999999999636,109.33008993905301,0.0,10.558055555555555,-8.764128523888063,-65.56079651328778,135.07206400225613,6.014029261112528,49.9352709521613,14.683692524528619,61.18296616412553,5.5480594369575,50.58194045493922,12.293503601217509,60.02062394378225,5.548431073252261,91.87890520385317,65.75403988610293,68.0304168001732,9.24169054712333,77.99150545851226,57.745413797753905,65.70113919802164,8.321883550986303,8.321883550986303,0.0,False,False,False,False,0.0,False,False,85.2355545699405
4877.6,27.5,110.38153648250027,0.12231458731600059,10.488055555555555,-9.02265718395242,-66.10023421867791,136.53859320901907,5.949820712236103,50.31851616551447,15.080538335903748,61.89761600668852,5.4858026495375345,50.98390141699762,12.67143465747017,60.708808799957325,5.486174281461396,92.51982493850608,66.41450997847923,68.65636102402325,9.1648175321941,78.61448741047232,58.382140415426456,66.35776301433313,8.249971897595703,8.356323120616912,0.11208857595920563,True,True,False,False,9.256525442597307e-05,False,False,85.74016940310797
4877.699,27.59899999999925,111.39228186940366,0.31134622434187154,10.371944444444443,-9.280238758792152,-66.62668868476273,137.99477436575216,5.890531474916456,50.6915047493112,15.470984955466431,62.565157951062126,5.422758640364203,51.37530872516927,13.043468391250427,61.35262015813861,5.42313026555583,93.14679858834958,67.06691011020904,69.20406758189374,9.114627318992259,79.17867823015227,58.969211602822966,66.9213077441468,8.199036727343499,8.199036727343499,0.0,False,False,False,False,0.0,False,False,86.47900865566729
4877.8,27.699999999999818,112.41659430850339,0.47813884506114857,10.32,-9.543887031467545,-67.1546797714312,139.45808389150037,5.795807745128479,51.065847664000366,15.86531084556779,63.25092233328439,5.343866412805694,51.76825629095435,13.419312179353572,62.01366681272029,5.3442380379897365,93.77696878228494,67.73058644305648,69.78773063854966,9.008033616077183,79.74514725243809,59.5657997737654,67.51870205182266,8.09168301774067,8.09168301774067,0.0,False,False,False,False,0.0,False,False,87.22840463570965
4877.9,27.799999999999272,113.42055616931614,0.7005290049667332,10.325000000000001,-9.803047450869954,-67.66308514038838,140.91713958266303,5.617310548318058,51.42904943253546,16.24867236208789,63.911592605331904,5.2179858958047465,52.14954671289884,13.784741301027545,62.652479689288974,5.218357520366521,94.392061265762,68.37864550081436,70.30228353844636,8.861709589472374,80.29713062665137,60.14736731848409,68.05209699306799,7.944606509266805,7.944606509266805,0.0,False,False,False,False,0.0,False,False,87.96291192403494
4878.0,27.899999999999636,114.41773450408346,0.9006801493558125,10.166944444444445,-10.060376767093356,-68.15317551211929,142.3489907493387,5.453779201244676,51.78103690871187,16.623768136572988,64.57996114514008,5.069794377779667,52.51923721760829,14.142455133975957,63.29904083844466,5.0701659910076735,94.99577779369636,69.01705460414107,70.83115748965756,8.71144982260728,80.83780812816804,60.719114857205945,68.59924625175724,7.793594260532649,7.793594260532649,0.0,False,False,False,False,0.0,False,False,88.6878573088057
4878.099,27.998999999999796,115.40134578663934,1.111950801898189,10.113055555555555,-10.314006555455947,-68.6213294615781,143.76049593265077,5.302840421365131,52.11672016591885,16.986757062615517,65.24533173929045,4.918404004916924,52.872058264772484,14.48886226096272,63.94414404913046,4.918775609649774,95.57823622812852,69.64270029910718,71.34016610029677,8.557323585905554,81.1844410346399,61.119058754422,69.0771277314948,7.617483136874898,7.220937839481817,-0.4177852272987366,True,True,False,False,0.0012864415017665677,False,False,89.15299234059597
4878.2,28.099999999999454,116.37817354310458,1.3121019470773567,10.011111111111111,-10.56974383560376,-69.08376402726967,145.15974536030842,5.161329418704836,52.44763052715312,17.34732765493289,65.91087007327616,4.772695089314236,53.21999579532119,14.83308461916436,64.58925908260196,4.773066693940471,96.15828212247804,70.2742638805201,71.86531700059707,8.42310012790578,81.70024869557685,61.68067868283624,69.61985010635968,7.482412790086819,7.482412790086819,0.0,False,False,False,False,0.0,False,False,89.8599604705045
4878.3,28.199999999999818,117.34143424743371,1.5233725988296443,9.87111111111111,-10.818489656403866,-69.5296162945709,146.53836810106472,5.049624527893832,52.76502514918836,17.695318632529847,66.57059749274343,4.64725662371189,53.55382641867961,15.165393492544895,65.23008237446504,4.647628222778768,96.72358156129681,70.89070792112247,72.36658800235546,8.304920803667715,82.20194144365807,62.2277613146788,70.14133420367419,7.36339496209795,7.36339496209795,0.0,False,False,False,False,0.0,False,False,90.55204887951878
4878.4,28.299999999999272,118.28434437347588,1.7568822676786144,9.75,-11.064184121340169,-69.96280526502564,147.90116768830114,4.9108563669957,53.07228829268511,18.034844505521374,67.21297726556112,4.511099732117263,53.87712908977559,15.48973571043257,65.85499710941512,4.511471330226735,97.27635173516356,71.500148093479,72.838581004435,8.150743130747125,82.69142895021321,62.76743108064059,70.63386365466883,7.208378785426566,7.208378785426566,0.0,False,False,False,False,0.0,False,False,91.23472732111125
4878.5,28.399999999999636,119.24082155171436,1.9681529202209909,9.745,-11.31018560688164,-70.3795494952948,149.25734660286514,4.768439072999957,53.36922366986564,18.364431446182785,67.88155387886235,4.361293531784027,54.18963672966366,15.804648580342484,66.50643020719997,4.361665129002389,97.8176957752148,72.09972014163165,73.33066915668343,8.00524660210684,83.16959267264363,63.297027014462586,71.15029409997997,7.062043753035478,7.062043753035478,0.0,False,False,False,False,0.0,False,False,91.90720850325978
4878.6,28.5,120.17016462559029,2.201662589069961,9.61,-11.557101431575818,-70.77978323723285,150.5933732200491,4.6372948409413395,53.65561251023184,18.68357012186787,68.52619148199055,4.21467754413563,54.49110627120629,16.10963390315248,67.13546285229528,4.215049140797914,98.34792016650387,72.68956839843818,73.78858460915548,7.8573997240394045,83.40976314117334,63.6087943287148,71.56928772724805,6.886077950460021,6.373164336640822,-0.540194034576416,True,True,False,False,0.00215148424011724,False,False,92.33152886637833
4878.7,28.599999999999454,121.11307475163242,2.379574717152446,9.553055555555554,-11.803093320347687,-71.16509381983043,151.90630666681864,4.505722530329025,53.93146679970044,18.992676556360447,69.20522812423198,4.071286481232915,54.78156972382485,16.40510666175968,67.79811284676926,4.071658075198135,98.86754871667456,73.26964464786894,74.29848883627353,7.718251598621549,83.86455038922495,64.11648637344953,72.10338985120113,6.745982103432712,6.745982103432712,0.0,False,False,False,False,0.0,False,False,92.97942154056105
4878.8,28.699999999999818,122.02885077331202,2.568606353388229,9.409999999999998,-12.047487208253683,-71.53612154126098,153.1926078598019,4.380220386520541,54.196803838816365,19.292219712244588,69.86319370813318,3.9319718422336547,55.06106695475125,16.691534462930406,68.44078585139702,3.9323434338176293,99.37570151283943,73.84127754338253,74.7860871417558,7.578590317004784,84.3080751714474,64.61541771340737,72.61310978020447,6.605373100206485,6.605373100206485,0.0,False,False,False,False,0.0,False,False,93.61749146821116
4878.9,28.799999999999272,122.93784326893106,2.7353989733174173,9.318888888888889,-12.289636452990925,-71.89239702224566,154.4531618552958,4.235546597803388,54.451709180488194,19.581948405686884,70.52770228894065,3.7860543471099795,55.329671314598905,16.968662281203514,69.09016355023458,3.7864259368386737,99.87214492131619,74.4037808887722,75.28866718598923,7.426289841140289,84.74008853952743,65.1049175449062,73.1370310664812,6.452124902732536,6.452124902732536,0.0,False,False,False,False,0.0,False,False,94.24514462173333
4879.0,28.899999999999636,123.84005223847453,2.9355501177064967,9.208055555555555,-12.529802643695971,-72.2337429483758,155.7149958759233,4.112155288555332,54.69637130624582,19.861463843226165,71.18521734392318,3.64330794290331,55.58755185960747,17.23608267718564,69.73456129819682,3.6436795319612845,100.3573944602178,74.95711544565678,75.7531589349179,7.293034149355203,85.16107656367214,65.58497409956283,73.62753210932952,6.317921489337989,6.317921489337989,0.0,False,False,False,False,0.0,False,False,94.86262865801982
4879.1,29.0,124.72191062974609,3.135701262095576,9.098888888888888,-12.768864579790728,-72.56107603330973,156.9513152561315,3.994890430977285,54.93122300180721,20.130890098225944,71.83019228121466,3.505006111412469,55.835146866791646,17.493898700497457,70.36720866577858,3.5053776995465054,100.83249141144395,75.50095387283488,76.2065229229355,7.149643551627371,85.33138643835608,65.83452016714479,74.04562977084224,6.14509179629749,5.605540474478386,-0.5680426955223083,True,True,False,False,0.0023798955632894523,False,False,95.23541281002454
4879.2,29.099999999999454,125.5834184427457,3.3469719146379524,8.86888888888889,-13.00698064500938,-72.87212663113282,158.1665252271578,3.84044328064741,55.15586436834967,20.38953412966302,72.46026014136974,3.3465785354665725,56.07202349417024,17.741437390393866,70.9861582565895,3.346950123271957,101.2959770917862,76.03389499479562,76.63725330566757,6.976151510803836,85.72891602683276,66.29162137626717,74.50107555376223,5.97053924958018,5.97053924958018,0.0,False,False,False,False,0.0,False,False,95.82661899637247
4879.3,29.199999999999818,126.45170978185102,3.536003550873734,8.878888888888888,-13.244891482366238,-73.1654944999797,159.36831619873124,3.7145505146545026,55.36962973634765,20.636746576040274,73.11017381738421,3.18977766686187,56.29748552495334,17.97808224759908,71.62533642622212,3.1901492528932778,101.74847597242282,76.55560257019542,77.08509325145687,6.835930608898171,86.11549025433203,66.73732126983806,74.97611064322874,5.82925784178073,5.82925784178073,0.0,False,False,False,False,0.0,False,False,96.40639318842423
4879.4,29.299999999999272,127.29286701659377,3.7250351878996053,8.658888888888889,-13.481390656534602,-73.44553125412567,160.53874282678115,3.6163885709036596,55.573604738581416,20.873401834228314,73.74089137201453,3.058790578885524,56.51265950671151,18.204654290283422,72.24608739919493,3.0591621649166347,102.19080860032705,77.0687840699959,77.5204414126601,6.71417500620509,86.49206416841464,67.17421141499935,75.4354258750724,5.706441733193873,5.706441733193873,0.0,False,False,False,False,0.0,False,False,96.97665735540869
4879.5,29.399999999999636,128.14080777742714,3.891827807828794,8.623055555555556,-13.714087391833543,-73.71417673623374,161.69571183174585,3.492036119246793,55.76883511693162,21.100369404742075,74.3897595819761,2.928838944792509,56.71863190373431,18.421971571905313,72.88519935033067,2.9292105300804465,102.62463552240669,77.57213820847524,77.97347746050245,6.575989583327498,86.86006619281679,67.60119123696067,75.91431099812857,5.567195804422496,5.567195804422496,0.0,False,False,False,False,0.0,False,False,97.5377817710493
4879.6,29.5,128.95483090783742,4.069739936701368,8.395,-13.94382322413264,-73.96843212854037,162.81886147499213,3.3620990932876853,55.954813217304014,21.317323149780847,75.00987741298003,2.786292555234436,56.914879909114205,18.629732828248407,73.49658449819518,2.7866641401685506,103.04816905804742,78.06554131857003,78.3998325913029,6.429044593643678,87.09160879897449,67.90180401843523,76.33519352350243,5.404445867805677,5.123194745576229,-0.2959955632686615,True,True,False,False,0.0006464331571036391,False,False,97.85595193910609
4879.699,29.59899999999925,129.78242109039888,4.225413048477259,8.403055555555556,-14.170353372434201,-74.20392593719308,163.93157868231634,3.240113156206498,56.12915503857593,21.52144889688066,75.6568335061009,2.636829944498701,57.09888634728554,18.82524184026236,74.13535744503294,2.6372015284778905,103.45712109871407,78.54328986042843,78.8426802784415,6.2755277678958485,87.4345628520951,68.30245197347588,76.80630192091832,5.249821995612508,5.249821995612508,0.0,False,False,False,False,0.0,False,False,98.38606080655534
4879.799,29.698999999999614,130.61679479906604,4.325488621066843,8.336111111111112,-14.397416063089533,-74.42711671029352,165.01846623469365,3.1280372329905046,56.29552726553794,21.716988639935025,76.3289923993272,2.4979746315892752,57.27451867934775,19.012559416649285,74.79839246250852,2.498346215161506,103.86015127132927,79.01628675914243,79.33872509294017,6.15281703305815,87.7710329604315,68.69733386710777,77.32718647353747,5.125993032042131,5.125993032042131,0.0,False,False,False,False,0.0,False,False,98.91115836839369
4879.899,29.798999999999978,131.40368382512884,4.525639765455923,8.18611111111111,-14.621206588085897,-74.6406785444823,166.104107640184,3.0587967066718633,56.4538182956011,21.903448428640694,76.9380957447515,2.393786218574851,57.44164138249044,19.191197272247628,75.40200461043233,2.3941578020534244,104.25573435911454,79.48193801425273,79.72112522645328,6.067118657849851,88.10009926852148,69.08468647167561,77.7371915306123,5.039176428101155,5.039176428101155,0.0,False,False,False,False,0.0,False,False,99.42886398181975
4879.999,29.898999999999432,132.16343874682906,4.736910417998299,7.901111111111112,-14.843898841727857,-74.84675922261196,167.16673645896702,3.0099201689688577,56.6054696287437,22.082711203758528,77.52343840509671,2.3023132312026444,57.60178505084456,19.362966670326678,75.98264093446734,2.3026848132556577,104.64506634459735,79.94089093262072,80.08058132226324,5.969777556746734,88.42289774515996,69.46520825879323,78.1216197251782,4.94071709826537,4.94071709826537,0.0,False,False,False,False,0.0,False,False,99.94030959825886
4880.1,30.0,132.9435442468012,4.8592250061043885,7.901111111111112,-15.06934984133363,-75.04513535950228,168.2038157170703,2.9372042812071903,56.75204694878666,22.25682013880369,78.15254683575371,2.204492362306224,57.75661229635757,19.529833205376043,76.60483980178523,2.2048639436086974,105.03066504029266,80.39800371024283,80.53096245364225,5.872376897935048,88.597754228192,69.7101151825447,78.56326781041699,4.825622539761316,4.507345717455742,-0.3348413109779358,True,True,False,False,0.0008275384964203066,False,False,100.21937221724409
4880.199,30.09899999999925,133.70329916851645,5.0371371349769625,7.771944444444444,-15.289420225056437,-75.22851266478017,169.23771733886392,2.8503397751788557,56.889147045355074,22.419993937096812,78.75644530451576,2.1010565313762215,57.901445558708865,19.68623375729494,77.20438486596929,2.1014281126764915,105.40107853787096,80.83891003238097,80.91306734400413,5.760979617523558,88.9014718007495,70.07163278047386,78.97271275165458,4.71305470788479,4.71305470788479,0.0,False,False,False,False,0.0,False,False,100.70707147136233
4880.299,30.198999999999614,134.47662114239793,5.0260176260335765,7.646111111111111,-15.51022549732874,-75.40154160064401,170.19003040157676,2.760938931302183,57.02036691005821,22.576687278543723,79.41975399707799,1.9865629122258777,58.040093171523814,19.836445227316275,77.85815033748912,1.9869344912890625,105.76794918931934,81.27550272941191,81.47497667283984,5.644409599728768,89.20088841335291,70.42795211513938,79.54435875075745,4.59530231487278,4.59530231487278,0.0,False,False,False,False,0.0,False,False,101.19134669806249
4880.399,30.298999999999978,135.2160254858413,5.137212706776458,7.501944444444445,-15.73004550827344,-75.56122191471961,171.16352911447055,2.674034374524458,57.14345361198905,22.724644227029913,80.0290211515637,1.8626801452946629,58.17019575580033,19.978322697895756,78.46221016871093,1.863051722640857,106.12536583194598,81.703853832995,81.90675803894275,5.5132124473759045,89.49105422023433,70.77570548970611,79.99490441306428,4.462922787302696,4.462922787302696,0.0,False,False,False,False,0.0,False,False,101.66600495313708
4880.499,30.398999999999432,135.94864630319398,5.304005326705646,7.503888888888889,-15.948597643719623,-75.70340300996303,172.1481133329435,2.5432896369034936,57.25734384510582,22.861645891714552,80.62624774079691,1.700492172415756,58.29058433780235,20.109701052004855,79.05683534097952,1.7008637485633167,106.47112660507275,82.12080600824837,82.27846033137097,5.320062748702867,89.76973401041144,71.11176485139343,80.39373827732878,4.268590713412448,4.268590713412448,0.0,False,False,False,False,0.0,False,False,102.1276554816358
4880.599,30.498999999999796,136.64056596404802,5.581993027377715,7.341111111111111,-16.165234727442627,-75.8229997976498,173.1368983833612,2.409887520898648,57.359962068108445,22.984785817989916,81.16816710396911,1.505373799065255,58.39904569002467,20.22777725546254,79.6004679034365,1.505745375200256,106.80545170880698,82.52189023088411,82.5220081209214,5.122960350615512,90.82340514840912,72.1616306971758,80.82116293055743,4.159900852063208,5.894192811445763,1.8238868713378906,True,True,False,False,0.02456203052475165,False,False,102.34510560890797
4880.699,30.59899999999925,137.34605267705317,5.748785648096993,7.3,-16.380036919279355,-75.92226167557871,174.07432491187703,2.3248959831160927,57.45068709263491,23.093449573864245,81.75638695885269,1.3258003479606288,58.494929717236396,20.331967545618365,80.1883332304665,1.3261719231382831,107.12818217701096,82.9092693039291,82.86651878508746,4.961036899346706,91.08446482581259,72.47498523232325,81.19433614158099,3.9971383133519853,3.9971383133519853,0.0,False,False,False,False,0.0,False,False,102.78197878972303
4880.799,30.698999999999614,138.0108382335597,5.9822953169459625,6.981944444444444,-16.591315383885846,-76.00450386196654,174.9961746517779,2.2117382107987513,57.52995630867777,23.18852980749462,82.29961640706797,1.1499964493737684,58.57871628780726,20.423142491627587,80.7341319636707,1.1503680213824667,107.44049942818503,83.28242350468824,83.12554019383442,4.771097972785031,91.33488955463936,72.77419073309014,81.48497701023389,3.806360299347885,3.806360299347885,0.0,False,False,False,False,0.0,False,False,103.20484077344136
4880.899,30.798999999999978,138.70275789438358,6.11572941241526,6.973888888888889,-16.798087327195233,-76.07042854586359,175.88370426099334,2.1309008019540223,57.598018960749556,23.2707699623844,82.8991802960923,0.9850439421390667,58.65069012977312,20.502032721141227,81.33449007819773,0.9854155124420835,107.74073035848076,83.64416203076614,83.48236348709933,4.6308884716562115,91.5734803090209,73.0616610071914,81.87140259462163,3.6653117107766398,3.6653117107766398,0.0,False,False,False,False,0.0,False,False,103.6140359738689
4881.0,30.899999999999636,139.35397639870882,6.293641541287834,6.761944444444445,-17.006002654367578,-76.12055319637074,176.74994354662522,2.107684312267282,57.65581746169516,23.341141483544813,83.45781226451359,0.8182263910729923,58.71183964128296,20.569563391021262,81.89600823888227,0.818597957383202,108.03217612403385,83.99748859018223,83.77913235791239,4.438770647474241,91.80284286911714,73.33972263578937,82.19663794876001,3.4723464082778257,3.4723464082778257,0.0,False,False,False,False,0.0,False,False,104.01345313156203
4881.099,30.998999999999796,139.99162785085275,6.415956129393924,6.551944444444445,-17.21086857726464,-76.1479093833346,177.56524651979672,2.0761794805250546,57.700444560561614,23.39595520059747,84.02475358948912,0.6097210019432989,58.759082312271566,20.622188984257,82.46540793935513,0.6100925650720325,108.3030613383308,84.32900813831834,84.11069445061008,4.210053964863502,93.5756080309795,75.052356781314,82.85772378221455,3.4186918046113632,6.848411068665127,3.60561203956604,True,True,False,False,0.0960244275854795,False,False,104.15959145733024
4881.2,31.099999999999454,140.57501109431672,6.660585305606102,6.28,-17.41760729487253,-76.15001940343649,178.379549606308,2.025086249940243,57.73201107716662,23.434903956239676,84.5242001916287,0.3830379240830215,58.792515086066544,20.65959840086063,82.97197732355524,0.38340948718581025,108.56375122242804,84.65075855922146,84.3041391790138,3.9900354334198367,93.78597583587671,75.31199834740138,83.07966257183958,3.198499394240002,3.198499394240002,0.0,False,False,False,False,0.0,False,False,104.53463181380617
4881.299,31.198999999999614,141.17874491603757,6.805138910018785,6.198055555555555,-17.61568687163252,-76.1280234433982,179.14681405123346,2.0086135493615984,57.74871620122003,23.455488202634218,85.07528326677132,0.15251480773541648,58.810217814822856,20.67938065128367,83.52885034955646,0.15288637042303435,108.80488926076802,84.94815029020198,84.58366720325898,3.74471094090834,93.97775479046659,75.54851630061914,83.38816105359773,2.953004465947892,2.953004465947892,0.0,False,False,False,False,0.0,False,False,104.88279692602336
4881.399,31.298999999999978,141.74177758122963,6.960812022584765,5.888888888888888,-17.81377178185021,-76.08095640987084,179.87192286997933,2.0708583394702074,57.75082530426298,23.458079083352604,85.59579361666077,0.08569871756158895,58.81247419004925,20.681894491695203,84.05675145442258,0.08532715489544734,109.0339586076243,85.22979620563771,84.82826950408177,3.5160655285841687,94.15686380487924,75.7687348633354,83.65915529552873,2.7241868962695652,2.7241868962695652,0.0,False,False,False,False,0.0,False,False,105.21438805417101
4881.499,31.398999999999432,142.31159377251228,7.060887594384261,5.7811111111111115,-18.011967105967607,-76.01083481773041,180.56731497497293,2.1383565359245753,57.7384680039599,23.44290209261083,86.14513335809218,0.3057314810314131,58.799424298077824,20.667358632198507,84.6133470820623,0.3053599185983155,109.24905665849163,85.49444786603883,85.11729987084449,3.304716621323807,94.32201155328973,75.97192882837649,83.97458904649964,2.51266583165505,2.51266583165505,0.0,False,False,False,False,0.0,False,False,105.5272051601748
4881.599,31.498999999999796,142.8407088072662,7.205441199587032,5.51,-18.208752475490122,-75.92041109522351,181.23696173574717,2.1972413492808927,57.712529587878834,23.411079354639988,86.6569651281456,0.5153624625607856,58.77200651236487,20.636851196848834,85.13488991044325,0.5149909001653087,109.45121178863799,85.74260647450495,85.34017131794825,3.0968266800869464,96.05837201810364,77.64146448301744,84.5566106903451,2.48103916037216,5.946555770875313,3.6419520378112793,True,True,False,False,0.09800457864839507,False,False,105.59494294338424
4881.699,31.59899999999925,143.34268973768764,7.33887529505633,5.231944444444444,-18.402799668574673,-75.80888446057314,181.86575624798417,2.2838117884699805,57.67320163121287,23.36276976852196,87.1551856547973,0.7305116765715698,58.73041981306662,20.59052169315288,85.64369418735458,0.730140114499798,109.63988161513589,85.97399826984955,85.55326902349432,2.8743864758642284,96.2081437859639,77.82515023129213,84.79375198952916,2.2590889631211355,2.2590889631211355,0.0,False,False,False,False,0.0,False,False,105.8845670302313
4881.8,31.699999999999818,143.83788714201842,7.450070375799211,5.095,-18.59598003852533,-75.67326502530815,182.46712058733078,2.3946403620773244,57.619464243796365,23.296818958810665,87.66262537541206,0.9540796231326509,58.6735901026339,20.527266524006674,86.16246601224462,0.9537080616215409,109.81595512213141,86.19052441465998,85.77616778926276,2.6519432344558,96.34502526983316,77.99348004140317,85.04084063589502,2.037140628754123,2.037140628754123,0.0,False,False,False,False,0.0,False,False,106.15758949656542
4881.899,31.798999999999978,144.2991669159111,7.583504472058597,4.838055555555556,-18.78316211797207,-75.51725722707349,183.03437556396796,2.531673566106414,57.552808660074795,23.214999951289602,88.14348711939594,1.1779106135766677,58.60309162216513,20.44878392445495,86.65640620369408,1.1775390524917972,109.97476165643349,86.38512491615778,85.95266244295591,2.422298783414762,96.4653645210712,78.14094298267136,85.24332689851737,1.8079812846150651,1.8079812846150651,0.0,False,False,False,False,0.0,False,False,106.40583559210313
4882.0,31.899999999999636,144.7468796376224,7.683580043858092,4.591944444444444,-18.971832568910838,-75.33417574093939,183.56406103077458,2.677788453218562,57.47018524507964,23.11373754415366,88.63019318817506,1.4100751140103036,58.515706906597636,20.351650987180218,87.15672763472061,1.4097035542164256,110.1218279600075,86.56589730878977,86.14704975077697,2.1923340329502468,96.5732905440255,78.2736045436311,85.46137282443614,1.5785114411919614,1.5785114411919614,0.0,False,False,False,False,0.0,False,False,106.63871870826652
4882.099,31.998999999999796,145.17424178109195,7.750297091987785,4.368888888888889,-19.153224612276894,-75.13113539785995,184.0457770850311,2.825778262397336,57.37451567753427,22.99684764530506,89.11368698261006,1.6414276020987624,58.41453726011442,20.239537178642948,87.65402127974187,1.6410560423682676,110.25180574409869,86.72480712180355,86.35131599001463,1.9550650929993023,98.07271704951913,79.7093344491005,86.00381787689025,1.49689073557832,4.56688820689788,3.225160598754883,True,True,False,False,0.07688356664718536,False,False,106.61920079141875
4882.199,32.09899999999925,145.58803687236517,7.850372664577369,4.25,-19.332379097296506,-74.90171114123406,184.51734600793029,2.99889904468553,57.26293025779526,22.86049605808979,89.59145195142005,1.8823807984287315,58.29653215168337,20.108751996192353,88.1480269787054,1.8820092387673653,110.36799909870767,86.86669500714852,86.510289892723,1.712799008263037,98.159915406992,79.81581550035352,86.18846598172841,1.255691166717876,1.255691166717876,0.0,False,False,False,False,0.0,False,False,106.81936965245866
4882.299,32.198999999999614,145.94756375497346,7.928209220070271,3.781111111111111,-19.5074044160204,-74.64774704758791,184.91656238958907,3.172196142959489,57.13578660902179,22.705735623746634,90.0328109437528,2.1234384639524655,58.1620993523767,19.96032949307681,88.60620564409514,2.1230669074599224,110.46884746133014,86.98999793574761,86.65740444282437,1.4730449580706002,98.23185789747609,79.90377647003837,86.35549123497525,1.01700363240127,1.01700363240127,0.0,False,False,False,False,0.0,False,False,106.99810056984091
4882.399,32.29899999999998,146.30709063755165,8.061643317119746,3.7519444444444443,-19.678086166324768,-74.36919694469218,185.32652898298846,3.3636464934702746,56.99281000074192,22.532481358514392,90.47898031748082,2.369193457572923,58.01096036880547,19.79419801713564,89.07221486088837,2.368821901124986,110.55456730991592,87.09392506940226,86.74297944655409,1.2213003465337626,98.28859402038364,79.97256360307394,86.46939616850482,0.7663255367402633,0.7663255367402633,0.0,False,False,False,False,0.0,False,False,107.15499803812939
4882.499,32.39899999999943,146.6191328375405,8.150599379975855,3.3599999999999994,-19.845802987282415,-74.06477972936875,185.66082899000443,3.5890397900287883,56.83345707161403,22.340394477176403,90.90004322135724,2.6224409986262094,57.84255614104152,19.610045371482222,89.51312458171492,2.622069445890282,110.62421698009481,87.17828440139897,86.83898299398638,0.9666277556752383,98.3293106518851,80.02187938340423,86.58745761398367,0.5127194617575601,0.5127194617575601,0.0,False,False,False,False,0.0,False,False,107.28915315654969
4882.599,32.498999999999796,146.93117503754442,8.23955544520223,3.2119444444444447,-20.012779310216,-73.73362642869851,185.98356497228113,3.829302359270538,56.65688165998908,22.129460251663552,91.33661642709066,2.8792857826380205,57.65604083509272,19.40789759411441,89.97100340232365,2.8789142335479303,110.6778029864253,87.24259976470702,86.92403578312792,0.7076393713803606,99.77316657257815,81.39130979778088,87.034802965491,0.40960445120776434,3.4949168121648073,3.240119218826294,True,True,False,False,0.07762547813643123,False,False,107.17146788886105
4882.699,32.59899999999925,147.22286665926134,8.306272493331923,2.9919444444444445,-20.17868169946752,-73.37653693833808,186.26690460076463,4.046642138482312,56.462893136697275,21.899918205809932,91.77232697045936,3.1314262569510465,57.451235598293344,19.188003115170023,90.428744349752,3.131054712394515,110.71544939515628,87.28737912675184,87.01038283064341,0.462393680378268,99.79168677230338,81.41333906316352,87.14562529418649,0.16599482994895481,0.16599482994895481,0.0,False,False,False,False,0.0,False,False,107.27094735630433
4882.799,32.698999999999614,147.48742417664582,8.36187003330832,2.763888888888889,-20.34154970865119,-72.997129311735,186.5096545753556,4.211872216488805,56.25226143013359,21.653130973481726,92.19822416273728,3.3576497821688616,57.2289751696361,18.95168585478206,90.87756497774194,3.3572782419641496,110.73867473826238,87.31472958352313,87.08630556201723,0.25523130468962796,99.79577965486322,81.41815889325221,87.24513911490793,0.0,0.0,0.0,False,False,False,False,0.0,False,False,107.34997461137205
4882.9,32.79999999999927,147.71128053751653,8.43970658959131,2.3899999999999997,-20.502940682299656,-72.59513915261982,186.71547992882972,4.366354166693083,56.024144331501695,21.38849873926272,92.59698787647311,3.5608229574908474,56.98838965505503,18.69838757131145,91.3010594985388,3.5604514219294505,110.74897486166108,87.32674082532361,87.11702595580829,0.05809238854080748,99.78935328185321,81.41066493253588,87.29989618198202,0.0,0.0,0.0,False,False,False,False,0.0,False,False,107.41513389901709
4883.0,32.899999999999636,147.92156984619095,8.484184622204499,2.2011111111111106,-20.66040018858173,-72.17994506120553,186.88654964546532,4.514999000372623,55.78431497155626,21.112924911232724,92.99870330881565,3.7456051382338513,56.73557781020068,18.434724749958807,91.72730450864525,3.7452336064175453,110.74706839489598,87.3245400072813,87.16504572015977,0.0,99.78369676379575,81.40413506942714,87.37604933917643,0.0,0.0,0.0,False,False,False,False,0.0,False,False,107.48149706446522
4883.1,33.0,148.11150857662352,8.528662654027597,1.9688888888888887,-20.815085790836566,-71.74845472806273,187.03103982966653,4.652969403754388,55.53151626605628,20.824979196662927,93.39301032058756,3.917829266554789,56.46921529419706,18.15932965260915,92.14694604217675,3.9174577380153885,110.74147250298259,87.31813843757726,87.20264382684611,0.0,101.13030175314384,82.67743338405427,87.77969010747664,0.14589658152473395,3.074507236480713,3.074507236480713,True,True,False,False,0.06991676355704782,False,False,107.31813501439197
4883.199,33.09899999999925,148.2878802548748,8.550901669544102,1.833888888888889,-20.96579326007797,-71.30490177693787,187.14634739259375,4.8110781056999645,55.26857321624042,20.528527263580745,93.78728590176101,4.0874789236962865,56.1923099693465,17.87592695525255,92.56646348865115,4.087107401667676,110.73587642004286,87.3117906524251,87.25497478874738,0.0,101.13432751579353,82.68199991329428,87.85714121653321,0.0,0.0,0.0,False,False,False,False,0.0,False,False,107.39598416705324
4883.299,33.198999999999614,148.43033430270302,8.59537970215729,1.5761111111111112,-21.116660688129006,-70.84013730289814,187.2329695120004,4.9618638547108285,54.9902021849255,20.218078261697585,94.16021140584625,4.252067002178886,55.89932012367543,17.57928747257319,92.96611847241307,4.251695484646871,110.73066692735037,87.30595144175781,87.27324345861696,0.0,101.1291901770224,82.67624157843815,87.89409725306366,0.0,0.0,0.0,False,False,False,False,0.0,False,False,107.46202504837483
4883.399,33.29899999999998,148.5660048244255,8.62873822661718,1.4069444444444446,-21.265739959150388,-70.36108277371665,187.30246490075467,5.072619908571684,54.70014792405787,19.89730791176946,94.53983157584652,4.397225632896943,55.59416309083102,17.27290185789398,93.37282752611077,4.396854117614539,110.72618921756973,87.30098190749082,87.29933316436963,0.0,101.1247850181972,82.6713525640076,87.93735312492868,0.0,0.0,0.0,False,False,False,False,0.0,False,False,107.52991201250585
4883.499,33.39899999999943,148.68810829399686,8.662096750286983,1.23,-21.412186218854565,-69.87191539252582,187.3544802149291,5.1398658520825045,54.400000066456606,19.56817278621446,94.91675219701618,4.511643602569385,55.27852099307177,16.95864776103566,93.77730940053198,4.511272091820128,110.72299570688955,87.29746233364865,87.3205044315519,0.0,101.12166433824163,82.6679132570375,87.9740158650657,0.0,0.0,0.0,False,False,False,False,0.0,False,False,107.60042438405706
4883.6,33.5,148.76272708094876,8.706574782110081,0.8680555555555556,-21.557741071070215,-69.37152252553142,187.3639537122988,5.179641055724204,54.08878474129898,19.22958113853021,95.25696310983565,4.595109098016744,54.9513687093546,16.635481929439226,94.14583648826239,4.594737588883147,110.7205756183358,87.29482148297149,87.31161324485902,0.0,102.28839683027402,83.77233790714314,88.28778038773177,0.12471595773455865,2.6463048458099365,2.6463048458099365,True,True,False,False,0.0518153353185492,False,False,107.44104264186818
4883.7,33.599999999999454,148.87804702441437,8.706574782110081,1.145,-21.700400218248216,-68.87169524743078,187.39102071469213,5.216127364692309,53.774749198253474,18.889883499056232,95.64693949016922,4.657203650894777,54.6213459716437,16.31134703548012,94.5629856464833,4.656832143217494,110.71874703702431,87.29283787382212,87.36093476060915,0.0,102.29511010347368,83.779620334267,88.35118663977619,0.07337672952913565,0.07337672952913565,0.0,False,False,False,False,0.0,False,False,107.52383305125304
4883.8,33.69999999999982,148.93231523312446,8.739933305779884,0.6611111111111111,-21.84262062384781,-68.36781732838351,187.3757826529707,5.255163830876151,53.455987598181956,18.5469272823588,95.9786761187689,4.707160482503438,54.28644562713911,15.984185155569651,94.92270444069936,4.706788976062606,110.7171845532104,87.29115241638293,87.35382210667646,0.0,102.29862510264819,83.78341197770978,88.35284232196311,0.030028839361272604,0.030028839361272604,0.0,False,False,False,False,0.0,False,False,107.60274006295651
4883.899,33.79899999999998,149.02050107224258,8.728813798416676,0.8369444444444444,-21.98326359302462,-67.86426332076661,187.37338923198044,5.30699542956491,53.135768987277686,18.204940527602663,96.35184909898247,4.7575701497098155,53.9501365386754,15.658061504782046,95.32255077536227,4.757198647516159,110.71531497669882,87.28914610405256,87.40144789296214,0.0,102.29886968971839,83.78367445322321,88.40895286653324,0.0,0.0,0.0,False,False,False,False,0.0,False,False,107.67692296626453
4883.999,33.89899999999943,149.06798575484694,8.773291829449686,0.6561111111111111,-22.125014090236444,-67.34984324213636,187.35467672061367,5.364874912901941,52.80747087352916,17.85692931729516,96.68815436870742,4.81095872189599,53.605467230517405,15.326310127668705,95.68716994364894,4.810587221026535,110.71357284892149,87.28729439408673,87.38140298758113,0.0,102.29721725296453,83.78191807596728,88.39569445197229,0.0,0.0,0.0,False,False,False,False,0.0,False,False,107.74987641971977
4884.1,34.0,149.11547043745134,8.773291829449686,0.5180555555555555,-22.2683949862264,-66.82507950177654,187.31669192972433,5.407386485102035,52.4715762664189,17.50262943544769,97.03733104110607,4.856665453244938,53.252907380202046,14.988643858096063,96.06384125541251,4.856293953351875,110.71218298163383,87.28582498334441,87.40154660905931,0.0,103.3084219962823,84.73849418692144,88.70737092318336,0.10675729329348774,2.2807986736297607,2.2807986736297607,True,True,False,False,0.038503385433805,False,False,107.59061654724489
4884.2,34.099999999999454,149.17652217222195,8.784411338393072,0.625,-22.411031592241045,-66.30100937476628,187.29684730540612,5.455297846662303,52.135307134074935,17.149202879406968,97.40106341105577,4.900124159972691,52.90001532641413,14.651867651687697,96.45513368410882,4.899752660388734,110.71055545063895,87.28411219028635,87.41758192527786,0.0,103.31425157786065,84.74462916492809,88.73163221943494,0.06250224294742598,0.06250224294742598,0.0,False,False,False,False,0.0,False,False,107.67240349171874
4884.299,34.198999999999614,149.2104398026601,8.82888937021617,0.49805555555555553,-22.55252096804714,-65.77686742108469,187.2659436179527,5.512459540084275,51.79855806403037,16.79666896496252,97.737199752864,4.948863452874244,52.54668671414629,14.316005880398938,96.8193658766338,4.948491954597866,110.70882468892204,87.28229545756525,87.39171180994754,0.0,103.3168903034751,84.7473989622485,88.71210731523429,0.014781112932389734,0.014781112932389734,0.0,False,False,False,False,0.0,False,False,107.74957277315477
4884.4,34.29999999999927,149.24435743311332,8.840008878369469,0.38305555555555554,-22.696454568327393,-65.23671081710948,187.21913158797992,5.556952469458067,51.45097125611805,16.434143877323564,98.08780386136326,4.996405887727588,52.182051818914054,13.970687572627364,97.1978139415076,4.996034389668148,110.70730980359836,87.28071374868348,87.39592794032916,0.0,103.31651385796316,84.74700591123636,88.72000346038725,0.0,0.0,0.0,False,False,False,False,0.0,False,False,107.8246184874184
4884.5,34.399999999999636,149.27149153746083,8.840008878369469,0.31,-22.83903713198565,-64.69903818896651,187.1630987199352,5.568185121894923,51.103857250270124,16.07287503264449,98.43372782918098,5.023641572471293,51.81794950436313,13.62660096601765,97.57102192049788,5.0232700746089165,110.70691038520862,87.28029761263777,87.40769883805444,0.0,103.31621829752027,84.74669798011166,88.7339427104766,0.0,0.0,0.0,False,False,False,False,0.0,False,False,107.89976479371911
4884.599,34.498999999999796,149.2918421157177,8.840008878369469,0.2919444444444444,-22.98146073668515,-64.16734456712155,187.1046886980403,5.551808173618007,50.758653731885424,15.714748813038097,98.77272529526108,5.025115280067196,51.45590675138859,13.28556091455461,97.93688366248752,5.024743783093982,110.70719948895682,87.28059819648601,87.41682160321474,0.008425274918056648,104.08614027353006,85.47399365110563,88.97372140802432,0.0915880327752286,1.7365068916143798,1.725111961364746,True,True,False,False,0.022034638260380764,False,False,107.74012376893099
4884.7,34.599999999999454,149.3121926939595,8.851128386522765,0.2638888888888889,-23.12806423566635,-63.627876740652425,187.05306304410112,5.518170494191224,50.40651429460186,15.350516214742601,99.118995463931,5.007037906604937,51.08664229901929,12.938756479270758,98.31056633858623,5.006666409749979,110.70875731786651,87.28221080892766,87.41658831586976,0.035974234749615475,104.09365027589473,85.48176775465114,88.97736492154884,0.12245371501906399,0.12245371501906399,0.0,False,False,False,False,0.0,False,False,107.82533437883299
4884.8,34.69999999999982,149.3257597461408,8.851128386522765,0.18305555555555555,-23.27407437177603,-63.09821665495052,186.99575126036788,5.470187349264776,50.05928681940164,14.99222695607226,99.45625037651459,4.971704974676667,50.72257042108107,12.59765134764829,98.67434002501264,4.971333478303188,110.71276614831392,87.28635399552418,87.42452682697672,0.07932835278320646,104.1037867023896,85.49224390397727,88.988130858725,0.16909171662918948,0.16909171662918948,0.0,False,False,False,False,0.0,False,False,107.9143274689434
4884.899,34.79899999999998,149.33254327223142,8.862247894676061,0.18499999999999997,-23.41993724916544,-62.57925300995364,186.94198987333425,5.4202159895568975,49.718021711482265,14.640814670067599,99.78198604835754,4.924243445788981,50.36478531229627,12.26312742560044,99.02617379864864,4.9238719494523675,110.720028819141,87.29383593256127,87.42105166683054,0.13132144464647116,104.11735108730275,85.50621780920899,88.98714361400675,0.22433585323321678,0.22433585323321678,0.0,False,False,False,False,0.0,False,False,108.00824243681949
4884.999,34.89899999999943,149.3528938504883,8.862247894676061,0.18305555555555555,-23.569147573290014,-62.061194147228704,186.90149020603965,5.362217612370036,49.37681860870063,14.289843485265575,100.12329606363633,4.865554380218603,50.00708368977603,11.929041341181216,99.39313466498481,4.865182883955713,110.73143892089415,87.30558004183166,87.43553705003274,0.19616261577492544,104.13535716559271,85.52475097881113,89.00429766575823,0.2924609079381757,0.2924609079381757,0.0,False,False,False,False,0.0,False,False,108.11007668782264
4885.099,34.998999999999796,149.37324442874518,8.862247894676061,0.2411111111111111,-23.720559443941013,-61.550725208486526,186.8674710064399,5.286909297323451,49.03974473641793,13.944102288050985,100.46211427491309,4.791692806842356,49.653758701596615,11.599980026664996,99.75705995524082,4.791321311494907,110.74800305864564,87.32260758423665,87.452486033924,0.27894068238239667,104.61722551167375,85.98100031020589,89.16503352454393,0.425751006132254,1.401371106603932,1.0228482484817505,True,True,False,False,0.007748829483577159,False,False,107.98350471874036
4885.2,35.099999999999454,149.3935950070171,8.87336740282936,0.23888888888888887,-23.875719481629197,-61.043522290755725,186.84385675689302,5.216245653250077,48.7038065979499,13.60131762940366,100.8007291799404,4.71235569087772,49.30171101789091,11.273817232529948,100.12066420014204,4.711984197201664,110.77033624681886,87.34546383395926,87.46214058410519,0.3538493858175287,104.65004448509772,86.01458793085368,89.17821044325139,0.5041440124442093,0.5041440124442093,0.0,False,False,False,False,0.0,False,False,108.10573336437473
4885.299,35.198999999999614,149.4275126374402,8.895606418345864,0.3269444444444444,-24.029827361131517,-60.5541251109384,186.84409010956102,5.149248311136712,48.37903799973073,13.271909221029619,101.14319676986976,4.632798834016702,48.96146436563046,10.960475991659198,100.48726556986412,4.6324273420010185,110.797861986137,87.37346571463397,87.47013381246038,0.43939102058061497,104.68811929655529,86.0533213619461,89.19039349519818,0.593100953987565,0.593100953987565,0.0,False,False,False,False,0.0,False,False,108.23476307832209
4885.4,35.29999999999927,149.45464674180278,8.906725926499162,0.33499999999999996,-24.18953116523402,-60.06357786252421,186.84004743566305,5.066541649477366,48.05291931764166,12.94280607118079,101.48201942974018,4.541792401378329,48.61988452899167,10.647505183446803,100.84978722305556,4.541420910166719,110.83242693608305,87.40841891679347,87.48823729544304,0.5340252842030576,104.73372411403857,86.0994384374063,89.21141062369787,0.691219520486831,0.691219520486831,0.0,False,False,False,False,0.0,False,False,108.376860110266
4885.5,35.399999999999636,149.49534789830145,8.917845434652458,0.4019444444444444,-24.35014347807872,-59.58730795184498,186.85612356142522,4.986030919341454,47.735597322548976,12.624420254180476,101.82723375468919,4.4485016654929295,48.287607696104644,10.344814769294949,101.21779941451688,4.448130176824174,110.87331976244128,87.44959934922144,87.51512686516311,0.6266729991581921,104.7858147733512,86.15189545901595,89.24147486128243,0.7873170402705276,0.7873170402705276,0.0,False,False,False,False,0.0,False,False,108.52831108134107
4885.599,35.498999999999796,149.53604905483024,8.95120395832226,0.47888888888888886,-24.510954829079523,-59.12448672410248,186.88675507604833,4.912299402714245,47.42666336483764,12.316806275023612,102.16483702792195,4.35891384841878,47.96422834177089,10.052478870474184,101.5777907290664,4.358542362619262,110.92025046515177,87.49651168178639,87.52454093619852,0.7138734226936331,105.08577578595391,86.4374006111232,89.33049571895548,0.9025419914284953,1.4144891336920122,0.5365563631057739,True,True,False,False,0.00213296943235212,False,False,108.45099614411238
4885.699,35.59899999999925,149.5835337374346,8.973442974628854,0.4711111111111111,-24.675279415391852,-58.66552150597918,186.92555597734795,4.837738723048942,47.11969145395734,12.013811656086228,102.50894018188117,4.267524178217519,47.64303186475677,9.764662484402612,101.94357238377552,4.267152696769131,110.97428619344262,87.55010333118979,87.54978897006883,0.8082205057830493,105.15333284230938,86.50440246699604,89.35934439882752,1.0004245930308049,1.0004245930308049,0.0,False,False,False,False,0.0,False,False,108.62281531494688
4885.799,35.698999999999614,149.65136899829585,8.98456248278215,0.6611111111111111,-24.842015706300757,-58.21521626764905,186.98596623750473,4.766073241580825,46.81773439282595,11.718766649429073,102.86997753764801,4.17595531232381,47.32722783006015,9.484544526665113,102.32536268130806,4.175583836053563,111.03509997041483,87.60983625101088,87.59651767486307,0.8966357555980511,105.22798492445652,86.57772774063281,89.4099342763653,1.0923753613587321,1.0923753613587321,0.0,False,False,False,False,0.0,False,False,108.80532877281561
4885.899,35.79899999999998,149.7124207330665,9.006801499088745,0.5919444444444444,-25.011493687160606,-57.77362318299035,187.05098607343848,4.694073955970792,46.52083991134843,11.43177866732017,103.22007007724619,4.0826093164068435,47.016869098420514,9.212229973367192,102.69575710029252,4.08223784575516,111.10290797559165,87.67573927280912,87.6327350127514,0.9945156236557053,105.30995634412935,86.65739627303462,89.44939190714703,1.193790747929312,1.193790747929312,0.0,False,False,False,False,0.0,False,False,108.99876989086916
4886.0,35.899999999999636,149.78703952001837,9.029040514605251,0.7699999999999999,-25.186036324536026,-57.337681149214646,187.13663194283242,4.604959963556906,46.226274777794586,11.15094652928253,103.58250083450073,3.9765336283749297,46.709134266199094,8.94595184043704,103.07793874172648,3.9761621706501593,111.17942246927569,87.74929018177191,87.67796645678918,1.107127032448649,105.40111085950257,86.74502016151577,89.49795615283853,1.3099730304202855,1.3099730304202855,0.0,False,False,False,False,0.0,False,False,109.20650483043458
4886.099,35.998999999999796,149.86165830698533,9.017921006451953,0.7611111111111112,-25.360760319454716,-56.9220381602787,187.21905406290654,4.503976023376982,45.943345945205905,10.885589912590314,103.93509431978842,3.859800495888152,46.41376800583007,8.694569455549857,103.44839565689419,3.8594290501064936,111.26347427736063,87.82874801586289,87.75514950298968,1.2295275491059758,105.85886221082743,87.17461120745885,89.6923312633595,1.4719998290749798,2.2287791602726497,0.7929054498672485,True,True,False,False,0.004659451806782357,False,False,109.18609803546448
4886.2,36.099999999999454,149.94306062002786,9.051279530911845,0.8711111111111112,-25.542789577952007,-56.51113283829746,187.33316186777523,4.395875693692583,45.66128669037089,10.62608993069204,104.29366424529987,3.7298700530335838,46.11955349380484,8.448995169801371,103.82525404948703,3.72949863072089,111.35933990333201,87.91792913281819,87.79892894434339,1.3632081016780215,105.97279520845166,87.28059989613887,89.73968355844464,1.6093772729659308,1.6093772729659308,0.0,False,False,False,False,0.0,False,False,109.42326018375645
4886.299,36.198999999999614,150.04481351132728,9.062399039065141,0.97,-25.725591748442405,-56.12438981111157,187.4688048870563,4.246845400508406,45.39220017794166,10.384851717010756,104.66096864921768,3.571153278525331,45.8391768794629,8.221035069657992,104.20903319377439,3.570781896080601,111.46593380608105,88.01487827655026,87.87390930792472,1.5476637278802972,106.09755086179942,87.39406749096254,89.81766071794881,1.7974565847184387,1.7974565847184387,0.0,False,False,False,False,0.0,False,False,109.67367600958409
4886.399,36.29899999999998,150.139782876536,9.095757562734944,0.9769444444444444,-25.91537281110129,-55.75506312143581,187.61942007054782,4.059291984752199,45.13002708192167,10.157240049314803,105.01512061181405,3.372935139832821,45.56636331735789,8.006352094011472,104.57909390779393,3.372563813541949,111.58969714570806,88.1241732352139,87.92951491709881,1.7546234931057318,106.24017488849186,87.52001825432082,89.87513697639503,2.0080766383784585,2.0080766383784585,0.0,False,False,False,False,0.0,False,False,109.94869090308856
4886.499,36.39899999999943,150.26188634612242,9.117996579041538,1.2080555555555557,-26.110084783187464,-55.409477693656136,187.80539698329167,3.875516692085882,44.87974962606982,9.947627690883246,105.38540234522804,3.1565356433228526,45.30629981830053,7.809073402994258,104.9637481384878,3.1561643785969404,111.7316647649941,88.24521621177064,88.00962937029672,1.9766608487713175,106.40156850565518,87.65762402609435,89.95665934542401,2.2337742824785964,2.2337742824785964,0.0,False,False,False,False,0.0,False,False,110.24784133451304
4886.6,36.5,150.38398981566365,9.106877070098152,1.2,-26.31155208808916,-55.08490716560358,187.99441399154327,3.6911001692644865,44.640394652861865,9.755299252515538,105.74558321405755,2.9240957816106636,45.05798020973591,7.628531491696928,105.3363840520319,2.9237246124054126,111.89510110225433,88.37950196760487,88.12232187439236,2.212012688749266,106.91098009628315,88.11140539045408,90.17548485693479,2.5051810435925734,3.1876504321028154,0.7148274183273315,True,True,False,False,0.0037881619493217115,False,False,110.33947779538582
4886.699,36.59899999999925,150.54001091565806,9.117996579041538,1.5680555555555553,-26.51192539981486,-54.78774699814369,188.232123228771,3.550165585785154,44.41834421975396,9.585400741229371,106.12269601252784,2.7246712686536965,44.828026397223,7.46955790412998,105.72483634837558,2.7243002142186667,112.07370474985,88.5195861223522,88.22850521257891,2.3735714861283883,107.11256635028111,88.26951548719697,90.28236753069213,2.6704732537852323,2.6704732537852323,0.0,False,False,False,False,0.0,False,False,110.68402389046605
4886.799,36.698999999999614,150.6960320156525,9.117996579041538,1.565,-26.716444759121753,-54.50119002567239,188.47436913173425,3.491433006365022,44.2037705770035,9.43052673942209,106.4927200395347,2.568518262410498,44.606265973520635,7.325230189233533,106.10491256394634,2.568147386482938,112.26968159201442,88.66557375115939,88.34252340087573,2.5139354623701258,107.33250444629837,88.43335240163702,90.39536045905821,2.8146083540810896,2.8146083540810896,0.0,False,False,False,False,0.0,False,False,111.0493439484864
4886.899,36.79899999999998,150.89275427216066,9.117996579041538,1.9211111111111112,-26.928331716507714,-54.22341204029619,188.76565542510983,3.49726911907382,43.99706795119722,9.290022143983615,106.8958247399065,2.4305768777368066,44.393060795226354,7.194874768956536,106.51705548022528,2.430206119003501,112.48114886867069,88.81312803327108,88.46900817337304,2.643221710547257,107.56878431256402,88.59822001896083,90.52111516723336,2.9476657263123407,2.9476657263123407,0.0,False,False,False,False,0.0,False,False,111.42989992362685
4886.999,36.89899999999943,151.1030435808501,9.106877070098152,2.0461111111111108,-27.15061708174203,-53.95254510959748,189.07897362015598,3.5115786316760382,43.79694052681124,9.162963553640205,107.3061177116088,2.311359198324285,44.18707205920933,7.077631667809735,106.9352271392314,2.3109887038767383,112.70580845297981,88.96163271548087,88.60660057043573,2.7428926388133186,107.81899845110074,88.76361679578679,90.65707223664508,3.051107778632488,3.051107778632488,0.0,False,False,False,False,0.0,False,False,111.82341382285031
4887.099,36.998999999999796,151.33368346781148,9.095757562734944,2.298888888888889,-27.380205053447902,-53.687666804877885,189.42125626685325,3.499466757321331,43.601620447499165,9.049185098580669,107.73207308692692,2.210342623743783,43.986526046475454,6.973420208896675,107.36813550716336,2.2099724048441614,112.94420349636653,89.10659084845844,88.74393283799074,2.8372527724509045,108.20210729578719,89.03297767583392,90.8311181396176,3.160796575136702,3.4062501220728656,0.2570110857486725,True,True,False,False,0.0004898524985020967,False,False,111.9931007316621
4887.2,37.099999999999454,151.56432335474275,9.062399039065141,2.2838888888888893,-27.616770930347904,-53.42837316753182,189.76554260502442,3.4516057618573623,43.40929594313629,8.946788120857867,108.15508920198694,2.104987256427771,43.789521835661816,6.880431431158383,107.79688689901599,2.1046173040308513,113.19935951979969,89.24856308605239,88.89145827708553,2.9448139748209377,108.48598838852732,89.19093292770155,90.97430893721487,3.272206277104061,3.272206277104061,0.0,False,False,False,False,0.0,False,False,112.40966149101142
4887.301,37.20100000000002,151.81531381994594,9.029040514605251,2.4930555555555554,-27.85444806747635,-53.18028783052071,190.13475187307216,3.3520126994737134,43.22253729139423,8.856447116337435,108.59291368529117,2.0039625734713837,43.59865886305516,6.799214908414875,108.23962551807344,2.0035929095145857,113.4683753992184,89.38514904341929,89.03702524308417,3.0295214614269623,108.78466158558773,89.3425766323352,91.11476892056626,3.3607622633074463,3.3607622633074463,0.0,False,False,False,False,0.0,False,False,112.83515866459895
4887.399,37.29899999999998,152.0730878112398,8.995681990935449,2.583055555555555,-28.080965888093417,-52.95174766021767,190.50713137488262,3.215029885688318,43.046417922359836,8.78008435784951,109.02688305825401,1.9145450289272872,43.419096284505244,6.731445548647337,108.67758113501739,1.9141757128110208,113.74202788842935,89.51075687342303,89.17369252273154,3.1154375596021318,109.08798255738232,89.4818024408473,91.2454648668246,3.4504125492107245,3.4504125492107245,0.0,False,False,False,False,0.0,False,False,113.25471781445871
4887.5,37.399999999999636,152.3376453286393,8.95120395832226,2.645,-28.309899070371916,-52.727852575578005,190.886985707001,3.1261616179091076,42.86963198018791,8.712842510347413,109.46827285856214,1.8319218078287955,43.239309246802186,6.6728174009028525,109.12212415972533,1.8315529171769382,114.0365011670002,89.63074696829226,89.30938530965409,3.1812227029172755,109.41396708777242,89.61463253978614,91.37303138367683,3.520046192123194,3.520046192123194,0.0,False,False,False,False,0.0,False,False,113.69172077005034
4887.6,37.5,152.61576989817493,8.895606418345864,2.7538888888888886,-28.53553866760889,-52.51135720833411,191.27627081513333,3.12790937244688,42.69738757685122,8.65689032065379,109.91864153778461,1.7913079459826458,43.06460293445767,6.6252449414255645,109.57469016314006,1.7909395207835006,114.33665281324863,89.7365595202457,89.44579645363478,3.183910662403752,109.93746875393083,89.9022733988823,91.56155024820364,3.5448772502781565,3.936819052865848,0.4102745056152344,True,True,False,False,0.0012486487174674001,False,False,113.892532402268
4887.7,37.599999999999454,152.9006779938163,8.817769862852963,2.905,-28.762485521124756,-52.29543107122033,191.66723326292532,3.1372394038579747,42.52578382710113,8.610131289944615,110.37508947262754,1.7668225988480155,42.89098017354066,6.586822334465509,110.0323168045769,1.7664545572988812,114.64334226965214,89.8276412746732,89.58919021216262,3.2146613239003248,110.27894673133899,90.00368677528402,91.69386610195359,3.5795001111296796,3.5795001111296796,0.0,False,False,False,False,0.0,False,False,114.31904009406189
4887.8,37.69999999999982,153.20593666772956,8.795530846546368,3.068888888888889,-28.99030644716241,-52.079994248403835,192.09711231761588,3.133818721007832,42.3536676046696,8.571309809625724,110.85249582892773,1.7627743608982855,42.71722853618073,6.556351158776967,110.51139556739253,1.762406651061459,114.95354548524799,89.90455579542866,89.67674926833602,3.1772672886016164,110.62474945256629,90.08942815139467,91.77066657524072,3.5459782751859565,3.5459782751859565,0.0,False,False,False,False,0.0,False,False,114.73879908403181
4887.899,37.79899999999998,153.50441181553714,8.673216257650191,3.0638888888888887,-29.21575085224773,-51.86599591246028,192.48806211170452,3.145749426164221,42.181778377663235,8.540756263058187,111.32271224324984,1.7652389135572182,42.54410212640802,6.534125635392924,110.98092644683442,1.7648716507030957,115.26241495633263,89.96735558323402,89.8397874689541,3.1901891090421914,110.96957538171614,90.15953865828403,91.91970979518999,3.562733572987959,3.562733572987959,0.0,False,False,False,False,0.0,False,False,115.14665569337919
4888.0,37.899999999999636,153.8028869633447,8.573140685850696,3.09,-29.448043802999088,-51.65010884981393,192.89308803419124,3.134369168464787,42.00671370334795,8.518600450583822,111.79618656383802,1.730189452257371,42.368209742007714,6.520439420624946,111.45358168272485,1.7298226723285384,115.58309347800888,90.01623978825319,89.9651655112437,3.2332381314717686,111.32764642850346,90.21412297647,92.02932167450672,3.6096935167660438,3.6096935167660438,0.0,False,False,False,False,0.0,False,False,115.55656313709031
4888.099,37.998999999999796,154.10136211116733,8.39522855776821,3.3561111111111113,-29.67784837690754,-51.44705754728773,193.27673790164064,3.0613204481840173,41.838667664707366,8.506333585836606,112.26274942609635,1.675006303615357,42.1998039512924,6.516290251681272,111.91733166836113,1.674640080988239,115.90434610374673,90.0484685120986,90.1457909550446,3.2892912494572673,112.19090732410072,90.6821181551813,92.34510501415657,3.716924001908384,4.843051801337213,1.1734716892242432,True,True,False,False,0.009285668687248743,False,False,115.7475967764796
4888.199,38.09899999999925,154.40662078505048,8.217316428105548,3.458055555555556,-29.908936863385108,-51.25147875696506,193.67179038780444,2.99371635567674,41.67336457842225,8.50307835556417,112.73361838789911,1.6327707603424328,42.03457274206035,6.5210080476530266,112.38485059605532,1.6324050135113066,116.23370366115836,90.06325156625951,90.31018049138449,3.304491862404003,112.5631864727165,90.69882772413796,92.48823006592856,3.73615520578334,3.73615520578334,0.0,False,False,False,False,0.0,False,False,116.14122522799103
4888.299,38.198999999999614,154.72544651114504,8.050523808966448,3.578888888888889,-30.137376813548542,-51.05957701561138,194.08314575734963,2.973284940494429,41.51023243006039,8.50852518982568,113.21614047780773,1.632902757096947,41.8719293678072,6.534311190477518,112.86370201409359,1.6325375533111484,116.56242078309049,90.06123795457582,90.45536892519429,3.2699739222075217,112.93527064489254,90.69654846033811,92.61092910454708,3.7056678565151153,3.7056678565151153,0.0,False,False,False,False,0.0,False,False,116.5214700507418
4888.4,38.29999999999927,155.03748871113388,7.8614921719405775,3.61,-30.36440541704272,-50.86289042103739,194.47985874440073,2.975167282691314,41.34407618537814,8.523226527402832,113.69533826902872,1.671405182910932,41.70671172296899,6.557001860287525,113.33828438667298,1.6710405235686432,116.88890972343337,90.04142008386052,90.6027297071627,3.2070529979459628,113.30588903045313,90.67405193337446,92.73320045242507,3.6468178290910673,3.6468178290910673,0.0,False,False,False,False,0.0,False,False,116.8866601842944
4888.499,38.39899999999943,155.363097963289,7.639102012034993,3.803055555555556,-30.582253903837092,-50.6656507938575,194.87205566921483,2.962025987671992,41.17751812118349,8.54718668841435,114.18919065155566,1.7292971725786817,41.541538056418936,6.5889581270351,113.8264042382628,1.7289330517113546,117.20072145324889,90.00532815540065,90.77754232184364,3.1342315296817906,113.66114493658603,90.63293138041553,92.88179907532586,3.5779866458458613,3.5779866458458613,0.0,False,False,False,False,0.0,False,False,117.22388894778913
4888.599,38.498999999999796,155.67514016327783,7.372233819516221,3.975,-30.79650598512376,-50.464186347335875,195.23505401185346,2.9200555292752517,41.004847259420266,8.581449111691617,114.67666840416719,1.7926237958045093,41.37075533179327,6.631497467615872,114.30678493443486,1.792260160703937,117.50624830343497,89.95301218732637,90.97499250696181,3.0652399542265365,114.8936157455293,91.28852486922102,93.30100019492923,3.59407057812136,5.52641715606984,2.0133914947509766,True,True,False,False,0.0273379622879776,False,False,117.34181415526434
4888.699,38.59899999999925,155.98039883717604,7.049768086230964,4.193888888888889,-31.006080377557,-50.265093557565315,195.57335394774336,2.8612949180229137,40.829275444408566,8.625309376705667,115.16190146473942,1.8277085031029372,41.197537285991025,6.683761647774527,114.78344508940086,1.8273452637756502,117.80453045258656,89.88591974765751,91.20978537959816,3.0494517293901615,115.24370165028955,91.20978023930986,93.50072803621623,3.5825820525428163,3.5825820525428163,0.0,False,False,False,False,0.0,False,False,117.64665844474266
4888.799,38.698999999999614,156.27887398498362,6.70506333821929,4.358055555555556,-31.21608141412667,-50.07161077094114,195.90290713262058,2.850049888212796,40.65433319944091,8.677494792327844,115.64136335113308,1.824373497694514,41.02534894024108,6.744309386238314,115.25353172676046,1.824010610245792,118.09919118339853,89.80503348059703,91.451042730489,3.0617685900206224,115.58998089218679,91.11472435873692,93.70473250970701,3.5991986124311475,3.5991986124311475,0.0,False,False,False,False,0.0,False,False,117.93663176908674
4888.9,38.79999999999927,156.57734913280623,6.349239081264231,4.538888888888889,-31.431601751329154,-49.87872192859879,196.23697208191913,2.8773265208237278,40.48001105395335,8.737208310569203,116.121894171752,1.8250528747616508,40.85414275170177,6.812345085351737,115.72413301595617,1.8246902247718508,118.39228884497399,89.71052300541153,91.69079826606202,3.0364205389306917,115.93494834544715,91.00348826850023,93.90498733941118,3.5781932575916358,3.5781932575916358,0.0,False,False,False,False,0.0,False,False,118.21460251646764
4888.999,38.89899999999943,156.8622572284476,5.9822953169459625,4.621944444444444,-31.646069478648354,-49.68777920223659,196.55672574318223,2.923699150722431,40.311656454177516,8.802476243407572,116.58471581344297,1.8235570275833535,40.68916372393334,6.885639968482089,116.176605588079,1.8231947205050265,118.67561278196801,89.60770955637587,91.93165788126576,3.0525051671275296,116.26888882791023,90.88230693402166,94.10543836931706,3.5985345880537567,3.5985345880537567,0.0,False,False,False,False,0.0,False,False,118.47518579106021
4889.099,38.998999999999796,157.16073237625514,5.570873519224419,4.906944444444444,-31.865932381071854,-49.495956507111934,196.8843207531476,2.9121623935090195,40.145320309753245,8.87505987712864,117.06205323921581,1.8068267124659279,40.52655320149579,6.966143219747083,116.64252453246657,1.8064646938921276,118.95806798841456,89.49107757787037,92.20653022196832,3.05925274883038,117.8304157057815,91.67609183275914,94.66246579411087,3.720224294498071,6.3649241141164055,2.7553422451019287,True,True,False,False,0.051204110309671286,False,False,118.52843813164844
4889.199,39.09899999999925,157.42528989363962,5.181690738599556,4.798055555555555,-32.0816674235269,-49.307079594836324,197.1849714457476,2.8228761281098533,39.97986654927954,8.952722924993116,117.50594941655838,1.848758808254726,40.365068488506665,7.051676559105929,117.07515655504221,1.8483968280003684,119.23169736364028,89.36508622426004,92.44238522367725,2.965591022487754,118.16429540271592,91.52235850304967,94.84796570526696,3.6312269551546157,3.6312269551546157,0.0,False,False,False,False,0.0,False,False,118.76612081182128
4889.299,39.198999999999614,157.6762803588428,4.77026894245819,4.831944444444444,-32.28834577634846,-49.11709805839012,197.45988834435997,2.79216700063157,39.81117176535343,9.03618286029721,117.94228183865808,1.9157919428776067,40.2006256643493,7.14315566924697,117.49961717945315,1.915430087614787,119.49715652846872,89.23814359252222,92.69556270045491,2.9194068515410305,118.49001568053022,91.36659899366208,95.04992223971468,3.5897071712071047,3.5897071712071047,0.0,False,False,False,False,0.0,False,False,118.996335242098
4889.399,39.29899999999998,157.96797198057482,4.25877157293715,5.451111111111111,-32.4924591654435,-48.92556947332401,197.7466812992122,2.805903668323889,39.64025984150845,9.127014231851994,118.4278144974897,1.9556833560536144,40.03432316184868,7.24210363924339,117.97137701119064,1.9553216858134046,119.7552862521905,89.1062629507927,93.05539287806772,2.8779531659518423,118.80804385605276,91.20411573031969,95.35718557803301,3.5529178726171295,3.5529178726171295,0.0,False,False,False,False,0.0,False,False,119.21561657910885
4889.5,39.399999999999636,158.22574597186863,3.802871744182595,5.3500000000000005,-32.700796944043354,-48.733178402856495,198.02267889025688,2.809670994220055,39.46720770351,9.224462539392064,118.88222768096122,1.9771943558099534,39.86620181520986,7.347763098775798,118.41261735004394,1.976832737757312,120.00952483295212,88.96594356459151,93.34467504912477,2.872358660907594,119.1221751651299,91.03074034274383,95.59178997218062,3.5520343984420535,3.5520343984420535,0.0,False,False,False,False,0.0,False,False,119.42466033082688
4889.6,39.5,158.47673643707182,3.2802548665082587,5.648888888888888,-32.91039607252532,-48.544790771711696,198.27977669356417,2.8268819037763797,39.297465186652474,9.3248413725222,119.33245879394975,1.9671572749270674,39.70152680864383,7.456189649274251,118.84859634672566,1.9667957748082245,120.2594360200365,88.82242078671506,93.691110578785,2.891473022918384,120.91111065413507,91.89541715704713,96.24875702180358,3.7070742867577158,6.852670523550689,3.276857376098633,True,True,False,False,0.07242915256585379,False,False,119.43797691574638
4889.699,39.59899999999925,158.73451042838073,2.690920941494318,6.026944444444444,-33.12457685992722,-48.360800385355965,198.53510426505673,2.8778967875607235,39.13381633118359,9.42604469415971,119.79018290534097,1.920087442947241,39.54297742633068,7.565145527912189,119.29115476303188,1.9197259792059893,120.5070543489061,88.67167773436648,94.09584973304187,2.9649635255245004,121.22791173141896,91.70255759937587,96.5909747664328,3.7856077617044193,3.7856077617044193,0.0,False,False,False,False,0.0,False,False,119.63740149190377
4889.8,39.69999999999982,158.97193384140263,2.179423572763367,5.808055555555555,-33.35374803691201,-48.178465775991626,198.80916711666023,2.92283084103294,38.97438961780415,9.52828263238159,120.22236210111913,1.8304229266704384,39.38869540630168,7.6749303438332,119.70944619910777,1.8300615270534408,120.76495962443272,88.50961345284463,94.40696247389326,3.0666807176885618,121.55621635787948,91.4962552920695,96.83714340676138,3.892469804438238,3.892469804438238,0.0,False,False,False,False,0.0,False,False,119.84108941780796
4889.899,39.79899999999998,159.18222315009206,1.5900896469593375,6.1130555555555555,-33.59163307827052,-48.00707167261076,199.05184765812365,3.002111577091011,38.828283647456644,9.624952012017538,120.62184614334774,1.70883224838438,39.24744925180843,7.778510809728278,120.09432353995847,1.7084708654997445,121.02483905891957,88.33939782366716,94.7703984892893,3.209312865290763,121.884693976996,91.2811092774607,97.1369377980227,4.040144924381073,4.040144924381073,0.0,False,False,False,False,0.0,False,False,120.04011095270884
4889.999,39.89899999999943,159.4332136153103,0.9673971974855057,6.5280555555555555,-33.8389185068511,-47.83509155532835,199.33840564104733,3.0222397306542845,38.68822284597925,9.718751179566786,121.06171563465277,1.6625367830046027,39.11210301879765,7.878932554972509,120.51945476219191,1.6621754003977984,121.2894613161991,88.16241374042376,95.17308836734902,3.1577368367399825,122.21858870626524,91.05779452998995,97.47414015342449,3.993662807285441,3.993662807285441,0.0,False,False,False,False,0.0,False,False,120.24136972978778
4890.1,40.0,159.6909876065891,0.31134622434187154,6.803055555555555,-34.08314755885,-47.656127536890516,199.62287944558952,2.974340878425332,38.548174369780384,9.81494716246543,121.51501812417845,1.7020951706696583,38.976884692372316,7.9817471830707625,120.95755327077258,1.701733875576732,121.5530910291082,87.98561996635665,95.61002788172571,3.1278453875385783,124.64692934599327,92.19696700124199,98.34151374129002,4.15234434153828,8.141145975499498,4.172229766845703,True,True,False,False,0.12922746208231098,False,False,120.24447224151052
4890.199,40.09899999999925,159.9487615978829,-0.24462917700226716,6.3999999999999995,-34.32309974003517,-47.48317658550399,199.93257980870587,3.0030646991647427,38.41268748645738,9.912220458171987,121.95974296844618,1.6675626120283504,38.846273554309484,8.085417775672024,121.38864153032442,1.6672013897509128,121.81023265775383,87.80484873295568,95.9544576866194,3.2221498044762398,124.98727279214017,91.9577046738469,98.60819472567948,4.25228177073147,4.25228177073147,0.0,False,False,False,False,0.0,False,False,120.444830491771
4890.299,40.198999999999614,160.13191680222485,-0.856202118322802,6.36,-34.580227037045105,-47.31716902793518,200.17852133698224,3.1201165441096443,38.28163705221392,10.007071695940619,122.33356609336452,1.5679949430694737,38.7199771230639,8.186454896656517,121.7482186421911,1.5676337514088756,122.07433905979352,87.61114363218542,96.30602518929524,3.3283878119941925,125.334674897286,91.70290751911925,98.88395633805743,4.364209689618707,4.364209689618707,0.0,False,False,False,False,0.0,False,False,120.64407939956774
4890.399,40.29899999999998,160.33542258482368,-1.5456116151362385,6.99,-34.85754636882836,-47.160883825721065,200.4521094620536,3.250178226672387,38.16065699523737,10.09271086126646,122.72784483129777,1.396501461571483,38.6032954198136,8.277805403440885,122.12784410624407,1.3961402816721067,122.35493750538181,87.41090849421514,96.72527961621584,3.5659460396170606,125.69982053921947,91.44233947556326,99.22894727400762,4.607457828610859,4.607457828610859,0.0,False,False,False,False,0.0,False,False,120.86102215269575
4890.499,40.39899999999943,160.5524954195887,-2.290618652716159,7.486944444444445,-35.153331256418795,-47.01983433033424,200.7522685552379,3.307532361719148,38.054410605624135,10.168160812944986,123.1300205833786,1.209771289009546,38.50083891120012,8.358268084581173,122.51532820502689,1.209410137056754,122.65237797901298,87.20225687606202,97.18741519568682,3.700589121332401,126.08275814673817,91.17371244412728,99.61799021783021,4.747790821695432,4.747790821695432,0.0,False,False,False,False,0.0,False,False,121.09426352582122
4890.599,40.498999999999796,160.7424341500213,-3.0356256902960808,7.408055555555555,-35.45695588431502,-46.88850884782591,201.0404835128328,3.3086664237646333,37.96027327176469,10.236057316443889,123.49735462658899,1.1115886221130387,38.410113019635155,8.430602053706272,122.86851171811779,1.11122747052436,122.9551614600126,86.98418727785496,97.629118116318,3.762176747363405,128.21367016979306,91.93842720041769,100.39019478300405,4.966037583878935,8.272446269709734,3.4573779106140137,True,True,False,False,0.08876618293299202,False,False,121.13667976187763
4890.699,40.59899999999925,160.95950698481644,-3.713915679746308,7.176944444444445,-35.762369847671096,-46.76005265601395,201.37643043086246,3.31807786310583,37.872922800360264,10.299184162947974,123.88169426270588,1.0438792264965453,38.325936101131305,8.497844650279687,123.24009006018221,1.0435180749397204,123.26312134740179,86.76172472986947,98.01458563731615,3.8359513773403244,128.61946783771384,91.64528907799027,100.69387302147067,5.045989306076092,5.045989306076092,0.0,False,False,False,False,0.0,False,False,121.38296473030601
4890.799,40.698999999999614,161.14944571523398,-4.49228124178612,7.6611111111111105,-36.07268975051483,-46.63921343731184,201.67531978693978,3.3435420764566617,37.79251001934519,10.357943777881664,124.24758656575351,0.9480229477809174,38.248478106570246,8.56039043110408,123.592152165686,0.947661816513397,123.57872264311125,86.53354043583688,98.47466397123961,3.953072949121384,129.03337779732618,91.34602620039375,101.07632260766839,5.169287970077446,5.169287970077446,0.0,False,False,False,False,0.0,False,False,121.6375188166108
4890.899,40.79899999999998,161.37330207608963,-5.237288278575953,7.728888888888889,-36.39049198501383,-46.53077169103194,202.02888410763774,3.3741106038884676,37.72089162687417,10.411009776608172,124.63862901173587,0.8346946313303281,38.179529599595334,8.61682500488332,123.97032722333667,0.8343335010263233,123.9010025905357,86.29528503820396,98.90594121045882,4.0626615527682635,129.45370417814883,91.03528695087223,101.42617744584477,5.28505366594462,5.28505366594462,0.0,False,False,False,False,0.0,False,False,121.89490770050475
4890.999,40.89899999999943,161.60394196302087,-5.960056300639369,7.693888888888889,-36.71541267999712,-46.433821446365904,202.40724317843612,3.4082817734213595,37.65815140351857,10.457857459420373,125.02842432684164,0.7313300883454668,38.11914902448936,8.666620317459692,124.34803478930597,0.7309689630753178,124.23101961230854,86.05012876527161,99.31067153582016,4.159572518814622,129.88209579590057,90.7170521768012,101.74840946083263,5.388141724211216,5.388141724211216,0.0,False,False,False,False,0.0,False,False,122.16001544298457
4891.099,40.998999999999796,161.80066421954413,-6.727302354525883,7.748888888888889,-37.0484631807566,-46.34401983445216,202.75714481059683,3.4910024584141675,37.60375046608031,10.498781843763915,125.3858499300934,0.6301794161252033,38.066812356971205,8.710097035562626,124.69314093677424,0.6298182913406957,124.56782384210784,85.79715997946418,99.73495141005283,4.264922618635289,131.75920337963322,91.18189933360438,102.41436005074128,5.623276421478644,8.349175771263162,2.8495068550109863,True,True,False,False,0.06031477069657993,False,False,122.24761355424802
4891.199,41.09899999999925,162.03808763255097,-7.5390264402354985,8.258888888888889,-37.39020905091977,-46.2592906480385,203.15241661962207,3.5511894428052506,37.5569474567836,10.533917770912973,125.78626940933708,0.5403023798916033,38.02178571059329,8.747425719049705,125.08114033032658,0.5399412580834099,124.91140589341575,85.53821803501287,100.20860210612756,4.339716980538999,132.21152565577657,90.84100489730498,102.80201537581748,5.704644097290452,5.704644097290452,0.0,False,False,False,False,0.0,False,False,122.53141430719793
4891.3,41.19999999999982,162.28907809778426,-8.295152985968716,8.20111111111111,-37.742854288535696,-46.179376092368,203.58779023944612,3.609330861123282,37.51688554726239,10.56394335263037,126.18940347181719,0.4510825223093609,37.9832462113554,8.779324753997534,125.47301554943881,0.45072140219219775,125.2666631496212,85.27273172821721,100.62608140279117,4.442426571033272,132.67748015676787,90.49279374203034,103.13052482826986,5.81399273483198,5.81399273483198,0.0,False,False,False,False,0.0,False,False,122.83032919974036
4891.399,41.29899999999998,162.46544977605063,-9.140235594558044,8.35388888888889,-38.09709835493845,-46.10580904568659,203.94065149784652,3.7000245527063282,37.484990938393494,10.58804852094983,126.52794270600273,0.3565780742267379,37.95257840090191,8.804916810405464,125.79937850769255,0.35621695923176366,125.62162974756495,85.00576577593297,101.0986481034437,4.530366263847614,133.14122340227325,90.14401822943594,103.52426435289365,5.908440008415385,5.908440008415385,0.0,False,False,False,False,0.0,False,False,123.13097266265878
4891.5,41.399999999999636,162.67573908472502,-9.974198696574252,8.528055555555556,-38.46913292588701,-46.02965157845624,204.35081408862337,3.819849680803309,37.45979904948663,10.607247564647068,126.89612905487684,0.2706278821230136,37.92836942307201,8.825284697264514,126.1559622585327,0.27026676818895434,125.98914587683055,84.72628444657963,101.55829670070437,4.612444497635926,133.6197960370549,89.78008286576038,103.89978111818611,5.997157289250891,5.997157289250891,0.0,False,False,False,False,0.0,False,False,123.44350458386923
4891.6,41.5,162.9267295499282,-10.719205734944262,8.245,-38.847945874228714,-45.95137321015796,204.82755006962657,3.916502211612238,37.4415743428336,10.621230994767089,127.2868352075871,0.18879738053190553,37.910867688630724,8.840107241406113,126.53668417115189,0.18843627038527486,126.3588759351796,84.44370238510322,101.94698131800806,4.694605250022462,135.172514244571,89.95059329088976,104.4255950575238,6.176974377249785,8.199095357925957,2.113204002380371,True,True,False,False,0.03318124817246106,False,False,123.58542501245128
4891.7,41.599999999999454,163.2116376455846,-11.453093263580799,8.205,-39.232548228358525,-45.87266816351823,205.34934996355852,3.9349573440784393,37.42838738090105,10.63147926333007,127.70729967720874,0.14522500338077027,37.89821759573252,8.850955894651056,126.947657153689,0.14486390484745187,126.73072527124916,84.15679317114233,102.33331496499366,4.69877168893687,135.66199838872262,89.57292013829178,104.71503238340982,6.188004192457486,6.188004192457486,0.0,False,False,False,False,0.0,False,False,123.91099321240341
4891.8,41.69999999999982,163.41514342818343,-12.287056366387095,8.386944444444445,-39.61761416797701,-45.78837473133063,205.77813049323424,3.9493798096577057,37.416497070167644,10.640629566624487,128.0677073516003,0.15485880849856903,37.88680981948728,8.860645479861649,127.29724204378485,0.15449776839665746,127.09955161605748,83.86746797833736,102.7838253842751,4.676556354704167,136.14826785131334,89.19146689342571,105.07793862993736,6.1726522345181385,6.1726522345181385,0.0,False,False,False,False,0.0,False,False,124.23612347532313
4891.899,41.79899999999998,163.6389997890391,-13.09878045209671,8.553055555555556,-40.00421796718024,-45.70032248515614,206.2363224096093,4.060885172932769,37.405847339673144,10.64868635479889,128.447463801546,0.11491846396245331,37.87658837368419,8.869183471292029,127.66665799630026,0.11455742407853434,127.47292333738915,83.58527761812545,103.22689654752136,4.778287845142653,136.6400695254706,88.81976843943386,105.43402128123702,6.281178467487033,6.281178467487033,0.0,False,False,False,False,0.0,False,False,124.57916253074728
4891.999,41.89899999999943,163.8085879412148,-13.99946060145252,8.878888888888888,-40.40938677444352,-45.6182931623385,206.65123219927486,4.208474112156109,37.40177084846767,10.65177116335667,128.7880686827843,0.012676075021440176,37.872693009179585,8.872438026628783,127.99598969962238,0.013037111973556817,127.85987210606594,83.2921572049161,103.72062989384892,4.930448967091514,137.14708943719052,88.43569204984637,105.84798534301443,6.440202965729187,6.440202965729187,0.0,False,False,False,False,0.0,False,False,124.93748801747226
4892.1,42.0,163.99852667163233,-14.866782227138533,8.821944444444444,-40.83093236225834,-45.547113142072234,207.11443695012215,4.257867657877367,37.407654879308765,10.647219876321563,129.1364128527499,0.13462753101452332,37.87837854865557,8.867584728648625,128.33398590144998,0.13498856006630652,128.2592236732651,82.98710078110649,104.17619785056664,5.020732644198513,138.85987805047125,88.5797926081437,106.45724728570549,6.637713812847401,8.879217196822543,2.3417985439300537,True,True,False,False,0.040759898083487116,False,False,125.14114228425942
4892.2,42.099999999999454,164.25630066292618,-15.73410385361463,9.04888888888889,-41.254705832103994,-45.485167937780574,207.65331590114445,4.308013563561928,37.42234626630064,10.63577385162771,129.5462173823486,0.23785066285168177,37.89252835537997,8.855420134677345,128.73401897619826,0.23821168811692667,128.66081107049183,82.67610810568945,104.6499340525366,5.137788543006191,139.38959455194654,88.16957567119799,106.83785701522095,6.761950470965636,6.761950470965636,0.0,False,False,False,False,0.0,False,False,125.52052673232762
4892.299,42.198999999999614,164.48694054988755,-16.601425478510553,9.055,-41.68367459993111,-45.429265276446635,208.1762880317307,4.431489239322475,37.44542805325271,10.617790712586867,129.92471522959104,0.35326602324753165,37.91474331295198,8.8363216865575,129.10305997233237,0.35362704713561105,129.066017825135,82.35933316711035,105.10886507992427,5.252785771044728,139.92175515178357,87.75355313604544,107.20732202274085,6.884056650721675,6.884056650721675,0.0,False,False,False,False,0.0,False,False,125.90534171555444
4892.399,42.29899999999998,164.71758043683388,-17.51322513680975,9.285,-42.13108527315548,-45.37905235063458,208.71721259233428,4.5734624006896825,37.47869547670752,10.591966870966024,130.30593103803915,0.4890148872637426,37.94675433066422,8.808900360166016,129.4746949883229,0.48937591091309496,129.48687377034935,82.03219314307678,105.59589477218064,5.408177073743317,140.4716878212315,87.32607910663992,107.60642649478666,7.046628712730886,7.046628712730886,0.0,False,False,False,False,0.0,False,False,126.31065444982727
4892.5,42.399999999999636,164.98213795420327,-18.38054676249576,9.208055555555555,-42.59610982179746,-45.337255543365835,209.32126766779191,4.672626523847885,37.52321971565808,10.5573542436861,130.7026317760424,0.6277264445038657,37.989585571555565,8.772157460404813,129.8629189078847,0.6280874673411605,129.9233177634372,81.69374066723995,106.03765311311743,5.528423380196597,141.03919174440443,86.88599261012047,107.95512486534338,7.1741275860878435,7.1741275860878435,0.0,False,False,False,False,0.0,False,False,126.73608645787785
4892.599,42.498999999999796,165.18564373681716,-19.214509864511967,8.828055555555554,-43.063951227158235,-45.30338182401237,209.87740002863342,4.803648649812621,37.57802758328282,10.514648165058915,131.02490808062012,0.7759449926436295,38.04229766758197,8.726835121049652,130.17737595021444,0.7763060154579955,130.3620844505445,81.3519942679146,106.42510058619591,5.707002525958456,142.32344920720874,86.73782838477048,108.39085717531722,7.419603168602705,8.764664735996403,1.4048490524291992,True,True,False,False,0.014672900939957444,False,False,127.00620542913744
4892.699,42.59899999999925,165.45698478027722,-20.104070505714486,9.158055555555556,-43.54770892872363,-45.27123489930039,210.5144844327987,4.89284491106153,37.64335552074577,10.463129163157392,131.41794976368197,0.8880432275597512,38.10509281438973,8.672202485676523,130.56254545070013,0.8884042299386861,130.81393981256744,80.99979455805504,106.87437529860786,5.7510584586521265,142.91066998581906,86.28011778701607,108.74710032692344,7.471027901092885,7.471027901092885,0.0,False,False,False,False,0.0,False,False,127.45811077671561
4892.799,42.698999999999614,165.65370703678536,-20.99363114849718,9.063055555555554,-44.04021779002905,-45.2385285584699,211.09087417435597,4.9790286917926885,37.71597839968275,10.404784269320546,131.73428900468838,0.9751090357311292,38.174845078590074,8.61039991337236,130.87115381652578,0.9754700271284275,131.2688172084013,80.63739359915864,107.29019451827247,5.88075825667057,143.50035885441096,85.81031248698243,109.07728091486429,7.608096498907905,7.608096498907905,0.0,False,False,False,False,0.0,False,False,127.9137068878577
4892.899,42.79899999999998,165.93861513241166,-21.80535523420679,8.885,-44.54428744203037,-45.21176942707738,211.78034021487986,5.117374944950681,37.79685229385317,10.339663682300047,132.11212519869608,1.1015558750292254,38.25251202805891,8.541431657151907,131.2427841849027,1.101916862039603,131.73070188728903,80.26348353984214,107.6486376006154,6.004462633943533,144.09678589386039,85.32748618879143,109.33668741941706,7.739169675977444,7.739169675977444,0.0,False,False,False,False,0.0,False,False,128.37786745472644
4893.0,42.899999999999636,166.1896055976299,-22.750513415385704,9.335,-45.06460601176729,-45.19465740454107,212.44312538209823,5.191829044831632,37.888302792143385,10.266596029596224,132.48152255196595,1.216384322582038,38.34036046566905,8.46401548013886,131.60462110040723,1.2167453081694526,132.20807077220087,79.88091880423421,108.11084861632658,6.109378791835625,144.71116690286826,84.83511956058726,109.7086676229613,7.851528321664025,7.851528321664025,0.0,False,False,False,False,0.0,False,False,128.866615539841
4893.099,42.998999999999796,166.43381253674247,-23.7179106136613,9.598888888888888,-45.58203090280657,-45.18550333449211,213.09991883295223,5.2631380965425185,37.986776888524325,10.188343324372685,132.84681036037358,1.3246298173591557,38.434973849741134,8.381082178661192,131.96229781078594,1.3249908017962722,132.6855043163131,79.50049880719173,108.59552638627405,6.223158896944379,145.4726573908872,84.40162380966864,110.13266431429979,7.984925564433273,8.26391867691137,0.29131513833999634,True,True,False,False,0.000631103653635141,False,False,129.2092456833797
4893.199,43.09899999999925,166.7119371063233,-24.64082978011379,9.598888888888888,-46.11014738523583,-45.18123483245164,213.81100974235736,5.299558418273495,38.09390094412846,10.104050323327172,133.22839757207225,1.4016202195010146,38.53793627547345,8.291698429552698,132.33716750507838,1.4019811951948347,133.1747250864299,79.11270183109184,109.03916687073837,6.262408076007294,146.10023066929233,83.90415715552702,110.4846443226604,8.031582066857721,8.031582066857721,0.0,False,False,False,False,0.0,False,False,129.7270147399562
4893.299,43.198999999999614,166.96292757152648,-25.68606353388229,10.216944444444444,-46.64329233972284,-45.17869084286014,214.49377544390356,5.363470729661303,38.20779979895411,10.016265650061925,133.61339467617066,1.474486349475472,38.6474974984716,8.198500688829323,132.71402822383212,1.474847294620332,133.6724143562272,78.7238016184214,109.58867738621659,6.369899467486948,146.73761606052906,83.40609676072295,110.95117242941026,8.146480781698976,8.146480781698976,0.0,False,False,False,False,0.0,False,False,130.26493458343396
4893.399,43.29899999999998,167.19356745844266,-26.74241679659417,10.59388888888889,-47.18289959981329,-45.180853576645454,215.16794737895196,5.429061994712454,38.32896110594298,9.923896696324187,133.9794958773381,1.572617915616738,38.76409181678923,8.100373982394101,133.07197406989349,1.5729788599808014,134.18293308693794,78.33546663912496,110.14110753456107,6.458715898930208,147.38982877772807,82.90997977853553,111.42637093795861,8.242704536503837,8.242704536503837,0.0,False,False,False,False,0.0,False,False,130.83055369021994
4893.499,43.39899999999943,167.45134144975157,-27.776531042209367,10.6,-47.72903148053833,-45.190522059117555,215.8838576122717,5.495499456060406,38.45700597376683,9.824231086626563,134.36277720246855,1.6727321623367102,38.88720964003504,7.994626940153599,133.44778653610308,1.67309305124293,134.70070357448137,77.93991267856197,110.67326124319322,6.572772327556593,148.04965737824762,82.40589964552805,111.877582102352,8.364168288491754,8.364168288491754,0.0,False,False,False,False,0.0,False,False,131.41017848196591
4893.6,43.5,167.70233191496982,-28.732808732331666,10.168888888888889,-48.29285404887328,-45.20695001669585,216.62252350716523,5.674190016007183,38.594666050088044,9.714651147205124,134.71078856671633,1.811416270037584,39.01945346451954,7.878512951099416,133.7896561087629,1.8117771550826556,135.22750993481645,77.52263097320433,111.10730187372677,6.735115469686212,148.7566708281925,81.88843875468986,112.2318959547592,8.537119597925397,8.608355135003546,0.07436230778694153,True,True,False,False,4.1133315936569746e-05,False,False,131.84960390413727
4893.699,43.59899999999925,167.953322380173,-29.755803470583658,10.395,-48.86309240990097,-45.22730993152935,217.36771893405074,5.853129799833176,38.74040479046579,9.59807142539438,135.07296376911538,1.9588789642168962,39.15942845281726,7.755018207993185,134.14517828074537,1.959239849243858,135.75351272529892,77.10201137630868,111.60385448389697,6.87090810520923,149.42228683927183,81.35617705697022,112.64666659503803,8.680255105098537,8.680255105098537,0.0,False,False,False,False,0.0,False,False,132.43974682393682
4893.8,43.69999999999982,168.19074579320994,-30.778798208835646,10.431111111111111,-49.45884144500498,-45.25182625218105,218.13026237940664,5.953958075485159,38.90035242363477,9.471333030683162,135.41077830977108,2.082217552745778,39.31310664259777,7.620691153490327,134.47663981644837,2.082578422294656,136.29965856566852,76.66500060649943,112.07681003858404,6.979918026174895,150.11141519572428,80.80475563930118,113.03871763353136,8.79675623855584,8.79675623855584,0.0,False,False,False,False,0.0,False,False,133.05992169959808
4893.899,43.79899999999998,168.40781862799005,-31.801792946297553,10.431111111111111,-50.04686243749983,-45.27708435266738,218.86989550395342,5.936234799670774,39.06353614782127,9.341580230798064,135.73032294479904,2.1296173869147936,39.46987123621046,7.483197604424462,134.78985406986553,2.1299782294913,136.84267158460497,76.23868549385358,112.55711212290089,6.966906431715715,150.79618958020455,80.26714482947477,113.44433124624047,8.79108751574685,8.79108751574685,0.0,False,False,False,False,0.0,False,False,133.690404518883
4893.999,43.89899999999943,168.65880909319324,-32.90262424162262,10.963888888888889,-50.637568313619326,-45.29819261387844,219.6464232784646,5.8855769348543285,39.22865942392467,9.207804279303522,136.10823573033815,2.1206595694581716,39.6283791946433,7.341591578991271,135.16082548882557,2.121020405099306,137.385154194844,75.80196151662547,113.11378543561062,6.961700314157978,151.4810551785309,79.71579586026819,113.9209540681549,8.79329844025996,8.79329844025996,0.0,False,False,False,False,0.0,False,False,134.3245223074533
4894.099,43.998999999999796,168.87588192795826,-33.903379962777926,10.501944444444446,-51.22802184758983,-45.32002592277681,220.39979188332208,5.931801802243633,39.39500523505328,9.073664713237198,136.42699072488358,2.1532452773623163,39.788090786675575,7.199563477448888,135.47364976697833,2.153606092386202,137.92747743987,75.35979638548355,113.56163721111812,7.032934447631408,152.0181324733358,79.11554561501401,114.26924894928337,8.859928020607912,8.584330948917021,-0.2876186668872833,True,True,False,False,0.0006155110112172049,False,False,134.82326217314562
4894.199,44.09899999999925,169.11330534099523,-34.9041356863035,10.406111111111112,-51.82219972214819,-45.347592813316595,221.18219456879893,5.964594832956912,39.5650780606314,8.938121513852558,136.76580971825317,2.1963171577430183,39.95145751791609,7.055953828767883,135.8065979442275,2.1966779726365604,138.47786302900928,74.9207683351781,114.01771734681702,7.04783152148583,152.71163269523265,78.56235880141685,114.64580339860082,8.882204979878416,8.882204979878416,0.0,False,False,False,False,0.0,False,False,135.4863701209502
4894.299,44.198999999999614,169.37107933228907,-36.0272059955649,10.98611111111111,-52.420700258424404,-45.376912739266594,221.98876212594377,6.019772191985963,39.73883483636454,8.800148586420466,137.16417364556315,2.241161203933909,40.11838680436221,6.909739699935266,136.1977967199805,2.2415220175122808,139.03213064203226,74.47941407273487,114.5956582360326,7.122647254043497,153.40968924157977,78.00650775596901,115.14535963552576,8.964400597852235,8.964400597852235,0.0,False,False,False,False,0.0,False,False,136.1638499371886
4894.399,44.29899999999998,169.64242037574914,-37.0613202411801,10.883888888888889,-53.027292791153755,-45.408338834175865,222.82610682149127,6.1284131792622984,39.917388703915535,8.658407674530299,137.54591001896358,2.3183142682587565,40.28992592920646,6.759530676133164,136.5735508605537,2.3186750808408325,139.5936343144697,74.03476988995625,115.08810010675349,7.202084135213198,154.11586902060466,77.44729728923019,115.55646795272744,9.051217364438086,9.051217364438086,0.0,False,False,False,False,0.0,False,False,136.86005594711074
4894.5,44.399999999999636,169.88662731487673,-38.19551006017497,11.253055555555557,-53.647546944054966,-45.442754332183,223.6516255500071,6.172740672180447,40.10303879983358,8.51040717656382,137.9319489921285,2.383150881305645,40.468251436698566,6.6027268986463055,136.95253940531407,2.383511693304632,140.1647875694443,73.58029643124596,115.65992683146892,7.251491836980925,154.83345898616292,76.87630239295217,116.05222918143475,9.108078750476073,9.108078750476073,0.0,False,False,False,False,0.0,False,False,137.57622815398406
4894.599,44.498999999999796,170.17831893660872,-39.30746086207316,11.396944444444445,-54.26009250534347,-45.47642331136224,224.52317614956314,6.220601937324178,40.28954128987538,8.36160631857445,138.3598009699191,2.436836393411468,40.64738920484253,6.445083058195164,137.37378582667012,2.4371972052406408,140.72801923846242,73.1304702029827,116.23084140838391,7.310417326889493,155.4188142765858,76.28147669734585,116.52744511025934,9.164454774266167,8.937147215379118,-0.23716311156749725,True,True,False,False,0.0004186057374879999,False,False,138.15488429347602
4894.7,44.599999999999454,170.3886082452831,-40.36381412478504,11.013888888888888,-54.89170497272318,-45.511112331255546,225.33910934950762,6.305429510809985,40.484150212715335,8.205835150116794,138.68734278016194,2.499283162909314,40.83428839941757,6.280085633659564,137.69522568121474,2.4996439717644585,141.30795718733913,72.66822229704457,116.71300494640566,7.375139599395632,156.1454785831104,75.70227843197696,116.93675463244354,9.23660013244622,9.23660013244622,0.0,False,False,False,False,0.0,False,False,138.8990131227757
4894.799,44.698999999999614,170.6938669191964,-41.50912345114312,11.466111111111111,-55.517476758904564,-45.54811515297887,226.24739879746554,6.3585754623423165,40.6794066066766,8.049235372157742,139.1394653562203,2.557222993230793,41.021793794741676,6.114229795467872,138.14061793276235,2.557583801328306,141.87909358494088,72.2091852912143,117.31216861658746,7.4277417536229,156.86053637800555,75.1275680991343,117.4541563745464,9.296478380551916,9.296478380551916,0.0,False,False,False,False,0.0,False,False,139.63927822426658
4894.899,44.79899999999998,170.9448573843996,-42.62107425304131,11.47,-56.15428091205325,-45.590010300967045,227.1185443689002,6.405111765065772,40.881957349899174,7.888009998802663,139.52607482956122,2.620455768601979,41.21636238402548,5.943401896159077,138.52072321031372,2.6208165716510594,142.46188076515637,71.74274681957836,117.85738639314262,7.501501298073288,157.5895087826086,74.54412909118962,117.92391704387343,9.377587514778508,9.377587514778508,0.0,False,False,False,False,0.0,False,False,140.40470618021865
4894.999,44.89899999999943,171.2161984278596,-43.79974210385927,11.838055555555554,-56.79639115137594,-45.64195730989367,228.02003149612594,6.479921686721869,41.09116488951727,7.722444573435769,139.95377834615525,2.7154493061348726,41.417370833668805,5.767918104057082,138.94131345036985,2.715810109156514,143.05457444571357,71.27350173122913,118.46910361795389,7.617714976834064,158.32958079975037,73.95820221114931,118.46095712592296,9.50115078331542,9.50115078331542,0.0,False,False,False,False,0.0,False,False,141.19392958232734
