elapsed_s,blackout_elapsed_s,reference_relative_x_m,reference_relative_y_m,reference_speed_mps,raw_relative_x_m,raw_relative_y_m,raw_position_error_m,raw_speed_mps,phase4_v4_relative_x_m,phase4_v4_relative_y_m,phase4_v4_position_error_m,phase4_v4_speed_mps,phase4_v5_relative_x_m,phase4_v5_relative_y_m,phase4_v5_position_error_m,phase4_v5_speed_mps,ekf_relative_x_m,ekf_relative_y_m,ekf_position_error_m,ekf_speed_mps,hybrid_relative_x_m,hybrid_relative_y_m,hybrid_position_error_m,hybrid_speed_mps,ml_speed_measurement_mps,ml_predicted_residual_mps,ml_update_attempted,ml_update_accepted,ml_update_rejected_innovation,ml_update_skipped_ood,ml_normalized_innovation_squared,stationary_update_attempted,stationary_update_accepted,horizontal_position_sigma_m
4555.1,0.0,0.0,0.0,10.536111111111111,0.0,0.0,0.0,13.722586785840706,0.0,0.0,0.0,13.750857925584473,0.0,0.0,0.0,13.750857925584473,0.0,0.0,0.0,13.79174858998558,0.0,0.0,0.0,13.79174858998558,13.79174858998558,0.0,False,False,False,False,0.0,False,False,4.262983118296336
4555.199,0.09899999999925058,-1.01770755126185,-0.15567311256597982,10.35388888888889,-1.3486470128794565,-0.17441138577337897,0.3314695312371053,13.749792118058618,-1.155642283068751,-0.7268445335667093,0.5875906588830648,13.829246372336373,-1.1556368641582626,-0.7268532110698349,0.5875978218841099,13.829247130739056,-1.1593210426366294,-0.7284276407881451,0.5900018055382118,13.86829286319324,-1.1593210426366294,-0.7284276407881451,0.5900018055382118,13.86829286319324,13.86829286319324,0.0,False,False,False,False,0.0,False,False,4.32223033527714
4555.299,0.19899999999961437,-2.0218456685139046,-0.30022671618857544,10.188888888888888,-2.7170213549010045,-0.3438465168008118,0.6965428356886795,13.826799763733012,-2.328282838683893,-1.4691228981658857,1.2083964678460972,13.927370591371366,-2.3283529758973724,-1.469013168672924,1.2083081150891986,13.927372558997002,-2.3379490168526447,-1.4704681262106938,1.2121824468954823,13.986961460517866,-2.3379490168526447,-1.4704681262106938,1.2121824468954823,13.986961460517866,13.986961460517866,0.0,False,False,False,False,0.0,False,False,4.420669180454551
4555.4,0.2999999999992724,-3.005629634743741,-0.44478032060125905,10.03111111111111,-4.111140305610441,-0.5096543001685192,1.1074125142082483,13.97413824019299,-3.5206189060534507,-2.227748528284718,1.8558527902756918,14.057095576671319,-3.5210788629605227,-2.2270212549760435,1.85528182630844,14.057047798634276,-3.535703791727715,-2.2327206989234085,1.864861766549205,14.126589053781814,-3.535703791727715,-2.2327206989234085,1.864861766549205,14.126589053781814,14.126589053781814,0.0,False,False,False,False,0.0,False,False,4.557867831353121
4555.5,0.3999999999996362,-3.982628883961155,-0.5670949094974365,9.860000000000001,-5.506632043494301,-0.6683907082315224,1.5273658596119624,14.115808869742768,-4.710771683527952,-2.9899785521314586,2.529932228796748,14.209330220627882,-4.712052562684401,-2.987961472916562,2.528369795137349,14.209286038218366,-4.734645922097346,-2.995371667306246,2.5420577566533753,14.292409743050248,-4.734645922097346,-2.995371667306246,2.5420577566533753,14.292409743050248,14.292409743050248,0.0,False,False,False,False,0.0,False,False,4.7290018227453965
4555.6,0.5,-4.9392739821563225,-0.7005290057568221,9.653055555555556,-6.9132741742578085,-0.8190380244551032,1.9775543345075335,14.178088660008415,-5.910894137018896,-3.7636860289557914,3.2135613692768246,14.348801147858643,-5.913073813659897,-3.760267838945059,3.2109636932168044,14.34878954582292,-5.940605411319478,-3.7729280043042746,3.231454817463075,14.405549395785505,-5.940605411319478,-3.7729280043042746,3.231454817463075,14.405549395785505,14.405549395785505,0.0,False,False,False,False,0.0,False,False,4.932446053940789
4555.699,0.5989999999992506,-5.875564929329272,-0.8228435938629133,9.463888888888889,-8.312292727144046,-0.9593369369266409,2.4405476420967385,14.226822056749516,-7.106878060602491,-4.541264038660337,3.9169864221788324,14.470326553253983,-7.109735291724994,-4.536799004361877,3.91364807750908,14.4703100972723,-7.144718209673861,-4.549123208629469,3.936484448900341,14.536033022985059,-7.144718209673861,-4.549123208629469,3.936484448900341,14.536033022985059,14.536033022985059,0.0,False,False,False,False,0.0,False,False,5.162620419665642
4555.8,0.6999999999998181,-6.791501725480018,-0.9451581819690009,9.28,-9.747376472692423,-1.0937547540978603,2.9596074845250087,14.315220969233696,-8.33388768224724,-5.347227888503174,4.664458397372476,14.599707303441752,-8.337298338673953,-5.341917045000358,4.660576752828627,14.599696955358823,-8.377774460620524,-5.35760915605527,4.688921495287056,14.66149656110849,-8.377774460620524,-5.35760915605527,4.688921495287056,14.66149656110849,14.66149656110849,0.0,False,False,False,False,0.0,False,False,5.42401493538926
4555.899,0.7989999999999782,-7.6870843705934675,-1.0674727700750921,9.06,-11.163921872695818,-1.2171232624885873,3.480056649812602,14.41032679595633,-9.544216563556233,-6.149273141964675,5.410511528670445,14.732864137233236,-9.548219912999855,-6.14306684389238,5.406059628729366,14.73285932854801,-9.596218221005751,-6.159367798697392,5.438031541035646,14.804534081772815,-9.596218221005751,-6.159367798697392,5.438031541035646,14.804534081772815,14.804534081772815,0.0,False,False,False,False,0.0,False,False,5.703657622461768
4555.999,0.8989999999994325,-8.562312864684671,-1.1786678500278818,8.90611111111111,-12.606216656349735,-1.3332566715206176,4.04685749439903,14.529089419437891,-10.77617589259249,-6.970636049102745,6.200651991962756,14.880384008924318,-10.780863494535197,-6.963402054713383,6.1955723477390325,14.880383380856209,-10.833939748498853,-6.985291350301256,6.235155585323781,14.955199067151517,-10.833939748498853,-6.985291350301256,6.235155585323781,14.955199067151517,14.955199067151517,0.0,False,False,False,False,0.0,False,False,6.007366128039009
4556.1,1.0,-9.43075664177853,-1.3121019470773572,8.785,-14.075542617956776,-1.4431832186909561,4.6466352411470755,14.647866807718929,-12.03331032368353,-7.80789515976682,6.997757864431989,15.029062143419521,-12.03870545704158,-7.799597167294572,6.992066307993164,15.029055516742892,-12.097140741501986,-7.826757419077947,7.039200244781029,15.10040990788007,-12.097140741501986,-7.826757419077947,7.039200244781029,15.10040990788007,15.10040990788007,0.0,False,False,False,False,0.0,False,False,6.333574201534899
4556.2,1.0999999999994543,-10.278846267820029,-1.4232970270301504,8.575,-15.543484709753779,-1.5465341809354103,5.266080641272908,14.783711360165167,-13.288145043052616,-8.648528406642388,7.826867036531904,15.178831255295313,-13.294275759010397,-8.639130071350984,7.820553787287257,15.178824490949925,-13.360495884405587,-8.66799461789645,7.872877970761765,15.255783804785057,-13.360495884405587,-8.66799461789645,7.872877970761765,15.255783804785057,15.255783804785057,0.0,False,False,False,False,0.0,False,False,6.673916022992497
4556.299,1.1989999999996144,-11.113366459866796,-1.545611615136238,8.456111111111111,-17.010427623682972,-1.6417092559123032,5.897844108346008,14.913983174855819,-14.537058937904156,-9.498094354283946,8.658155225024084,15.336188381354175,-14.54367388039989,-9.48797445893134,8.651481754119432,15.336129124869688,-14.619564429921756,-9.516519468359228,8.707973140162379,15.417030847267403,-14.619564429921756,-9.516519468359228,8.707973140162379,15.417030847267403,15.417030847267403,0.0,False,False,False,False,0.0,False,False,7.02637866725841
4556.4,1.2999999999992724,-11.920747783878909,-1.6456871877258212,8.235,-18.520753381156002,-1.7275640653951159,6.600513442694123,15.04205028179436,-15.81541110266874,-10.387991060874239,9.570594515347144,15.507909015694128,-15.822276574431278,-10.37750068871187,9.563811683607705,15.507849764153699,-15.910784378833494,-10.402979327244456,9.623437932773903,15.597321082833911,-15.910784378833494,-10.402979327244456,9.623437932773903,15.597321082833911,15.597321082833911,0.0,False,False,False,False,0.0,False,False,7.400643522986128
4556.499,1.3989999999994325,-12.721344390878599,-1.7680017758319124,8.103055555555555,-20.016849876781674,-1.7997170120613337,7.295574422281699,15.21749648752573,-17.07063507625814,-11.288130582821381,10.466574509723797,15.697337681874465,-17.077493574324553,-11.27762428783743,10.459873614402756,15.697161909825724,-17.180677894790932,-11.299151397785767,10.522759543731205,15.802064336408703,-17.180677894790932,-11.299151397785767,10.522759543731205,15.802064336408703,15.802064336408703,0.0,False,False,False,False,0.0,False,False,7.781074610883144
4556.599,1.4989999999997963,-13.494802129843634,-1.901435872091298,7.911111111111111,-21.546752024163442,-1.8621299286109516,8.052045830584277,15.406172713219357,-18.339150106950473,-12.22972063244272,11.407943434914399,15.89961790296971,-18.345438944775847,-12.2199311939628,11.401755269161841,15.899282939321996,-18.46605510991031,-12.235558400888735,11.467669537967186,16.003926675285463,-18.46605510991031,-12.235558400888735,11.467669537967186,16.003926675285463,16.003926675285463,0.0,False,False,False,False,0.0,False,False,8.178167833868162
4556.699,1.5989999999992506,-14.25469043478381,-2.0126309520440913,7.685,-23.096094268719558,-1.915181880524778,8.841940854601646,15.598987726789282,-19.604952459557634,-13.208833865139244,12.40887841043409,16.10803811854376,-19.609960265546842,-13.2006122214949,12.403622045429426,16.107453132637218,-19.751483565887792,-13.207409764178749,12.471479758984936,16.225385373181542,-19.751483565887792,-13.207409764178749,12.471479758984936,16.225385373181542,16.225385373181542,0.0,False,False,False,False,0.0,False,False,8.587357599121985
4556.799,1.6989999999996144,-14.994224588716818,-2.157184556456775,7.621944444444444,-24.666513977085962,-1.958772917789822,9.674324223981582,15.821676199210092,-20.86409453222348,-14.231100809194363,13.425156491892517,16.33197483778959,-20.867123346482842,-14.225197379471716,13.421172576024151,16.33120952507007,-21.03324244288835,-14.221331999597332,13.491233826927669,16.460661302588314,-21.03324244288835,-14.221331999597332,13.491233826927669,16.460661302588314,16.460661302588314,0.0,False,False,False,False,0.0,False,False,9.008093976061115
4556.9,1.7999999999992724,-15.713404591612544,-2.312857668232665,7.413055555555555,-26.276976798675534,-1.9928304424793786,10.568418765314753,16.075979757396503,-22.12698607798402,-15.311255577316725,14.494563659703863,16.578041214281292,-22.127104087968977,-15.30857820658581,14.492214928731098,16.57685558171532,-22.32101390364625,-15.293853527387515,14.565945019663843,16.7255774655827,-22.32101390364625,-15.293853527387515,14.565945019663843,16.7255774655827,16.7255774655827,0.0,False,False,False,False,0.0,False,False,9.444359905264639
4557.0,1.8999999999996362,-16.425799877495848,-2.4685307807986447,7.313055555555556,-27.89657276103834,-2.017243810677066,11.4796467922674,16.319744966967523,-23.36619533509471,-16.430711824472215,15.592036063458053,16.82480406449125,-23.362219788330883,-16.43232651333355,15.59171294115527,16.823200125737408,-23.587105730090183,-16.40538027597016,15.669080233551183,16.970002219486876,-23.587105730090183,-16.40538027597016,15.669080233551183,16.970002219486876,16.970002219486876,0.0,False,False,False,False,0.0,False,False,9.886945355460842
4557.099,1.9989999999997963,-17.124625729369356,-2.6242038933646263,7.203888888888889,-29.522603119667497,-2.0335548794184573,12.412038898908571,16.531089952207317,-24.5772621533297,-17.59053176172133,16.71923322197794,17.05501775530048,-24.568287151146667,-17.597093178712935,16.721109679484613,17.053200797978576,-24.826404274595927,-17.55678794640535,16.801769527666973,17.204272242053257,-24.238251260940935,-17.14464472000399,16.169318786002155,16.845046349249564,6.356432886584507,-10.84783935546875,True,True,False,False,0.8834978250457416,False,False,10.306284952518858
4557.199,2.0989999999992506,-17.80988214723307,-2.846594054060299,7.178055555555556,-31.187883417644937,-2.043773132864637,13.402068475524628,16.775187510832218,-25.77907687464665,-18.816805611469643,17.84812936393748,17.289836831401086,-25.763966349042573,-18.82904062183531,17.852340288636075,17.287479420507346,-26.06000401445365,-18.77401418058307,17.93731369828698,17.456414556567957,-25.446242582902876,-18.336602435494985,17.270042280214025,17.096115855279066,17.096115855279066,0.0,False,False,False,False,0.0,False,False,10.757983714137442
4557.3,2.199999999999818,-18.47478441405947,-3.0578647066026754,7.04,-32.89471972552448,-2.0495198935839682,14.455147652264824,17.023764706169878,-26.965583974303602,-20.113908673998036,19.05261958340547,17.52592260614211,-26.94283701732551,-20.132715404544346,19.059340000343138,17.52305665183943,-27.281461341413404,-20.062243124066644,19.149580775231154,17.696935061421417,-26.642623993045923,-19.59838467378905,18.447287176518632,17.335552823562463,17.335552823562463,0.0,False,False,False,False,0.0,False,False,11.22247051336754
4557.399,2.298999999999978,-19.132901963873465,-3.2913743746615562,6.975,-34.591333519388826,-2.0523163354892104,15.508009897501054,17.251313862221192,-28.09625195240244,-21.44404299408334,20.24502459922938,17.747997542014737,-28.06470634717013,-21.469867845712553,20.25425274895426,17.74470779158065,-28.448605109672034,-21.38431990418171,20.35035633680218,17.930354767453906,-27.786055330234678,-20.89360130576287,19.61416468055055,17.567910449194596,17.567910449194596,0.0,False,False,False,False,0.0,False,False,11.684942507886188
4557.499,2.3989999999994325,-19.777450079692727,-3.547123059027033,6.956111111111111,-36.32702690339581,-2.053735500955322,16.616819775223348,17.462566486000814,-29.204710693549703,-22.84344502475315,21.476063049044704,17.96097266282801,-29.162975960021047,-22.876825703630917,21.48779887236287,17.95728635020722,-29.59106064476509,-22.779791310244903,21.591722496927005,18.13927287043697,-28.905517041287325,-22.26098652117898,20.821390254625666,17.77575574369246,17.77575574369246,0.0,False,False,False,False,0.0,False,False,12.158284580225084
4557.6,2.5,-20.408428761472067,-3.8251107596991023,6.905,-38.09986935542953,-2.0534538719134807,17.77992796435251,17.643234353724242,-30.283834780336107,-24.31295957353377,22.74369347876379,18.14913458677291,-30.230653396978273,-24.354194813038234,22.757842359490237,18.14519331173843,-30.711632251258944,-24.241770200876708,22.86910546761686,18.336506798524407,-29.26467762987931,-23.12088771838029,21.23111284078949,17.58516288702519,6.3680395580613975,-11.603866577148438,True,True,False,False,1.0107142302703866,False,False,12.608162937436845
4557.7,2.5999999999994543,-21.032622726254033,-4.1142179685244695,6.873055555555555,-39.8710192668194,-2.0488520790000364,18.95127754208661,17.779935217644052,-31.309407689072618,-25.820216355610285,24.01588380951628,18.316868606702226,-31.24411914202054,-25.86913633146227,24.032293524075072,18.31283456499291,-31.77120903825303,-25.747963851654625,24.152353858705016,18.49457942611701,-30.2809536017873,-24.565529046045118,22.445216612295386,17.74077895015037,17.74077895015037,0.0,False,False,False,False,0.0,False,False,13.081294271395885
4557.8,2.699999999999818,-21.636462539998718,-4.425564192866338,6.831944444444444,-41.659775083528565,-2.036690593662837,20.16531086516772,17.99611816815416,-32.299307183721375,-27.372746580440175,25.303545906152046,18.512181712627044,-32.221509628802636,-27.429100137736306,25.322043516255178,18.50819650232601,-32.79467715111439,-27.303254433705664,25.453771116742413,18.74204648244478,-31.262916995063758,-26.05774790297851,23.677415345503487,17.985789442010695,17.985789442010695,0.0,False,False,False,False,0.0,False,False,13.559723153183677
4557.903,2.8029999999998836,-22.240302353758466,-4.7702689416681014,6.908888888888889,-43.52652576489125,-2.015537794321202,21.463733384544742,18.253871070396606,-33.2774513411704,-29.022627524776333,26.645741772635862,18.737390895985772,-33.18622864273776,-29.086376501907964,26.66620312689683,18.73323602999168,-33.81510904419464,-28.95514855679474,26.812022525709136,18.960048871567754,-32.24234322117069,-27.643261289885285,24.964266471798965,18.201261569732207,18.201261569732207,0.0,False,False,False,False,0.0,False,False,14.058856072620795
4557.999,2.8989999999994325,-22.81700329946848,-5.114973690469865,6.738888888888889,-45.28749507669451,-1.991094561358036,22.686595635389704,18.43652843078694,-34.14487822606393,-30.608704079075792,27.89715109970047,18.929891310239604,-34.04001169234193,-30.679352746159733,27.919408910102355,18.92532629142293,-34.719817181874625,-30.54570049385977,28.07844091234152,19.1618332807549,-33.11098032587038,-29.17039735945753,26.165423193875196,18.400687677030625,18.400687677030625,0.0,False,False,False,False,0.0,False,False,14.528021229999466
4558.099,2.9989999999997963,-23.38013481118378,-5.470797947424925,6.731944444444444,-47.13972147068116,-1.964024562395588,24.01698186292599,18.611956413326887,-35.00308226275027,-32.30599647618634,29.244158178000514,19.113287023534006,-34.88274251690927,-32.38385280515005,29.26811414845065,19.108497205364518,-35.615437014576585,-32.24965037720961,29.44162966726764,19.337933418122983,-33.138886026423584,-30.073831490129763,26.46776312392877,18.17765636439576,6.807690586784286,-11.766640663146973,True,True,False,False,1.0388570882054253,False,False,14.981033961334553
4558.199,3.0989999999992506,-23.91612745484936,-5.859980728049786,6.621944444444444,-49.006024705206535,-1.9352409215363884,25.395009875609645,18.718553586209566,-35.816499560336275,-34.04333464266405,30.592814419818495,19.257394028288246,-35.679233979019195,-34.12844685725304,30.61824378368032,19.252085108886984,-36.463775893755226,-33.99465691893431,30.805900176951518,19.467873800019774,-33.93640557230212,-31.714304252687533,27.72818094408177,18.303507601621217,18.303507601621217,0.0,False,False,False,False,0.0,False,False,15.466405519578304
4558.3,3.199999999999818,-24.445335381502517,-6.238044001311438,6.536944444444445,-50.89940513360674,-1.9050527424466712,26.806577918462366,18.778893494174977,-36.59385576627656,-35.83175086078723,31.990217773936067,19.360979204004366,-36.43783801608314,-35.92428917170965,32.01707781415123,19.355347447555314,-37.27345250302863,-35.79146854439793,32.21747182985497,19.558148043465177,-34.69768206146696,-33.40370768889527,29.035907012406014,18.38965180894853,18.38965180894853,0.0,False,False,False,False,0.0,False,False,15.959054757979448
4558.399,3.298999999999978,-24.960973874145864,-6.660585305606103,6.656944444444444,-52.760672032156954,-1.8763269098887472,28.208373687143276,18.82693972240195,-37.31624970495724,-37.61103648240596,33.32541475965307,19.436166786039983,-37.14038099088036,-37.71088162694781,33.3535434303207,19.430220814488862,-38.023034253375265,-37.58056172596286,33.565791562036075,19.62922653820976,-35.40248404738806,-35.08592103891578,30.28241810439338,18.456682050468462,18.456682050468462,0.0,False,False,False,False,0.0,False,False,16.444011307919524
4558.499,3.3989999999994325,-25.45625821578207,-7.094246118844152,6.5280555555555555,-54.64741026064875,-1.8517522507323938,29.65817087521942,18.911097561788228,-38.00189745891322,-39.43327211402736,34.68725509947317,19.507264027366883,-37.803611359003945,-39.54069022722503,34.71640627890097,19.500399909284514,-38.74292724524864,-39.41143180041455,34.941895544971295,19.717087898155725,-36.07939571077903,-36.80747871698781,31.55514604100252,18.540454265743094,18.540454265743094,0.0,False,False,False,False,0.0,False,False,16.936710529174253
4558.599,3.4989999999997963,-25.9515425574032,-7.53902643944541,6.598888888888888,-56.54199204088239,-1.8366336222139643,31.117404831433245,18.981925314759298,-38.64196938840792,-41.279385621257816,36.0480064756818,19.573808331344175,-38.417098237607036,-41.39498099113742,36.07791203801153,19.565591618807826,-39.4110739455171,-41.26953666434581,36.31674965108708,19.774550196085364,-35.81793278488811,-37.65428498972161,31.690289580106295,18.190089503079395,6.8073770329539975,-11.786450386047363,True,True,False,False,1.0417726629459796,False,False,17.386263094632476
4558.699,3.5989999999992506,-26.433257464984408,-7.972687252683462,6.541944444444444,-58.443302536060436,-1.8309540723069109,32.59392384956523,19.044523304197384,-39.25616277337123,-43.14136364159477,37.433443596546425,19.639702476142567,-38.99926579797048,-43.26631556548323,37.46391283497677,19.630914688331554,-40.03870143510132,-43.1487375529061,37.71554878757279,19.850251356934052,-36.39527273754408,-39.382918247565684,32.9521525767676,18.259845262808284,18.259845262808284,0.0,False,False,False,False,0.0,False,False,17.871729256829934
4558.8,3.699999999999818,-26.914972372595756,-8.417467573284716,6.5680555555555555,-60.366471177565444,-1.8290107972619047,34.09414223863697,19.038043598061087,-39.869602170046164,-45.02946081901108,38.836329417365164,19.672196994990863,-39.574664070144856,-45.165408340974395,38.867453538180534,19.663201335999727,-40.65951079671663,-45.054469976050015,39.13032432209533,19.838866653432014,-36.96623453505453,-41.13563087912301,34.22727101546337,18.242455704175182,18.242455704175182,0.0,False,False,False,False,0.0,False,False,18.366828295100305
4558.9,3.7999999999992724,-27.38311784618223,-8.884486910982657,6.623055555555556,-62.262977388017084,-1.8249105580467408,35.58710749612927,18.892197965969366,-40.473046614011125,-46.8991968393421,40.20527833611085,19.62189066209226,-40.134837118155694,-47.047600790295256,40.23716696484236,19.612593729914348,-41.26968884827445,-46.93750689424613,40.50764352616426,19.749744284236215,-37.527110083896346,-42.86651805588435,35.463770516569056,18.147387933859584,18.147387933859584,0.0,False,False,False,False,0.0,False,False,18.861014069843065
4558.999,3.8989999999994325,-27.830909168746473,-9.362625755253715,6.561111111111111,-64.12641597277869,-1.81546673366185,37.07186835673034,18.753562345530675,-41.06655358738743,-48.74419491316371,41.54624257999692,19.531837465544534,-40.67975683344489,-48.906559452127276,41.579028109533276,19.522387925055007,-41.86664055393503,-48.7945975815622,41.85549136765633,19.657853243419368,-38.07542719980078,-44.572308658350806,36.669768472479404,18.049610945934095,18.049610945934095,0.0,False,False,False,False,0.0,False,False,19.352836476811174
4559.099,3.9989999999997963,-28.285485208308103,-9.840764600314868,6.553888888888889,-65.99813645086886,-1.801570928680346,38.559988312149,18.681887343915953,-41.66540656941102,-50.59902353673226,42.89822801885116,19.45029619405456,-41.22322631960544,-50.77737521639323,42.93240307501285,19.44074559513073,-42.46795420360822,-50.66246494589672,43.21520156041305,19.587562264643633,-37.69101474331169,-45.206394682567044,36.59496928470531,17.558749379812426,6.1046993341049145,-11.868675231933594,True,True,False,False,1.055614826617208,False,False,19.803980014323095
4559.199,4.098999999999251,-28.73327653085728,-10.307783937222718,6.51611111111111,-67.86011010592303,-1.7871125772880025,40.04386277614716,18.55871053783302,-42.2692166684011,-52.44260530609719,44.25567587546405,19.34879202401504,-41.765398546341224,-52.639045430890086,44.29189433600359,19.33954428109395,-43.06932723155103,-52.51968692678246,44.57989573443241,19.455608739073945,-38.22976545179634,-46.87021998154707,37.77558776936274,17.418768836619524,17.418768836619524,0.0,False,False,False,False,0.0,False,False,20.295333887849306
4559.3,4.199999999999818,-29.174283136409116,-10.785922782283867,6.48,-69.72435172379042,-1.7727810066098864,41.53967726294618,18.358057148461896,-42.88970044145528,-54.287772948100866,45.61275742268551,19.20013193626717,-42.317963060985086,-54.50473914422413,45.65184800255908,19.19132413389525,-43.684664947771886,-54.37722315362528,45.94292816501836,19.292982510022586,-38.78028332639817,-48.53208283935762,38.949298308240415,17.24803531976863,17.24803531976863,0.0,False,False,False,False,0.0,False,False,20.793740856204828
4559.4,4.299999999999272,-29.62207445897336,-11.264061627345013,6.4961111111111105,-71.5496287367127,-1.75779136610285,42.991731553783175,18.148715349755093,-43.52445004005044,-56.09024969268825,46.932538640764456,19.021187153429022,-42.88094875008531,-56.33005136765809,46.975963840473916,19.013249696307614,-44.30482743968415,-56.19407702899976,47.268271801341584,19.102639745012198,-39.33425657597846,-50.155025952621756,40.0853288326767,17.049665537135027,17.049665537135027,0.0,False,False,False,False,0.0,False,False,21.28870192275189
4559.5,4.399999999999636,-30.076650498550052,-11.731080964252866,6.566111111111112,-73.3512037717238,-1.7411904930020266,44.412665677938556,17.88432495268937,-44.1893374539182,-57.86049235590387,48.239926704343155,18.80086058024004,-43.471643939875186,-58.12562238559077,48.289536371654904,18.79349279287189,-44.95274567615812,-57.97825739831103,48.580855651749886,18.861014617364578,-39.911962401332886,-51.74586154700705,41.20577660123618,16.80001339186412,16.80001339186412,0.0,False,False,False,False,0.0,False,False,21.785454750098612
4559.599,4.498999999999796,-30.531226538111653,-12.198100301160716,6.505000000000001,-75.10648197698356,-1.7220552309064097,45.78974686274952,17.57796377014368,-44.87543636672112,-59.57677935963549,49.50248059373522,18.541273874346132,-44.08318337261272,-59.869139644491376,49.55989836669926,18.53448412972426,-45.62374019748483,-59.706348451562704,49.847944901254856,18.589261015427084,-39.52998877890781,-52.032220628596555,40.83790964443474,16.097055621656494,4.6753823936758785,-11.844930648803711,True,True,False,False,1.0505250486637336,False,False,22.223737759194638
4559.699,4.598999999999251,-30.985802577688332,-12.66511963885866,6.528888888888889,-76.85107829664261,-1.7015952689927012,47.15742129701689,17.316362304361423,-45.594961476035586,-61.271101877206476,50.75400509390113,18.276538361406434,-44.72667778096866,-61.59309069584094,50.82084221168535,18.27029183303497,-46.32646667123622,-61.41413912248166,51.10580080035655,18.34513202209882,-40.13768405507219,-53.50906313013893,41.8567157633632,15.84262078911675,15.84262078911675,0.0,False,False,False,False,0.0,False,False,22.707989625175525
4559.801,4.701000000000022,-31.453948051259744,-13.109899959459918,6.486944444444445,-78.60515208839041,-1.6841475889141733,48.515810406342375,17.078990307650482,-46.3616493282206,-62.95550969293032,52.02715028775398,18.015123942937574,-45.41582211691827,-63.31003800982901,52.10554469249336,18.00940084089809,-47.07217540603643,-63.115994606341495,52.388343431896885,18.08745204062549,-40.78073392214819,-54.976630682464595,42.89303062403015,15.574428851647571,15.574428851647571,0.0,False,False,False,False,0.0,False,False,23.201070714455412
4559.9,4.799999999999272,-31.928878241843606,-13.532441263754583,6.426944444444445,-80.28236252679439,-1.672050035579939,49.78682880622489,16.804949656920694,-47.141806995221074,-64.54432864367334,53.23200029415439,17.747020865657724,-46.12149864700149,-64.9327181165932,53.323718311023285,17.741618797449178,-47.83164397481878,-64.72288206346285,53.603723632097854,17.818078799791977,-41.43367648083906,-56.358129866115156,43.86776486020649,15.294852829994715,15.294852829994715,0.0,False,False,False,False,0.0,False,False,23.678483084606285
4559.999,4.8989999999994325,-32.41059314943986,-13.954982569629424,6.470000000000001,-81.92969233323208,-1.6614790952119098,51.02226388205219,16.475126919122097,-47.95628929532325,-66.08412767986896,54.39776133798655,17.447724761182563,-46.863250584857255,-66.5082511292979,54.50436077278739,17.442325145744356,-48.62601861834074,-66.28053287077243,54.780500522128555,17.505470456146455,-42.11433440065814,-57.69279905143458,44.801330168496804,14.972041705529756,14.972041705529756,0.0,False,False,False,False,0.0,False,False,24.153341808940617
4560.1,5.0,-32.91266220807343,-14.355284858407584,6.471111111111111,-83.57882972152846,-1.6503535927358997,52.23481414695498,16.181802129487888,-48.818789565815855,-67.60310274187646,55.572790076365514,17.145498055057864,-47.653941850329595,-68.06520025300965,55.69614292916977,17.140084023248303,-49.46982132592482,-67.81874583159974,55.96857312176084,17.236155009645845,-42.06810076589004,-57.96643145718955,44.561801611317364,14.373874461808045,5.050591821264305,-9.641725540161133,True,True,False,False,0.6268952811145522,False,False,24.580360754535562
4560.2,5.099999999999454,-33.435085417729226,-14.744467638242357,6.488888888888889,-85.18378053455712,-1.639850225196903,53.38219219774232,15.917902463053306,-49.70539044821988,-69.05343858768273,56.69380170152967,16.85696188680391,-48.47241055592344,-69.55439358931015,56.83528068087025,16.851125946845464,-50.33586492609068,-69.29224528089573,57.10601013678512,16.94706979139194,-42.78880365532926,-59.19264606173296,45.421719584741254,14.072671277621751,14.072671277621751,0.0,False,False,False,False,0.0,False,False,25.042790428953243
4560.3,5.199999999999818,-33.95750862736995,-15.12253091150401,6.481111111111111,-86.76004157060707,-1.6323637404699987,54.49855131582936,15.607712350864617,-50.626158921897826,-70.44683007251513,57.78080979268394,16.55103905992928,-49.32868291463309,-70.98759965622983,57.941167617009256,16.54470805892541,-51.2370506061033,-70.7096726733662,58.21093454195845,16.646001177276144,-43.53544395005306,-60.36699717442364,46.24714664130073,13.759484697573459,13.759484697573459,0.0,False,False,False,False,0.0,False,False,25.500497690033125
4560.399,5.298999999999978,-34.49350127103553,-15.489474676612366,6.515,-88.28887685248749,-1.6304234100188018,55.55191928241136,15.277930819870159,-51.56976878795755,-71.7663916236632,58.81063078538389,16.227332736251704,-50.21228707487203,-72.34727146342912,58.990586389676125,16.22039874942356,-52.160983868653226,-72.0547472658843,59.260189034762305,16.320318298883407,-44.29724260092034,-61.476033997135474,47.019963655911965,13.421805032907574,13.421805032907574,0.0,False,False,False,False,0.0,False,False,25.947754165514322
4560.5,5.399999999999636,-35.03627863172859,-15.82305991726083,6.435,-89.81793306346141,-1.6334297589278555,56.5895331868718,15.000494281475255,-52.55920409063433,-73.05321793958497,59.85268501828936,15.919905523763342,-51.14421285076705,-73.67544772816738,60.05301258245417,15.91258981753952,-53.13742373847486,-73.3660302373602,60.32283885424593,16.0539381620021,-45.09846922287038,-62.552019173619684,47.80003465139861,13.143185750434531,13.143185750434531,0.0,False,False,False,False,0.0,False,False,26.397829384689242
4560.6,5.5,-35.59941014342881,-16.156645157909296,6.536944444444445,-91.30509568548568,-1.639858871124233,57.56614009820977,14.743052468764676,-53.56342074212318,-74.26941714905878,60.825980841128505,15.63010441995978,-52.0949285653082,-74.93294718928627,61.04716052766264,15.62228116459386,-54.12679403592299,-74.61175215067172,61.32098733252063,15.762263187365026,-45.605393840510146,-63.15604692534703,48.052715596970025,12.721828445313653,8.558280615803678,-4.281112194061279,True,True,False,False,0.09960996559759504,False,False,26.788314756902523
4560.699,5.598999999999251,-36.17611108913886,-16.45687187488796,6.53,-92.74811593559548,-1.6519817398792087,58.477145144553624,14.410036446964355,-54.58674590570947,-75.40812596506025,61.75922468063518,15.306464676758155,-53.06878877807115,-76.1132010993184,62.00193687326054,15.298294897410578,-55.13296689394682,-75.78334971817046,62.281565132017754,15.436777453266673,-46.41504872020048,-64.09881702691958,48.72977305182078,12.383654469378747,12.383654469378747,0.0,False,False,False,False,0.0,False,False,27.211027730208997
4560.799,5.698999999999614,-36.77316618590123,-16.71262055925343,6.536111111111111,-94.17822178530179,-1.6752763117404526,59.3419087187839,14.196208814134293,-55.65584099472608,-76.481359086287,62.680599175891224,15.003168704923278,-54.09209027507374,-77.22894836528243,62.94577875229823,14.993753488625622,-56.18314365042214,-76.89927549540306,63.23907540102365,15.21064697434965,-47.255547267290545,-64.99193715040462,49.40417718821026,12.14470758456607,12.14470758456607,0.0,False,False,False,False,0.0,False,False,27.630178235475267
4560.899,5.798999999999978,-37.37700599964592,-16.95724973546561,6.5280555555555555,-95.58878016036319,-1.7117959562444947,60.17503229639946,14.024731336901098,-56.76007038136855,-77.47686995611276,63.54783722895193,14.740635943074224,-55.155059705323765,-78.26693367419907,63.83522960113292,14.73008072373393,-57.27808410713347,-77.93651424578509,64.14455245817706,14.953960293246354,-48.127442375092265,-65.81788470448143,50.029326717815536,11.875204497567122,11.875204497567122,0.0,False,False,False,False,0.0,False,False,28.04083781685058
4560.999,5.8989999999994325,-37.99441524743051,-17.179639895371196,6.573055555555555,-96.97729965621267,-1.760173028093337,60.96507698388346,13.76275305507405,-57.89006779976462,-78.40090583693235,64.37297875638936,14.461384767091234,-56.248078175344695,-79.23268479468477,64.68211956609133,14.449468729168505,-58.4034533314737,-78.90097233682336,65.00808960325,14.68814017541335,-49.01855366485946,-66.58158027642617,50.617026199293285,11.596567973838583,11.596567973838583,0.0,False,False,False,False,0.0,False,False,28.4420894311571
4561.1,6.0,-38.632178646222286,-17.39091054791357,6.686111111111111,-98.36396611461947,-1.8157329373959181,61.729025520973046,13.71803409873757,-59.03865896914452,-79.28968262592217,65.17578096145124,14.29726771086956,-57.36246593541048,-80.1620900209322,65.50606563036311,14.28517012910043,-59.57131716137797,-79.81096008248043,65.83851536642254,14.629382812882136,-49.567672848890474,-66.80663333090095,50.61125064273405,11.391116784721953,6.835100111176953,-4.689765930175781,True,True,False,False,0.11940406018568128,False,False,28.784817577950587
4561.199,6.098999999999251,-39.26994204501406,-17.557703168632848,6.656111111111111,-99.71664898620908,-1.8728974735487882,62.4485188753685,13.633303440903939,-60.16472527758809,-80.13672300515137,65.97518995831415,14.170474266019623,-58.45657218302139,-81.04811945007074,66.32616177379002,14.158316016285347,-60.71234103129423,-80.6876901013854,66.67212104332917,14.440411697605906,-50.45395523533993,-67.48762729948812,51.16717184635425,11.188644718638631,11.188644718638631,0.0,False,False,False,False,0.0,False,False,29.167933399616345
4561.299,6.198999999999614,-39.91449016081825,-17.713376281198833,6.651944444444444,-101.05304889080315,-1.9384798928453755,63.140879940361145,13.127293303200014,-61.31588270115222,-80.932863864858,66.74371290995055,13.834903168749106,-59.57759044919207,-81.88414503974207,67.11575877551468,13.82283747804911,-61.8582599698037,-81.53126756574927,67.48520046229721,14.018352520135624,-51.33745413549518,-68.1380221371288,51.70231151179531,10.752948217120627,10.752948217120627,0.0,False,False,False,False,0.0,False,False,29.54637907037137
4561.4,6.299999999999272,-40.56582299363487,-17.824571361151627,6.598055555555556,-102.34889876058968,-2.01663009263078,63.77334441892069,12.58011252985956,-62.483495860380785,-81.65947509284211,67.49280938239185,13.40221056235443,-60.717520943238924,-82.65126716038542,67.88660706279606,13.39006494656217,-63.02887620712413,-82.28960299965594,68.26660284374354,13.601080089968496,-52.23068616949416,-68.71666565879434,52.21182140963554,10.321902089665398,10.321902089665398,0.0,False,False,False,False,0.0,False,False,29.91190996275245
4561.5,6.399999999999636,-41.21037110943908,-17.924646933741208,6.601111111111111,-103.58528021359946,-2.1012107071427697,64.3506831336661,12.205386340382697,-63.62777714108513,-82.31836078794642,68.18423921350842,13.009447428468992,-61.8366885310561,-83.34965382254848,68.59939137323144,12.997179007179572,-64.18152971044789,-82.9772476375669,68.98923818831517,13.242654722900967,-53.101142311597876,-69.2359583143307,52.671065257671614,9.949839398550148,9.949839398550148,0.0,False,False,False,False,0.0,False,False,30.260689131923368
4561.599,6.498999999999796,-41.87527337626548,-18.0136029973874,6.67611111111111,-104.7778172132684,-2.1897566163000004,64.86234759441203,11.95272255107438,-64.75071577824572,-82.914543727217,68.81437330022825,12.679625551669282,-62.93694919085807,-83.98426065597354,69.25115060434277,12.66714292822587,-65.31569428274364,-83.60647708561436,69.65542666172429,12.959754683143075,-53.91546210660512,-69.66433962505964,53.03550451200931,9.642200641702129,7.518350917903252,-2.135087490081787,True,True,False,False,0.0043920838040340275,False,False,30.5843237625267
4561.699,6.598999999999251,-42.53339092607948,-18.069200538153893,6.628055555555555,-105.96068797788162,-2.2868674878263744,65.36133450143907,11.784521051017023,-65.88296838253402,-83.45255072704138,69.42755396323324,12.400230156597868,-64.04881097415822,-84.5604483006383,69.88561603690245,12.38724936286745,-66.46126401575584,-84.18715585955687,70.31448731576373,12.726956680665712,-54.76450955130141,-70.09471397504258,53.443936149914485,9.395694667164664,9.395694667164664,0.0,False,False,False,False,0.0,False,False,30.911694246087286
4561.799,6.698999999999614,-43.19829319292097,-18.10255906182369,6.65,-107.12609657769278,-2.3928098851151653,65.82978250607499,11.61997465598277,-67.01590736151198,-83.92627233744712,70.00028552852731,12.165333186102064,-65.16394397235473,-85.07147272713377,70.47925376786984,12.151732781345366,-67.61520406046915,-84.69894160649064,70.93140139845971,12.51984333474945,-55.6133031439174,-70.47116374362436,53.820100598215674,9.174873349188173,9.174873349188173,0.0,False,False,False,False,0.0,False,False,31.227479744402036
4561.899,6.798999999999978,-43.856410742734965,-18.091439553670398,6.611944444444444,-108.27301182879727,-2.507382391283207,66.27489217736559,11.432747954345977,-68.14669429835332,-84.34306532006633,70.56412538891786,11.943201728525517,-66.27914319322993,-85.5246749402721,71.06349389983096,11.929262511099628,-68.77092476976536,-85.15282991362945,71.53994049629831,12.313239061459374,-56.45703903263611,-70.80252568178328,54.196258488069006,8.95456110383787,8.95456110383787,0.0,False,False,False,False,0.0,False,False,31.533091179618314
4561.999,6.8989999999994325,-44.507743575551586,-18.091439553670398,6.528888888888889,-109.39781772974777,-2.631188407344683,66.70637967424514,11.199566471246571,-69.2719082952693,-84.70614183676824,71.068856853977,11.708226001374138,-67.39061237232636,-85.92377594476565,71.5880684516988,11.694337431520747,-69.92401144993936,-85.54992430721792,72.0876815961454,12.077684245626317,-57.2919130722253,-71.0900355508795,54.51867723445858,8.70529831594471,8.70529831594471,0.0,False,False,False,False,0.0,False,False,31.828083142486644
4562.099,6.998999999999796,-45.15229169135577,-18.046961521847294,6.438888888888888,-110.49760758087382,-2.7659324336343625,67.10827190962162,10.961222729115468,-70.38713817913386,-85.017507560855,71.56711195810948,11.454084329735325,-68.49382108807261,-86.27070760043962,72.10621695508674,11.439942051192734,-71.06888107845981,-85.89431916152813,72.62873772926604,11.833269578707036,-58.076614454078054,-71.2959003502577,54.794959669907726,8.436233725067142,6.496140892648183,-1.9510347843170166,True,True,False,False,0.0036662213437902414,False,False,32.0995433213956
4562.199,7.098999999999251,-45.79005509014755,-17.958005457411005,6.463055555555555,-111.57322786115394,-2.9126143363373806,67.48177245602074,10.750786207830753,-71.49009424529173,-85.2724240507248,72.05361172857204,11.193631557817229,-69.58652619049795,-86.5612455783736,72.6131984691782,11.180249382339184,-72.20337382409048,-86.1862697337444,73.16255499025476,11.595848428772479,-58.88145518553748,-71.50301821240137,55.122165663094705,8.185034720423475,8.185034720423475,0.0,False,False,False,False,0.0,False,False,32.372394732347736
4562.299,7.198999999999614,-46.42103377194192,-17.846810377458212,6.401111111111111,-112.63051951965147,-3.0686289199732784,67.83871055795876,10.62420952308677,-72.58058415188283,-85.47255918147154,72.50906134673221,10.985087852101987,-70.66843387857271,-86.7973401666696,73.08975283953261,10.971756615347605,-73.33181049446398,-86.41714829130694,73.66193824105387,11.440420604004007,-59.67505803563628,-71.66538964725353,55.42660582970819,8.015829040945768,8.015829040945768,0.0,False,False,False,False,0.0,False,False,32.633348186435
4562.4,7.299999999999272,-47.03165830269904,-17.713376281198833,6.283055555555555,-113.6859213721644,-3.233435150376344,68.20893988683287,10.528295828784147,-73.67088258971508,-85.62096725552409,72.94579619519007,10.811287499013616,-71.75187058685472,-86.98153101671996,73.54703363044507,10.797625365473323,-74.46468162300093,-86.6009179434049,74.14893232376582,11.285906509924605,-60.465814646600094,-71.79366290237536,55.72390831322747,7.847399313610135,7.847399313610135,0.0,False,False,False,False,0.0,False,False,32.8875712163816
4562.499,7.3989999999994325,-47.642282833456136,-17.535464153116344,6.296944444444445,-114.7099498905119,-3.4024786824807487,68.54059558239393,10.439335229274262,-74.72977559717343,-85.71516176726963,73.3635020359703,10.669590020164438,-72.80575515560342,-87.11035297559333,73.98557625623732,10.65602706311745,-75.57021647169377,-86.7222872511156,74.6108971109157,11.182316903840753,-61.232299161616695,-71.87781013216964,56.015882661141745,7.73016963136417,7.73016963136417,0.0,False,False,False,False,0.0,False,False,33.125815479237374
4562.599,7.498999999999796,-48.23255321319104,-17.346432516090474,6.216944444444445,-115.73391945076479,-3.5838686688138757,68.8900762634897,10.359442770906332,-75.78756112619267,-85.7611378417548,73.75534127019593,10.51248735940636,-73.86009239270899,-87.19068034436746,74.3975115114444,10.498416515199075,-76.67743930663153,-86.79749984217953,75.05039838403097,11.013172187893124,-61.932521838984854,-71.86774616349797,56.216214584288025,7.530323996168941,4.715492614677642,-2.831754446029663,True,True,False,False,0.007720388108340274,False,False,33.34237358743132
4562.699,7.598999999999251,-48.80925415891613,-17.14628137170139,6.158055555555555,-116.74757057514927,-3.7778584022034045,69.24109740727405,10.281930396164201,-76.83077528884945,-85.75575749835885,74.11117230761957,10.358093511823464,-74.90153330806574,-87.21886285084473,74.77281395232046,10.344038901133588,-77.77346879120886,-86.81798137399366,75.45244535782079,10.911244558934253,-62.67963307480996,-71.88170745081784,56.46551407127091,7.414509442124629,7.414509442124629,0.0,False,False,False,False,0.0,False,False,33.56210216500708
4562.799,7.698999999999614,-49.35881623660657,-16.901652195489213,6.008055555555556,-117.75240108956471,-3.984176768671709,69.602755839415,10.234422245959278,-77.85753311578137,-85.70200446145907,74.46922408405304,10.2106791255613,-75.92792956832423,-87.19673495797817,75.14862902155188,10.194865554942144,-78.85609281103011,-86.78619165333781,75.85471758924183,10.750568427284273,-63.41204018618008,-71.86020135354812,56.72684751452035,7.239946385389081,7.239946385389081,0.0,False,False,False,False,0.0,False,False,33.771019852811456
4562.9,7.799999999999272,-49.90837831429701,-16.63478400376053,6.093055555555555,-118.75581793798402,-4.203441390377028,69.96076201635137,10.104410273190837,-78.87605046996369,-85.59305086605706,74.79551188921626,10.0829124110032,-76.94760845204644,-87.11774939798583,75.4915119546942,10.06712957552523,-79.93688449003133,-86.70434392597008,76.23289585761667,10.71252838114431,-64.13856513416505,-71.80518204036885,56.97605669442333,7.187880544912794,7.187880544912794,0.0,False,False,False,False,0.0,False,False,33.97205463834611
4562.999,7.8989999999994325,-50.42401680694039,-16.345676794145078,5.923055555555556,-119.72699396387996,-4.423195885258523,70.32103663796526,10.011340153462072,-79.857063790256,-85.42968587165372,75.09263988530009,10.01586670033594,-77.93087766478924,-86.98106711621105,75.80228070581826,9.996651021175385,-80.98488883033835,-86.55885557252824,76.57582760242101,10.66231604881662,-64.84026985543676,-71.70776845096493,57.20829961269959,7.12392015675042,7.12392015675042,0.0,False,False,False,False,0.0,False,False,34.15615618712076
4563.1,8.0,-50.939655299583734,-16.034330569013115,5.981944444444444,-120.71125509271967,-4.648055552509364,70.69457826767893,9.981130118810226,-80.84273206948367,-85.21088313683734,75.36305079729374,9.984307092625999,-78.91970640906654,-86.7868429233096,76.0841722340077,9.965117827718545,-82.04339694152601,-86.35279744415654,76.89037344036858,10.691706166221532,-65.46037176381004,-71.49496563127703,57.3300379220533,7.1173678940526335,3.697139847479404,-3.4421446323394775,True,True,False,False,0.011402900545061764,False,False,34.31613649510011
4563.199,8.09899999999925,-51.42815492419243,-15.700745328364649,5.933055555555556,-121.673941451052,-4.865814065498692,71.07648176610992,9.958482067161153,-81.79439158049503,-84.94476233576492,75.60980240674958,9.986493807078874,-79.87575845419477,-86.54457431826374,76.3420870329746,9.967334553304472,-83.07138539774537,-86.09610134613405,77.18030955930983,10.713410598771409,-66.14437545364748,-71.32416499907927,57.537222408941474,7.125183916793764,7.125183916793764,0.0,False,False,False,False,0.0,False,False,34.47882977426457
4563.3,8.199999999999818,-51.89630039776384,-15.333801563256293,5.880000000000001,-122.65568217210534,-5.084096820325575,71.49787798532394,9.95667355395392,-82.75055477152011,-84.62288411273991,75.8482826009239,9.997260905871457,-80.8376707840843,-86.24678097903175,76.5914719107838,9.978123845073714,-84.1064565854974,-85.77519254293072,77.45633431030383,10.74553060763631,-66.83260725438039,-71.1107887152902,57.74223374855848,7.1431349419142025,7.1431349419142025,0.0,False,False,False,False,0.0,False,False,34.63327625206798
4563.4,8.299999999999272,-52.33730700331566,-14.94461878342152,5.836111111111111,-123.6221879108766,-5.297012985265185,71.93476588994898,9.836935427129106,-83.68562236177539,-84.2611011685474,76.07556510510395,10.059198218723763,-81.7795179696011,-85.90865261761816,76.82927752233692,10.040076974781854,-85.12181544098503,-85.40596695073091,77.71502801295519,10.862626586952876,-67.50875658006782,-70.86491344287477,57.94180042991423,7.246202224454229,7.246202224454229,0.0,False,False,False,False,0.0,False,False,34.77725030915161
4563.5,8.399999999999636,-52.7647441748577,-14.55543600279666,5.813055555555556,-124.5715842383956,-5.504866449109706,72.37496175582159,9.600725102103503,-84.61340192906493,-83.85598714401365,76.26862650671676,10.19314670486208,-82.71517120390548,-85.52710280382364,77.03249682918445,10.174044161248144,-86.1349790852772,-84.99017047578099,77.93987681704654,11.040681644338955,-68.18670726653411,-70.5866864188292,58.114868741013055,7.410228585063641,7.410228585063641,0.0,False,False,False,False,0.0,False,False,34.914982560441686
4563.599,8.498999999999796,-53.16504247835002,-14.12177518955861,5.866944444444444,-125.49251131704271,-5.706123669894474,72.8154237721136,9.442946405824056,-85.52625608801642,-83.41044609712769,76.47331601563953,10.331878899922609,-83.63694456633067,-85.10483824688163,77.24721391648617,10.312792036655289,-87.13221883970364,-84.52838468964624,78.17198814959954,11.16071576129423,-68.08682743264757,-69.71385167985856,57.55987000268209,7.334543404046129,4.003113450840414,-3.513260841369629,True,True,False,False,0.09067652385055101,False,False,34.900308021953464
4563.699,8.59899999999925,-53.55177134784759,-13.67699486895735,5.853888888888889,-126.40544959006048,-5.907847608226626,73.26675973849808,9.256287757272364,-86.43968576948178,-82.91184663397314,76.64906792602532,10.487799839665463,-84.56061528446581,-84.62963039649577,77.43271201881832,10.468737367205673,-88.13483493016236,-84.01379956386606,78.37891541370139,11.378466801831554,-68.74836603706467,-69.37432199426708,57.7332550533235,7.5370904340768945,7.5370904340768945,0.0,False,False,False,False,0.0,False,False,35.01983095680826
4563.799,8.698999999999614,-53.91814606629282,-13.221095039412711,5.806111111111111,-127.29418285932339,-6.109967874582433,73.71981351717164,8.97239422051037,-87.34379330130628,-82.3598745869477,76.79482228902027,10.70355965080536,-85.47631979931957,-84.10091765364459,77.58780563457685,10.684517580251887,-89.12982114181085,-83.43782189958355,78.55094393181851,11.614991668901819,-69.4102418195056,-68.99117531067247,57.88183552971926,7.758411290640462,7.758411290640462,0.0,False,False,False,False,0.0,False,False,35.12982488582849
4563.901,8.800999999999476,-54.257381916703395,-12.731836686988354,5.868888888888889,-128.17376294514654,-6.318082617386746,74.19412123347321,8.750663446807431,-88.25827313658972,-81.74318876569245,76.93261544674924,10.928851181707723,-86.40399259082977,-83.50785760300793,77.73448214620521,10.909827645919139,-90.13648092752473,-82.79114166008515,78.71223512988121,11.84535841954806,-70.08527227759721,-68.55753440785462,58.0261203191977,7.973269950569947,7.973269950569947,0.0,False,False,False,False,0.0,False,False,35.23318523954347
4564.0,8.899999999999636,-54.596617767144096,-12.253697841927204,5.843055555555556,-129.00414878398294,-6.526873369971045,74.62759000902032,8.547703124742865,-89.13741323626834,-81.09369171376952,77.01955146529458,11.15757627238829,-87.29723435182969,-82.88116626517666,77.83039008572239,11.138569399023714,-91.10445530818598,-82.1071727410794,78.81833642883863,12.098833093738227,-70.73956996582102,-68.0952088634361,58.12804193204917,8.211692654358515,8.211692654358515,0.0,False,False,False,False,0.0,False,False,35.325162749014325
4564.099,8.998999999999796,-54.895145315510206,-11.742200472406163,5.85,-129.81319381794782,-6.745279431837553,75.08450713229243,8.38227393893794,-90.00433738900325,-80.39250603423056,77.10719695194013,11.37351656685978,-88.17957999063633,-82.20256792347753,77.92635608690256,11.354529588093728,-92.06075618320305,-81.36957265747515,78.9256206093236,12.299363802534415,-70.21697187684715,-66.88909520517485,57.23581368201872,8.133351895614163,3.3766864684366986,-5.020484924316406,True,True,False,False,0.18501291849891827,False,False,35.26570115487229
4564.2,9.099999999999454,-55.1801034298816,-11.219583594731828,5.92,-130.61953980609974,-6.977082668772774,75.55863534281326,8.23220989224185,-90.87266673555126,-79.62512254806295,77.15748074441608,11.578469593139788,-89.06497534956972,-81.4579133923289,77.98466206741992,11.55949907447591,-93.01739315194423,-80.55929174866098,78.9914908099814,12.525950342396984,-70.85187858906656,-66.35132298373718,57.315907257036855,8.342865414190314,8.342865414190314,0.0,False,False,False,False,0.0,False,False,35.33809282345107
4564.299,9.198999999999614,-55.444707393200645,-10.68584721048437,5.933055555555556,-131.3868839130542,-7.218367367817579,76.02129695704944,8.020254942271949,-91.7025306294965,-78.81765466204664,77.17883733544599,11.821533357923895,-89.91298879393894,-80.67228575630003,78.01387058111983,11.802590577323382,-93.94014745442306,-79.70926287061613,79.03246684052377,12.819531868894984,-71.46943603613722,-65.78243735247916,57.37966689825508,8.619711999031248,8.619711999031248,0.0,False,False,False,False,0.0,False,False,35.400491457742866
4564.4,9.299999999999272,-55.68217248848504,-10.118752300986936,6.088055555555556,-132.1444896996531,-7.481960601166316,76.50776838837695,7.865370955375797,-92.52085534898569,-77.93224167194262,77.17355697103292,12.060963730464374,-90.7514203786801,-79.80855029877243,78.01615276695011,12.04204657945176,-94.85089165637258,-78.77437011177616,79.04291504134953,13.025500122390525,-72.0835865890964,-65.15200248001987,57.42529938770683,8.808607231240373,8.808607231240373,0.0,False,False,False,False,0.0,False,False,35.45027460696285
4564.5,9.399999999999636,-55.899283432762275,-9.540537884126293,6.109999999999999,-132.87695425856003,-7.753920721292794,76.9984013252964,7.761507301092747,-93.30208436910715,-77.00115986606262,77.13562754054414,12.253212611651833,-91.55396703944496,-78.89829789038752,77.98560980192933,12.234313786132786,-95.71669634677005,-77.78778865520081,79.01337613957858,13.226819640708849,-72.6706865059503,-64.4830041510098,57.445230964206004,8.99302276808688,8.99302276808688,0.0,False,False,False,False,0.0,False,False,35.48593383715648
4564.6,9.5,-56.08247079199242,-8.95120395911235,6.1738888888888885,-133.593705331069,-8.036669185409824,77.51662952956643,7.649919772025001,-94.05097970942917,-76.01919111792091,77.0695956324385,12.453260025477388,-92.32550459876072,-77.93643688495696,77.92637461958297,12.434383929766437,-96.5515829935517,-76.74744468492919,78.95618594470798,13.451645753251908,-72.04666929815038,-63.20770030241951,56.556370369705654,8.940434769521218,4.313439844684243,-4.887505054473877,True,True,False,False,0.17520238915797057,False,False,35.37011565350728
4564.7,9.599999999999454,-56.23851928318791,-8.339631017791815,6.265,-134.29380862920894,-8.336668056794224,78.05528940225769,7.585465607128284,-94.7659945037602,-74.98686252991685,76.98194473448045,12.667748999646346,-93.06447486426252,-76.92345248135645,77.84530538834944,12.648889996996989,-97.34769116859695,-75.64915988926357,78.87037904057262,13.677804803545081,-72.57747129506487,-62.47542323129535,56.54772631529978,9.148019767354088,9.148019767354088,0.0,False,False,False,False,0.0,False,False,35.3805514444652
4564.8,9.699999999999818,-56.374213623361186,-7.728058076471283,6.273888888888888,-134.97934123522631,-8.651632628438538,78.61055321539624,7.503771194790033,-95.44350896694422,-73.90642500724223,76.85041371565853,12.845696097415072,-93.76720613944514,-75.8615026056519,77.72002414255185,12.82685954610128,-98.10699341493147,-74.50191546987267,78.74244687794507,13.83735217655183,-73.08625506420053,-61.706692014398094,56.50650627073873,9.288993087900364,9.288993087900364,0.0,False,False,False,False,0.0,False,False,35.38009205951176
4564.899,9.798999999999978,-56.48276909548471,-7.094246118844152,6.324999999999999,-135.64375967033862,-8.968094646158482,79.18316574307589,7.363716645645314,-96.07049354227979,-72.79274422148451,76.70384983700632,12.980179744940033,-94.4203230899377,-74.76511152156648,77.57966246017958,12.961363089484857,-98.80979123887572,-73.31838657754022,78.59525165695584,13.970091452073701,-73.55868014726245,-60.911116507165595,56.46098012469864,9.403344051486407,9.403344051486407,0.0,False,False,False,False,0.0,False,False,35.366219617235
4564.999,9.898999999999432,-56.55740098259133,-6.460434161217025,6.398888888888889,-136.2999081745459,-9.288523692067876,79.79264091163691,7.240715813528307,-96.65457196472127,-71.62745278098429,76.51485761967578,13.097602866831268,-95.0318810532494,-73.61613311702881,77.39621127000395,13.078810010273584,-99.47005621822481,-72.0802008465032,78.40567427937684,14.094503663623554,-74.00362790832511,-60.07671216037169,56.38329628912126,9.509182210575958,9.509182210575958,0.0,False,False,False,False,0.0,False,False,35.33962544459156
4565.1,10.0,-56.59810928465083,-5.826622204379985,6.351944444444444,-136.94895111400962,-9.616718930921937,80.44018035710249,7.161781837899354,-97.19588103346726,-70.41413047347876,76.28712404711492,13.216415451447288,-95.60192701931321,-72.41814432234672,77.1733672704931,13.197637427484123,-100.07857712119204,-70.7862590773311,78.16844315930926,14.220133039598617,-73.47377695765731,-58.87156859792417,55.66466111729893,9.412224546515501,5.849125504961169,-3.7669262886047363,True,True,False,False,0.10422194537090373,False,False,35.162713551794205
4565.199,10.09899999999925,-56.61167871866064,-5.192810246752854,6.333055555555555,-137.57507843721038,-9.946144359127892,81.10281301637772,7.131617100152779,-97.68336521546644,-69.1945491265706,76.04673570464595,13.321974515927572,-96.1184009692031,-71.2125751179336,76.93757506334272,13.303210804247527,-100.62857073746407,-69.48489602259728,77.91635949146712,14.321530896216546,-73.83809611234699,-58.00953770516829,55.55498317557152,9.493949217854516,9.493949217854516,0.0,False,False,False,False,0.0,False,False,35.112572199496874
4565.299,10.198999999999614,-56.59810928465083,-4.547878780972431,6.336944444444444,-138.20135551686934,-10.283031077949182,81.80453390555809,7.091128858587967,-98.12926456115233,-67.93656516265658,75.78233580324894,13.376881368345565,-96.59430515861534,-69.96764019462609,76.67751213887878,13.358132868910943,-101.13454244449042,-68.14398248524722,77.6399271313783,14.342428934517601,-74.1732856198629,-57.1212268728348,55.4332368963055,9.49497535183321,9.49497535183321,0.0,False,False,False,False,0.0,False,False,35.05236586504032
4565.4,10.299999999999272,-56.55740098259133,-3.9029473159820913,6.405000000000001,-138.82728628594217,-10.619076234947752,82.54356677223652,6.976886385842438,-98.52575343115919,-66.64464123975817,75.48418883231118,13.39036611404367,-97.02171525693923,-68.68760855125194,76.38332973274909,13.371637035957834,-101.59135152466844,-66.76802807094386,77.33094516268446,14.366516416669205,-74.4755125649839,-56.21088923440911,55.291767112478915,9.49899221061937,9.49899221061937,0.0,False,False,False,False,0.0,False,False,34.9817711660043
4565.5,10.399999999999636,-56.48276909548471,-3.28025486650826,6.315,-139.4369978790383,-10.948133966531284,83.30786543278325,6.880033159069969,-98.86242926794517,-65.34740707713084,75.1556184185176,13.419816474422502,-97.38954515364358,-67.4008082875555,76.05793645960777,13.40110402323337,-101.9821729766645,-65.38299505238155,76.98666178070587,14.415824487663526,-74.73387668368515,-55.29527205580911,55.124086762497306,9.528428377291332,9.528428377291332,0.0,False,False,False,False,0.0,False,False,34.900027239779426
4565.6,10.5,-56.380998340373594,-2.6464429104613085,6.341111111111112,-140.0369522411953,-11.283209346196282,84.10060854430155,6.8643551937068,-99.1445713821726,-64.03212006591684,74.81259612615442,13.490570997299356,-97.7033772883043,-66.0946436533713,75.71798451774183,13.471875875296373,-102.31609873205973,-63.97514139075207,76.62403477552394,14.522443205234557,-74.27695967252754,-54.20702408773395,54.57800805581009,9.4663090351877,6.895637932391811,-2.7195372581481934,True,True,False,False,0.05428573066825702,False,False,34.679091528731455
4565.699,10.59899999999925,-56.25887343421013,-2.0571089838671917,6.12,-140.62296112850106,-11.624287692732103,84.90483025680794,6.833846478696201,-99.37140409842753,-62.71222975563812,74.415952430317,13.569973926921513,-97.96210835905936,-64.7825191758599,75.32354802417971,13.551293155341707,-102.58802564443364,-62.560022575011175,76.20362785022438,14.588839702231782,-74.45423597541065,-53.28447092959005,54.362798216462494,9.512101600842552,9.512101600842552,0.0,False,False,False,False,0.0,False,False,34.57747448397262
4565.799,10.698999999999614,-56.12317909405195,-1.4900140751598414,5.971111111111111,-141.20614036919372,-11.978246412851293,85.72696960068441,6.810789137684167,-99.53564406047174,-61.36139037613311,73.9542007909853,13.657676762179303,-98.15911068472347,-63.4379531065506,74.8636540313958,13.639028660490515,-102.80809932665407,-61.11036153490285,75.72362648701466,14.736572873200958,-74.5979563216154,-52.33776169810995,54.10000768886568,9.63902271995051,9.63902271995051,0.0,False,False,False,False,0.0,False,False,34.46493997717625
4565.901,10.800999999999476,-55.953561168831584,-0.9340386738157029,5.898888888888889,-141.79178289010892,-12.354529872743031,86.59461835181182,6.8398475827119025,-99.63917245590739,-59.965445366350025,73.43799840426529,13.793119178269565,-98.29660780007421,-62.046854218045745,74.34856973579703,13.774482362179539,-102.94605188610278,-59.60705970361034,75.171920160227,14.863785255029683,-74.6882956504285,-51.35331255860009,53.78748418698199,9.7450068088809,9.7450068088809,0.0,False,False,False,False,0.0,False,False,34.33180072212859
4565.999,10.898999999999432,-55.763589092604064,-0.38918278062486245,5.806111111111111,-142.34498806765006,-12.725771587622576,87.45587499916194,6.756788425376134,-99.6889068047971,-58.61059209779992,72.9326129999134,13.881084390403377,-98.37939609893004,-60.69544720650722,73.84410968929659,13.862462426084011,-103.02880998506303,-58.14950627750221,74.63414819288059,14.930112446266456,-74.74256037556283,-50.39759055640261,53.48871095126374,9.790938189293763,9.790938189293763,0.0,False,False,False,False,0.0,False,False,34.19602714113894
4566.1,11.0,-55.54647814832683,0.18903163702587022,6.05111111111111,-142.90106099620292,-13.10141450769182,88.359827428827,6.531613712413613,-99.68229902194128,-57.20845633216062,72.40471192788968,13.890705816109834,-98.40709165620531,-59.295449303609026,73.31736263020167,13.872101061701974,-103.05410271166559,-56.64347200765117,74.07366510557837,14.896553715011862,-74.25053227330697,-49.35560564221764,52.95765028626168,9.620489349646075,7.641430305785642,-2.0949289798736572,True,True,False,False,0.03219379800106591,False,False,33.927486182666215
4566.199,11.09899999999925,-55.30222833601496,0.7338875294266227,6.043055555555555,-143.43369044205735,-13.464232691348595,89.26780623916089,6.488080427801689,-99.62484280253628,-55.83291647309465,71.86304661094978,13.925560855374133,-98.38337161838112,-57.92075582788373,72.77604065823473,13.906965066611688,-103.01532150930676,-55.16378287939701,73.49210037341906,15.006421026017973,-74.22546379085321,-48.39912263775996,52.651130359832806,9.709035059490144,9.709035059490144,0.0,False,False,False,False,0.0,False,False,33.77321460822634
4566.3,11.199999999999818,-55.04440908969326,1.2676239144641688,5.948055555555555,-143.9761644901691,-13.849649663145422,90.20747795515824,6.690300752747776,-99.5274031172891,-54.42409730028325,71.27625529950542,14.040427478528747,-98.32054695696517,-56.51184881103419,72.18927605360601,14.021836829886794,-102.92824776368987,-53.644490729830245,72.85741102225268,15.127941178384276,-74.16906667040156,-47.41508661457847,52.30448194977083,9.808802871276704,9.808802871276704,0.0,False,False,False,False,0.0,False,False,33.60914664135089
4566.4,11.299999999999272,-54.752666258324524,1.8235993158083073,6.155,-144.5208845359136,-14.252942125449009,91.19642645106958,6.865277797569856,-99.38641055350554,-53.021940038286345,70.71212284219128,14.14942848498756,-98.2140761835729,-55.108511868106596,71.62513131958731,14.130851799312618,-102.80573516061968,-52.13083594936822,72.25080287244461,15.244152146585938,-74.08955279964061,-46.43268523240078,51.986384558934795,9.90347686860757,9.90347686860757,0.0,False,False,False,False,0.0,False,False,33.44303766042061
4566.499,11.398999999999432,-54.43378455895123,2.40181373345904,6.419999999999999,-145.06409739310945,-14.661588020757613,92.22262891418346,6.8672280798891565,-99.19009532193076,-51.63272640748015,70.1630877410278,14.200478103019618,-98.0520543681258,-53.7167326843313,71.07633018939313,14.18191752717142,-102.62574579559357,-50.63210657378785,71.65934573375236,15.25076832504378,-73.9727335342852,-45.459958512705455,51.69641931124849,9.888771445903174,9.888771445903174,0.0,False,False,False,False,0.0,False,False,33.27014342243434
4566.6,11.5,-54.08097927450072,2.9689086421663866,6.626944444444444,-145.6141454724517,-15.077194448568065,93.29513573055742,6.784395221495577,-98.92981083093176,-50.22213762790808,69.5751758552023,14.209958254813753,-97.82668820978496,-52.302042587686465,70.48804934244798,14.191414503373096,-102.37832836288553,-49.11030306554856,71.02730616503979,15.279629753122718,-73.39729080733704,-44.480471054841516,51.2304940915507,9.795587879425534,8.099121285622523,-1.7967592477798462,True,True,False,False,0.023668970035675252,False,False,32.97471875630451
4566.7,11.599999999999454,-53.70781983902799,3.4915255190506347,6.483888888888888,-146.15209718467446,-15.486078009269962,94.37210313242431,6.7297389158890315,-98.62183810497098,-48.835045182994925,68.95896633672544,14.210532625649504,-97.55313536256145,-50.909642864795124,69.87058619251555,14.19199692060993,-102.06937381355793,-47.61502674153177,70.36135009218494,15.25758818657055,-73.19952795776328,-43.52333963411534,50.89522797626857,9.751388369838848,9.751388369838848,0.0,False,False,False,False,0.0,False,False,32.78484710254491
4566.799,11.698999999999614,-53.32787568655792,3.98078387305517,6.333888888888889,-146.68078212129586,-15.89085720925226,95.44447212446086,6.721758188302948,-98.25783650855614,-47.47753273343626,68.31295431644138,14.194500515660385,-97.22291982918117,-49.54540442620758,69.2230289291864,14.175995506470091,-101.72005282369541,-46.14441948539301,69.67308533284482,15.278290648642322,-72.97643635182555,-42.584145758005064,50.54066291375979,9.750154468306294,9.750154468306294,0.0,False,False,False,False,0.0,False,False,32.593410681336074
4566.899,11.798999999999978,-52.90722323204338,4.470042225479526,6.385,-147.2097507475389,-16.302778715983806,96.56333044006345,6.687299923884151,-97.82227341894973,-46.12621921730403,67.65606702490786,14.20729646955688,-96.82110531389486,-48.1856026645517,68.5641741602991,14.188807826037777,-101.28179175633016,-44.67990468849656,68.96242572269037,15.29539969766535,-72.69697995065005,-41.650300465587456,50.186855658858455,9.7451055742946,9.7451055742946,0.0,False,False,False,False,0.0,False,False,32.386323239439164
4566.999,11.898999999999432,-52.46621662647652,4.9370615631774655,6.463055555555555,-147.7260088346459,-16.717871961061434,97.69014360457668,6.562003856262325,-97.33094015121594,-44.79261119354313,66.97674051073122,14.223244118255963,-96.36317581043711,-46.84211073278223,67.88244036017697,14.204770486315542,-100.78166806475618,-43.233172216955204,68.22575957889654,15.319358515401422,-72.37855780465603,-40.729185017491794,49.8187455478629,9.746906448996155,9.746906448996155,0.0,False,False,False,False,0.0,False,False,32.17131513188074
4567.099,11.998999999999796,-52.01164058691489,5.404080899295229,6.451944444444444,-148.22752037806725,-17.130091589891386,98.81945382240227,6.421680332928603,-96.79359236435667,-43.476982426692494,66.29314864204552,14.202478928474655,-95.8588654023255,-45.51544306352678,67.19655530318177,14.184013209453406,-100.22438882363939,-41.809618271721845,67.48038590545463,15.255572310699534,-72.00635497602508,-39.82836095200372,49.4546499263035,9.656109017664235,9.086038070683985,-0.5749242305755615,True,True,False,False,0.00036346049440793676,False,False,31.935050138905012
4567.2,12.099999999999454,-51.55027983035589,5.826622204379982,6.361111111111111,-148.72564324496332,-17.535256933011198,99.94412764935767,6.2933713277924195,-96.19557558974444,-42.17931270450881,65.55739637843882,14.103635268828205,-95.29354619544351,-44.205227150255176,66.45795138380292,14.085201750664718,-99.62292222845105,-40.396488005515735,66.68999073782588,15.156422175861078,-71.62681591120317,-38.93664369954439,49.05932404131757,9.534549348298961,9.534549348298961,0.0,False,False,False,False,0.0,False,False,31.71082955870239
4567.3,12.199999999999818,-51.05499548873476,6.249163509464734,6.449999999999999,-149.21600208440788,-17.925225806303068,101.09393807081653,6.237130740965003,-95.52824917782081,-40.94387102349164,64.84637848116593,13.995547840705383,-94.65751091402532,-42.9554529984975,65.74400076895482,13.977156711754638,-98.94961265703128,-39.04249394532524,65.91834789115786,15.086895723998824,-71.2043207760759,-38.0870257411728,48.70003066532333,9.442835238489208,9.442835238489208,0.0,False,False,False,False,0.0,False,False,31.478403163681993
4567.4,12.299999999999272,-50.552926430101195,6.627226782726388,6.331944444444445,-149.70633194821428,-18.308261825584566,102.2407766890226,6.207122065731185,-94.78096938142856,-39.76830955257157,64.09887343116424,13.88307695442639,-93.9401914788437,-41.76351551577867,64.99322048190996,13.864736416086672,-98.1903381394782,-37.7445275945186,65.10127173015324,14.987774288198754,-70.7305898446753,-37.27719109760294,48.31910605839499,9.32152614474184,9.32152614474184,0.0,False,False,False,False,0.0,False,False,31.233484793338143
4567.5,12.399999999999636,-50.03050322043035,6.994170547044655,6.381944444444445,-150.19245915542916,-18.67892238562498,103.39983132217448,6.0195336444750405,-93.96603502428312,-38.65438153418161,63.35709322561906,13.7319762322189,-93.15382712748438,-40.631468058499344,64.2481324038184,13.713665022058642,-97.34479690586768,-36.51780311104599,64.2801231997434,14.810164808796387,-70.20724718455484,-36.5179173580195,47.96251443421065,9.121729007391973,9.121729007391973,0.0,False,False,False,False,0.0,False,False,30.976469631772535
4567.6,12.5,-49.508080010789655,7.327755787693121,6.293888888888889,-150.66516285693135,-19.033625946639606,104.53553394365184,5.800170089698528,-93.10648829008633,-37.593299678690315,62.599699909042236,13.584913799175608,-92.32164111828412,-39.55110357905521,63.48723076519033,13.566618606689484,-96.44002787330156,-35.3521332107237,63.43643003106903,14.701821358130212,-69.63610266447516,-35.80726983961948,47.60008121648735,8.986502690310196,8.465333774480204,-0.5258641242980957,True,True,False,False,0.0003039273199336538,False,False,30.698928044475384
4567.7,12.599999999999454,-48.965302650111624,7.627982504671784,6.223888888888888,-151.12542508475687,-19.37737918415836,105.66920164270307,5.689105444304614,-92.20709216443068,-36.58465156940185,61.84342626479075,13.452564791840066,-91.44839943112913,-38.52212493194133,62.72675608156565,13.434295201784217,-95.49519223824315,-34.23464745955063,62.59001847423535,14.56583164906841,-69.06099479639846,-35.12707232788666,47.24226451572166,8.828296942578136,8.828296942578136,0.0,False,False,False,False,0.0,False,False,30.434650351022015
4567.8,12.699999999999818,-48.415740572421186,7.894850697190556,6.121944444444445,-151.58069233545214,-19.709854164919157,106.79432102313628,5.586244673295242,-91.26697910363323,-35.63325125394298,61.08129257904671,13.306165085154806,-90.53311922800829,-37.549315649901374,61.960034214001745,13.287917927331982,-94.5021507411861,-33.17886861031969,61.733359053236185,14.42244455594531,-68.46181188811204,-34.49003485939792,46.88628262977207,8.662693810784575,8.662693810784575,0.0,False,False,False,False,0.0,False,False,30.166752052194628
4567.899,12.798999999999978,-47.85939377774844,8.139479873402735,6.133055555555556,-152.0258278384289,-20.02613631073961,107.90712636313931,5.4453282453414,-90.30253613885115,-34.74681035409223,60.33783409239813,13.164334288262953,-89.59197339453516,-36.640774720565815,61.21175869857101,13.146106930245008,-93.47826157443035,-32.193064391904635,60.891667951897325,14.291150781873917,-67.84947731551439,-33.900476902982774,46.55063270898928,8.509406158429469,8.509406158429469,0.0,False,False,False,False,0.0,False,False,29.899330848433213
4567.999,12.898999999999432,-47.29626226603315,8.36187003330832,6.0888888888888895,-152.46444616389513,-20.33083539475907,109.01200965561713,5.236255202824449,-89.2974936898906,-33.91086226379406,59.59100046972624,12.98979180813436,-88.60907607061729,-35.78166177696683,60.45990394581364,12.971589525679747,-92.41115370064693,-31.257401849922296,60.04198642378795,14.093236523695348,-67.21793273927408,-33.34672538629206,46.22207141961845,8.289275861580641,8.289275861580641,0.0,False,False,False,False,0.0,False,False,29.629016147113624
4568.099,12.998999999999796,-46.70599188629825,8.539782162180893,6.136111111111111,-152.89225599800602,-20.619784122425816,110.11722386578646,5.088922986492695,-88.26785107036285,-33.13286479016871,58.855735853450916,12.826024992637263,-87.60021977751539,-34.97981319722353,59.71844819706132,12.807837939984086,-91.30890715851511,-30.388796757071827,59.20181000149441,13.973984549670769,-66.60706172546975,-32.82158890916221,45.90006097648367,8.159914348924168,9.450398099854535,1.302590250968933,True,True,False,False,0.0018377162214637222,False,False,29.344057680454593
4568.199,13.09899999999925,-46.12250622357581,8.684335766593577,6.0280555555555555,-153.309406400274,-20.89780349527884,111.1941299385821,4.93722772391497,-87.2161639066359,-32.412173688937635,58.11722456553728,12.681067521291503,-86.56797118432085,-34.23464549007372,58.97350750973706,12.662904797424176,-90.18290030030731,-29.57384579997971,58.35243596438596,13.825558663968222,-65.95294391588489,-32.34816911505843,45.573157844627666,7.989344584815995,7.989344584815995,0.0,False,False,False,False,0.0,False,False,29.073973856627873
4568.3,13.199999999999818,-45.52545112681344,8.82888937021617,6.1611111111111105,-153.7138897462877,-21.162784817427813,112.2686010044551,4.638385253851039,-86.12713084795679,-31.76094659668565,57.4110719286646,12.461943352537535,-85.49460377520617,-33.5622898901944,58.26272601345377,12.437617781533516,-89.02127070369242,-28.821452116908333,57.52768494178692,13.580550575739684,-65.28700738203244,-31.916838471575232,45.28502448917877,7.721971179397527,7.721971179397527,0.0,False,False,False,False,0.0,False,False,28.802727412321193
4568.399,13.298999999999978,-44.92161131306875,8.917845435442548,6.108055555555556,-154.09373652937958,-21.405575473655244,113.30517543288197,4.46894547367998,-85.03689455976892,-31.204746701867958,56.736746027419954,12.275521470532148,-84.41432829153848,-32.9929458163551,57.58636225438511,12.246242488046443,-87.847170792613,-28.176245155270426,56.732488164929904,13.484145157670937,-64.62216330618453,-31.551484533556085,45.009759130361374,7.603643321707056,7.603643321707056,0.0,False,False,False,False,0.0,False,False,28.534812337886446
4568.499,13.398999999999432,-44.32455621632144,8.995681990935449,6.086111111111111,-154.4716569418618,-21.648700685352793,114.33049456664274,4.518599539096803,-83.91603824405561,-30.713886463561295,56.07437272047509,12.20650572315766,-83.29967488237463,-32.49600398797905,56.92644271694639,12.173733543531142,-86.62843989551982,-27.601685448456188,55.93733885194209,13.463387985411671,-63.9363378111684,-31.228158279760397,44.750187747610966,7.560742271042165,7.560742271042165,0.0,False,False,False,False,0.0,False,False,28.26168494865467
4568.6,13.5,-43.72071640256169,9.029040515395339,6.046944444444444,-154.8546212533035,-21.895473229782766,115.3562757623071,4.503002968193412,-82.76798179152503,-30.27268383043127,55.40139412425895,12.152207441417719,-82.15504993098685,-32.055578352596925,56.259611634834556,12.117445938226156,-85.37193390269019,-27.092740219209652,55.13263065265334,13.381499754937579,-63.24851649504012,-30.93303113035048,44.47810862291159,7.463067726641913,8.777630681614838,1.3211419582366943,True,True,False,False,0.0009600223072509878,False,False,27.97870293783737
4568.699,13.59899999999925,-43.12366130581435,9.029040515395339,6.001944444444444,-155.22694328449174,-22.123992070748944,116.35143862326852,4.32375368880094,-81.63613750448721,-29.886664204835963,54.750734212662174,12.011576442677377,-81.02456524153206,-31.676818779028345,55.61875133479644,11.97480524008952,-84.13600528590379,-26.643167070061086,54.35548502921369,13.18731030679364,-62.564233446715455,-30.68412089333032,44.21618520678912,7.246994078280735,7.246994078280735,0.0,False,False,False,False,0.0,False,False,27.712368597267943
4568.799,13.698999999999614,-42.51303677505726,9.006801499088745,6.0811111111111105,-155.59737388354972,-22.334375628432042,117.34707786308869,4.197481145368122,-80.4921199101743,-29.549746233325884,54.12040399725504,11.846156500935725,-79.88060279783693,-31.353705555318193,55.002777385834165,11.806955074070457,-82.88531953465832,-26.244943612563805,53.59670464345827,13.063760303427266,-61.88063254604466,-30.466459571177822,43.96864912036519,7.101338822169427,7.101338822169427,0.0,False,False,False,False,0.0,False,False,27.44869603725768
4568.899,13.798999999999978,-41.902412244285074,8.973442974628854,6.08,-155.9635218773917,-22.533281184447194,118.33262609260252,4.136274080650228,-79.34846307113996,-29.265502207639837,53.520310641661546,11.727931124025961,-78.73633527805438,-31.089595680879913,54.42228360120909,11.686546917661929,-81.62920042173236,-25.905059858047874,52.86518380507917,12.962043756616048,-61.20112539714117,-30.28259687964393,43.74330799558344,6.977517022613274,6.977517022613274,0.0,False,False,False,False,0.0,False,False,27.189076709778696
4569.0,13.899999999999636,-41.305357147552826,8.884486910982655,6.055,-156.3285954077879,-22.732135273673062,119.28937982166757,4.095818895099476,-78.19109608674307,-29.03349765008615,52.899256046409086,11.653459855600435,-77.57847489413483,-30.883678580039415,53.82607228452324,11.609850456926859,-80.35383554118677,-25.616185823399057,52.10643035156991,12.932434081819316,-60.51636461093353,-30.127496473400598,43.485602851305444,6.925581042544315,6.925581042544315,0.0,False,False,False,False,0.0,False,False,26.930334100360934
4569.099,13.998999999999796,-40.70151733379308,8.795530847336458,6.08,-156.6794091293441,-22.920577797991207,120.23636277325912,3.949433508857363,-77.05656452135413,-28.85956705786728,52.34114876710551,11.53913792125043,-76.44416222490749,-30.74039989876085,53.29752793303372,11.493771529227184,-79.10180823018081,-25.397695030340525,51.41749738025994,12.74329735942146,-59.865896686048146,-29.99687171096856,43.268047473889204,6.723176992549624,8.350230781855286,1.6356706619262695,True,True,False,False,0.0014711204213085213,False,False,26.67561099553716
4569.199,14.09899999999925,-40.118031671085674,8.695455273956785,5.983888888888889,-157.02172082939538,-23.09302505174831,121.14858653835148,3.717599115845594,-75.91921316257728,-28.73323349730512,51.794124563725454,11.352745180718156,-75.30811010076076,-30.649633325065874,52.786149857245945,11.305682525790738,-77.84685517258329,-25.23200580170886,50.739892962519804,12.573575253722568,-59.208869593595686,-29.91012558809209,43.06798075461329,6.531399425509501,6.531399425509501,0.0,False,False,False,False,0.0,False,False,26.431422389948928
4569.3,14.199999999999818,-39.52776129132067,8.550901670334191,6.063888888888888,-157.35401084791775,-23.248954298603262,122.04202523810665,3.55124945476223,-74.78486503397215,-28.654755012712837,51.257431203064115,11.168127592765028,-74.17658807964403,-30.611412044519046,52.289846177894006,11.119406790373063,-76.59148401728724,-25.119173209256363,50.0738802641114,12.38546721943239,-58.56242849577932,-29.852023548207914,42.861442123725034,6.321015375264431,6.321015375264431,0.0,False,False,False,False,0.0,False,False,26.192906284171993
4569.4,14.299999999999272,-38.93749091160086,8.39522855776821,6.088055555555556,-157.67035776830434,-23.39000202658468,122.91376877840887,3.3763529489382327,-73.67777527212586,-28.62422662585483,50.76738539202518,10.986862614907482,-73.07414832868137,-30.624677183334672,51.84461807801917,10.936711524918493,-75.36270411181607,-25.059939022210052,49.457500892034176,12.218668571294364,-57.94049186910975,-29.82204266203695,42.68107150575336,6.132161265785172,6.132161265785172,0.0,False,False,False,False,0.0,False,False,25.965077601169195
4569.499,14.398999999999432,-38.36078996587574,8.195077413379131,6.0811111111111105,-157.97006849367523,-23.516632290010637,123.74171504489819,3.197047189304663,-72.59956178630574,-28.640726363586396,50.290853399664826,10.803106912745285,-72.00271280844862,-30.68750959695375,51.416286769483214,10.751763033502147,-74.16257822187983,-25.05198398507141,48.85831693744774,12.026831522350497,-57.343997769550974,-29.818088799567384,42.489563236759864,5.91848931011333,5.91848931011333,0.0,False,False,False,False,0.0,False,False,25.74805489357173
4569.599,14.498999999999796,-37.784089020150674,7.994926268990052,6.123888888888889,-158.2567354320928,-23.628424770386,124.553983735794,2.9577609206443913,-71.53205446050742,-28.70142343306975,49.855263040318796,10.58554354019456,-70.94441721239255,-30.7975435096073,51.033940444968394,10.533061778924402,-72.97246774471309,-25.096758953133786,48.304053951023256,11.792217540252546,-56.775256677251996,-29.82498884918927,42.32033114859122,5.670646097112377,7.2475954804587355,1.58577561378479,True,True,False,False,0.0013823242855002028,False,False,25.534024007808004
4569.7,14.599999999999454,-37.220957508450425,7.750297091987785,6.126944444444444,-158.5262111554472,-23.725256501488555,125.32228467586293,2.7126784641650965,-70.47980870125154,-28.806372741240196,49.422072922536636,10.360060747767147,-69.9041124885641,-30.954434134734548,50.658117205310184,10.306422292575244,-71.79511875933096,-25.186865829016018,47.751746852724004,11.589803395443944,-56.21550267624104,-29.8678288948511,42.141620150308896,5.4460065971865035,5.4460065971865035,0.0,False,False,False,False,0.0,False,False,25.332855931808528
4569.799,14.698999999999614,-36.65782599675019,7.494548407622309,6.175,-158.77304888144974,-23.807804480470235,126.06333708303349,2.5458499329583995,-69.47480947031177,-28.952715580466588,49.04444368653248,10.161983356115716,-68.91351308190103,-31.15265745332832,50.339208080718386,10.10776716959503,-70.6657856367358,-25.3264048501228,47.26263102729237,11.398501747135594,-55.69088526290227,-29.932649981604175,41.98871901231776,5.232919699802698,5.232919699802698,0.0,False,False,False,False,0.0,False,False,25.14516996065912
4569.9,14.799999999999272,-36.10826391905975,7.205441199587032,6.188888888888889,-159.00789157844693,-23.873849692196057,126.7684534935726,2.2882125874759858,-68.47777564156227,-29.134537978001976,48.665998148407795,9.908801078054296,-67.93338996092837,-31.38790173860967,50.02284244948582,9.85410048675164,-69.54585258615398,-25.514827797247513,46.7834194891203,11.090073224032867,-55.18615211490467,-30.01756872492355,41.827243345137774,4.902265821582701,4.902265821582701,0.0,False,False,False,False,0.0,False,False,24.965072055755012
4569.999,14.898999999999432,-35.55870184138439,6.894094974455071,6.293055555555556,-159.21396900841327,-23.914302806099037,127.43540509589218,1.9586477108022182,-67.534884267306,-29.342109912158662,48.327412377660636,9.600609870897072,-67.00931489400038,-31.648019749631906,49.74571005413493,9.54512054469038,-68.48342777654037,-25.72403631902658,46.346305861243565,10.785223154281775,-54.72583596540987,-30.108212373599134,41.67193035615519,4.575630502756155,4.575630502756155,0.0,False,False,False,False,0.0,False,False,24.80158107323438
4570.099,14.998999999999796,-35.02949391473122,6.549390225653309,6.298055555555555,-159.39580246501345,-23.93533154943568,128.04802600637225,1.7042144628343585,-66.6228159377457,-29.590073045382685,48.00207080916876,9.309360920098623,-66.11910685212112,-31.948527988318574,49.483873528720345,9.253123080666239,-67.44851053872945,-25.97692668899459,45.92334842864993,10.52212044676311,-54.302600210977964,-30.192619473664685,41.49009403521766,4.303723658913901,6.538673080222936,2.248150587081909,True,True,False,False,0.002777432714808893,False,False,24.64484961310729
4570.2,15.099999999999454,-34.50028598806301,6.204685476851546,6.308888888888888,-159.56110801972844,-23.94638831153745,128.64406887932597,1.576791846879339,-65.74006924112767,-29.88038418277179,47.72898815225741,9.09801699191447,-65.26135709312578,-32.29086615051469,49.27627208531452,9.0413792157305,-66.43801922268129,-26.280729335070696,45.555690969057835,10.37238209056426,-53.894643229078994,-30.315271107199575,41.35031223211172,4.131834428556237,4.131834428556237,0.0,False,False,False,False,0.0,False,False,24.500084742172128
4570.299,15.198999999999614,-33.99821692944451,5.826622204379982,6.328888888888889,-159.7097472378962,-23.949339652531467,129.18977032643497,1.4283677903838494,-64.90917645021581,-30.201809767559006,47.471415913699026,8.905696520101358,-64.45760494873772,-32.66190918141879,49.08300486671003,8.848756688441243,-65.48202090392846,-26.623216270491536,45.21307255373144,10.142668328583587,-53.52127389585327,-30.449030880839576,41.19554296368529,3.880408423588103,3.880408423588103,0.0,False,False,False,False,0.0,False,False,24.367671191861188
4570.399,15.298999999999978,-33.50971730482074,5.426319915601823,6.286944444444445,-159.83716312697396,-23.93662358077933,129.69505009336606,1.1437826525455594,-64.1070811693475,-30.555944440314637,47.23263727167162,8.634181724076267,-63.68507348247516,-33.064372698021145,48.90895151528722,8.577025870476863,-64.55987214957244,-27.00741480520707,44.900548591558014,9.836989718847184,-53.178198841039254,-30.591967617168027,41.03859406380599,3.552798255278461,3.552798255278461,0.0,False,False,False,False,0.0,False,False,24.245272689555605
4570.5,15.399999999999636,-33.041571831234265,5.014898118670367,6.293888888888889,-159.93285726856604,-23.902170326938815,130.1445164708312,0.8964308480054972,-63.34064412298795,-30.934902925130533,47.015124979412576,8.300795941792751,-62.950062607905764,-33.489734155918605,48.75576404015799,8.243481911718977,-63.675923634856474,-27.420802977885227,44.615448177208634,9.48648385379833,-52.87020182962298,-30.73600578185754,40.88155693363185,3.180141516070793,3.180141516070793,0.0,False,False,False,False,0.0,False,False,24.134391865542163
4570.599,15.498999999999796,-32.58021107466023,4.570117797279021,6.35,-159.99539036647204,-23.84687602156132,130.5455991279084,0.8261032712149978,-62.637467530531396,-31.325836329443973,46.8183531141561,7.958110392717049,-62.27893933271298,-33.92307197109597,48.618310528953906,7.900800692666178,-62.858102605590204,-27.84845541158962,44.35892925282954,9.15766978305204,-52.614698931554116,-30.67157258666887,40.538345363446616,2.977956765009026,6.467003431707159,3.637388229370117,True,True,False,False,0.047917742126876973,False,False,24.020218411492976
4570.7,15.599999999999454,-32.14598918612083,4.0919789530079616,6.438888888888888,-160.0319343478387,-23.76958383292915,130.8857580135464,0.8957567412915818,-61.9692127674741,-31.74113776413551,46.62013426029372,7.625827276779614,-61.64432381040271,-34.37829235157587,48.477969427920485,7.5685095620350875,-62.076109812413684,-28.310949722058563,44.11079128088601,8.832881122651147,-52.37085868846147,-30.815787119178324,40.34349363326369,2.631839571345602,2.631839571345602,0.0,False,False,False,False,0.0,False,False,23.931922262854588
4570.799,15.698999999999614,-31.73890616560101,3.613840107946812,6.276111111111112,-160.04386465551437,-23.675656485416035,131.1749937961407,1.0331976184714518,-61.359549096582086,-32.15989819396239,46.445051832656674,7.320235230786004,-61.06819701320254,-34.833017774870385,48.35667671257761,7.262996719502197,-61.356119171270066,-28.781614814012443,43.89356223666366,8.544522203476875,-52.16558453602527,-30.949976888199036,40.148557067369424,2.322574466102013,2.322574466102013,0.0,False,False,False,False,0.0,False,False,23.85622743437206
4570.9,15.799999999999272,-31.358962013130935,3.1134622465790702,6.338055555555555,-160.0301809648906,-23.56098280362901,131.40703407834852,1.2681692093114754,-60.78292854471396,-32.595351769683475,46.269743946770944,6.991471432612157,-60.52595079239709,-35.301819772102775,48.23325747888793,6.93436985479584,-60.67128586348424,-29.276437547627165,43.68429853147138,8.186055873323244,-51.99099065634001,-31.076128785070967,39.9325523958297,1.942779602685852,1.942779602685852,0.0,False,False,False,False,0.0,False,False,23.78990114061166
4570.999,15.898999999999432,-30.999372011683093,2.590845369694822,6.323888888888888,-159.9852355931311,-23.428490280939613,131.58403714566708,1.5713585940077104,-60.26408720176607,-33.025698839288836,46.09730769304386,6.630445493280122,-60.04054922153979,-35.761395254968804,48.10700920517091,6.573517782626171,-60.0496514585534,-29.76783301855034,43.48566203905766,7.82203873040004,-51.85505219809362,-31.183586709176677,39.694730863026905,1.5578562736933295,1.5578562736933295,0.0,False,False,False,False,0.0,False,False,23.735755234943174
4571.099,15.998999999999796,-30.66692087826985,2.04598947650398,6.353055555555555,-159.90386253810237,-23.275646461775224,131.694238052307,1.9000128325945969,-59.788197157181074,-33.45942077070046,45.92039730811317,6.250483364239674,-59.59773526229448,-36.22099272388982,47.972429036355265,6.1938030149264955,-59.47476205639236,-30.269246330211274,43.29164097822514,7.434607478038136,-51.71978198680845,-31.179889592457364,39.33423446262379,1.237139082759836,5.779924803389037,4.630617141723633,True,True,False,False,0.035557858456988674,False,False,23.68577539218473
4571.199,16.09899999999925,-30.361608612891317,1.4900140751598414,6.375,-159.78919450507416,-23.10515963011314,131.74377616977173,2.2120636082664253,-59.35881312799653,-33.88812249687933,45.74331007918747,5.887908557889244,-59.20031316685652,-36.671983104363676,47.833136099160946,5.831487860446281,-58.949108054045624,-30.771097646718193,43.104807780913426,7.100410568990649,-51.64313324513338,-31.253067522705216,39.05141077089501,0.8822984913011718,0.8822984913011718,0.0,False,False,False,False,0.0,False,False,23.650235558696426
4571.299,16.198999999999614,-30.076650498550052,0.922919165662405,6.333888888888889,-159.6456358433241,-22.917477517890365,131.74401875342738,2.51521690190135,-58.97402381670308,-34.31053388118296,45.56812919456931,5.543413972835188,-58.846227914362046,-37.113266838394736,47.69108963338573,5.487302882042549,-58.47075777361905,-31.271922604295767,42.92706797046323,6.750865602009252,-51.594977709933204,-31.30348558424005,38.750220245576514,0.512109841908409,0.512109841908409,0.0,False,False,False,False,0.0,False,False,23.623466247488768
4571.399,16.298999999999978,-29.8188312522133,0.33358524143855384,6.371944444444444,-159.4723805174728,-22.714010947677505,131.68612123977084,2.8315597311561693,-58.63133378330243,-34.72412972935113,45.378449522621956,5.201711951037176,-58.532734452556426,-37.54251062586827,47.52985246293209,5.145870113645726,-58.0397084445774,-31.769650313841247,42.74383748125895,6.417830566002106,-51.57302897411743,-31.32882953740034,38.41553888924291,0.15843112348989707,0.15843112348989707,0.0,False,False,False,False,0.0,False,False,23.60473651737496
4571.499,16.398999999999432,-29.594935590938718,-0.26686819251877303,6.433055555555555,-159.26683765638668,-22.49571696789169,131.56338359570086,3.1666599392147607,-58.32931232543738,-35.12576924442962,45.17529622334544,4.851866077909652,-58.25812670806141,-37.9567212333382,47.35085582389474,4.796364277106779,-57.65311822789322,-32.25894872120169,42.55296499002658,6.053976473647471,-51.57512548132438,-31.32617603611368,38.050090030650495,0.0,0.0,0.0,False,False,False,False,0.0,False,False,23.59366910762964
4571.599,16.498999999999796,-29.3981787976837,-0.8673216256860119,6.34,-159.02765013141746,-22.261524307804994,131.38307252712158,3.5294190150487523,-58.06782710206713,-35.512376786101285,44.96919591192678,4.485816659517538,-58.0220465702336,-38.35294003798022,47.16457774657324,4.430757365951062,-57.31229043424754,-32.73723927304698,42.36613363652764,5.692094135766494,-51.51190299013163,-31.24140379166423,37.57128777517818,0.10312684933773883,5.242861270904541,5.242861270904541,True,True,False,False,0.04554948958807603,False,False,23.582142623645996
4571.7,16.599999999999454,-29.23534558947577,-1.4900140751598414,6.398055555555556,-158.75087972973625,-22.01057499869291,131.13110616575082,3.8701253762797583,-57.84218786223951,-35.883713000716426,44.735645190391686,4.120761974999963,-57.81981026025861,-38.731261319733974,46.94658791484993,4.066017500915363,-57.01277300711341,-33.206343799196105,42.16053895653984,5.329086524216372,-51.51671465353359,-31.233867759114258,37.16391044200329,0.0,0.0,0.0,False,False,False,False,0.0,False,False,23.57674737269431
4571.799,16.698999999999614,-29.10643596633001,-2.1127065238435847,6.353055555555555,-158.4426231630767,-21.75169366073193,130.81872623731957,4.263359075444063,-57.65664448352077,-36.225515956252025,44.48368435445614,3.7387259784290814,-57.65487676121997,-39.077507765437886,46.7055671483594,3.6842537951098597,-56.75988611933803,-33.64615140563222,41.941285763287,4.919980090236055,-51.527299926730805,-31.2154584073709,36.737791277170594,0.0,0.0,0.0,False,False,False,False,0.0,False,False,23.57527703799257
4571.899,16.798999999999978,-29.00466521120383,-2.7465184814707158,6.358055555555556,-158.08802390360788,-21.474256473196572,130.4348176738043,4.74262251553992,-57.50369176309242,-36.5423944041643,44.20809590773336,3.3001983730356446,-57.52020770062054,-39.396696703356405,46.436749748035915,3.245943971583292,-56.547438610770605,-34.06405165047868,41.70602175144253,4.45604376932494,-51.53826744727791,-31.193884468693533,36.290713155635345,0.0,0.0,0.0,False,False,False,False,0.0,False,False,23.576280036856765
4571.999,16.898999999999432,-28.930033324112287,-3.3914499472511395,6.423055555555556,-157.6890865788724,-21.18024451652243,129.9820564820002,5.169618516943852,-57.38302297485127,-36.82580418835347,43.902490402989415,2.8624025904953347,-57.415493154992454,-39.68061079805749,46.13376872782435,2.8082194803342646,-56.37171589749662,-34.450936496708906,41.44559864659133,4.04238799671101,-51.54723619196455,-31.17413818009873,35.82479073224563,0.0,0.0,0.0,False,False,False,False,0.0,False,False,23.579774601713833
4572.099,16.998999999999796,-28.889325022052788,-4.025261904088181,6.413888888888889,-157.2500496328716,-20.87137157694888,129.46144999081585,5.566935037755318,-57.292365601588905,-37.074681085682954,43.57748067985964,2.4371486602949144,-57.33839480188104,-39.92837530098097,45.80811197733082,2.3832277317620028,-56.23165723880708,-34.806679146525916,41.171577313778045,3.6040297468256326,-51.51775629715255,-31.143634144340247,35.31928672740698,0.03975774750054918,5.7327351570129395,5.7327351570129395,True,True,False,False,0.018534719287174945,False,False,23.583935113075906
4572.2,17.099999999999454,-28.882540305040337,-4.6701933690785165,6.419999999999999,-156.76672765933273,-20.548640892546796,128.866172718147,5.9425124954674535,-57.225969900620306,-37.289539406459525,43.21309682429625,2.016995984538152,-57.282899296371575,-40.140706794678515,45.43938504768918,1.9634043970234027,-56.12372477729633,-35.13337088029358,40.866701794141406,3.209028669775423,-51.52307247335243,-31.127543055566363,34.822191908285625,0.0,0.0,0.0,False,False,False,False,0.0,False,False,23.591615304749478
4572.3,17.199999999999818,-28.916463890087428,-5.326244342222152,6.461944444444445,-156.2510004949318,-20.226440627254608,128.20335433093373,6.221084720351533,-57.17969318508672,-37.46680445778831,42.79983334925532,1.6481067689313296,-57.24490512529526,-40.314471557241866,45.01862532848453,1.5947940863368215,-56.04088865992035,-35.42551129509731,40.517900861159724,2.864120243365146,-51.52804823064718,-31.109994915381886,34.294103574946554,0.0,0.0,0.0,False,False,False,False,0.0,False,False,23.602143846524918
4572.399,17.298999999999978,-28.97752634316916,-5.960056300639371,6.419999999999999,-155.71007231246637,-19.90865989308964,127.49784998202654,6.453791656099116,-57.148378779736554,-37.61102604979527,42.37193426154672,1.333816062680331,-57.21976637872864,-40.454545384998276,44.5813178295249,1.2805513125221883,-55.979569750698545,-35.687708541559026,40.16022479941013,2.575717941508874,-51.5315211231288,-31.095144963588965,33.77062869756475,0.0,0.0,0.0,False,False,False,False,0.0,False,False,23.615042449380365
4572.499,17.398999999999432,-29.072512381282934,-6.5938682574764105,6.421944444444444,-155.13180688847686,-19.582879248948807,126.726714382517,6.8209062847603725,-57.127937655935455,-37.72532120899271,41.90792586389936,0.988818184399475,-57.20383415402522,-40.56418491466818,44.10616372426245,0.9356392158977932,-55.93373276797852,-35.92085435480139,39.76930065031724,2.176460473405175,-51.535563999896155,-31.074581223660427,33.2249002308987,0.0,0.0,0.0,False,False,False,False,0.0,False,False,23.631453114455976
4572.599,17.498999999999796,-29.187852570433975,-7.227680215103538,6.468055555555555,-154.51450121652465,-19.24670864991996,125.90165171822643,7.237620117325911,-57.11709119988111,-37.804269067848445,41.41219815815632,0.6053608664999875,-57.19586604012086,-40.63813454413512,43.597101704017746,0.5522217492554552,-55.90321266620837,-36.1176801739535,39.34898426477163,1.8070997280563903,-51.48965275024351,-31.066286726620763,32.644286662004184,0.04581651925433118,6.304050445556641,6.304050445556641,True,True,False,False,0.022405577705729676,False,False,23.648439598204106
4572.7,17.599999999999454,-29.330331627604593,-7.872611680093874,6.563055555555555,-153.85276616139728,-18.899573859713396,125.00972201046383,7.560060048994809,-57.11307773802716,-37.84681906488921,40.86972094084959,0.24116809333766917,-57.19328224187849,-40.67541711673481,43.03914568677666,0.18796617838134025,-55.885451550926234,-36.28108891287109,38.8872212021792,1.4477744220633817,-51.49122181836519,-31.05185072758765,32.0683984144486,0.0,0.0,0.0,False,False,False,False,0.0,False,False,23.670516571782724
4572.8,17.699999999999818,-29.506734269822317,-8.495304129567709,6.515,-153.1644338905065,-18.55226712983627,124.06598720144103,7.860183949552153,-57.112414800512184,-37.85386760222716,40.29886905039251,0.09979025483512159,-57.19287029320952,-40.677155134136974,42.45225155378446,0.15310083667456745,-55.87797198901214,-36.409145366262294,38.40084258749293,1.1177196123432598,-51.49224138209651,-31.034394930451548,31.48607846516212,0.0,0.0,0.0,False,False,False,False,0.0,False,False,23.694776055615336
4572.901,17.800999999999476,-29.717060497087104,-9.11799657904154,6.5280555555555555,-152.4360148898021,-18.198089140643358,123.05441823912102,8.17902242888999,-57.11163259802154,-37.826646087857334,39.681848964146376,0.43955492658898854,-57.19148361032285,-40.64456285697896,41.818277184531205,0.49297426708551334,-55.87720504563744,-36.5043917344476,37.873048496379276,0.7684082278268485,-51.49239149278399,-31.015752748669154,30.881657423730054,0.0,0.0,0.0,False,False,False,False,0.0,False,False,23.721608811166654
4572.999,17.898999999999432,-29.9545255924167,-9.718450012208779,6.491111111111111,-151.6927466473417,-17.84841816765722,122.00938835936515,8.58478054178427,-57.10740464747506,-37.765665553931896,39.03748378959,0.8082839497694875,-57.186063086157624,-40.57841600459656,41.15694516511579,0.8618227332494476,-55.8792654096146,-36.55993948248272,37.31698931548783,0.365998836845033,-51.49162563134067,-30.995104999555394,30.27445665139509,0.0,0.0,0.0,False,False,False,False,0.0,False,False,23.750072103156594
4573.1,18.0,-30.212344838708262,-10.307783937222718,6.419999999999999,-150.8838840422594,-17.481615024629264,120.88459052428817,9.002831056983124,-57.09594401366446,-37.66410247196123,38.354870204105545,1.216073218027907,-57.17293507669695,-40.47159519565924,40.45650671542605,1.26976048646669,-55.88069717331131,-36.57641170677763,36.727443641897445,0.0,-51.4444179739222,-31.00393451063348,29.650153088582258,0.0424832553683943,5.584994792938232,5.584994792938232,True,True,False,False,0.0175798049526605,False,False,23.77805835622699
4573.199,18.09899999999925,-30.497302953049527,-10.885998354083364,6.486944444444445,-150.05245341153628,-17.119874065882804,119.7175643234591,9.315163427264483,-57.07407318438548,-37.52712119564032,37.63076058476832,1.5871725885301284,-57.14923982526936,-40.329513341605605,39.71456047674754,1.6410372942999893,-55.878464348960534,-36.55925625968829,36.10151693894578,0.0,-51.44260500049554,-30.990004901846902,29.03233984940355,0.0,0.0,0.0,False,False,False,False,0.0,False,False,23.811681666807786
4573.299,18.198999999999614,-30.816184652452947,-11.464212771734095,6.596944444444444,-149.17561341516392,-16.75219790514201,118.47749644471052,9.701310539717811,-57.0370351203619,-37.35309832081793,36.84789538405148,1.9724656166507981,-57.11035817027213,-40.1503628799135,38.913734966129695,2.0265226826854574,-55.87466803487712,-36.53844934900517,35.44918799295954,0.0,-51.438634195339944,-30.968241637165143,28.384724186302876,0.0,0.0,0.0,False,False,False,False,0.0,False,False,23.84718715712075
4573.399,18.298999999999978,-31.162205219891007,-12.009068664924937,6.471111111111111,-148.25562217876427,-16.38086197298891,117.1750010532664,10.141360964484711,-56.98106243220573,-37.14214336239725,36.031719796571174,2.393847863371628,-57.052673404905214,-39.93425477023087,38.08060348596388,2.448098551486809,-55.869759562871145,-36.51778665415873,34.80144392244536,0.0,-51.43350104123239,-30.946633120951745,27.740886463891208,0.0,0.0,0.0,False,False,False,False,0.0,False,False,23.884461216117963
4573.5,18.399999999999636,-31.521795221353926,-12.54280504996248,6.476111111111111,-147.2832641051382,-16.006931399201143,115.81328874310945,10.48877968288556,-56.90154890016492,-36.89219571966944,35.171362253730415,2.8016525237392833,-56.971739369026274,-39.67898872434051,37.20311978220675,2.8561615667070366,-55.86425721645947,-36.498714835683415,34.1531999912857,0.0,-51.427723799892405,-30.926608482391995,27.09631379387392,0.0,0.0,0.0,False,False,False,False,0.0,False,False,23.924377231963867
4573.6,18.5,-31.915308807818747,-13.043182911330225,6.390000000000001,-146.28454735031394,-15.642415697573332,114.3987706921156,10.775104714455281,-56.79734593163701,-36.612527394623214,34.272872228676775,3.169070237082958,-56.86661176514714,-39.39382663414646,36.28944672870033,3.223867608760559,-55.85853092185543,-36.48206038094322,33.5061018657442,0.0,-51.3798497201543,-30.96003017472094,26.455278656397777,0.04409393797831466,5.546640396118164,5.546640396118164,True,True,False,False,0.017333186191363256,False,False,23.960710905698054
4573.699,18.59899999999925,-32.329176545350975,-13.532441263754583,6.413055555555555,-145.26302477057718,-15.285732564703174,112.94745727702067,11.083929364069636,-56.66762312287294,-36.30816438571148,33.33306984864929,3.5165553543804124,-56.73648653499116,-39.08372568950326,35.33532109286537,3.571580751148379,-55.85205007385681,-36.46579654894999,32.85215919350021,0.0,-51.374636039372255,-30.94694632700171,25.80686951058313,0.0,0.0,0.0,False,False,False,False,0.0,False,False,24.00387068808647
4573.799,18.698999999999614,-32.76339843389037,-14.010580109605817,6.4880555555555555,-144.1971067434892,-14.924687716100284,111.43745752818037,11.424290519010974,-56.50787919169861,-35.9756726340009,32.34602998921448,3.8628233039719055,-56.57688232341295,-38.74505205624505,34.33476543440533,3.9181039675495883,-55.84501226439682,-36.450215227319376,32.1915846338255,0.0,-51.36720253299179,-30.930488954233127,25.147263116853097,0.0,0.0,0.0,False,False,False,False,0.0,False,False,24.049139811561083
4573.899,18.798999999999978,-33.23154390747685,-14.455360430207074,6.4369444444444435,-143.09915153868437,-14.562989721371032,109.86766034948266,11.695941775869581,-56.31857562924418,-35.620749577931825,31.320675782883672,4.183780068576144,-56.38837319855858,-38.383438777897084,33.29852363438194,4.23931613303661,-55.83809098470692,-36.43656921050026,31.53140514150706,0.0,-51.359846427932716,-30.915985634347678,24.486476561244075,0.0,0.0,0.0,False,False,False,False,0.0,False,False,24.096665431470758
4574.0,18.899999999999636,-33.71325881507312,-14.889021242655035,6.5119444444444445,-141.96147692324257,-14.202015613073177,108.2503981532119,11.939519157713274,-56.09703352940199,-35.24323559871975,30.25437840238103,4.48582137532341,-56.16841056351622,-37.998500862752245,32.22238179212231,4.541649848564788,-55.83070494965081,-36.42333344947942,30.869208375611635,0.0,-51.35198255273302,-30.90189358468232,23.823027845669607,0.0,0.0,0.0,False,False,False,False,0.0,False,False,24.147224426291583
4574.099,18.998999999999796,-34.22211259070406,-15.278204024069987,6.481111111111111,-140.81801518331682,-13.853218781580656,106.60542684345435,12.211831326723313,-55.848128870486,-34.85805662914403,29.17285053212693,4.781133055406423,-55.92178909577915,-37.6052955986688,31.134787274131636,4.8371706510667245,-55.822896348785925,-36.410623763823445,30.218752836947708,0.0,-51.29091147555297,-31.001556478101058,23.207061592651154,0.07292006365261174,5.38411808013916,5.38411808013916,True,True,False,False,0.026653396840179696,False,False,24.186873662035307
4574.2,19.099999999999454,-34.737751083347405,-15.656267296541552,6.430000000000001,-139.61952874868058,-13.499908573512318,104.90394258169121,12.530558664290108,-55.55941544531768,-34.45149754504611,28.049997983900887,5.0953338758489615,-55.63614503949553,-37.18965650765491,30.00716115969089,5.151695179195429,-55.81361453689579,-36.39691205073629,29.569686591716223,0.0,-51.28521861387809,-30.993146602221785,22.56188264553669,0.0,0.0,0.0,False,False,False,False,0.0,False,False,24.241758990603234
4574.3,19.199999999999818,-35.27374372702805,-16.02321106164991,6.463055555555555,-138.39590020168043,-13.15059701936398,103.16215908664682,12.91990217283461,-55.23720962960781,-34.034473588241234,26.887646766596323,5.446435196987174,-55.31744124206293,-36.762898343912326,28.84240694949457,5.502757234341289,-55.802210136553974,-36.38154803333578,28.911586213484483,0.0,-51.27325179621947,-30.977024895755417,21.89979010495778,0.0,0.0,0.0,False,False,False,False,0.0,False,False,24.296525354509793
4574.399,19.298999999999978,-35.830090521730924,-16.367915809661582,6.54111111111111,-137.14764441234567,-12.80635327554526,101.38013342890235,13.239051423319015,-54.88033388165167,-33.60804599680271,25.693070290289935,5.789388035495932,-54.964603368286085,-36.32589053495898,27.64869503268815,5.846140777464337,-55.79247471563654,-36.36940693059828,28.258740767521864,0.0,-51.26293781888678,-30.964162271787703,21.2420146521101,0.0,0.0,0.0,False,False,False,False,0.0,False,False,24.353633935147553
4574.499,19.398999999999432,-36.40000675042853,-16.668142526640246,6.51888888888889,-135.85704519087398,-12.46470277771758,99.54582563355967,13.462462849289121,-54.48179232542878,-33.16728246764564,24.47800213197896,6.097134650861905,-54.571178028618924,-35.872966785107806,26.438924721326234,6.154309689273894,-55.78245398830461,-36.35790209694422,27.629076945591706,0.0,-51.25229733088653,-30.95194588864645,20.60625084703234,0.0,0.0,0.0,False,False,False,False,0.0,False,False,24.413400674234392
4574.6,19.5,-36.97670769615361,-16.946130227312317,6.473888888888889,-134.52385366952208,-12.127360670450463,97.6660955889596,13.769784629699444,-54.03807384525296,-32.717713677475885,23.234307809769298,6.415087686448281,-54.13359688723635,-35.409378391199105,25.20417385030425,6.47291425737136,-55.77065596125408,-36.34530793625461,27.01000901840643,0.0,-51.207751728268384,-31.084056812250477,20.059999560445927,0.07715918026014995,5.495073318481445,5.495073318481445,True,True,False,False,0.027749240806126462,False,False,24.45959854113497
4574.7,19.599999999999454,-37.566978075873436,-17.201878911677788,6.5119444444444445,-133.16997910839504,-11.797998684191331,95.75560415942947,14.09764849678767,-53.55417125757101,-32.272565033443115,21.97079711821324,6.738550383147581,-53.65653210725897,-34.94850044332196,23.954463565613214,6.796781311000171,-55.759180312147954,-36.33424338272345,26.40082560183378,0.0,-51.20116456026484,-31.077705618316262,19.453267280429344,0.0,0.0,0.0,False,False,False,False,0.0,False,False,24.52308367067211
4574.8,19.699999999999818,-38.17760260664559,-17.446508088680062,6.556111111111111,-131.7844334514348,-11.472812427682564,93.79724847059855,14.366501294351986,-53.02741904932593,-31.82833885086132,20.672544701930683,7.045509902623276,-53.13718964078192,-34.486782492637765,22.675100793471145,7.104069426137606,-55.74779527790601,-36.324230066145056,25.78914611932078,0.0,-51.18908475232074,-31.067081237345604,18.8366313475996,0.0,0.0,0.0,False,False,False,False,0.0,False,False,24.58655239874553
4574.899,19.798999999999978,-38.79501185441515,-17.66889824937573,6.628888888888889,-130.3882910232703,-11.157090852342723,91.8244652828422,14.550803132308397,-52.46570875206458,-31.393877794144245,19.37170661484723,7.3038826234529886,-52.58327245313175,-34.03316480741219,21.398723100236403,7.362905508923184,-55.7390269306172,-36.31712867727965,25.19635181915755,0.0,-51.17961168681115,-31.05940910487693,18.239629765427765,0.0,0.0,0.0,False,False,False,False,0.0,False,False,24.651764186855324
4575.002,19.902000000000044,-39.41920581919712,-17.846810377458212,6.5200000000000005,-128.9104796437717,-10.83365798872669,89.76565265831113,14.823907017101437,-51.84105186917235,-30.95030157150057,18.05557367578308,7.575102018233032,-51.967245458523315,-33.56746351407546,20.11447821425988,7.634585088224674,-55.726083377218714,-36.30755693780907,24.631553326126518,0.0,-51.165878884421296,-31.049253716891126,17.6716959636646,0.0,0.0,0.0,False,False,False,False,0.0,False,False,24.72011287104757
4575.099,19.998999999999796,-40.05696921798889,-18.0136029973874,6.593888888888889,-127.48422695029468,-10.536643003026038,87.7463977912957,15.215000961505252,-51.20999163815954,-30.543399795863174,16.774555639894693,7.9118466755277,-51.344729607705716,-33.13728512661802,18.871653233399282,7.971982208683337,-55.71026145003888,-36.29675801171072,24.068637580464173,0.0,-51.14590773540381,-31.212891267457398,17.239076781527935,0.08195366729602353,5.638734340667725,5.638734340667725,True,True,False,False,0.02920454104870211,False,False,24.76434372196028
4575.2,20.099999999999454,-40.69473261679573,-18.135917585493495,6.533888888888888,-125.95858127117204,-10.242154990265496,85.62847292382487,15.554354353429215,-50.50489123400623,-30.12881411936752,15.494153070337113,8.287252143701599,-50.649006592469725,-32.6956434554478,17.6372670159239,8.347829464159279,-55.69533908251848,-36.2876578213721,23.54790580774217,0.0,-51.13726310315828,-31.207619463319467,16.730685369744133,0.0,0.0,0.0,False,False,False,False,0.0,False,False,24.833782968512175
4575.299,20.198999999999614,-41.33928073259992,-18.235993158083083,6.54111111111111,-124.42869967041946,-9.967143205680376,83.49985280801299,15.848162944896766,-49.76841677836163,-29.73023157873134,14.253696059221479,8.633493465289733,-49.92233191319945,-32.26742740506056,16.448401581796432,8.694654220066717,-55.679851111030196,-36.278868411996505,23.047718026021432,0.0,-51.1210027555584,-31.19839173122086,16.239022830925364,0.0,0.0,0.0,False,False,False,False,0.0,False,False,24.902444659982
4575.399,20.298999999999978,-41.990613565401475,-18.324949222519365,6.558888888888888,-122.85423015378585,-9.70154642798529,81.32212222704233,16.086601892738468,-48.979294605424336,-29.342547034948282,13.047188365146473,8.954166506109933,-49.143565571944826,-31.846201201292544,15.296698254243958,9.016038720448922,-55.667143150997795,-36.272304802956576,22.5644639607579,0.0,-51.107489723575895,-31.191412305833065,15.769061581392961,0.0,0.0,0.0,False,False,False,False,0.0,False,False,24.97399537909929
4575.499,20.398999999999432,-42.64873111523053,-18.38054676249576,6.611111111111111,-121.25554329147926,-9.44871598903493,79.11263187050338,16.2848839659773,-48.14729618542048,-28.97557787225418,11.936871535199735,9.236721976686281,-48.32230842684137,-31.441364331407087,14.239888871729582,9.299815735055544,-55.65395255081641,-36.26613890762967,22.11402701840391,0.0,-51.09347826278161,-31.184862702369482,15.338326540864108,0.0,0.0,0.0,False,False,False,False,0.0,False,False,25.046854455956193
4575.599,20.498999999999796,-43.3068486650445,-18.391666269858966,6.601111111111111,-119.63402025153812,-9.208495281324893,76.87761541436294,16.499929090294923,-47.27419082960222,-28.635725908480023,10.985470482883404,9.506425167309493,-47.45943624273814,-31.06042174309042,13.331967177837916,9.569454028169565,-55.64181666441282,-36.261090604941735,21.713308398599438,0.0,-51.125060143778946,-31.44840017973967,15.218499634314934,0.11718732929212664,6.025896072387695,6.025896072387695,True,True,False,False,0.04314955620409805,False,False,25.08655071743795
4575.7,20.599999999999454,-43.96496621485849,-18.402785778802354,6.601944444444444,-117.97053784752418,-8.977253185992048,74.60338663449363,16.757323275224707,-46.351411486808765,-28.32635385604707,10.206484429994699,9.772058838742588,-46.54582838155221,-30.706656082394943,12.571637680552943,9.83613717301446,-55.62837211579603,-36.25620052040246,21.325558729974897,0.0,-51.12189574093421,-31.447249215295408,14.878832836859836,0.0,0.0,0.0,False,False,False,False,0.0,False,False,25.162754412508328
4575.799,20.698999999999614,-44.61629904769018,-18.36942725434246,6.546944444444445,-116.30983426207948,-8.759159116789215,72.33477894631703,17.08053253743541,-45.40787569234039,-28.056898028340893,9.719757382848064,10.055426864644852,-45.61052506892029,-30.389320734043373,12.060942112648064,10.120327193457582,-55.61435369946185,-36.2518823620814,20.993794483219443,0.0,-51.10705379016298,-31.44267737981159,14.595881815430399,0.0,0.0,0.0,False,False,False,False,0.0,False,False,25.234365017877952
4575.899,20.798999999999978,-45.287986031529044,-18.324949222519365,6.67,-114.59844194146766,-8.548802166372548,69.99651669695395,17.405284475736035,-44.415205624397416,-27.819671381779443,9.534751938074594,10.362514724187138,-44.62524007749354,-30.098902300894945,11.792591033839011,10.428377645725243,-55.598654196785844,-36.24773749953546,20.676948944096797,0.0,-51.090504198890265,-31.438308083380193,14.339783739522511,0.0,0.0,0.0,False,False,False,False,0.0,False,False,25.307158977985257
4575.999,20.898999999999432,-45.93253414733323,-18.224873649929783,6.535,-112.85824536223205,-8.353234119819028,67.64983435776084,17.618314086368468,-43.38344976270977,-27.620759115925804,9.735527458234936,10.657214117931462,-43.599581190154225,-29.84166684586316,11.848736373871022,10.724059564581578,-55.58527372497912,-36.244861307064994,20.44248851087256,0.0,-51.076264145277754,-31.43524711994251,14.176456733223942,0.0,0.0,0.0,False,False,False,False,0.0,False,False,25.380477133755964
4576.1,21.0,-46.57708226313744,-18.10255906182369,6.546944444444445,-111.08451866659664,-8.170017341978134,65.2676392737075,17.69206114262965,-42.30909169210837,-27.453947645794813,10.279309897207035,10.874722705966047,-42.529851530282535,-29.612602143572133,12.200867524429173,10.941535748771633,-55.57726588703522,-36.24348866356465,20.250842749851152,0.0,-51.15767086722844,-31.689182088149067,14.337995578859804,0.10856853597852015,5.432022571563721,5.432022571563721,True,True,False,False,0.035044283715979646,False,False,25.415168937388795
4576.199,21.09899999999925,-47.21484566192919,-17.946885949257712,6.5200000000000005,-109.33543524420101,-7.999310175007601,62.912017244986714,17.81094582497102,-41.231786981312574,-27.330769138884865,11.128982653067121,11.037438849622427,-41.45478511947314,-29.427222106568777,12.844314529690672,11.104171066247805,-55.568312223914624,-36.242239455595744,20.112194398525588,0.0,-51.15853269616364,-31.689302329837766,14.297086255640478,0.0,0.0,0.0,False,False,False,False,0.0,False,False,25.492306028650223
4576.299,21.198999999999614,-47.83225490969875,-17.75785431302193,6.473888888888889,-107.55554745242156,-7.83662361620738,60.54174172158467,17.93545774957576,-40.122592091829134,-27.255050223366453,12.232564364216767,11.20304561725515,-40.345143302565674,-29.286801451720702,13.746761885788864,11.270272193547774,-55.56051319860796,-36.241540113516386,20.03428603548163,0.0,-51.149882356322,-31.688526650004178,14.320275263937855,0.0,0.0,0.0,False,False,False,False,0.0,False,False,25.567184838145646
4576.4,21.299999999999272,-48.44966415746828,-17.535464153116344,6.523888888888889,-105.74652960127403,-7.684540869627213,58.13752212833611,18.013262906850986,-38.9845419916196,-27.23430237246176,13.551974041425673,11.345688652080046,-39.20349275878087,-29.199015667382337,14.88388791478361,11.41280381538156,-55.5528823682378,-36.24117966098675,20.008985521789736,0.0,-51.14138058668008,-31.688125057487355,14.406357902308287,0.0,0.0,0.0,False,False,False,False,0.0,False,False,25.64306263485472
4576.499,21.398999999999432,-49.03993453720318,-17.301954484267377,6.388055555555555,-103.96338523491126,-7.548693746977821,55.7827171402857,18.11458379951673,-37.854877423539534,-27.273053666047687,14.984269135624123,11.495685235626285,-38.066858516393516,-29.171476965012907,16.164589734335713,11.562724666679179,-55.54474209003887,-36.24126415067573,20.025233380401268,0.0,-51.13240263243098,-31.688218241595273,14.537641061222843,0.0,0.0,0.0,False,False,False,False,0.0,False,False,25.715000254712294
4576.599,21.498999999999796,-49.616635482928245,-17.001727767288713,6.428888888888888,-102.1532134138419,-7.422386534748198,53.402769583050784,18.176953882916795,-36.704398982697676,-27.3684044768732,16.558799396059126,11.599813354368965,-36.90616934575609,-29.200575256560672,17.617259420543164,11.665948318712378,-55.54182189178203,-36.24143338694755,20.131420871632418,0.0,-51.2168721756537,-31.846511456800457,14.930785654517273,0.06855528403378544,3.3426895141601562,3.3426895141601562,True,True,False,False,0.013263392827504612,False,False,25.74001518158753
4576.699,21.59899999999925,-50.179766994628466,-16.701501051890226,6.386944444444444,-100.33901758470935,-7.294164945084038,51.0337965703606,18.19762923267208,-35.554744948590624,-27.519826859989948,18.191411246445103,11.59835940517222,-35.74318827768311,-29.28704332676733,19.152302195905282,11.664420151387803,-55.54429207870837,-36.241167391591425,20.262692072984144,0.04968934284373772,-51.225323777972314,-31.845601369007277,15.180150308942961,0.10145394106192512,0.10145394106192512,0.0,False,False,False,False,0.0,False,False,25.813169458825584
4576.8,21.699999999999818,-50.722544355306496,-16.379035318604963,6.33611111111111,-98.50327418314005,-7.151211606599179,48.66365043171627,18.264101495202976,-34.40816969643173,-27.73237921867697,19.876046845976127,11.50249387598208,-34.579793431182395,-29.435069451855234,20.76170596764403,11.568445294842915,-55.55514839352809,-36.239474960207794,20.439939445800345,0.16788377845631894,-51.240499733577465,-31.84323553272035,15.472871938852405,0.20268978400056448,0.20268978400056448,0.0,False,False,False,False,0.0,False,False,25.88752572821344
4576.9,21.799999999999272,-51.25853699897209,-16.02321106164991,6.36,-96.67910812672079,-6.997902947133088,46.30857877470266,18.347905646376084,-33.295010732323604,-27.99856819478732,21.589290270843904,11.394240568249051,-33.44684380804563,-29.638866601973195,22.419689786445133,11.460124389275832,-55.57582908691019,-36.23501968562297,20.66775795350538,0.2552193060965727,-51.26376226025714,-31.838224049692208,15.8150138512523,0.2732346258252202,0.2732346258252202,0.0,False,False,False,False,0.0,False,False,25.96020603059452
4576.999,21.898999999999432,-51.76739077460297,-15.634028280234956,6.348888888888889,-94.86057696070031,-6.8408238716878,43.98116800904842,18.52689653549362,-32.22009229304501,-28.313705221582726,23.29959410084357,11.244086420735837,-32.34943763031709,-29.894010811974265,24.091575417958705,11.309867712350693,-55.60949763740288,-36.22615432318691,20.947492454086102,0.44813773611083507,-51.298359833268954,-31.829114063676492,16.201876235700567,0.44953027688192293,0.44953027688192293,0.0,False,False,False,False,0.0,False,False,26.033881528275995
4577.099,21.998999999999796,-52.26267511622413,-15.233725992246887,6.321111111111111,-92.9998089008291,-6.677075531528892,41.626077596762684,18.832312922219177,-31.171577998355698,-28.685114104898002,25.015479603488114,11.0113382664303,-31.275239575129216,-30.207198210098397,25.78133667695267,11.077020414107132,-55.66392637477932,-36.20852314863124,21.24877939730403,0.6961254798638827,-51.49321538560477,-31.986763413018444,16.770698587083867,0.7625948116087673,2.4793477972368225,1.7986204624176025,True,True,False,False,0.0083114502722863,False,False,25.993115577533008
4577.199,22.09899999999925,-52.72403587279817,-14.800065179008834,6.271111111111111,-91.10982870095144,-6.509759931177213,39.270832078632196,19.11513100161737,-30.166341977572102,-29.10027419776869,26.70852919669932,10.746659105296418,-30.24187902435631,-30.566838825355624,27.459761975899877,10.812267013212804,-55.741184605486055,-36.178719616230545,21.590508378018793,0.960024846111259,-51.575908479013826,-31.95486330003132,17.193175828955937,1.0100602486030457,1.0100602486030457,0.0,False,False,False,False,0.0,False,False,26.070803293596896
4577.299,22.198999999999614,-53.16504247835002,-14.333045842100988,6.373888888888889,-89.19300092057912,-6.345547733193322,36.90276297995573,19.36193610672318,-29.20535008522901,-29.550314055995628,28.38365923320298,10.481746158386834,-29.250826184445174,-30.964094306733667,29.12870601287714,10.547287472305872,-55.840336702951255,-36.13494844843979,21.965430941469542,1.2076516575607374,-51.67888622649647,-31.909403280737642,17.639075973974414,1.2412531307992767,1.2412531307992767,0.0,False,False,False,False,0.0,False,False,26.151966098543426
4577.4,22.299999999999272,-53.58569493287962,-13.854906997039839,6.351944444444444,-87.22731050520939,-6.18362116105595,34.50517243390892,19.694495935178157,-28.282099717322307,-30.03553827135838,30.034725889680267,10.177252059756386,-28.295524155668236,-31.398919235847707,30.77962155998603,10.24272132173619,-55.964801021924046,-36.073161013072756,22.34526700005822,1.5439725335917025,-51.80563954874079,-31.846479522584588,18.079415895225658,1.5609757382845784,1.5609757382845784,0.0,False,False,False,False,0.0,False,False,26.238586647459897
4577.5,22.399999999999636,-53.99277795338435,-13.354529135672093,6.4061111111111115,-85.24646380901446,-6.026416361261478,32.10131019751209,20.0470738153898,-27.41958672631751,-30.542807140215842,31.647612749648975,9.84119259878018,-27.39981450276961,-31.859449072892396,32.397804971458555,9.906584080269536,-56.11343008886537,-35.99047629866814,22.735066954941413,1.8576365877395753,-51.95503642327928,-31.76336766459901,18.52127766995622,1.8582058631792038,1.8582058631792038,0.0,False,False,False,False,0.0,False,False,26.329179467454953
4577.599,22.498999999999796,-54.36593738885708,-12.820792750634551,6.391111111111112,-83.25422873123043,-5.878593301447605,29.710730551000164,20.31095250453013,-26.617690338627536,-31.067423797343643,33.210009920433635,9.522826564982015,-26.563852171525113,-32.34097400008329,33.97047863135165,9.588147120988351,-56.28227678343197,-35.88545594047461,23.14413629271921,2.159390832554345,-52.37988660981741,-31.884812302957826,19.16719173974863,2.2653469291085098,3.509720495831753,1.366029977798462,True,True,False,False,0.009394693474313563,False,False,26.18602143341132
4577.699,22.59899999999925,-54.718742673292496,-12.287056365597005,6.401944444444444,-81.21462434014123,-5.742318279406219,27.292221271279605,20.572427961787234,-25.858851030867758,-31.615634240652057,34.734525594638036,9.205073664130104,-25.769645885056647,-32.84878398989012,35.50823633680313,9.27032509313345,-56.47283441882972,-35.75424499541028,23.532653484870753,2.4678556278641595,-52.57851582961882,-31.748043563184517,19.57831947964499,2.5578990790785716,2.5578990790785716,0.0,False,False,False,False,0.0,False,False,26.283750722806893
4577.799,22.698999999999614,-55.04440908969326,-11.731080964252866,6.403055555555555,-79.14778474644652,-5.620747025201793,24.865817881125185,20.836120369340676,-25.152428102384935,-32.180241559238645,36.21738113648088,8.887528569999889,-25.02702621454666,-33.37619594754165,37.00748947595523,8.952693721543312,-56.681308288704486,-35.596084757238124,23.921075331743015,2.765728817188232,-52.79352939385956,-31.58492193767343,19.981027521200943,2.839859623062747,2.839859623062747,0.0,False,False,False,False,0.0,False,False,26.385876008582322
4577.9,22.799999999999272,-55.34293663807449,-11.152866547392223,6.441944444444444,-77.03423437804663,-5.512900988953656,22.412532412569846,21.071130578627933,-24.491461023719243,-32.76410007545203,37.66774432040619,8.580890238026797,-24.32884446340121,-33.92569849030337,38.47695138806094,8.645983442297712,-56.905949024307034,-35.406700050216564,24.304144652759142,3.052483442698851,-53.023273969191635,-31.391234408239583,20.37087058935843,3.1105424767801826,3.1105424767801826,0.0,False,False,False,False,0.0,False,False,26.492047313214815
4577.999,22.898999999999432,-55.614325318405946,-10.56353262237828,6.465,-74.9387670272529,-5.419258882923246,19.99743982776471,21.303916549082416,-23.89620164776832,-33.349621694834994,39.054388030076645,8.294825641315263,-23.696502003435164,-34.48076642645048,39.88460251781815,8.359799991211185,-57.13674009073185,-35.19279509539882,24.676270315911477,3.3045709066613655,-53.25770874229029,-31.17395234301844,20.74471119943047,3.346876421856231,3.346876421856231,0.0,False,False,False,False,0.0,False,False,26.599424033417524
4578.099,22.998999999999796,-55.86535984773025,-9.963079189211046,6.461944444444445,-72.79773118492477,-5.334081689887042,17.553712340966356,21.550803365637027,-23.347067731912727,-33.95235016956845,40.40945983675923,8.017456103479612,-23.109434044051678,-35.05592656355788,41.26259401211175,8.08235294391438,-57.374529168744644,-34.94406454704702,25.026530352565985,3.5775953599934103,-53.660713020393764,-31.022671508935158,21.174675825293466,3.6712329717282475,4.393474042035573,0.7894858121871948,True,True,False,False,0.0031513607249568317,False,False,26.490139497507904
4578.2,23.099999999999454,-56.08247079199242,-9.340386738947126,6.491944444444444,-70.61077777765139,-5.263100930504659,15.089597855253587,21.778515950984442,-22.84039886154697,-34.564512129952405,41.72878919846664,7.7222262896831255,-22.564409739297286,-35.64317076856278,42.60630075987356,7.7870538304699135,-57.620834784798305,-34.65984967290147,25.366153966225347,3.8697540943525963,-53.9126903039835,-30.73191203259666,21.501286048862102,3.947606239151833,3.947606239151833,0.0,False,False,False,False,0.0,False,False,26.602380269789236
4578.299,23.198999999999614,-56.26565815122257,-8.717694289473291,6.493055555555555,-68.44479286733666,-5.214504606156919,12.672949948238166,21.9903524580292,-22.391835979986503,-35.16457166543948,42.97526208678565,7.418147158718549,-22.078416440307308,-36.22173629826888,43.87755488427012,7.48288396049878,-57.867092807382406,-34.347637703820624,25.679925864001163,4.1634218690581815,-54.16324713801453,-30.414249924785423,21.798180164973704,4.225801130425415,4.225801130425415,0.0,False,False,False,False,0.0,False,False,26.716515351627447
4578.399,23.298999999999978,-56.40813720840828,-8.061643317119747,6.566944444444443,-66.23514916482691,-5.191739012848137,10.237505297057064,22.205933796383498,-21.990504771748956,-35.76786185964967,44.18379757865334,7.079505013827369,-21.63963926181413,-36.806468869702584,45.11223166183137,7.1441360512495224,-58.117386357828096,-33.9932557717282,25.98788289089353,4.513753136366078,-54.416688529991504,-30.055411073360524,22.083742616554478,4.560503222549439,4.560503222549439,0.0,False,False,False,False,0.0,False,False,26.834939122736003
4578.499,23.398999999999432,-56.54383154856649,-7.405592343186024,6.638055555555555,-64.00466534426161,-5.201350862522817,7.779635044914564,22.405466722366377,-21.63923682323916,-36.36172421719238,45.35182803420602,6.723991911419299,-21.251662744139885,-37.384818639078176,46.306491858274626,6.788547012216379,-58.3652521173737,-33.59592858003862,26.253595660173257,4.852277656097599,-54.66661509355228,-29.65478042631078,22.32824023467225,4.88339856709723,4.88339856709723,0.0,False,False,False,False,0.0,False,False,26.955894414695162
4578.6,23.5,-56.64560230369267,-6.7495413700423885,6.67611111111111,-61.73281729952476,-5.238760666944106,5.306808338980507,22.58817930723078,-21.329788371917672,-36.94789211423185,46.46662351982163,6.405288350530289,-20.906109031161066,-37.95807436681876,47.44769658464161,6.469768266006596,-58.61086419199773,-33.156089334323724,26.479577596319682,5.123358840150093,-55.05151474083545,-29.267252181974495,22.57406510506825,5.191145350954514,6.041519758953056,0.9028254747390747,True,True,False,False,0.002940562527044779,False,False,26.94344573438201
4578.7,23.599999999999454,-56.69988003976195,-6.060131872438864,6.788055555555555,-59.4675291307754,-5.288420083294163,2.8732247695738096,22.7284899276731,-21.062728781951495,-37.51744437127927,47.53492462833787,6.17913677360584,-20.604118753120844,-38.517234315944776,48.54242970732322,6.243548659146012,-58.84234656907269,-32.69005755503934,26.71597096663419,5.2837485428300965,-55.28566983598579,-28.795839554368374,22.77964868690062,5.336123507669669,5.336123507669669,0.0,False,False,False,False,0.0,False,False,27.071591288996924
4578.799,23.698999999999614,-56.7270189078117,-5.3818418829886365,6.761944444444445,-57.214870090119774,-5.3419031713066865,0.48948327527118085,22.792614917707258,-20.8335072528102,-38.07608527817571,48.55159863600231,6.023775370165916,-20.34083713212983,-39.06772392996577,49.58520821268999,6.08809997572509,-59.055724232844256,-32.205850395288024,26.92490113554263,5.405899965238607,-55.50083387284385,-28.30757866835924,22.95850467456611,5.443017499572871,5.443017499572871,0.0,False,False,False,False,0.0,False,False,27.19995860199552
4578.899,23.798999999999978,-56.70666475678945,-4.6924323861752,6.828055555555555,-54.931650368250004,-5.4042144079821,1.9124094033677996,22.888945838567064,-20.631678255534773,-38.63561317574479,49.53326330032288,5.874276360458595,-20.10508046643345,-39.620820197773725,50.593164041019016,5.938563636756683,-59.25053851841869,-31.692965880278145,27.12010513772542,5.5668504939418115,-55.696692533080146,-27.791944644552526,23.121581054668138,5.588556482311087,5.588556482311087,0.0,False,False,False,False,0.0,False,False,27.329334331951305
4579.0,23.899999999999636,-56.672741171727296,-4.003022888571676,6.858888888888889,-52.61425312710799,-5.479531463066515,4.318726985915478,23.024484326473384,-20.45611366202255,-39.19350647455501,50.49766572022973,5.710670380981563,-19.895865434251245,-40.17392716311011,51.58364959022943,5.774881114288602,-59.434427745052034,-31.154235653483248,27.29130387751342,5.705425732576161,-55.881036027980585,-27.251883572818855,23.262336945160285,5.711566059520907,5.711566059520907,0.0,False,False,False,False,0.0,False,False,27.46543006314346
4579.099,23.998999999999796,-56.59810928465083,-3.3247328991214484,6.851944444444444,-50.32919871872757,-5.563507821908027,6.656677312176277,23.169462395870138,-20.315103343870256,-39.732986020510324,51.40055851301464,5.557521531160127,-19.72253647349705,-40.71058550522983,52.51199715528219,5.621653236457844,-59.59257301640489,-30.604547209268592,27.443671070702248,5.849835133789522,-56.45874745135317,-26.785508727167013,23.461189743369516,5.994093600889253,8.522617100968706,2.681899070739746,True,True,False,False,0.02597322370506301,False,False,27.471634506091586
4579.2,24.099999999999454,-56.48955381249715,-2.6464429104613085,6.8469444444444445,-47.98429659267273,-5.6585303178650825,9.022863787357972,23.302449109683074,-20.201574468417178,-40.27461568062786,52.275202829810986,5.4041127515457585,-19.57679012545123,-41.25115385281061,53.412319084252836,5.468169106896225,-59.72910053238089,-30.022804917119004,27.56736947316302,5.9828025856312586,-56.5984316403367,-26.190315884937167,23.54412472400811,6.112128295536289,6.112128295536289,0.0,False,False,False,False,0.0,False,False,27.6124483436377
4579.299,24.198999999999614,-56.35385947233897,-1.979272427584199,6.88111111111111,-45.67561326070372,-5.758797647632101,11.327389507087707,23.381601403766588,-20.120693463984132,-40.79730633215203,53.100678669911346,5.285408448861767,-19.465075749746546,-41.77461079723109,54.262798679084824,5.349358322722379,-59.836983614975615,-29.436717298436243,27.67748963740927,6.056270221973908,-56.70850135489709,-25.592349129221347,23.615739712790358,6.170958872846437,6.170958872846437,0.0,False,False,False,False,0.0,False,False,27.750678807366164
4579.4,24.299999999999272,-56.1842415471186,-1.3121019470773572,6.845,-43.313629094794464,-5.859385302358517,13.650291235396345,23.432823227484484,-20.056552562411017,-41.32581191551512,53.9101743348509,5.256907900427615,-19.369924411963293,-42.30498545290997,55.09728164120761,5.320856111461542,-59.912734662275426,-28.8307733709511,27.77010871143462,6.036017201265268,-56.785595770764715,-24.975659396165714,23.671197224656847,6.135773094943096,6.135773094943096,0.0,False,False,False,False,0.0,False,False,27.887003087658538
4579.499,24.398999999999432,-55.987484753878675,-0.6560509731436355,6.908888888888889,-40.994290719398236,-5.946270094042691,15.899128457330791,23.455635809923574,-20.005984328709054,-41.84580254828722,54.69244927472644,5.299649077710851,-19.288978153755934,-42.82752365013721,55.903608957075996,5.363545461458872,-59.98208045923625,-28.24157751757511,27.873250072117436,5.949087201889368,-56.8560112526396,-24.37737497587717,23.737218681254802,6.034206036534694,6.034206036534694,0.0,False,False,False,False,0.0,False,False,28.03068556022715
4579.599,24.498999999999796,-55.756804375591656,0.01111950815329621,6.963055555555555,-38.6467786650626,-6.021637192847992,18.142412552591825,23.51888367819774,-19.973442151521148,-42.377345948466626,55.47279527683905,5.3524310249466005,-19.22559109865053,-43.36270886138086,56.70818751216764,5.416296031889441,-60.027660950531796,-27.649971066818328,27.988857562974832,5.918107475223101,-57.296529988398795,-23.78235982447535,23.843246710860516,6.1328862555189385,8.553173714910887,2.564732313156128,True,True,False,False,0.0237752682693073,False,False,28.05824466670902
4579.699,24.59899999999925,-55.49898512925489,0.6115729413205333,6.784999999999999,-36.29044377946291,-6.092359981494782,20.34479730595209,23.629036495313205,-19.957585107699558,-42.912895642922585,56.192263533630495,5.364617562390175,-19.178836198298065,-43.90285756804748,57.45161217877387,5.428450138333376,-60.05459495381561,-27.059117718829302,28.043193514350993,5.9112309571077555,-57.32440970344242,-23.170760323245513,23.852286061988536,6.111806119867018,6.111806119867018,0.0,False,False,False,False,0.0,False,False,28.208249304065394
4579.799,24.698999999999614,-55.22081173192606,1.2342653907943664,6.7730555555555565,-33.9231624683102,-6.160441381560656,22.54487862919449,23.73619382919182,-19.954500693229512,-43.45022421554649,56.92465463801493,5.3824688545273025,-19.144884525403583,-44.44551658632217,58.20751674214602,5.446293402428476,-60.062660252441034,-26.469731764056654,28.123921409568872,5.877591761427877,-57.332739730856,-22.562028844295,23.889827525447135,6.063963306650434,6.063963306650434,0.0,False,False,False,False,0.0,False,False,28.360610415019732
4579.899,24.798999999999978,-54.9290689005573,1.812479808445099,6.636111111111111,-31.545436755886538,-6.220241741149105,24.724863351909445,23.833507664209005,-19.962501616480427,-43.990830789566566,57.624682987152326,5.431700327043042,-19.12194513698269,-44.99208213502186,58.93061285053622,5.495504722864462,-60.06138921167035,-25.88577958232826,28.169740592600924,5.801479538765635,-57.331429670006045,-21.960149731386974,23.893707383005317,5.973647466451488,5.973647466451488,0.0,False,False,False,False,0.0,False,False,28.51968285534207
4579.999,24.898999999999432,-54.61018720115388,2.40181373345904,6.661944444444444,-29.16099316578376,-6.272730910820892,26.886970856448734,23.866926775682437,-19.9841598954222,-44.535308126256766,58.327139270249546,5.467297502631797,-19.11258092454798,-45.543289493444036,59.65578743766041,5.531082246674548,-60.04555535800819,-25.306069564511954,28.23597038981529,5.797044775681445,-57.315145132670565,-21.363939255384036,23.91919339229437,5.955009085830722,5.955009085830722,0.0,False,False,False,False,0.0,False,False,28.682491411228018
4580.1,25.0,-54.264166633730866,2.9689086421663866,6.701111111111111,-26.753463839924798,-6.324959497559486,29.038160293099505,23.81814047291763,-20.01784215391946,-45.08751467309249,59.0104275720138,5.488230024333249,-19.114918404817672,-46.10295895759744,60.36155929717611,5.552004941443762,-60.01515818231521,-24.72345664314972,28.28322822605774,5.755536446649205,-57.7015183983657,-20.690888154153253,23.90818628831922,6.056692070558141,8.738392316221148,2.8392372131347656,True,True,False,False,0.029162741099960393,False,False,28.743947621257703
4580.199,25.09899999999925,-53.90457663228304,3.524884043510525,6.638055555555555,-24.397767130891932,-6.375800807201003,31.12355004597794,23.782778574872232,-20.057565257053653,-45.63073605471073,59.681614977106314,5.515301293749118,-19.12387234205624,-46.65387163448833,61.054114622329124,5.579074816285394,-59.97553569348162,-24.15574559807032,28.33855679594699,5.741272838760942,-57.65986644050231,-20.094098875530843,23.915655033339217,6.028985281271042,6.028985281271042,0.0,False,False,False,False,0.0,False,False,28.919312386782778
4580.3,25.199999999999818,-53.53820191382272,4.080859444854664,6.623888888888889,-21.997763800516985,-6.426401318006384,33.24457497273846,23.752601544956413,-20.10169121137116,-46.187123412959664,60.372761644210655,5.536909425531288,-19.136517033818155,-47.21830544947674,61.76633582655634,5.600681917043558,-59.93145115440742,-23.579039779982423,28.38914688715355,5.711961194721723,-57.61361982809178,-19.48910921239469,23.919708478149605,5.985958876410607,5.985958876410607,0.0,False,False,False,False,0.0,False,False,29.108426061611812
4580.4,25.299999999999272,-53.158257761352644,4.6034763217389125,6.558055555555556,-19.625207043095333,-6.475479659404804,35.315842848576295,23.708687273196585,-20.148304581831585,-46.74007998421726,61.03947725085024,5.561471599833203,-19.151869888847422,-47.77939045674676,62.45317564438055,5.625243520808916,-59.88476048309633,-23.010778314660293,28.42169766198916,5.691566535960274,-57.56474103914692,-18.894216668573478,23.90729325424475,5.951985246539195,5.951985246539195,0.0,False,False,False,False,0.0,False,False,29.305864503611772
4580.5,25.399999999999636,-52.771528891870105,5.137212706776457,6.595,-17.257492642377866,-6.523237317173401,37.379310660996424,23.65523352296254,-20.195543198018385,-47.29539471532773,61.728220167169304,5.584944852773753,-19.16771815241293,-48.34286512034893,63.16118127939539,5.648716543019607,-59.83586916442753,-22.445064540435727,28.472564366922686,5.664884236816071,-57.51366589253531,-18.303234164001246,23.915317535730736,5.911723976284904,5.911723976284904,0.0,False,False,False,False,0.0,False,False,29.513729669759186
4580.599,25.498999999999796,-52.384800022387594,5.67094909260409,6.593888888888889,-14.916416650696737,-6.566593866859358,39.41620491844329,23.64739126521555,-20.238292622240145,-47.84872305239053,62.431988952262664,5.626945946230008,-19.17914648190528,-48.904039036297604,63.88305531453788,5.690712427949172,-59.7893327246267,-21.889170971966834,28.537472251621956,5.604571493758726,-58.1457729714827,-17.463171406400534,23.84064471826782,6.106272238958263,9.508711040415026,3.670742988586426,True,True,False,False,0.06522572170272256,False,False,29.593918181537337
4580.7,25.599999999999454,-51.99128643589265,6.19356596869825,6.513888888888888,-12.52576586937875,-6.605343961661652,41.489027573460874,23.698463712909316,-20.277110352963117,-48.4174273639846,63.151797736892576,5.660765937822871,-19.185722251661005,-49.4804694326736,64.62045542488035,5.724531570271525,-59.74934805993832,-21.324872074068505,28.591116670673824,5.597680502686242,-58.1022519964883,-16.84896497460481,23.83908832895808,6.086725572022131,6.086725572022131,0.0,False,False,False,False,0.0,False,False,29.83801877281711
4580.799,25.698999999999614,-51.61134228342257,6.716182846372586,6.526944444444444,-10.180484969240696,-6.640886803306681,43.530762081710456,23.68639002764943,-20.30838948897732,-48.97802562267937,63.88833782972826,5.682613519912312,-19.18515154470642,-50.048251236026815,65.37322710803458,5.7463668526066005,-59.71316357316742,-20.773884715340166,28.659087961037674,5.557354561767041,-58.06293503918302,-16.250278952165726,23.855427404050012,6.033994562682065,6.033994562682065,0.0,False,False,False,False,0.0,False,False,30.090043735475216
4580.9,25.799999999999272,-51.238182847949844,7.249919232200219,6.4961111111111105,-7.793286541320081,-6.672181328930654,45.62109050787863,23.58900814984838,-20.330824611781424,-49.55472720198176,64.66863729545622,5.746139023991019,-19.1747292708781,-50.631734577960614,66.16910837459079,5.809886083140374,-59.68759204805027,-20.217602907706446,28.737732832236514,5.469759136180487,-58.0351822362414,-15.646545724814604,23.88403877513691,5.933743461231863,5.933743461231863,0.0,False,False,False,False,0.0,False,False,30.36282837927227
4580.999,25.898999999999432,-50.85823869547977,7.794775124600973,6.59,-5.462492965621144,-6.691908432760374,47.651209122761,23.499602005663974,-20.34026232730706,-50.12835701181562,65.47087992459797,5.845271376105247,-19.15136618069966,-51.211280031507485,66.98537384947726,5.908988494106341,-59.67050757456917,-19.682345646303606,28.855645005028798,5.349025615669135,-58.01665195141547,-15.06599113412647,23.955323297315925,5.800604872299646,5.800604872299646,0.0,False,False,False,False,0.0,False,False,30.64163147929824
4581.099,25.998999999999796,-50.47829454299463,8.339631017791815,6.608055555555556,-3.1152463550573914,-6.700904598813994,49.69382300937666,23.44575327528538,-20.330580160015582,-50.717453195068735,66.30704244831452,5.94005829822718,-19.107825405932605,-51.80523075966613,67.8344361818456,6.003736170194539,-59.66984016436886,-19.151397220981412,28.986913332309644,5.26995128017997,-58.41469151180179,-14.252917918558527,23.94597386384351,5.872211309838217,8.015343004862869,2.306342840194702,True,True,False,False,0.02581352522398738,False,False,30.803625829745886
4581.2,26.099999999999454,-50.12548925857425,8.895606419135953,6.629999999999999,-0.7553986401410542,-6.70304588973514,51.77570667335555,23.28395199445263,-20.303147139494552,-51.321745928165036,67.1974821938027,6.039240729992245,-19.04551038021721,-52.413391856267715,68.73687770485775,6.102901969690831,-59.68763824127561,-18.62569651493428,29.135147302806615,5.145928023330114,-58.43452726596217,-13.667030464440902,24.043974208694365,5.73616763531556,5.73616763531556,0.0,False,False,False,False,0.0,False,False,31.12261443165593
4581.299,26.198999999999614,-49.793038125145955,9.473820835996598,6.618055555555555,1.5420739687924014,-6.7015060401292,53.823182117436474,23.129651717007583,-20.264093358836732,-51.92256896544218,68.12837338188808,6.124617154303816,-18.97168051937943,-53.01728832063274,69.67851037650206,6.188269931611915,-59.71635523271771,-18.11976048138211,29.32367562800096,5.09145315187581,-58.46652258185236,-13.10333690182079,24.18589225434975,5.669910374261124,5.669910374261124,0.0,False,False,False,False,0.0,False,False,31.446811883683505
4581.4,26.299999999999272,-49.453802274720346,10.052035252857241,6.641944444444444,3.8772045804525073,-6.696462896135929,55.899091964300474,23.110690009165914,-20.208229239222327,-52.54172224024401,69.0889428148949,6.187404360462674,-18.879853261703545,-53.63863406412766,70.64890456543591,6.251020814826454,-59.75355936604836,-17.611052510297874,29.518323474282614,5.008875773503632,-58.50794388378695,-12.536965787096953,24.3359908008711,5.575312578216144,5.575312578216144,0.0,False,False,False,False,0.0,False,False,31.78772412922419
4581.5,26.399999999999636,-49.12813585831955,10.630249670507974,6.673055555555556,6.186447004506194,-6.681941823651347,57.96046110598895,23.075295914877564,-20.134112978702305,-53.160798474396394,70.07104384957653,6.283475855354452,-18.769634162851915,-54.25877271762277,71.6395411185823,6.3470731553961235,-59.806314677901426,-17.118917756649612,29.732806725961655,4.890209814071999,-58.566673205842456,-11.989101706182879,24.50961125686801,5.444745215147989,5.444745215147989,0.0,False,False,False,False,0.0,False,False,32.137206097276554
4581.599,26.498999999999796,-48.843177743963196,11.241822611828509,6.666111111111111,8.46665652613753,-6.649870432581174,60.03773633359097,22.994600415290034,-20.038116776546467,-53.78230949911397,71.11869862503036,6.4241742751722555,-18.637234675141592,-54.879993001813475,72.69452177930164,6.4877118220448615,-59.868488399428344,-16.648223347538245,29.990200710650523,4.701363844245199,-58.859067017808385,-11.28614488265356,24.6541549718981,5.33659271078714,6.986227584938587,1.7421107292175293,True,True,False,False,0.01141628784202375,False,False,32.37896805861011
4581.7,26.599999999999454,-48.55143491259446,11.853395553149044,6.72,10.784045331341979,-6.592330634499632,62.13649515677787,22.909283674260305,-19.914073466495697,-54.42969924233565,72.20489683021307,6.62997749833958,-18.47511431462029,-55.52552833043142,73.78688531454256,6.693488687227101,-59.948952798921816,-16.192282358361187,30.27314756488537,4.466690066384145,-58.950579342352995,-10.767602272040463,24.896822035717857,5.0902535739481225,5.0902535739481225,0.0,False,False,False,False,0.0,False,False,32.744263315255786
4581.8,26.699999999999818,-48.280046232262976,12.476088002622875,6.783055555555555,13.071256044091824,-6.5121761534399205,64.22255418982553,22.86339656081538,-19.764326233155955,-55.0850355868475,73.33247375985052,6.8175025775782405,-18.286681250795027,-56.17741516117004,74.91932620874584,6.880958449024664,-60.037564943500584,-15.762839823125177,30.588826244119108,4.303099058455311,-59.05167606779417,-10.277655501381712,25.174607301003462,4.915112705644987,4.915112705644987,0.0,False,False,False,False,0.0,False,False,33.10778146167012
4581.9,26.799999999999272,-48.04936585397596,13.109899959459916,6.73,15.354611308863992,-6.418101781926272,66.34310191781442,22.842546394321722,-19.58424681870858,-55.74945111285748,74.5108933766909,6.952790035159789,-18.06720823139247,-56.83656611550368,76.1014973051219,7.016198834820596,-60.14051807594987,-15.351460428718656,30.92321130155672,4.178229932342274,-59.16934721790205,-9.807465956694049,25.472723569908247,4.778693719157752,4.778693719157752,0.0,False,False,False,False,0.0,False,False,33.4767863518632
4581.999,26.898999999999432,-47.84582434370853,13.754831425240342,6.741944444444444,17.608763836230604,-6.3168318890352655,68.46294459053793,22.741885557590127,-19.38116897322877,-56.41328471420894,75.72186690725094,7.072670227887369,-17.824636517016963,-57.4937019122036,77.31510344856531,7.136057535545427,-60.25457223775831,-14.96034814978994,31.281601019198508,4.0521327654599615,-59.29988505804119,-9.359828173611646,25.796957092231228,4.641162190504904,4.641162190504904,0.0,False,False,False,False,0.0,False,False,33.84665348600586
4582.1,27.0,-47.642282833456136,14.43312141469057,6.918888888888889,19.89524428234815,-6.208468780432802,70.62147559136253,22.585788324209297,-19.150245217374668,-57.09477398401067,76.99374018505497,7.177872384738662,-17.553041633284,-58.166932909443666,78.58835997696718,7.241223909145786,-60.3778416044321,-14.575238103082285,31.68089927892429,3.9549488182437385,-59.783566136051725,-8.58755893822287,26.026188429059317,4.671377540480077,7.187943711260686,2.6556308269500732,True,True,False,False,0.026548340622485823,False,False,34.101637143247785
4582.2,27.099999999999454,-47.45231075722862,15.078052879680907,6.8469444444444445,22.14446384565979,-6.09837352428864,72.74717912309721,22.452473669807222,-18.894512378193394,-57.77028256987751,78.24594447017057,7.270488044812142,-17.25683681588779,-58.83263629282892,79.8408205149318,7.333796677475865,-60.509215985624856,-14.207809986787911,32.06469301236078,3.8492205463734153,-59.93887540677893,-8.153189677882668,26.374323261758825,4.554621026713239,4.554621026713239,0.0,False,False,False,False,0.0,False,False,34.48402205766968
4582.3,27.199999999999818,-47.31661641705537,15.778581885437728,7.01111111111111,24.381008282251898,-5.983491522878937,74.92754651362661,22.337446866365383,-18.611194007664125,-58.44514331002362,79.5811702451839,7.370062114141161,-16.93292518218505,-59.4960297538048,81.17534016248236,7.433333422576226,-60.65003644432626,-13.85543157682833,32.495458813584925,3.7402707512952427,-60.10566817753731,-7.735820128780323,26.767273806246088,4.434642989738451,4.434642989738451,0.0,False,False,False,False,0.0,False,False,34.86878932160988
4582.399,27.298999999999978,-47.17413735986966,16.479110890404463,7.076111111111111,26.585004644921842,-5.863436412669333,77.06880334657524,22.25378664470627,-18.305499429801305,-59.11256168624078,80.91661892882155,7.461797614370877,-16.586945538753497,-60.15057329436253,82.50869531000285,7.525040870357139,-60.797398786088024,-13.520534616727634,32.948019400878714,3.6513399007432263,-60.28049946371524,-7.338497002861618,27.185569211522687,4.334794179708808,4.334794179708808,0.0,False,False,False,False,0.0,False,False,35.25139909005449
4582.499,27.398999999999432,-47.0587971707337,17.19075940431458,7.204999999999999,28.802970937457122,-5.736957162827171,79.25079209373307,22.177631865452785,-17.974966090539212,-59.78613828404342,82.28798216036908,7.545352395398516,-16.21564099935732,-60.80982969320059,83.87724472210157,7.608577980473594,-60.95247435770339,-13.194780315612338,33.41130482107783,3.564318007122595,-60.46471498594021,-6.951530841319239,27.614648481784034,4.236744044191662,4.236744044191662,0.0,False,False,False,False,0.0,False,False,35.639123530701006
4582.6,27.5,-46.98416528364214,17.924646933741204,7.318055555555555,31.03702445628786,-5.604954004941215,81.49201291395252,22.138229081998404,-17.62392575272452,-60.46638913297046,83.70888961708515,7.613345589833803,-15.823341521249585,-61.47457615392527,85.29497971437661,7.67656221370106,-61.113626017741254,-12.87591039394541,33.88681148075986,3.510502608734285,-61.025101315250915,-6.174397654431537,27.891070877728367,4.3142167702065715,6.928330896786821,2.7565407752990723,True,True,False,False,0.028625316061433502,False,False,35.88905301985158
4582.7,27.599999999999454,-46.916318113548016,18.669653971321125,7.385,33.24163713193751,-5.466424940181039,83.71289084937588,22.04115553696664,-17.255766725816898,-61.13842322202361,85.14151451508899,7.71410201491875,-15.414316996243436,-62.13001044675566,86.72347919951369,7.777285111497814,-61.27344472323843,-12.572478742120783,34.38310545850967,3.348441507005293,-61.222129664299196,-5.800319806522448,28.344944184350727,4.141654719520244,4.141654719520244,0.0,False,False,False,False,0.0,False,False,36.27945931227747
4582.799,27.698999999999614,-46.88239452851599,19.425780517054342,7.52,35.41041600192498,-5.3160026853642535,85.93173163060627,21.878120436878273,-16.864209119291424,-61.802995828246516,86.59795356599075,7.870374877002562,-14.982225747099413,-62.77650628164483,88.17503458019426,7.9335298110489205,-61.4333970138488,-12.29139272443738,34.89571251255604,3.1850956114434563,-61.42066590747113,-5.45142976095905,28.813832197481847,3.967912884490572,3.967912884490572,0.0,False,False,False,False,0.0,False,False,36.66116751791798
4582.899,27.798999999999978,-46.86204037749377,20.19302657015077,7.641944444444444,37.58939243310054,-5.1524370276230265,88.1727680678587,21.8240995271238,-16.440742393922545,-62.47359913550604,88.08647101890503,7.993949958402667,-14.517741189397839,-63.42715276781147,89.65761586436497,8.057072942659085,-61.59665398205705,-12.023439236087818,35.42611335046961,3.0903138440911695,-61.624380219224264,-5.117073677662493,29.30064593412747,3.862630168180855,3.862630168180855,0.0,False,False,False,False,0.0,False,False,37.043199064448515
4582.999,27.898999999999432,-46.868825094491115,20.97139213219058,7.7461111111111105,39.759750706557504,-4.981534790042454,90.43265207406445,21.71749680419535,-15.995476202676322,-63.14492096814931,89.603112676905,8.117698462238849,-14.031337626834326,-64.07719559126491,91.16777312703661,8.180815988881788,-61.76149097856921,-11.771305933867726,35.97048475875523,2.934383244013787,-61.831191386031755,-4.800737032816415,29.800588026749335,3.6961986191461373,3.6961986191461373,0.0,False,False,False,False,0.0,False,False,37.42140413772763
4583.1,28.0,-46.90953339655064,21.749757693440305,7.801111111111111,41.93849937490226,-4.803543997951746,92.73106684424185,21.569802063977658,-15.525047276286475,-63.82397459432013,91.14740603379971,8.241939017919265,-13.519234582430677,-64.7335017320725,92.70526530762301,8.305033250750041,-61.92401812361327,-11.52970302903131,36.50968717474484,2.8315996530289156,-62.37689876491601,-4.106333525867954,30.129335282738943,3.705584928731702,5.990458586773566,2.407649517059326,True,True,False,False,0.02185328768378715,False,False,37.63646510979997
4583.199,28.09899999999925,-46.95024169859511,22.539242763633414,7.951111111111111,44.06546483439606,-4.623102177937163,94.98237635700865,21.55362228025784,-15.041417261308325,-64.48681856958989,92.69146901491816,8.335300450056017,-12.994830090845515,-65.37267913313754,94.24158312038084,8.398379595841973,-62.084082841158676,-11.305180676328074,37.07395508590585,2.7388487293796127,-62.58690479485216,-3.811758627375683,30.64115707826339,3.602882344338996,3.602882344338996,0.0,False,False,False,False,0.0,False,False,38.00502840292055
4583.299,28.198999999999614,-47.00451943466439,23.33984734118973,8.001944444444444,46.21414508983341,-4.432269821006878,97.2677228447425,21.589225754891682,-14.53452348343291,-65.1522384271257,94.26107298720869,8.395405949706618,-12.446914015155208,-66.01307293674576,95.80277894991139,8.458473115246502,-62.24699785544168,-11.086919966605628,37.650172053696494,2.7083171130319417,-62.80120257479251,-3.524659333626876,31.164674185861053,3.5622985454221183,3.5622985454221183,0.0,False,False,False,False,0.0,False,False,38.376293308869535
4583.399,28.298999999999978,-47.09272075578079,24.140451919536137,8.051111111111112,48.36487032085396,-4.235667306156377,99.58592187887169,21.604629754692716,-14.012749306047738,-65.81164856522264,95.84187442206718,8.422719495075258,-11.884395367359005,-66.6465456464733,97.37507434506834,8.485777146639517,-62.412275597947314,-10.874268804075218,38.21935933417313,2.678230913033269,-63.018578032416286,-3.2449777318062476,31.679562610370528,3.522160162854239,3.522160162854239,0.0,False,False,False,False,0.0,False,False,38.74832564717076
4583.499,28.398999999999432,-47.19449151090697,24.941056495512278,8.148055555555555,50.514695141861104,-4.040365396337377,101.91667170398988,21.568950935019444,-13.482866722999773,-66.46719595907527,97.42659935891352,8.435750509148498,-11.313951795902664,-67.27565797686646,98.95117764999173,8.498807789779638,-62.58039009975411,-10.665553228022194,38.78861342443666,2.6817943632383803,-63.23931608702081,-2.970929569818699,32.194958639350624,3.515671430490235,3.515671430490235,0.0,False,False,False,False,0.0,False,False,39.12206514723747
4583.6,28.5,-47.31661641705537,25.763900090165276,8.218055555555555,52.68027424667887,-3.8465447624933713,104.28881333483068,21.48521537486737,-12.947616798423212,-67.13182936020597,99.04970815152414,8.462649708750881,-10.737600428384063,-67.9135915812474,100.56588316395906,8.525705435865715,-62.749194942108815,-10.457445793983936,39.37194912105716,2.6243892292003403,-64.94806809888861,-0.9580073241098983,32.01450334248393,3.9438820649936375,8.728410394578027,5.280296802520752,True,True,False,False,0.19617407975375098,False,False,39.16126270882916
4583.7,28.599999999999454,-47.438741323218835,26.58674368402819,8.331111111111111,54.817316545198345,-3.6523626583980136,106.63350750668218,21.431765856353348,-12.419618118056444,-67.79629149583509,100.67023552084129,8.511437409778193,-10.168571320503798,-68.55174603682148,102.1782648041916,8.574491990515005,-62.91184161805596,-10.254028234426631,39.95821953342889,2.584550959883949,-65.19285784958264,-0.6518557633672595,32.513842490351024,3.8957811979704355,3.8957811979704355,0.0,False,False,False,False,0.0,False,False,39.556629519981804
4583.799,28.698999999999614,-47.58800509738683,27.442945800770815,8.516111111111112,56.930650030701486,-3.4564782300761143,108.99047515825565,21.44484749276411,-11.897992984095648,-68.45943133851937,102.32811395512731,8.53324880432988,-9.606045591888844,-69.18891517111828,103.82844409297383,8.596302915079837,-63.070303559579784,-10.05337561588604,40.56692846955093,2.5806777760477417,-65.43152223432841,-0.34964670741915294,33.02755368086812,3.883728042404428,3.883728042404428,0.0,False,False,False,False,0.0,False,False,39.94991664185455
4583.899,28.798999999999978,-47.71691472054769,28.27690890357711,8.483055555555556,59.06361961587397,-3.256321222616965,111.33924337520547,21.401977532797204,-11.370436428574685,-69.13266815544875,103.9696695534191,8.573051036594563,-9.03699238791118,-69.83588361339513,105.46210905883324,8.636105146537428,-63.227128287043115,-9.853212014418677,41.163975100799945,2.5049672172982063,-65.66845582245432,-0.04723597745977215,33.53378909660241,3.799754885948007,3.799754885948007,0.0,False,False,False,False,0.0,False,False,40.34773494239837
4583.999,28.898999999999432,-47.84582434370853,29.110872005593322,8.495,61.19171159002034,-3.052201277226416,113.68222167733724,21.355226504757734,-10.837440741829159,-69.80766388454943,105.61485311959352,8.628267012376467,-8.462391623205036,-70.48428411245433,107.09925254187682,8.691319465185764,-63.380565762437854,-9.657436270524933,41.764936460372155,2.4698172304275694,-65.90150882976391,0.2501237500470094,34.043362526783405,3.7563423013705597,3.7563423013705597,0.0,False,False,False,False,0.0,False,False,40.74488966185924
4584.1,29.0,-47.98830340089421,29.95595461576282,8.528888888888888,63.337261908133264,-2.8439588009392867,116.0569507247097,21.330563835432347,-10.297022412345516,-70.49355659048723,107.28810262155021,8.663265858800257,-7.879725472336426,-71.14319448600668,108.76458969974104,8.7263155658941,-63.53475315060288,-9.463614547525811,42.37445613620914,2.4345464839320026,-67.72114566440558,2.4304870346998064,33.86792626295226,4.2040794434188555,9.239806867079693,5.527080535888672,True,True,False,False,0.21612358659792943,False,False,40.803910317854914
4584.199,29.09899999999925,-48.137567175077294,30.834395748021954,8.811944444444444,65.4384122193253,-2.6417431310156223,118.40673532213602,21.31305713681165,-9.768712912233905,-71.1698100443486,108.98177359896285,8.673197145666762,-7.30979831641555,-71.79309041981374,110.45047590257641,8.736246818044167,-63.68347849450534,-9.2730350852203,43.014897033409625,2.449153883789539,-67.97745137306927,2.7589220065832567,34.378092308851954,4.2122418828977075,4.2122418828977075,0.0,False,False,False,False,0.0,False,False,41.22214588953696
4584.299,29.198999999999614,-48.293615666272785,31.712836882651345,8.858888888888888,67.56414030585583,-2.440773532915327,120.78695593198633,21.391097929108405,-9.236707411236406,-71.8527026147552,110.68542385441366,8.640089988635623,-6.735769487211248,-72.4494582012298,112.14650371805654,8.703139212954216,-63.83594808004615,-9.078079843159948,43.65160918216305,2.5007762539538727,-68.2383350153256,3.092500886890879,34.884315421442686,4.257354192073398,4.257354192073398,0.0,False,False,False,False,0.0,False,False,41.64985595793483
4584.4,29.299999999999272,-48.45644887451081,32.591278016490655,8.921944444444444,69.72214731967274,-2.2425096417006913,123.20541124903508,21.521751057584797,-8.709520856159813,-72.54256176924225,112.39636361995049,8.553152578842443,-6.166160568333738,-73.1131406588593,113.8503079157595,8.61619478787414,-63.994517265258196,-8.873742524167856,44.280689896983034,2.620933343238963,-68.50546866251058,3.436737840655651,35.38291123302298,4.370936119760005,4.370936119760005,0.0,False,False,False,False,0.0,False,False,42.09094266146544
4584.5,29.399999999999636,-48.61249736567618,33.458599642176665,8.863055555555555,71.86848690492056,-2.0520021352052127,125.60521648961709,21.573839764270502,-8.197328149111431,-73.22231120972502,114.07980821773394,8.469197920518926,-5.612168251287865,-73.76755962374065,115.52695587985333,8.532240065093127,-64.15356362897873,-8.662353595081818,44.896541539584945,2.669852048453117,-68.769533036517,3.7877064759969636,35.87015456217604,4.413344763985516,4.413344763985516,0.0,False,False,False,False,0.0,False,False,42.53697712296624
4584.599,29.498999999999796,-48.7685458568717,34.37039930047587,9.14,73.99675398394719,-1.868868622661536,128.00235694943706,21.58037635343563,-7.693698121872198,-73.88838637869067,115.78906594830579,8.400395775301957,-5.06753315480121,-74.40875709573365,117.22919166085525,8.463437805989278,-64.31543189874472,-8.447853218499084,45.55335788257207,2.758884058710958,-70.3210797568211,5.6952323146599975,35.87167293524088,4.869750245337613,8.917421052603627,4.421489238739014,True,True,False,False,0.13896899469878463,False,False,42.643924796835265
4584.699,29.59899999999925,-48.92459434806716,35.23772092616188,8.866111111111111,76.1475604728097,-1.689204332263652,130.4095154525878,21.585599841534588,-7.187978004058505,-74.55567272798976,117.45864988983345,8.345038570993374,-4.52069647451566,-75.05108875373764,118.89208420653533,8.408080598248056,-64.48266208031959,-8.227121346555176,46.16541980046889,2.7796533988588505,-70.61562384295597,6.084009429474349,36.33785429246238,4.885327687369808,4.885327687369808,0.0,False,False,False,False,0.0,False,False,43.12145132686268
4584.8,29.699999999999818,-49.11456642430974,36.13840107630778,9.11888888888889,78.32110096809467,-1.5108827431962362,132.88084096614188,21.599415834185596,-6.68219996450288,-75.22729278646213,119.1755994023757,8.303850173161681,-3.9735302747065733,-75.69780442339477,120.60286068427845,8.366890883369106,-64.65413866789585,-8.000939629275106,46.79486834512046,2.840844514276015,-70.91542509186424,6.479454441993171,36.80938133275005,4.94127498569006,4.94127498569006,0.0,False,False,False,False,0.0,False,False,43.6099885427662
4584.9,29.799999999999272,-49.263830198492826,37.05020073381689,9.171944444444444,80.47339882408538,-1.3349532260550006,135.29659507533802,21.59010728715906,-6.18677904852998,-75.89243563248296,120.87874687117976,8.28361198586111,-3.437138065462812,-76.33861390771138,122.2992600045739,8.34665217136882,-64.82369829261616,-7.7742576268187085,47.44830410489791,2.8207876381623525,-71.21064036667225,6.874123808356653,37.31297489037021,4.9160262114607,4.9160262114607,0.0,False,False,False,False,0.0,False,False,44.098662027343806
