elapsed_s,blackout_elapsed_s,reference_relative_x_m,reference_relative_y_m,reference_speed_mps,raw_relative_x_m,raw_relative_y_m,raw_position_error_m,raw_speed_mps,phase4_v4_relative_x_m,phase4_v4_relative_y_m,phase4_v4_position_error_m,phase4_v4_speed_mps,phase4_v5_relative_x_m,phase4_v5_relative_y_m,phase4_v5_position_error_m,phase4_v5_speed_mps,ekf_relative_x_m,ekf_relative_y_m,ekf_position_error_m,ekf_speed_mps,hybrid_relative_x_m,hybrid_relative_y_m,hybrid_position_error_m,hybrid_speed_mps,ml_speed_measurement_mps,ml_predicted_residual_mps,ml_update_attempted,ml_update_accepted,ml_update_rejected_innovation,ml_update_skipped_ood,ml_normalized_innovation_squared,stationary_update_attempted,stationary_update_accepted,horizontal_position_sigma_m
3495.0,0.0,0.0,0.0,12.04,0.0,0.0,0.0,10.942932292247821,0.0,0.0,0.0,10.872752405191088,0.0,0.0,0.0,10.87274983062079,0.0,0.0,0.0,10.82550866335118,0.0,0.0,0.0,10.82550866335118,10.82550866335118,0.0,False,False,False,False,0.0,False,False,4.258722522902514
3495.099,0.09900000000016007,1.0240968283570453,-0.6226924486837468,12.056111111111111,0.9959294974780916,-0.43067689159035905,0.1940705353595144,10.977691190420265,1.0669606613156055,-0.10165689268334346,0.5227957142063704,10.779902335214715,1.0669989616777973,-0.10126524430802367,0.5231891842408,10.77992032066611,1.063037449067557,-0.09584532435387857,0.528284264724941,10.737107395741837,1.063037449067557,-0.09584532435387857,0.528284264724941,10.737107395741837,10.737107395741837,0.0,False,False,False,False,0.0,False,False,4.306249955208485
3495.199,0.19900000000006912,2.034629460304039,-1.2565044055207828,12.011111111111111,2.0101723282090256,-0.8596388474476354,0.3976184383237574,11.04697454567836,2.134611652196872,-0.21188990387702755,1.049388343626956,10.686712884540672,2.134704069736411,-0.21099702172154042,1.0502859691682918,10.6867414175211,2.1265861579789935,-0.20266971684420312,1.0578391112571641,10.640893512296207,2.1265861579789935,-0.20266971684420312,1.0578391112571641,10.640893512296207,10.640893512296207,0.0,False,False,False,False,0.0,False,False,4.384609469130653
3495.299,0.29899999999997817,3.0655083868661137,-1.9014358705111185,12.153055555555557,3.030527217195496,-1.28213144518649,0.620291587447543,11.040497206996644,3.1925912164760764,-0.3289724480520819,1.5775903335635844,10.6022752273847,3.1927269816563375,-0.3276868335938924,1.5788827068716331,10.602260492672483,3.18121227063929,-0.3145454883892749,1.5911029110623258,10.569975642604721,3.18121227063929,-0.3145454883892749,1.5911029110623258,10.569975642604721,10.569975642604721,0.0,False,False,False,False,0.0,False,False,4.4914507443164755
3495.399,0.3989999999998872,4.082823117033186,-2.5463673362915493,12.09,4.0510455964104475,-1.6941113027232397,0.8528482617503046,10.970568847677054,4.241638878872848,-0.4510211558297634,2.101356243520957,10.520206553393733,4.241784618636718,-0.4496312904145823,2.1027531488674147,10.520181471227163,4.226629913154654,-0.43507433370745674,2.1161849015082015,10.476879227785108,4.226629913154654,-0.43507433370745674,2.1161849015082015,10.476879227785108,10.476879227785108,0.0,False,False,False,False,0.0,False,False,4.624383098875946
3495.5,0.5,5.106919945405295,-3.1912988012818815,12.116944444444444,5.081397544057813,-2.1008899883300884,1.0907074641412702,10.96499939112197,5.293530254193791,-0.5764525586403713,2.6214965725712025,10.456925925161867,5.293695877242881,-0.5748919814010549,2.623064981244784,10.456935174325249,5.275972371984834,-0.5582678593845741,2.638452323602049,10.44488737732386,5.275972371984834,-0.5582678593845741,2.638452323602049,10.44488737732386,10.44488737732386,0.0,False,False,False,False,0.0,False,False,4.7827535908604935
3495.599,0.5990000000001601,6.13101677376234,-3.825110758909009,12.143055555555556,6.092214834057089,-2.5003844322263227,1.3252944695919822,10.99262657773727,6.321151706033474,-0.6990544975435731,3.131833175903818,10.450363592342544,6.321372429872463,-0.6970361011837125,3.1338612509357118,10.450369655120463,6.303411629948229,-0.682689356544964,3.1471466849314416,10.46310203158304,6.303411629948229,-0.682689356544964,3.1471466849314416,10.46310203158304,10.46310203158304,0.0,False,False,False,False,0.0,False,False,4.959706799990965
3495.7,0.6999999999998181,7.148331503914356,-4.470042223899352,12.12,7.123610815354246,-2.909776606391759,1.5604614412471831,10.981165496731597,7.368616263136948,-0.8241137517567745,3.6525771448561715,10.438854454468446,7.3689220937277184,-0.8213953426188126,3.65530905295194,10.438878375169415,7.3508956409229995,-0.8057834235383,3.6698535101043843,10.421885135880437,7.3508956409229995,-0.8057834235383,3.6698535101043843,10.421885135880437,10.421885135880437,0.0,False,False,False,False,0.0,False,False,5.1600837374305515
3495.8,0.8000000000001819,8.172428332271402,-5.1149736896797755,12.186944444444446,8.14743590349992,-3.3080206884965753,1.8071258312527305,10.990205753035264,8.402042877842696,-0.9499953905343037,4.171302802709318,10.382452511210346,8.402468673808604,-0.9463143657463782,4.175001690748329,10.382490109695802,8.381935085425653,-0.9308212600611546,4.189394303941877,10.349988122685396,8.381935085425653,-0.9308212600611546,4.189394303941877,10.349988122685396,10.349988122685396,0.0,False,False,False,False,0.0,False,False,5.375382452351322
3495.9,0.900000000000091,9.196525160643503,-5.748785647306903,12.116944444444444,9.177894889266687,-3.6969711167259915,2.051899109341037,11.038439044258231,9.428330745505352,-1.0793506420528958,4.675185247395512,10.305841989877203,9.428923611563507,-1.074390853123178,4.680168344395522,10.305924173514343,9.405301067473552,-1.0560293722353324,4.697398092188515,10.269953725622662,9.405301067473552,-1.0560293722353324,4.697398092188515,10.269953725622662,10.269953725622662,0.0,False,False,False,False,0.0,False,False,5.605076138359166
3496.0,1.0,10.227404087205578,-6.382597604143946,12.18611111111111,10.2138331911563,-4.080222272374323,2.3024153269036542,11.052779237295141,10.447193692597923,-1.2134857020370386,5.173782497084876,10.247285001888592,10.448010741370325,-1.2068898888044504,5.180407093123719,10.247397226367397,10.421943094125425,-1.1879542625921387,5.198284800887874,10.23336490383238,10.421943094125425,-1.1879542625921387,5.198284800887874,10.23336490383238,10.23336490383238,0.0,False,False,False,False,0.0,False,False,5.847494971218674
3496.099,1.09900000000016,11.251500915562623,-7.0164095617710736,12.166944444444445,11.240935986749758,-4.457433239157502,2.55899813157761,11.05185347903086,11.450731090528397,-1.3500831317577469,5.669827852244234,10.21320999558443,11.451823145091923,-1.3415483515459157,5.6783957902705,10.21335052297471,11.424600182475237,-1.3218589340611226,5.6971809000379725,10.202171322193887,11.424600182475237,-1.3218589340611226,5.6971809000379725,10.202171322193887,10.202171322193887,0.0,False,False,False,False,0.0,False,False,6.098812093060999
3496.199,1.1990000000000691,12.275597743919668,-7.661341027551497,12.189999999999998,12.278795738663142,-4.838638872403008,2.8227039667401015,11.061226352513717,12.461354382460843,-1.4905370328491805,6.173599231388136,10.193522404789741,12.46278471979798,-1.479651810844637,6.184522660310037,10.193666623959556,12.434755207325674,-1.4619597394433248,6.201423985949,10.19431278562452,12.434755207325674,-1.4619597394433248,6.201423985949,10.19431278562452,10.19431278562452,0.0,False,False,False,False,0.0,False,False,6.362951540803518
3496.299,1.2989999999999782,13.29291247408674,-8.317392000695136,12.125,13.31812844493312,-5.217808357556963,3.0996862108922305,11.065588543236776,13.46931805081568,-1.6302015851877059,6.689516767357379,10.158356495242291,13.471147084352985,-1.6165099843310147,6.7032519998526725,10.15848960409769,13.441350989692328,-1.602141486308286,6.716890907547037,10.131886969709248,13.441350989692328,-1.602141486308286,6.716890907547037,10.131886969709248,10.131886969709248,0.0,False,False,False,False,0.0,False,False,6.635955898559413
3496.4,1.400000000000091,14.303445106048791,-8.973442973048677,12.153055555555557,14.371899593170225,-5.59257234528617,3.381563575991778,11.081850366719154,14.482077158824552,-1.7698327952664996,7.205824658130799,10.085988418786327,14.484326145335004,-1.7531604779128034,7.222547837151289,10.08611956182563,14.450997734882016,-1.7413280572781955,7.233619974341026,10.05020198753786,14.450997734882016,-1.7413280572781955,7.233619974341026,10.05020198753786,10.05020198753786,0.0,False,False,False,False,0.0,False,False,6.918886528514684
3496.5,1.5,15.32075983621587,-9.618374439619188,12.171111111111111,15.422217153580254,-5.952168704146404,3.6676093142618558,11.121973409276857,15.475686879037621,-1.9106088499945446,7.709322458763754,9.9848088754773,15.478363673596201,-1.890986615834614,7.728994860182733,9.98495565746296,15.440626897754068,-1.877785626112843,7.741516859906809,9.929653348283953,15.440626897754068,-1.877785626112843,7.741516859906809,9.929653348283953,9.929653348283953,0.0,False,False,False,False,0.0,False,False,7.204571242973625
3496.6,1.599999999999909,16.33807456636788,-10.296664429069416,12.21111111111111,16.47969904805638,-6.298752004169886,4.000420134308342,11.135135265152563,16.45800730028986,-2.0523228055666123,8.245213924798243,9.8650048018706,16.461144179440666,-2.0295794420316504,8.268000986488033,9.865155974370838,16.417344701644527,-2.0199154596687614,8.277128563506889,9.810443490637665,16.417344701644527,-2.0199154596687614,8.277128563506889,9.810443490637665,9.810443490637665,0.0,False,False,False,False,0.0,False,False,7.49447234797061
3496.7,1.699999999999818,17.34860719832993,-10.963834910366351,12.139999999999997,17.54069809914123,-6.638384318140897,4.329713817327657,11.145520875117437,17.431224428523656,-2.1928259702874837,8.771398031879999,9.801153746575155,17.43486726885807,-2.166651215067255,8.797606593193617,9.80132885278563,17.388101447478327,-2.15873018494907,8.805193298348511,9.802187006449929,17.388101447478327,-2.15873018494907,8.805193298348511,9.802187006449929,9.802187006449929,0.0,False,False,False,False,0.0,False,False,7.789037149442982
3496.8,1.800000000000182,18.365921928481953,-11.608766375356687,12.18888888888889,18.599718110857502,-6.978951333056059,4.635714398105922,11.103178054713704,18.40108317166574,-2.3257669197737463,9.283066045514024,9.778109204726613,18.405258874581907,-2.2957382687335115,9.313111183169763,9.778218408824848,18.35629859298355,-2.2998475193937327,9.30892383014754,9.766357289314772,18.35629859298355,-2.2998475193937327,9.30892383014754,9.766357289314772,9.766357289314772,0.0,False,False,False,False,0.0,False,False,8.088498618988504
3496.9,1.900000000000091,19.36967246223896,-12.320414890056895,12.231944444444443,19.657600647104623,-7.323795796418673,5.004908091718577,11.15028613077146,19.371163094364785,-2.446499335447445,9.873915667127331,9.773317568427753,19.375865319838955,-2.412228160891614,9.908188664508376,9.773379052080204,19.32636154763575,-2.4243959660454033,9.896113700828087,9.794158568439453,19.32636154763575,-2.4243959660454033,9.896113700828087,9.794158568439453,9.794158568439453,0.0,False,False,False,False,0.0,False,False,8.392837217412758
3497.0,2.0,20.380205094201003,-13.03206340238684,12.38,20.718945013017464,-7.679481034672074,5.36329029008973,11.237239989441694,20.34433261121791,-2.551026214772123,10.481098576160706,9.803656980480365,20.34950808985486,-2.51229481737477,10.519813372312395,9.80369522530385,20.30081857848085,-2.5418395210415348,10.490524262382007,9.836017116717658,20.340334446588756,-2.5467517794256973,10.48538742723153,9.85591673210042,10.436994120292029,0.6009770035743713,True,True,False,False,0.0027116647073855676,False,False,8.66875069128028
3497.099,2.09900000000016,21.383955627958024,-13.788189947329961,12.526111111111112,21.76552818090397,-8.045082080827571,5.7557697642837775,11.159350718223234,21.31464287658018,-2.650257750113303,11.138147866108577,9.901407545557424,21.320275339094252,-2.606998033290371,11.18137325187627,9.901454016079462,21.277893137211326,-2.634048201479513,11.154645997900028,9.990566364426645,21.319373250926667,-2.6391458300525716,11.149231166875166,10.010524791774866,10.010524791774866,0.0,False,False,False,False,0.0,False,False,8.979605331860862
3497.2,2.199999999999818,22.38092406352507,-14.488718953876877,12.36111111111111,22.823232611840037,-8.421364905218988,6.083454775345811,11.071228561925599,22.310965928411793,-2.7651017964080413,11.723825885587273,9.95865423025022,22.317137566613642,-2.7171109720110556,11.771780799688521,9.958706534778983,22.27874175158995,-2.744239607128609,11.74492385463052,9.947973598693906,22.322228570901096,-2.7495581699240352,11.739307520989074,9.967992026128101,9.967992026128101,0.0,False,False,False,False,0.0,False,False,9.302028630124882
3497.3,2.300000000000182,23.411802990087146,-15.155889435173812,12.4,23.863320729166425,-8.782444376614851,6.389418610732348,10.948839419897187,23.299259135426006,-2.8822179613536147,12.274187450356527,9.945548123791108,23.305995032343542,-2.8294085558764723,12.326934987725243,9.945601536071548,23.26718711993885,-2.8632623682979994,12.29347769978807,9.963738169806179,23.312664374016713,-2.868820607507973,12.287468772737284,9.98381600326609,9.98381600326609,0.0,False,False,False,False,0.0,False,False,9.624660601950488
3497.399,2.3989999999998872,24.43589981844419,-15.867537948293837,12.456944444444444,24.8794162741646,-9.13230761230534,6.749817369774868,10.761242774694304,24.278893420155185,-3.004589295746534,12.863906834518515,9.999518070994974,24.286258460993793,-2.9467145917084903,12.921689856514163,9.999626332992062,24.251588324404736,-2.9780348424900436,12.89082080557172,10.057864816492536,24.299042801858707,-2.983823608458697,12.88444119989153,10.078001461917907,10.078001461917907,0.0,False,False,False,False,0.0,False,False,9.948646980631665
3497.499,2.4989999999997963,25.4532145485962,-16.51246941407426,12.233055555555556,25.889649780124742,-9.484513835617618,7.041493827596472,10.636149286224105,25.272862091016492,-3.138260743216676,13.375424650477353,10.058830152049318,25.28097964384802,-3.0747638100812917,13.438809350608322,10.05896552804279,25.249744396005035,-3.111000714285869,13.403013221451491,10.0816035611664,25.302735585420752,-3.1174890518443017,13.395825574517033,10.10326660259771,10.145827920860047,0.04402830824255943,True,True,False,False,1.4550945974855635e-05,False,False,10.237886515918072
3497.599,2.59900000000016,26.47731137695326,-17.179639895371196,12.241944444444446,26.892487381606983,-9.833816502528606,7.3575466314304565,10.60245482989093,26.27189560836988,-3.2704323435172395,13.910724293096095,10.096059107554417,26.280844835923478,-3.2005888790593433,13.980431553367502,10.096202295432015,26.251223438983203,-3.246948025428596,13.934526131105434,10.131678655474973,26.30636444797942,-3.253728193548497,13.926960888129468,10.153406347179988,10.153406347179988,0.0,False,False,False,False,0.0,False,False,10.57148643458968
3497.699,2.699000000000069,27.501408205325355,-17.869049392974723,12.35,27.893845381079856,-10.185281178837384,7.6937832634862735,10.62256605298419,27.275088493931342,-3.401853718514463,14.46896579907794,10.139276682535574,27.284980837564955,-3.324741711291738,14.545917872206566,10.139466349207039,27.257898329782073,-3.3766763823954555,14.494418668482483,10.168309348148174,27.315197494002238,-3.383734668042516,14.48651155763006,10.190101690126895,10.190101690126895,0.0,False,False,False,False,0.0,False,False,10.909025275345787
3497.799,2.798999999999978,28.525505033682414,-18.558458889788156,12.40111111111111,28.899778275000372,-10.540053784551583,8.027135285445897,10.710659941037044,28.279278882668393,-3.5419089202417156,15.018568517183267,10.139319260683582,28.290302851720007,-3.4566438139258273,15.103646534924689,10.139640438571714,28.264156153280926,-3.510639572487791,15.050088685566115,10.134409126521511,28.32361869695766,-3.517985869026905,15.041827906913548,10.156266118773937,10.156266118773937,0.0,False,False,False,False,0.0,False,False,11.249374141768461
3497.899,2.8989999999998872,29.563166058449518,-19.236748878448296,12.458055555555553,29.917440247535662,-10.893151654509754,8.351115185193388,10.833072864835536,29.27901986879418,-3.6933900643683892,15.54595581752152,10.084038776445512,29.291428403089782,-3.59899202412248,15.640117671819302,10.084509762804405,29.263275785086982,-3.656333632607557,15.583301107560104,10.059320571741797,29.324904352282623,-3.663995783976002,15.574575679036073,10.081242214267927,10.081242214267927,0.0,False,False,False,False,0.0,False,False,11.591048223417099
3498.0,3.0,30.594044985011585,-19.903919360535312,12.353888888888887,30.956008206272994,-11.245494102360382,8.665987844726505,10.88402171610278,30.281867658554056,-3.8526601019555717,16.054294704822635,10.023241699910624,30.295935373114105,-3.747784556286663,16.158884898214982,10.023757024911546,30.264657154421347,-3.8138101588548734,16.093480371409488,10.013710516451576,30.32142634050998,-3.8209313401048,16.085298399179337,10.033191601714208,9.961358930220474,-0.07433852553367615,True,True,False,False,4.146485205183398e-05,False,False,11.886080002529546
3498.099,3.09900000000016,31.624923911573653,-20.59332885813884,12.441944444444443,31.97293521705432,-11.586009404149971,9.014039916427523,10.781099207455252,31.260449081737438,-4.010470038139341,16.58686373446226,10.001498617586035,31.276355440865885,-3.8941150815219907,16.702851275633197,10.002103227011727,31.24357649045358,-3.9708155420088436,16.626887104942824,10.01518155011349,31.30225259598259,-3.9782425672709993,16.61821919553626,10.034716430973123,10.034716430973123,0.0,False,False,False,False,0.0,False,False,12.225062653008267
3498.199,3.199000000000069,32.655802838135735,-21.30497737204896,12.498888888888889,32.990803873667545,-11.932918640459922,9.378044069109597,10.72655643163547,32.25048029040165,-4.1706254816395205,17.139145284175616,10.05653412953994,32.268422893822866,-4.041542074953396,17.267781023578586,10.057142626116779,32.2375417891559,-4.1319807306481176,17.178089415026875,10.123748243253043,32.29814888103046,-4.139720853137153,17.16898213969242,10.143337463099545,10.143337463099545,0.0,False,False,False,False,0.0,False,False,12.57111039939336
3498.3,3.300000000000182,33.70024596110786,-21.961028345982683,12.50388888888889,34.01606991312263,-12.292873470656717,9.673311917950102,10.790713516543319,33.2573249102366,-4.32446222824785,17.64212695460888,10.113068899872044,33.2773436955192,-4.18149198462797,17.784565205564473,10.113553536575315,33.24725818387695,-4.294943477748128,17.671891593657612,10.12937068868766,33.30982124750312,-4.302999283464218,17.662344743259318,10.1490147909109,10.1490147909109,0.0,False,False,False,False,0.0,False,False,12.924352424369417
3498.399,3.3989999999998872,34.758253280474996,-22.628198826489523,12.563888888888888,35.025730776324785,-12.647802156329865,9.983980263628332,10.830133250146249,34.249248934925745,-4.465338285271678,18.169991427172338,10.126937196939235,34.27127859441024,-4.307791977384976,18.32687784270918,10.127474764788403,34.24084624506081,-4.4382757991513,18.197280285273003,10.150895857372216,34.30533678540222,-4.44660965743549,18.18722953238816,10.170593755192456,10.170593755192456,0.0,False,False,False,False,0.0,False,False,13.273297660160905
3498.499,3.4989999999997963,35.80269640343207,-23.29536930778646,12.489999999999998,36.043445642584246,-13.009155458672007,10.289030836082974,10.769463459093778,35.25605018395959,-4.6042644852677705,18.699096811761926,10.199916587528698,35.28013908441899,-4.431322360930892,18.871283299363213,10.20046482325735,35.2522852286193,-4.579668110092709,18.723792986003506,10.274584338276401,35.05351080879393,-4.553822077440121,18.756515445106423,10.211136203200574,7.864927071146745,-2.4294095039367676,True,True,False,False,0.044260020007472464,False,False,13.570331453221513
3498.599,3.59900000000016,36.85392162459417,-23.98477880459989,12.578055555555556,37.04988465069931,-13.376699401500503,10.609889260970718,10.659684735719116,36.27122816298885,-4.741582758818104,19.252016147058193,10.28855340294942,36.29737596877639,-4.552912434013547,19.43983471409503,10.28910429832753,36.27299546995317,-4.7186847570428645,19.274850324878226,10.328085633214148,36.06791802317514,-4.691980277362791,19.308803087555834,10.264309430893704,10.264309430893704,0.0,False,False,False,False,0.0,False,False,13.92694669840514
3498.699,3.699000000000069,37.91192894396131,-24.64082977853362,12.588888888888889,38.049005615236226,-13.74297935498422,10.898712486705193,10.623255627964818,37.29231847425948,-4.881785106370317,19.7687572571143,10.324947868593215,37.320610844918676,-4.676976346761059,19.972608766496993,10.325542960423457,37.29760975323467,-4.856334198687595,19.79403075214955,10.34829507803705,37.08619521294513,-4.828778376802223,19.829251547634996,10.284190808471992,10.284190808471992,0.0,False,False,False,False,0.0,False,False,14.286594048547512
3498.799,3.798999999999978,38.95637206693345,-25.341358784290435,12.55888888888889,39.04448567746059,-14.10111466665735,11.240589478863876,10.535748595765325,38.31570640588963,-5.015139803133678,20.3363131014247,10.31683709254281,38.34609698116327,-4.7935298168259814,20.5568896226176,10.317296250109552,38.32072492073874,-4.999838622009553,20.35144932939532,10.314310425546248,38.10294585146765,-4.971390097044196,20.38783854714954,10.249878088736574,10.249878088736574,0.0,False,False,False,False,0.0,False,False,14.648146331525785
3498.9,3.900000000000091,40.01437938630057,-26.01964877374067,12.64611111111111,40.040946389378654,-14.460992830293225,11.5586864748831,10.443853785351932,39.354050091516825,-5.131991603879575,20.898092181421706,10.374827973046338,39.38630438611117,-4.892915002563365,21.136067705324628,10.375287076078124,39.3626540056639,-5.1252550675054485,20.90455534860591,10.466879583094313,39.13839729519714,-5.096026832341274,20.941950715502703,10.402115898367578,10.402115898367578,0.0,False,False,False,False,0.0,False,False,15.016906129943335
3499.0,4.0,41.06560460746268,-26.70905827134419,12.63,41.01780047964785,-14.824446564518054,11.884707849024519,10.401900272379416,40.39031845517486,-5.234404737720614,21.485268343137893,10.451863369437575,40.424197051533945,-4.977846977616589,21.74067496526813,10.45231344257369,40.40383067903167,-5.234330062590485,21.48492253586671,10.47061042616865,39.99721474890241,-5.181630392741131,21.55392326140025,10.355830384299932,8.983056449236972,-1.4224622249603271,True,True,False,False,0.01516295777590861,False,False,15.318376762155793
3499.1,4.099999999999909,42.082919337629754,-27.398467768947718,12.43388888888889,41.99048613092311,-15.190558938953066,12.208258757872208,10.384211111514162,41.433308678893184,-5.326580477959805,22.08144475785083,10.489458671310043,41.468636159224154,-5.052477946056249,22.35443143960591,10.489934281679288,41.450035212976715,-5.331571436278141,22.07597010489061,10.543668639322537,41.031961788393644,-5.2778068288725475,22.14561248184533,10.428311095249327,10.428311095249327,0.0,False,False,False,False,0.0,False,False,15.686895034818749
3499.2,4.199999999999818,43.14092665699689,-28.07675775839794,12.606944444444444,42.96446902682452,-15.561199941983809,12.516801698167583,10.458408022111971,42.48140519627284,-5.415962588825917,22.67039051879024,10.548580837183351,42.51812063426324,-5.124423912384779,22.960782136521274,10.54904360259653,42.50298432019588,-5.4198359995419585,22.665901129494163,10.589172679570803,42.07338668441747,-5.3651053630461245,22.736727911472762,10.473237633293103,10.473237633293103,0.0,False,False,False,False,0.0,False,False,16.05882063268309
3499.3,4.300000000000182,44.21928027094899,-28.755047747848167,12.760000000000002,43.946170405541025,-15.936612807698326,12.821344052533549,10.562341314615955,43.53292190718886,-5.497847717615875,23.26732561017145,10.546239549807856,43.570893248672945,-5.188927226196032,23.575038540195216,10.546705887375865,43.555489401692526,-5.511116601833853,23.253407351155282,10.539945569167346,43.114312850420035,-5.4553817607989945,23.32585235545502,10.423433020685152,10.423433020685152,0.0,False,False,False,False,0.0,False,False,16.43277147053603
3499.399,4.398999999999887,45.270505492126155,-29.466696261758287,12.748888888888889,44.92589334880781,-16.307989666860664,13.163218329114072,10.604305059905005,44.57426005975491,-5.570590774608113,23.906246362720903,10.542167709957726,44.613336783961046,-5.244466936909173,24.23114244472538,10.542634862991456,44.598480689608024,-5.5831141466708365,23.893034800613435,10.580727661707995,44.14576854712561,-5.526583005364843,23.96651947873104,10.463643386043358,10.463643386043358,0.0,False,False,False,False,0.0,False,False,16.80456054959617
3499.499,4.498999999999796,46.328512811493276,-30.144986250418427,12.675,45.91689963146169,-16.687014574690586,13.464264815973745,10.616117058641137,45.62811164360049,-5.6402626210930675,24.514731121217753,10.581092630875773,45.66824175280271,-5.2967317708535315,24.857025335952027,10.581559911084561,45.65571286290526,-5.657840672039802,24.49638663859484,10.616667667441018,45.06336233389062,-5.584687839215871,24.59286204934873,10.465941744321988,9.573494410194145,-0.9255114793777466,True,True,False,False,0.00641369886752684,False,False,17.107591053640355
3499.6,4.599999999999909,47.38652013084536,-30.85663476353846,12.766944444444446,46.91653137701845,-17.075888886207753,13.788757970328255,10.62369559497923,46.69708870840869,-5.709221328426136,25.15686224795753,10.63085947390235,46.73827950515729,-5.347728536455319,25.51714154859265,10.631430325862976,46.729245175862886,-5.72392895517599,25.14129892460101,10.68164197395545,46.12166163281691,-5.649838354823155,25.23851129148583,10.530153007317297,10.530153007317297,0.0,False,False,False,False,0.0,False,False,17.490040674294814
3499.7,4.699999999999818,48.45130954843257,-31.55716376850519,12.816944444444445,47.90564906250789,-17.470493197364604,14.097234946816267,10.675224249378589,47.762555076121686,-5.773668615682952,25.79269286093905,10.717922972751913,47.80476038819962,-5.393571113018195,26.17158012919455,10.718446893697228,47.80044760228742,-5.796175036759496,25.76920956704083,10.791076854214351,47.17771181042103,-5.72106250947908,25.86747338772998,10.638832398943405,10.638832398943405,0.0,False,False,False,False,0.0,False,False,17.873143042550385
3499.799,4.798999999999978,49.509316867784655,-32.25769277426202,12.77611111111111,48.89085653812592,-17.87266479556706,14.398316676861858,10.822414625633602,48.824285443420095,-5.834839437575724,26.43173181054168,10.766916821357327,48.867471428338966,-5.435690371369902,26.8296809237249,10.767480210010351,48.86681922681895,-5.853325252943436,26.412183314135735,10.782700045869541,48.22899586308148,-5.777404135135772,26.511222308421065,10.62970765685213,10.62970765685213,0.0,False,False,False,False,0.0,False,False,18.255425518306367
3499.899,4.898999999999887,50.56054208896182,-32.95822178001883,12.70888888888889,49.89794348589356,-18.280130623198726,14.693039063335693,10.905725116385721,49.89805712559582,-5.897322388291622,27.06900741098329,10.744970832787683,49.94225049122161,-5.478838824820358,27.486337917196035,10.74553825493528,49.94127935153682,-5.919532345839278,27.045779941720596,10.747259905422151,49.28814800831748,-5.842667966577523,27.14539086670314,10.593512027771947,10.593512027771947,0.0,False,False,False,False,0.0,False,False,18.643208663101216
3500.0,5.0,51.62533150653396,-33.658750784985564,12.805,50.92040401755138,-18.686568500990823,14.988767965042666,10.88202663455787,50.98160732947558,-5.943650061130726,27.72257543861227,10.732612238609596,51.02651446039208,-5.506098256772575,28.159020335037358,10.733272146675837,51.02570661256459,-5.978910978042031,27.68633384454366,10.75871445544814,50.234162562516374,-5.886947618862995,27.8066251481307,10.574786972958094,9.801116359386388,-0.8030871748924255,True,True,False,False,0.00482461819810806,False,False,18.952983145927618
3500.099,5.09900000000016,52.72403141510116,-34.381518807048984,13.106111111111112,51.912018794644624,-19.086266745865693,15.316791443083385,10.7171510479122,52.04589961984521,-5.996595374269952,28.39302275236762,10.798677500653566,52.091624493262835,-5.540709260221734,28.84774226575021,10.799316088377568,52.09730805521092,-6.01186660083307,28.376573938223824,10.900034538891395,51.287518585446335,-5.919342128962405,28.498404698585823,10.71519341935602,10.71519341935602,0.0,False,False,False,False,0.0,False,False,19.338828880685917
3500.199,5.199000000000069,53.78882083267333,-35.07092830465251,12.788888888888888,52.90157216566918,-19.49367356268018,15.602502218983984,10.68563280346648,53.12722147859369,-6.051826600722675,29.02664254453729,10.859256933490217,53.17380439648145,-5.577688837226548,29.499651175898993,10.860098252955131,53.184116207219375,-6.086486430794211,28.990749186992666,10.887301950892105,52.35584000552994,-5.992692667015658,29.113523006480932,10.701537965654378,10.701537965654378,0.0,False,False,False,False,0.0,False,False,19.733289122257425
3500.299,5.298999999999978,54.86039234843545,-35.78257681856263,12.836944444444445,53.89770164913955,-19.896621040509913,15.915098628810233,10.805788307254536,54.21019465459449,-6.090058971263272,29.699635909439483,10.813730201758478,54.257328116228294,-5.598526326386393,30.190074371925824,10.81443424180407,54.268356468525596,-6.122943676723256,29.665541366905767,10.809758449265683,53.42146824361764,-6.028524089377797,29.788826032432652,10.623071598325604,10.623071598325604,0.0,False,False,False,False,0.0,False,False,20.127743514298697
3500.4,5.400000000000091,55.94552806060765,-36.483105823529364,12.941944444444445,54.91960693301638,-20.293505857722177,16.222073271098925,10.903002975880726,55.296363907309306,-6.127781319494441,30.36226506443797,10.707594398357854,55.344007088444584,-5.620238983781615,30.86872814108079,10.708278384201833,55.35262337947444,-6.163049500400695,30.325852855255437,10.675556248898706,54.48684562955182,-6.067931210593748,30.45013302384793,10.48793730359925,10.48793730359925,0.0,False,False,False,False,0.0,False,False,20.525436639287364
3500.5,5.5,57.0306637727949,-37.172515321132884,12.995,55.942510222617436,-20.68408418163936,16.524298459861573,10.995704624582414,56.36347298440633,-6.159052862820942,31.020638246194014,10.643855205743206,56.41150957926638,-5.637605010161098,31.540987940082008,10.644651641270947,56.41991230341691,-6.197681436323313,30.98085459681341,10.681456820892564,55.39783968694883,-6.087162495636056,31.128207060172013,10.462105846419119,9.673764204417427,-0.8191508054733276,True,True,False,False,0.005014440577433821,False,False,20.828028728027363
3500.6,5.599999999999909,58.11579948495203,-37.884163835043005,12.963888888888889,56.96454310083548,-21.08114453920118,16.84241220010963,10.933614255247047,57.42848662983657,-6.187460987605728,31.704153834466947,10.66399691826872,57.47685572818605,-5.6538340419088415,32.2366624776589,10.664760039235237,57.48941276221204,-6.225641475400499,31.66471851007694,10.715860722671586,56.44535726261246,-6.114547834378771,31.813501505616063,10.495403815792791,10.495403815792791,0.0,False,False,False,False,0.0,False,False,21.22120863234541
3500.7,5.699999999999818,59.20093519712422,-38.58469284000974,12.985,57.97768670677928,-21.48011208030507,17.148265796703473,10.84376144995681,58.495347762300014,-6.2216033439735465,32.37078027105046,10.684394294093272,58.544071838011526,-5.677290822654153,32.91395717631661,10.685039155618693,58.56094643949395,-6.254791302990952,32.33623538699616,10.722741228014554,57.494798125954034,-6.14309665265799,32.486428964858796,10.501178388730409,10.501178388730409,0.0,False,False,False,False,0.0,False,False,21.617050216534654
3500.799,5.798999999999978,60.29285300750143,-39.285221845766564,13.028055555555556,58.973717536790275,-21.867427098523216,17.46767563951158,10.746025957007884,59.55180920431511,-6.271648308162011,33.021889462007834,10.68338463906148,59.60096840929848,-5.718155321659365,33.57419633187172,10.68369676791723,59.62164913424358,-6.29381850028388,32.99823039715618,10.720095737425408,58.53352677235563,-6.181315342982425,33.1506237429516,10.497438025059965,10.497438025059965,0.0,False,False,False,False,0.0,False,False,22.011302337494605
3500.899,5.898999999999887,61.384770817863604,-39.98575085073329,12.993888888888888,59.97263138750558,-22.250719671921864,17.791162656897534,10.65250126923123,60.6189974682537,-6.336753971515099,33.65770936651227,10.700161070409115,60.66866142949302,-5.774888454642818,34.218356455860786,10.700401428324481,60.69374908701643,-6.355955909397154,33.63689371551453,10.757887094758344,59.58334305353594,-6.242161221754046,33.79164072724268,10.534123449987552,10.534123449987552,0.0,False,False,False,False,0.0,False,False,22.41254790416204
3500.999,5.998999999999796,62.46312443183076,-40.686279856490124,12.965,60.9688747506544,-22.631255029689665,18.11675201591269,10.67643740386075,61.686288942310604,-6.409825673130937,34.28525608423684,10.695844825020488,61.73647964184188,-5.840119890424976,34.85373548174456,10.696008531135861,61.76509710069941,-6.424577041295041,34.26881267204559,10.712980853859808,60.49815098944558,-6.2958432413765255,34.44652741870253,10.459740899610349,9.754122037944652,-0.7339892387390137,True,True,False,False,0.004021647787880181,False,False,22.716585366301427
3501.1,6.099999999999909,63.548260144002946,-41.353450337787045,12.843055555555555,61.97764045502066,-23.011821989915646,18.408752718716674,10.673467703940297,62.76249366925666,-6.486881629703668,34.87542175269475,10.669713067303837,62.81318862358734,-5.91003629116697,35.4510356607571,10.669872673152105,62.843894332576326,-6.503202444533068,34.85736521049117,10.70600219012661,61.551373522126696,-6.372604697454192,35.03779556269804,10.451469198503084,10.451469198503084,0.0,False,False,False,False,0.0,False,False,23.12214884757188
3501.199,6.199000000000069,64.65374215079021,-42.053979343543865,13.051111111111112,62.96615893497205,-23.377078266049864,18.752988321033204,10.616393627863614,63.814278553504366,-6.56223158445432,35.50167401864321,10.632941264838678,63.86539317655126,-5.9794359354104625,36.0831564058701,10.633007807539569,63.89790151669476,-6.577313975216208,35.48471615668426,10.639644538941097,62.5801814188446,-6.444944363780507,35.66935696503481,10.38384411464398,10.38384411464398,0.0,False,False,False,False,0.0,False,False,23.520664431516728
3501.299,6.298999999999978,65.75922415754738,-42.78786687297049,13.203055555555556,63.962718260021205,-23.738794837753332,19.133598167692835,10.587136689237084,64.8730036143287,-6.639115849271665,36.159612655898144,10.597320934483047,64.92447655309505,-6.051303655767918,36.74604578148049,10.597372012873853,64.95883304858499,-6.6547311406735785,36.14199944352689,10.635403126043867,63.61553689928297,-6.520495220859364,36.33067081150028,10.378322466722926,10.378322466722926,0.0,False,False,False,False,0.0,False,False,23.924278649496483
3501.4,6.400000000000091,66.85792406612964,-43.48839587872731,13.09611111111111,64.96604523788628,-24.10019589502757,19.480285010971734,10.530316438477062,65.93992905026943,-6.71200521846058,36.78784615665475,10.579324845540569,65.99168783200012,-6.120039106848841,37.37839553864925,10.579438046135978,66.02864079300242,-6.732043197037848,36.7657064831866,10.604154717733492,64.6593819063395,-6.595931021770548,36.95791594300421,10.345781021038484,10.345781021038484,0.0,False,False,False,False,0.0,False,False,24.333511495036163
3501.5,6.5,67.94984187650684,-44.17780537554075,13.036944444444444,65.95454400984703,-24.45254371986773,19.825921440413847,10.458143114370618,66.99411861288225,-6.781626432263982,37.40838952045664,10.550425544555399,67.04607659617844,-6.186703929751171,38.001849701642186,10.55050027340036,67.08552875827182,-6.800067237482778,37.3877298787127,10.577341369292919,65.40098761598128,-6.634083210685826,37.63014392788338,10.259533909162766,8.854804441968618,-1.4628829956054688,True,True,False,False,0.015956823579393032,False,False,24.632520378578093
3501.6,6.599999999999909,69.05532388327907,-44.900573396814075,13.143055555555554,66.93920887964795,-24.79948732741468,20.212164749922138,10.421849604316396,68.04623945942423,-6.849536126664909,38.06441499233566,10.535884445095977,68.09831484068575,-6.2529746902547725,38.659445832692036,10.536029275331932,68.14075049958785,-6.8715344509421445,38.040034800467794,10.575440820742555,66.42441910513165,-6.70339735939255,38.2876731753896,10.25598669546623,10.25598669546623,0.0,False,False,False,False,0.0,False,False,25.03636236856264
3501.7,6.699999999999818,70.14045959545126,-45.62334141966759,13.081944444444444,67.92345386344341,-25.143037431695806,20.599950627501237,10.42780757359661,69.09663156965492,-6.910893888382368,38.72651766954975,10.507859798046681,69.14873756979,-6.314151236380436,39.32169815053797,10.50807443822283,69.19362047599105,-6.93613935975802,38.69878690013953,10.521563530173463,67.44532146055138,-6.766040710480516,38.95065580924642,10.200462739750966,10.200462739750966,0.0,False,False,False,False,0.0,False,False,25.441380313833083
3501.799,6.798999999999978,71.2459416022235,-46.334989932787614,13.20111111111111,68.90363571714234,-25.47960744322066,20.986504607614428,10.50877827805854,70.13279103498922,-6.964989291502168,39.38573415184932,10.453273273284992,70.18485053731997,-6.369638722973705,39.979434858084126,10.453559964526354,70.23091111911911,-6.993668212742003,39.35441374943557,10.466006432709678,68.45079133159203,-6.821804761543859,39.61192582307011,10.143275443792469,10.143275443792469,0.0,False,False,False,False,0.0,False,False,25.842726671958687
3501.899,6.898999999999887,72.35142360898064,-47.05775795406094,13.19,69.90259002581976,-25.82012996139186,21.378344853449665,10.599188070684189,71.1748583433793,-7.017472492763606,40.057568144439294,10.414510243754165,71.22679226337557,-6.425042834507145,40.648275900096095,10.414761403801801,71.27519251932034,-7.044773926851365,40.02745512919951,10.444617057017851,69.4627559756666,-6.871328937478516,40.290116378593076,10.12023940295447,10.12023940295447,0.0,False,False,False,False,0.0,False,False,26.248960721065643
3501.999,6.998999999999796,73.44334141937293,-47.747167451664474,13.08,70.9049326591713,-26.1619807346976,21.733932102594586,10.581490498271895,72.21378371641273,-7.073131914599328,40.69261577995874,10.3938276275449,72.26550493615306,-6.484906327991444,41.27906844660357,10.394020130629144,72.31726912119775,-7.098749195708292,40.66401290492453,10.424853217337855,70.35885538837363,-6.913020352266781,40.95047769453586,10.077041556276692,9.56577901667002,-0.5330498814582825,True,True,False,False,0.002116196457374101,False,False,26.541318882294448
3502.1,7.099999999999909,74.53525922973509,-48.492174489244384,13.185,71.91697594847373,-26.504868976202623,22.14265140096753,10.577988916260667,73.2610371169639,-7.119254743322433,41.39253713285975,10.36529168430296,73.3125434268229,-6.536562437171348,41.97342512350818,10.365800530503849,73.3669673675857,-7.156856363257294,41.35182499541854,10.393073680899814,71.37338737570576,-6.969180853986761,41.64320393599594,10.043457664218964,10.043457664218964,0.0,False,False,False,False,0.0,False,False,26.951275073197536
3502.2,7.199999999999818,75.63395913830226,-49.170464478694605,13.061944444444444,72.92226554618225,-26.843899818836498,22.49063742201118,10.640391333015334,74.29614771028112,-7.145488358078332,42.04626448752983,10.34412937407065,74.34752003861303,-6.569796368954605,42.62008738791402,10.344848941390989,74.4052738782267,-7.19081675801417,41.99762481641976,10.384161153923358,72.3766616934966,-7.001995433816931,42.29408668162423,10.032758646529953,10.032758646529953,0.0,False,False,False,False,0.0,False,False,27.35823304996689
3502.299,7.298999999999978,76.73265904688452,-49.91547151627453,13.231944444444444,73.92193648033619,-27.184232115158327,22.90435343023159,10.693322041034307,75.32007626068713,-7.16579259708016,42.773010623780884,10.345398269520649,75.37131113455355,-6.598581723614234,43.33827649374033,10.346042703347717,75.4337111772135,-7.2092954751927145,42.72592582519417,10.395703415566587,73.37022822566755,-7.019847601337635,43.02720641732595,10.042532282367745,10.042532282367745,0.0,False,False,False,False,0.0,False,False,27.762873224863732
3502.399,7.398999999999887,77.83814105365673,-50.62712003018465,13.20111111111111,74.93320669383115,-27.530971418202167,23.27811685557222,10.687939025608129,76.3541486693025,-7.189355965893206,43.4631059670368,10.34143098391892,76.40516963725425,-6.6321802936345735,44.018270405627014,10.342076287303808,76.47205341188491,-7.231818811329889,43.41679816983444,10.376026382167128,74.37317234938466,-7.041603094729881,43.723029339838746,10.02106875825573,10.02106875825573,0.0,False,False,False,False,0.0,False,False,28.173730911773774
3502.499,7.498999999999796,78.92327676582892,-51.36100755882119,13.145,75.94435437598314,-27.874064401611168,23.6751024807653,10.667538743175179,77.38694038797836,-7.219376007492244,44.168359325191,10.323405217503927,77.43761419849929,-6.6736986592491965,44.71199805365145,10.323867265181054,77.50860622742677,-7.2565745623592655,44.127115277022384,10.360941444578655,75.4150134709673,-7.069081628698301,44.43064948822565,10.011723928025187,10.183335826472836,0.17913849651813507,True,True,False,False,0.00023871542333862188,False,False,28.462742409042555
3502.599,7.59900000000016,79.99484828160612,-52.08377558009452,13.066944444444443,76.95313109900187,-28.212824012429135,24.06396418225344,10.615212192712542,78.41828696963138,-7.257400920957906,44.85409023324072,10.317611167336102,78.46844178839906,-6.724627291141733,45.38482400849113,10.31793925247804,78.54430487611138,-7.292059282125436,44.81519747908039,10.365185605270256,76.41572401887835,-7.103367599240769,45.12258007485939,10.014230515837921,10.014230515837921,0.0,False,False,False,False,0.0,False,False,28.875057159907882
3502.699,7.699000000000069,81.07998399377831,-52.80654360215794,13.07111111111111,77.95353645290186,-28.547730038254663,24.45945031586094,10.484297377361694,79.4491682858253,-7.302126521704787,45.533630798621175,10.319567534670371,79.49864086964737,-6.7834667325205835,46.050236162529984,10.319824728681095,79.58001510988319,-7.332947796749167,45.49832768494182,10.365155047692928,77.41627925015158,-7.142868239353957,45.810413445940696,10.012462385381735,10.012462385381735,0.0,False,False,False,False,0.0,False,False,29.289721497891556
3502.8,7.800000000000182,82.1651197059505,-53.51819211527796,13.051944444444445,78.95439327629308,-28.87723429904266,24.84925685624398,10.381292048631586,80.48868068555274,-7.354567646031928,46.194054508417885,10.291115572670344,80.53729061019764,-6.851225452824758,46.69534885874072,10.291354288881049,80.62284579230402,-7.382266849181486,46.1616963399695,10.308038316697077,78.42343921829514,-7.190500300928225,46.47854560673201,9.953590705778232,9.953590705778232,0.0,False,False,False,False,0.0,False,False,29.709994050736256
3502.899,7.898999999999887,83.22312702531764,-54.25207964470459,12.946944444444444,79.93081557436648,-29.19032459469955,25.27708212742359,10.333782316944463,81.50433037316493,-7.40815288945782,46.87544917952654,10.255604451260078,81.55199496098832,-6.920820487593557,47.36075142746403,10.255882980268447,81.64114073127007,-7.4368595810931435,46.841941785529364,10.293119241273928,79.40660913660784,-7.2432099135563215,47.16354145094397,9.936951433205016,9.936951433205016,0.0,False,False,False,False,0.0,False,False,30.12310790876415
3502.999,7.998999999999796,84.32860903208987,-54.95260865046141,13.08,80.91244374745693,-29.505231130939205,25.675653991145293,10.284389171609924,82.5296595640843,-7.456901797609158,47.529763187296794,10.274337569274078,82.57639078810772,-6.986860395618938,47.99774238879853,10.274709538352955,82.67172942345367,-7.49035163310484,47.491168560261045,10.346400637706447,80.60494685216445,-7.311822670660505,47.78608739793834,10.02458062993807,10.824581529952034,0.8360862731933594,True,True,False,False,0.005193806048354916,False,False,30.41157099115781
3503.099,8.09900000000016,85.40018054786702,-55.67537667173473,12.993888888888888,81.88700184758717,-29.825899094256574,26.087121642846036,10.234952816081764,83.55898072055284,-7.498220126820074,48.212326531264964,10.328759816683935,83.60485186376323,-7.046550725238312,48.66195555070315,10.329197427466058,83.70821327479798,-7.535122203984156,48.16997875723962,10.402605874477032,81.60920369289099,-7.355201206669987,48.46865855880075,10.079284665323225,10.079284665323225,0.0,False,False,False,False,0.0,False,False,30.833758111281092
3503.199,8.19900000000007,86.47175206362917,-56.40926420195145,13.005,82.85536287691663,-30.150962639579223,26.506162900168164,10.194372871228024,84.59433875418156,-7.535019936839019,48.910289645639665,10.391501563086932,84.63937606313328,-7.102889556365404,49.34041125181349,10.391954455962201,84.75122087872751,-7.573822837962321,48.86574015375025,10.471901074690393,82.61982640143474,-7.39270020417108,49.167681229193335,10.147078664151163,10.147078664151163,0.0,False,False,False,False,0.0,False,False,31.260083636559717
3503.3,8.300000000000182,87.51619518658623,-57.143151731378076,12.931944444444444,83.82776782110999,-30.481812554648823,26.915265243482036,10.145238165022063,85.64663592798878,-7.574568221857777,49.60382770474165,10.460910518783015,85.69070904424538,-7.1634633190533465,50.013014840628685,10.461219621021963,85.81181958159928,-7.609873554190356,49.562592175768366,10.542182575663642,83.64756045219896,-7.427633820930811,49.86581048987483,10.21584395172513,10.21584395172513,0.0,False,False,False,False,0.0,False,False,31.695179102290247
3503.4,8.400000000000091,88.5742025059534,-57.8548002444981,12.860000000000001,84.78718344342349,-30.812197315527357,27.306480669503017,10.148947136313888,86.69454741408455,-7.617312851764137,50.27263910716736,10.51474898104019,86.7375268726278,-7.2281028786675945,50.66000260119853,10.515013043631711,86.86704543264186,-7.653298034951747,50.230520695768675,10.58019685696618,84.6701050414993,-7.469713407781213,50.53611532909369,10.252357031642246,10.252357031642246,0.0,False,False,False,False,0.0,False,False,32.13018241852457
3503.5,8.5,89.68646661094567,-58.633165806537924,13.348055555555554,85.7476028455733,-31.144145259761718,27.769783909552626,10.174389623571482,87.74623113490689,-7.661958213438807,51.0081220709142,10.537912188789893,87.78801315446854,-7.295604972500701,51.372651069561144,10.538106059258578,87.92463957919487,-7.696057240577101,50.967568742782774,10.58896683450685,85.60311141108586,-7.503863688753033,51.2920980730945,10.243899671872128,9.90462784508425,-0.3549979627132416,True,True,False,False,0.0009352286806572662,False,False,32.42890022243412
3503.6,8.599999999999909,90.7851665194978,-59.35593382781125,13.223888888888888,86.70887557534954,-31.476492115367446,28.17586587948801,10.167684633876533,88.79971506138166,-7.715346879096761,51.67874067641622,10.559209581903604,88.84004894788156,-7.372598294047759,52.0197141051664,10.559319805963804,88.98430254221502,-7.743178232353418,51.64416376727518,10.625235795473515,86.62822157311307,-7.549448189863679,51.97299438595145,10.278564030469973,10.278564030469973,0.0,False,False,False,False,0.0,False,False,32.8667518169374
3503.7,8.699999999999818,91.86352013348002,-60.08982135723786,13.168055555555556,87.66934664284727,-31.80759772730743,28.591524351159062,10.151150421881272,89.85416815650454,-7.775107109336949,52.35328855198021,10.563694212897891,89.892851243474,-7.4566790977126844,52.670021833918504,10.563769950602996,90.0437470669349,-7.803439280126052,52.31804014608577,10.597903414734226,87.65297476463678,-7.607735999738291,52.65071676411403,10.249627047361864,10.249627047361864,0.0,False,False,False,False,0.0,False,False,33.30726726305889
3503.8,8.800000000000182,92.98256633664724,-60.812589378511184,13.261944444444445,88.62994053237696,-32.135547783475474,29.00548337875802,10.149533277349846,90.90855595067778,-7.830286804703132,53.02288095816425,10.553098991905173,90.94563255063369,-7.537019572213766,53.31449556578654,10.55322452688289,91.10217873258287,-7.863207365781321,52.98276052709522,10.604453198633603,88.67655408595905,-7.665536024564928,53.321206116425074,10.254572228892414,10.254572228892414,0.0,False,False,False,False,0.0,False,False,33.749805468174195
3503.899,8.898999999999887,94.10839463803455,-61.546476908727904,13.443055555555556,89.58271946972022,-32.46310774792418,29.4333840642337,10.204411853213127,91.9529190106704,-7.883333618898914,53.706415100292055,10.572414383113372,91.98840626602701,-7.61547592964543,53.972652494603615,10.572527537373883,92.15241748337033,-7.91382456192567,53.668307634790565,10.637118797389622,89.69211623801174,-7.714481951011353,54.01284288050508,10.285649271303305,10.285649271303305,0.0,False,False,False,False,0.0,False,False,34.19081668516317
3503.999,8.998999999999796,95.22065874299673,-62.28036443736443,13.348055555555554,90.54875749730135,-32.7978979690589,29.850334844089943,10.24372260313564,93.00857723122988,-7.941846710341694,54.383525201890556,10.573201613955415,93.0423101519903,-7.700006501264296,54.623810513518265,10.573295659570716,93.21305438857861,-7.9704487455486746,54.347009280143595,10.605827729519858,90.59420106066985,-7.759758300604709,54.71654780965301,10.23226865045943,9.801561788311043,-0.45119181275367737,True,True,False,False,0.001508992775288824,False,False,34.49198839479595
3504.099,9.09900000000016,96.33292284797398,-63.01425196758115,13.358055555555556,91.5169274799816,-33.13191777906286,30.267932006313437,10.23965976017491,94.06487238826361,-7.999667741737368,55.06131609787631,10.584407041510289,94.09681634820573,-7.7845038244290015,55.27499662808062,10.584485802717902,94.27454608769132,-8.031452114279617,55.02131582028448,10.659035667864007,91.61831156381757,-7.818613391696775,55.396625144139875,10.283737241499972,10.283737241499972,0.0,False,False,False,False,0.0,False,False,34.93910695602153
3504.199,9.19900000000007,97.45196905115625,-63.74813949700778,13.364999999999998,92.4821916321676,-33.473391517641375,30.67994544989348,10.238680846887538,95.12586126344748,-8.058308820253965,55.7383890890789,10.667867998304537,95.15593282796385,-7.870615905284141,55.92467635205271,10.667872733136988,95.3447542181371,-8.087117019156418,55.70089566274828,10.774060460407275,92.65095366491865,-7.872324368743481,56.081694562369094,10.397022686739641,10.397022686739641,0.0,False,False,False,False,0.0,False,False,35.39141507057939
3504.299,9.298999999999978,98.54388686153348,-64.4820270264344,13.296111111111113,93.44402399731287,-33.82282190249091,31.080467500761618,10.22810507518457,96.19299436643558,-8.12752572818739,56.40351506863407,10.720069887106236,96.22086229425118,-7.967972507771329,56.561778625487186,10.719992274923483,96.41994354203916,-8.150018751941662,56.37203465781542,10.766493944922958,93.68841674973372,-7.933019005757506,56.75707795622639,10.387716823951724,10.387716823951724,0.0,False,False,False,False,0.0,False,False,35.848057394510576
3504.399,9.398999999999887,99.65615096649569,-65.21591455586102,13.325,94.40529327973371,-34.16701143140601,31.489774398658675,10.192788593582423,97.26162156572879,-8.204702984047298,57.061475760246886,10.708150890086102,97.28699714645676,-8.07405005670773,57.19095704971722,10.708012764465963,97.49307303941356,-8.226421559246695,57.03052882561921,10.75042318649915,94.72367742311206,-8.00672569440238,57.42142967083128,10.369906718224316,10.369906718224316,0.0,False,False,False,False,0.0,False,False,36.30684263565685
3504.499,9.498999999999796,100.80232556249808,-65.93868257792445,13.508055555555554,95.36887485669155,-34.50452117612111,31.900296073971678,10.226865468990104,98.32847357378142,-8.28183419019723,57.70989611554885,10.684590418867032,98.35127813591087,-8.180817797320104,57.8098484473187,10.684452194300734,98.5636932991244,-8.304841176282899,57.67730185367715,10.719345110727447,95.52135158621789,-8.064679583251126,58.11444664423473,10.299221182844377,9.522323126554653,-0.8147661685943604,True,True,False,False,0.004915199857143523,False,False,36.61344642724577
3504.599,9.59900000000016,101.93493596207534,-66.67257010735108,13.53,96.34035312327438,-34.83787742732969,32.32254654527724,10.314975963178096,99.39128729854602,-8.357337890858222,58.37068148468854,10.625256393921335,99.4115083543842,-8.28643108692712,58.44064438901688,10.625097625681569,99.62853925022843,-8.380814764318517,58.33736544243649,10.631709998127214,96.5441925285605,-8.137656238981405,58.78261865843882,10.209598243014856,10.209598243014856,0.0,False,False,False,False,0.0,False,False,37.07000370184332
3504.7,9.699999999999818,103.0539821652275,-67.39533812862439,13.373888888888889,97.32935260160708,-35.167490781244624,32.73233154369987,10.328389596199699,100.45810600751952,-8.439441231052156,59.013018496119344,10.56274479222162,100.47545507601941,-8.399564053624562,59.05209700474828,10.562401205777833,100.69797733777591,-8.456460338078838,58.98594810593315,10.59819305909496,97.57100244722139,-8.210286554232303,59.43848413655514,10.174073598481037,10.174073598481037,0.0,False,False,False,False,0.0,False,False,37.53148235143409
3504.8,9.800000000000182,104.17981046661481,-68.12922565805101,13.45,98.308373129346,-35.487346046,33.16573655164477,10.270555069068914,101.50905573301432,-8.52676990880288,59.662263300918546,10.528690851049113,101.52327769091109,-8.518345674009435,59.67004423377107,10.528273170862507,101.7524019419065,-8.544220861287071,59.63442888781788,10.563216678647912,98.58306219883158,-8.294521020092988,60.09588563524636,10.137109390804703,10.137109390804703,0.0,False,False,False,False,0.0,False,False,37.98967261383821
3504.9,9.900000000000091,105.32598506260214,-68.86311318747764,13.576944444444445,99.28480020067761,-35.79614735880353,33.61428481539727,10.2119582660218,102.55353792915996,-8.619606990654793,60.30726740612912,10.443673085736215,102.56438725859442,-8.643064783106285,60.28333643931737,10.443188158244215,102.79846803086502,-8.6310013112191,60.285119585349136,10.429973731210058,99.58656438257361,-8.377770416983017,60.757037780051164,10.00187861613757,10.00187861613757,0.0,False,False,False,False,0.0,False,False,38.447374901165944
3505.0,10.0,106.44503126576936,-69.59700071690426,13.45111111111111,100.25886463748989,-36.08675806740252,34.076458442469104,10.1186152956909,103.58804458118112,-8.715246070971018,60.94875242105886,10.334749275997979,103.59539246557235,-8.770657049691602,60.89305810364142,10.334271913245795,103.83259541629793,-8.7291010693142,60.92393641727936,10.345425295933572,100.31200945236435,-8.451786713319875,61.452023173430455,9.873637290377037,9.037641547967745,-0.8777008056640625,True,True,False,False,0.005697636278225791,False,False,38.74283497241744
3505.1,10.099999999999909,107.57085956715667,-70.33088824712098,13.483888888888888,101.22419357019099,-36.363212082892204,34.55550887014914,9.964144980110463,104.61301147927219,-8.818764013814729,61.58319813881627,10.270101303296482,104.61658726264427,-8.906046883647916,61.49584426103149,10.269589397673306,104.86094008524908,-8.821663653792022,61.56889128180729,10.304616739930768,101.29325273597298,-8.540109643437221,62.108845327991624,9.830568571451764,9.830568571451764,0.0,False,False,False,False,0.0,False,False,39.19470831191932
3505.199,10.19900000000007,108.68990577032389,-71.06477577575751,13.416944444444445,102.16987813206971,-36.630135262756525,35.0464723997039,9.887039794274793,105.62153712881192,-8.934333898758041,62.206162829348536,10.237554125648488,105.62095786156078,-9.053074390794228,62.08759578148084,10.237042089421763,105.87352433957642,-8.93514911102332,62.19342822085553,10.279703551433588,102.25908814806984,-8.648355720623956,62.746831854601005,9.803417821661332,9.803417821661332,0.0,False,False,False,False,0.0,False,False,39.64305519934086
3505.3,10.300000000000182,109.82251616990115,-71.79866330597423,13.50611111111111,103.13197508935494,-36.899240678064224,35.534955180947584,9.895618206962755,106.64693881055129,-9.056384994409994,62.822589721301675,10.210796195126749,106.64199436640223,-9.2070972424719,62.67232133266094,10.210286038599113,106.90332191845386,-9.055759191376081,62.81077703556405,10.251711499568616,103.24099294577692,-8.763356589706705,63.377964157612446,9.77314300524466,9.77314300524466,0.0,False,False,False,False,0.0,False,False,40.10185154718071
3505.399,10.398999999999887,110.93478027487842,-72.52143132724754,13.368055555555555,104.077154527842,-37.16231706465535,36.01796763174551,9.924750479671653,107.64948666675993,-9.178469166339456,63.42810110203346,10.192318472634929,107.64020059908763,-9.360359189481125,63.24693896808182,10.191809196877816,107.91043173002821,-9.177559921032959,63.416028958361835,10.242195910257337,104.20095725684232,-8.879455501849707,63.99723009161221,9.761389854640141,9.761389854640141,0.0,False,False,False,False,0.0,False,False,40.553245190421464
3505.499,10.498999999999796,112.06739067445568,-73.24419934931097,13.426944444444445,105.03379268790499,-37.421219309552505,36.506950017295935,9.896798484291136,108.65803329648304,-9.304361913780504,64.03066865973524,10.13520220852373,108.64427780858374,-9.51764600817555,63.8184244747007,10.134681154432146,108.92186699639538,-9.301570616808668,64.01995070625928,10.137990062592799,105.03664643769307,-8.987655167834042,64.64004049092843,9.63537690928934,9.25181331010042,-0.403110533952713,True,True,False,False,0.0012006203253726012,False,False,40.842037346362
3505.599,10.59900000000016,113.22712946683802,-74.05592343502059,13.863888888888887,105.9901325431063,-37.66562795718735,37.102934242969425,9.84525049130471,109.65922758307907,-9.434977344480775,64.71936802448386,10.058478974952788,109.64086059748098,-9.679419032898169,64.47631846996079,10.057977654128665,109.92519030844674,-9.429049761189967,64.71117062037263,10.089798751318204,105.98999088791464,-9.108784153232007,65.34911687007397,9.584798655622604,9.584798655622604,0.0,False,False,False,False,0.0,False,False,41.29393068578922
3505.699,10.69900000000007,114.33261147361023,-74.78981096365712,13.479999999999999,106.93856004237182,-37.90232210852006,37.621255037620145,9.705105889600876,110.65405568000973,-9.5807965355074,65.31268893115082,10.052242229585119,110.63066666819009,-9.855900681291326,65.03935039574662,10.05185393598238,110.92739595786247,-9.563236395441008,65.3154003479405,10.133180421239663,106.9420248936662,-9.236253240039504,65.96885401626524,9.625793383151933,9.625793383151933,0.0,False,False,False,False,0.0,False,False,41.74799435429914
3505.799,10.798999999999978,115.46522187320258,-75.49033996941395,13.483055555555556,107.86944428822544,-38.137709837409844,38.11711970884923,9.498593295580239,111.65014089946852,-9.73083763459902,65.87007659141346,10.094924404211893,111.62163288823294,-10.03647691833905,65.56661776082589,10.09454908307894,111.9303107195702,-9.723018270087024,65.86225171042084,10.178080167099393,107.89471501293393,-9.388033450108539,66.53440840116926,9.668306186619535,9.668306186619535,0.0,False,False,False,False,0.0,False,False,42.20538275041384
3505.899,10.898999999999887,116.57748597816476,-76.24646651514718,13.456944444444444,108.78889849035252,-38.36816390887828,38.67076290154336,9.459437786560287,112.64976810934077,-9.87140092984264,66.49117459566013,10.094325046489162,112.61647338702,-10.20742697423325,66.15772339064881,10.093906528489583,112.93574220780292,-9.865792388111528,66.48049484810313,10.132280994725292,108.84955727123777,-9.523623754248986,67.16888139752582,9.620120071853304,9.620120071853304,0.0,False,False,False,False,0.0,False,False,42.66573959643171
3506.0,11.0,117.72366057415209,-77.00259306167047,13.686111111111112,109.72130126841225,-38.59147142066932,39.23585121005976,9.526557600382917,113.65640097821269,-10.013243466332801,67.11270788626494,10.035942370669988,113.6183730378361,-10.379307644883992,66.74964827984059,10.035542935125887,113.9458065552171,-10.006422685193597,67.1026007402269,10.061922356343956,110.34008924673827,-9.700724810670401,67.70567624373881,9.626672756995944,11.152377701238127,1.6050270795822144,True,True,False,False,0.019015032702536693,False,False,42.95714233622733
3506.099,11.09900000000016,118.86305307193439,-77.7364805895169,13.56611111111111,110.64284911161182,-38.80420211590456,39.79062779469811,9.580181717464603,114.63751026613228,-10.153552373785438,67.71489790449645,9.986106348864432,114.59485645578665,-10.548612510267507,67.32330294473613,9.985710390151247,114.93046148543826,-10.146831849812852,67.70395773765931,10.03132080189552,111.28199493747731,-9.835038047853997,68.32333672821291,9.594213154678954,9.594213154678954,0.0,False,False,False,False,0.0,False,False,43.413440785735965
3506.2,11.199999999999818,119.96853507870662,-78.49260713604022,13.48611111111111,111.58750046753511,-39.024604272212684,40.34804817104234,9.628317311107002,115.63554861952588,-10.294954463967686,68.33516372729406,9.974428027615527,115.58822243425563,-10.71954848185199,67.91446545624264,9.97403576247074,115.93375961830696,-10.290730620766013,68.3211195255212,10.039273164530341,112.24149763458671,-9.972655426295141,68.95426665528848,9.600269933124654,9.600269933124654,0.0,False,False,False,False,0.0,False,False,43.880994613226186
3506.299,11.298999999999978,121.10792757648892,-79.20425564916025,13.543888888888889,112.51611380606089,-39.246048856610756,40.87147604310205,9.657593742615104,116.61338199130945,-10.431973242842568,68.91899424245516,9.972775863122571,116.56153452533307,-10.885436529844995,68.46992577499492,9.972380306567878,116.91751288761792,-10.428390267813555,68.90340509886161,10.028164138601555,113.18211786324792,-10.104279333145255,69.55303865744715,9.587302859327314,9.587302859327314,0.0,False,False,False,False,0.0,False,False,44.34179683179786
3506.4,11.400000000000091,122.26088427066622,-79.96038219489347,13.706944444444444,113.46557633346742,-39.472244816636945,41.43243548321442,9.669843031352986,117.60991789528111,-10.57412264744469,69.54196216825413,9.960408683122242,117.55341620806993,-11.056845654320917,69.06415570582459,9.960016979628357,117.91988043240774,-10.569039163024048,69.52699333417452,10.015145566210014,114.14029559301657,-10.2387276598172,70.19297024332346,9.572388702746643,9.572388702746643,0.0,False,False,False,False,0.0,False,False,44.81394899903012
3506.5,11.5,123.3799304738485,-80.6609112006503,13.401944444444444,114.40706596821296,-39.69337477512273,41.93866161685925,9.672384184602096,118.59407653749967,-10.721110174521504,70.1033534538438,9.941267523986525,118.53278745059674,-11.232707286963889,69.59720033283149,9.94087401222545,118.90981428734527,-10.712554614339883,70.09104456238667,9.990510853109873,115.51764202035297,-10.413004912334081,70.68651864123757,9.608740593081318,10.796087339595143,1.250210165977478,True,True,False,False,0.011526693666655636,False,False,45.10323087058814
3506.599,11.59900000000016,124.49897667701572,-81.43927676190003,13.588055555555556,115.33641659917984,-39.91119600823806,42.52686207872175,9.611186798020876,119.5665170234193,-10.87745627680104,70.73400644955503,9.956750182837602,119.50017792300761,-11.417546667214223,70.19993357857328,9.956371861476569,119.89023952077844,-10.863291313716411,70.72630472573488,10.048785211164795,116.46063941656568,-10.557987222232425,71.33562975623704,9.665553219588926,9.665553219588926,0.0,False,False,False,False,0.0,False,False,45.56968604740385
3506.699,11.69900000000007,125.59089448737788,-82.16204478396344,13.296111111111113,116.26569339609429,-40.12847604949767,43.05554872426938,9.47566104582661,120.55085733867807,-11.031349006908213,71.30903067766562,9.970444156364069,120.47955199338699,-11.600183472201593,70.74674617161689,9.97004191671319,120.87991570128207,-11.029371240549699,71.28850234474643,10.021506110637699,117.41244806497512,-10.717712507938186,71.91091433330003,9.636797622549395,9.636797622549395,0.0,False,False,False,False,0.0,False,False,46.04351973470425
3506.8,11.800000000000182,126.69637649416518,-82.89593231339006,13.353055555555557,117.19642501717276,-40.3366855127587,43.60663442989222,9.410759557580445,121.54679529844286,-11.166109274102082,71.914433180961,9.931707692836016,121.4710707531032,-11.76410033551322,71.3234978153517,9.931352439231155,121.87931392028317,-11.174209296834423,71.88330574134875,9.975306327129722,118.37331792741325,-10.85696683176239,72.51817600828585,9.589106577563857,9.589106577563857,0.0,False,False,False,False,0.0,False,False,46.52395948140213
3506.9,11.900000000000091,127.8764615811626,-83.65205885912329,13.791944444444445,118.12485697405256,-40.5290320986887,44.21186751760852,9.552795503237483,122.52545134142484,-11.298694416795366,72.55096592541067,9.821144861946678,122.44540249800428,-11.925247217941598,71.93213406381263,9.820894044538251,122.86064007204213,-11.297544014809821,72.52816200461262,9.805618512582878,119.31625230735679,-10.97547640741284,73.1789779900732,9.41794226650458,9.41794226650458,0.0,False,False,False,False,0.0,False,False,46.998396286386296
3506.999,11.998999999999796,128.98872568613982,-84.38594638854988,13.531111111111112,119.06028704745185,-40.714278638921485,44.78602971726926,9.711780326851128,123.48159048579048,-11.445489870845634,73.14806036475629,9.72174509790228,123.39688414048715,-12.099583025374372,72.50232423960442,9.7215466140116,123.81992311051326,-11.437031572528333,73.13180356658088,9.777640171210484,120.63980697749646,-11.145707990304231,73.7145641256556,9.445861398914616,10.51163871397062,1.1231365203857422,True,True,False,False,0.009294867007878337,False,False,47.281044542747985
3507.1,12.099999999999909,130.128118183892,-85.11983391718641,13.563055555555554,120.02442596639774,-40.913049521437124,45.3467130345532,9.782311601827574,124.45058062367484,-11.604729657404889,73.73401512920766,9.723610871908328,124.36094006733944,-12.28629366234747,73.06151469468236,9.723447979131903,124.79642238021766,-11.59498405328966,73.71791185086211,9.810310186087413,121.58317039919689,-11.29830062128713,74.31443272205429,9.477405055500709,9.477405055500709,0.0,False,False,False,False,0.0,False,False,47.759469827695376
3507.199,12.19900000000007,131.26751068168937,-85.84260193924985,13.538055555555555,120.97409371489908,-41.11999167161,45.891897999575164,9.853186235862943,125.40021207785804,-11.766056771577373,74.30854417147965,9.735811795751394,125.30571719916858,-12.473904096794787,73.61052101857246,9.735694287954065,125.75403691954833,-11.754828556003373,74.29264134362906,9.80309318168811,122.50822318303405,-11.452709933325913,74.90381265421091,9.46908399693514,9.46908399693514,0.0,False,False,False,False,0.0,False,False,48.23130466982393
3507.3,12.300000000000182,132.35942849206663,-86.60984799313638,13.43888888888889,121.94817309787754,-41.33105399819669,46.46034249248727,9.883265984198625,126.36877529237267,-11.927290013371664,74.92244251330787,9.707958743801038,126.26954943827268,-12.66126884503043,74.19891498474576,9.707785989765203,126.7273045193869,-11.923055489599042,74.89885042448967,9.755310952328832,123.4481927244674,-11.615181378645666,75.52224932776001,9.420175409285026,9.420175409285026,0.0,False,False,False,False,0.0,False,False,48.713940338245095
3507.4,12.400000000000091,133.5056030880238,-87.37709404623277,13.676111111111112,122.91875487682502,-41.53203170834179,47.0515791000905,9.94044790609452,127.32486901845832,-12.075878455460668,75.55444754007951,9.643664346301586,127.22133346806339,-12.83523699587902,74.80628648163021,9.643475927587794,127.68657680714475,-12.076615959769757,75.52498306459565,9.674399699772463,124.37431772165921,-11.763435624932749,76.16302063531238,9.33814895050011,9.33814895050011,0.0,False,False,False,False,0.0,False,False,49.19224174008774
3507.499,12.498999999999796,134.65855978221617,-88.12210108381271,13.73611111111111,123.89013012773128,-41.72314694306856,47.632153243145204,10.059708334085167,128.26476340111563,-12.218628663046568,76.17228995962364,9.56186239545886,128.15709548299336,-13.00284559508027,75.40007681173492,9.56167003654295,128.62957685274046,-12.218744347737012,76.14242049585681,9.591270022826018,125.0621892623796,-11.879496382419688,76.84416112371106,9.222902324724496,8.655186026176802,-0.5987291932106018,True,True,False,False,0.0026394045179051182,False,False,49.47496882251973
3507.6,12.599999999999909,135.7776059853834,-88.86710812139262,13.626111111111111,124.89321485663037,-41.91689338907064,48.19535904685036,10.170491636655635,129.21640558744863,-12.367299577420733,76.78066200500106,9.511205813188576,129.10446539472474,-13.176581083944129,75.9841212922109,9.511060373659086,129.5864148947845,-12.365187371602454,76.75203401557177,9.576643788699382,125.98218444577635,-12.020300646755222,77.46858784167028,9.20695477491181,9.20695477491181,0.0,False,False,False,False,0.0,False,False,49.953283135135585
3507.7,12.699999999999818,136.9373447777808,-89.60099565160934,13.678055555555558,125.89024762661879,-42.11605901219887,48.75302619444293,10.164408225486502,130.15612564716716,-12.5191331054737,77.37957396160016,9.526978847160981,130.03989636142512,-13.35285631479814,76.55947718592428,9.52687346529266,130.5344438093074,-12.516324416791946,77.35013691126836,9.62336901548132,126.89364088510818,-12.16560722016166,78.08402762033262,9.252371768341225,9.252371768341225,0.0,False,False,False,False,0.0,False,False,50.429887654844876
3507.8,12.800000000000182,138.05639098096307,-90.31264416472939,13.468888888888888,126.88162430528713,-42.327392284932195,49.26925824714005,10.109205077591877,131.09923563729717,-12.678123246646788,77.94562751467271,9.601582112991435,130.9786129903446,-13.535970628685398,77.10222137231042,9.60151488351974,131.48923005477508,-12.672643728443513,77.91724629616296,9.726592242595343,127.81175030155813,-12.315921735773452,78.66664714038419,9.35428676210272,9.35428676210272,0.0,False,False,False,False,0.0,False,False,50.91199839106108
3507.901,12.90099999999984,139.18221928233532,-91.06877071046259,13.531944444444445,127.88075849171962,-42.55334263248318,49.81435312830447,10.175470995654793,132.0568180936995,-12.849789497655836,78.54285686215157,9.663046312686223,131.93159469596515,-13.731556551348937,77.6763558026835,9.663018919020065,132.4581027298877,-12.840655471446048,78.51656995348021,9.745332417411634,128.7435073133262,-12.477497269507841,79.28149196781588,9.371705621232966,9.371705621232966,0.0,False,False,False,False,0.0,False,False,51.40376497695993
3507.999,12.998999999999796,140.3148296819126,-91.80265823988921,13.546111111111113,128.85972755751817,-42.77485756309998,50.348233374005105,10.30878074622272,132.98508482853936,-13.029903057700562,79.1130338099139,9.635206851213855,132.8551951596553,-13.934258719049131,78.22489240096672,9.635252918549977,133.3937183639341,-13.013843512727606,79.09221901038589,9.673232922188319,129.99352845117932,-12.678954976903272,79.7940453739788,9.346268043343304,11.28788156197811,1.9895575046539307,True,True,False,False,0.013379608799735244,False,False,51.79253831646055
3508.099,13.09900000000016,141.488132670705,-92.53654576931584,13.735000000000001,129.86593106195878,-42.99774919215022,50.8838671540218,10.30312039895889,133.9296870899625,-13.218683239095588,79.67718253025745,9.630513634713514,133.79504179347475,-14.145462460341518,78.76766842810491,9.630563226954491,134.344825989301,-13.206931754880427,79.6505774619613,9.736958053501116,130.91254357360805,-12.865527989009207,80.36985852233765,9.408979585974306,9.408979585974306,0.0,False,False,False,False,0.0,False,False,52.28254090377525
3508.2,13.199999999999818,142.61396097207722,-93.30379182320235,13.648888888888889,130.87733540640676,-43.22217388474131,51.438476211905154,10.211819997638978,134.88660031339163,-13.394991194057058,80.28155778718978,9.638592215063174,134.7476068396717,-14.343900569349474,79.35076530290483,9.63851537844279,135.3076015564773,-13.396301259445908,80.24082462254952,9.693190537142604,131.84276535334206,-13.048494449282908,80.97488136226751,9.364188345047188,9.364188345047188,0.0,False,False,False,False,0.0,False,False,52.780848155415704
3508.3,13.300000000000182,143.71944297884946,-94.00432082816909,13.34,131.87316208728126,-43.44011392066971,51.9333552848874,10.17621067329364,135.83548610992415,-13.557800311488093,80.8319209171219,9.61644490503864,135.69256852875804,-14.528072725578985,79.88056538296401,9.616326190675442,136.26287009713405,-13.560480569362243,80.78868679911047,9.692297133445031,132.76555912999441,-13.207092413099147,81.53637035661566,9.36228135266782,9.36228135266782,0.0,False,False,False,False,0.0,False,False,53.27693084249472
3508.399,13.398999999999887,144.87239967302676,-94.7938058983622,13.708888888888888,132.8589580749772,-43.6517109533991,52.53414750797206,10.192472105163699,136.773078157214,-13.717599411599476,81.47975372631346,9.597951556445707,136.62643263281174,-14.708311016380224,80.50889679358595,9.597795710728562,137.20687749317497,-13.722180251028638,81.43321629035164,9.656310986904431,133.6773150101275,-13.363267710234842,82.1964869700497,9.32529175333225,9.32529175333225,0.0,False,False,False,False,0.0,False,False,53.76991714372843
3508.5,13.5,146.02535636721913,-95.5388129359421,13.781944444444445,133.86686743222455,-43.86305851706713,53.08683874504359,10.200353798191438,137.72656570008695,-13.881358227425347,82.07807159047016,9.55947533430194,137.57622714608283,-14.892210728573422,81.08799067796059,9.559347072404393,138.16644681585004,-13.884903230430188,82.0312344752442,9.616337459948143,134.80816170502834,-13.54186365909589,82.76064974853189,9.311689634843109,10.37630428459849,1.0920097827911377,True,True,False,False,0.004026642742399068,False,False,54.177328226999734
3508.599,13.59900000000016,147.13762047219637,-96.22822243354565,13.411111111111111,134.85374159029618,-44.06029381644459,53.594649514519126,10.13107955577471,138.6571174439974,-14.03917550794434,82.62540993029921,9.508157175098754,138.50334261454427,-15.0690133203894,81.61720393395112,9.507995515124806,139.101283482565,-14.047495188241324,82.57272335812851,9.552769004871905,135.7132433955888,-13.699280467065517,83.3159207696534,9.247282112253115,9.247282112253115,0.0,False,False,False,False,0.0,False,False,54.67118630775272
3508.699,13.69900000000007,148.29735926457872,-97.00658799479535,13.783055555555555,135.8501959651326,-44.244777819190375,54.21015114542341,10.137447627660517,139.58857377672916,-14.201248610137796,83.26203922125435,9.401565324865405,139.43147234808112,-15.24914976016444,82.23674761021141,9.401588010583458,140.03657300416438,-14.202050000462073,83.21557607861185,9.406700177526496,136.61835116094628,-13.84884780154731,83.97385893438775,9.10036574196452,9.10036574196452,0.0,False,False,False,False,0.0,False,False,55.16841802294287
3508.8,13.800000000000182,149.463880155151,-97.74047552422198,13.803888888888888,136.86138224592165,-44.419057242756075,54.79047910996195,10.181405757384791,140.51703334339408,-14.375601867167306,83.8435938383472,9.305349224040377,140.35659923230386,-15.440449180115728,82.8023967168115,9.305477739486522,140.96897047813997,-14.372563942376221,83.79959529698833,9.362820172541237,137.5202710816057,-14.013788103569796,84.57427495484232,9.055629718606642,9.055629718606642,0.0,False,False,False,False,0.0,False,False,55.66855254202626
3508.9,13.900000000000091,150.6371831439434,-98.4966020707453,13.738888888888889,137.86536092214268,-44.58400942985083,55.404756908845926,10.167550691669984,141.427105527279,-14.548926335778871,84.45139306730265,9.22329928034687,141.26356226025385,-15.629418379839505,83.39565277239254,9.223393591071142,141.88240899269624,-14.54863664624674,84.4032402775637,9.242249211093077,138.40350420694062,-14.184038472967975,85.19548861743156,8.934211214215296,8.934211214215296,0.0,False,False,False,False,0.0,False,False,56.162432946900985
3509.0,14.0,151.7901398381207,-99.26384812384171,13.846944444444443,138.8709166102949,-44.737431395851814,56.03602814265845,10.176840970971949,142.32782746191486,-14.719052228428392,85.07266228643603,9.10965760755172,142.16142067778495,-15.814112534296598,84.00339637558477,9.109764379431818,142.78545859612294,-14.718523763759332,85.02350354708706,9.13556588153814,139.53589739485562,-14.376781352197677,85.76701325656543,8.860818680530858,10.136681715008189,1.3100013732910156,True,True,False,False,0.005788951858016419,False,False,56.55003186275603
3509.099,14.09900000000016,152.92953233590302,-100.01997466878487,13.801944444444443,139.86999600224692,-44.878697386581315,56.66667406477057,10.207479916886212,143.20925798506812,-14.88333983594166,85.68973289791718,9.003773858116858,143.04026580780084,-15.991726756564967,84.60817950801996,9.003760563017908,143.6689296462054,-14.88606353199662,85.63609979221958,9.030428020936329,140.39261376511092,-14.53924741388047,86.39519118144266,8.755043612585606,8.755043612585606,0.0,False,False,False,False,0.0,False,False,57.034443367065855
3509.2,14.199999999999818,154.0282322444702,-100.75386219900156,13.273888888888889,140.89229664990165,-45.015944620847215,57.26489552853283,10.217833383817037,144.09872944990963,-15.049458323138273,86.2776904504535,8.914175558110681,143.92735852996535,-16.170118420700135,85.18472492970626,8.914168356066428,144.56249953003376,-15.049678403472539,86.22532815756036,8.958196552422159,141.25879237632404,-14.697846875113038,86.99825497084143,8.682162063852372,8.682162063852372,0.0,False,False,False,False,0.0,False,False,57.527530188499355
3509.3,14.300000000000182,155.24222782246267,-101.48774972763809,13.998055555555556,141.90540638584335,-45.1435758949975,57.90109438443361,10.204749910856622,144.97012998210297,-15.21651390967034,86.88061995405721,8.831219439760188,144.79666605269435,-16.347738478881627,85.77838466725999,8.831192041358852,145.43786031800917,-15.216400478838914,86.82667403149026,8.863731059748346,142.1070055422295,-14.859398387718391,87.61852155922115,8.587052927397306,8.587052927397306,0.0,False,False,False,False,0.0,False,False,58.014372970734804
3509.399,14.398999999999887,156.38840241845,-102.26611528967791,13.761111111111111,142.90855259444803,-45.26513269705732,58.57318813076408,10.2090728610333,145.82755577886624,-15.376496591084313,87.52906556871149,8.78978917304785,145.6523892481309,-16.516478535901403,86.41910773780232,8.789496827698304,146.30007127836586,-15.382781267366733,87.46706898041391,8.876015991097463,142.94229056941506,-15.020583280811287,88.2755956047136,8.598700651402984,8.598700651402984,0.0,False,False,False,False,0.0,False,False,58.49698580938775
3509.5,14.5,157.52101281804232,-103.01112232725785,13.603055555555555,143.93580283869923,-45.39027586069416,59.20067463894435,10.282908151983756,146.70044070650087,-15.52913840495559,88.14863749260688,8.757587134944272,146.5239597286506,-16.676224204417966,87.03246411846582,8.757159000564657,147.17852787598108,-15.541065518443807,88.0793836996713,8.79928852616197,144.07358272136668,-15.206121989218667,88.82877608392474,8.557479376126372,9.859687945802259,1.338364839553833,True,True,False,False,0.006036416532569078,False,False,58.878945995266676
3509.599,14.59900000000016,158.66718741401462,-103.75612936483776,13.703055555555556,144.94781990477645,-45.513811873154374,59.83634841511962,10.313641628029472,147.55374789359058,-15.67491595330052,88.77955110284627,8.730706018327027,147.37629644106715,-16.827343720652188,87.65898694678003,8.73031362510267,148.03845130748843,-15.686862585949633,88.70831856254036,8.82082377463221,144.90988305586401,-15.347913841674787,89.47220794857375,8.57858794233755,8.57858794233755,0.0,False,False,False,False,0.0,False,False,59.36445416520765
3509.699,14.69900000000007,159.80657991178185,-104.52337541951437,13.688888888888888,145.9686345548,-45.64228322792381,60.48530192846359,10.26387166674752,148.41482790555332,-15.828967176855762,89.42298399900776,8.764704191520327,148.23667886849847,-16.98513798518253,88.29952221422732,8.76459825803085,148.91013650244886,-15.836909735814055,89.35335289981539,8.869277709498201,145.7576745231778,-15.493848055178988,90.13117377098165,8.626610885022673,8.626610885022673,0.0,False,False,False,False,0.0,False,False,59.85893955525462
3509.8,14.800000000000182,160.9256261149792,-105.26838245630418,13.558055555555555,146.99347925070813,-45.77870735632076,61.09931390571588,10.209194173124933,149.2889084630848,-15.987863975327896,90.03568280377429,8.827614357036492,149.11035866933557,-17.146135533899688,88.9108033225733,8.827466756615797,149.79468724969428,-16.001139251981513,89.95853772334453,8.945917535625927,146.61810612478766,-15.653599506486477,90.74973526910516,8.702815409047721,8.702815409047721,0.0,False,False,False,False,0.0,False,False,60.36344752705313
3509.899,14.898999999999887,162.0446723181464,-106.01338949388409,13.556111111111111,147.99751237265298,-45.90443759207705,61.72850882103039,10.23391583079107,150.1478026941576,-16.13427838713498,90.66305818904158,8.77455638632176,149.9691155730303,-17.293202631358408,89.53820764135271,8.774296345561318,150.65780341299535,-16.154724952337293,90.57726191850435,8.76467726900462,147.45750659527587,-15.80296515924617,91.38219773271993,8.521148460167355,8.521148460167355,0.0,False,False,False,False,0.0,False,False,60.85846150063686
3510.0,15.0,163.19084691411868,-106.75839653146403,13.621944444444445,149.0402675797677,-45.99748120477708,62.38691951711178,10.50294429253256,151.00292963697527,-16.295113124589047,91.28061662974825,8.460859906634886,150.82444977847845,-17.453189477181173,90.15735014475916,8.461641314452141,151.51101756468626,-16.29377085446624,91.21549710718674,8.353537925892155,148.70571483259707,-15.987810666125673,91.91908566644847,8.162587523890187,13.422571632945376,5.312997817993164,True,True,False,False,0.033929191644822665,False,False,61.30992563825591
3510.099,15.09900000000016,164.32345731369594,-107.51452307719725,13.64111111111111,150.08670162915723,-46.05717590493175,63.08479003590022,10.672150486534793,151.80555392161182,-16.48285191405727,91.88831840929292,8.194407389324454,151.62781184478254,-17.638330082041502,90.76843879441148,8.19588575530838,152.31382556758598,-16.465872594904056,91.83729095157348,8.233288884014511,149.49003276019786,-16.15594860185766,92.55495456295407,8.042215594700844,8.042215594700844,0.0,False,False,False,False,0.0,False,False,61.78482177479605
3510.199,15.19900000000007,165.46284981149333,-108.24841060662388,13.651944444444444,151.1552274150563,-46.107821789056146,63.76645542315372,10.722394762708072,152.59073131183888,-16.686797682377772,92.46199433258305,8.03045301973513,152.41434430316028,-17.83771432831742,91.34745479502521,8.032452436923194,153.1019327211266,-16.66625050294554,92.41257663635774,8.030341602370106,150.2596157423239,-16.351616700199312,93.14590198415507,7.839144184458763,7.839144184458763,0.0,False,False,False,False,0.0,False,False,62.25750469906946
3510.3,15.300000000000182,166.59546021105552,-108.9822981360505,13.531111111111112,152.24258453676487,-46.149171979292966,64.45158479628451,10.825589014047384,153.36593430932388,-16.89272480268254,93.03499273018913,7.852484472419203,153.1914576662605,-18.037139107745865,91.92763042145974,7.854562713194893,153.87849859349993,-16.87232380584236,92.98370009788805,7.879422080759439,151.01751055564438,-16.552735359910685,93.73311362829517,7.688099292964444,7.688099292964444,0.0,False,False,False,False,0.0,False,False,62.728544012226386
3510.4,15.400000000000091,167.72128851242778,-109.71618566626722,13.483888888888888,153.32630792949476,-46.17940774774789,65.1470460899822,10.85739256540155,154.11843139294788,-17.094737962621085,93.61501106410361,7.730385816347387,153.94630698046197,-18.23104651104852,92.51638126545878,7.73259311507655,154.6354189167322,-17.073609457816566,93.56220876835978,7.7851148024531,151.75593520483423,-16.749102510301487,94.3279972053077,7.5936678860604285,7.5936678860604285,0.0,False,False,False,False,0.0,False,False,63.191731784511575
3510.5,15.5,168.86068101022516,-110.46119270305704,13.61,154.41390420710212,-46.20483224671086,65.86037670022199,10.900511266851668,154.86071174729958,-17.294227954245475,94.21296333238413,7.642045013248679,154.69134013447342,-18.420883678265298,93.12458701241262,7.644257546001639,155.38283479033504,-17.276181765801116,94.15465257810425,7.702506423245823,152.8021541110892,-16.98692226192341,94.84363721764608,7.550311963195169,11.262386393727889,3.751451015472412,True,True,False,False,0.016906955081174624,False,False,63.60543641921873
3510.6,15.599999999999909,169.93903462417722,-111.18396072433038,13.266111111111112,155.5045177421561,-46.22564657759314,66.54275208017441,10.915798633905041,155.59686612261706,-17.486340840964665,94.78893273549838,7.574340596303526,155.43048253858476,-18.602064223461173,93.71182232417641,7.576488171408911,156.12456796008954,-17.473817943709623,94.72291353826442,7.64973320403196,153.5291857678586,-17.180641194447286,95.42487737547543,7.497638791164273,7.497638791164273,0.0,False,False,False,False,0.0,False,False,64.0673152929326
3510.7,15.699999999999818,171.0580808273595,-111.91784825375697,13.441944444444445,156.59637627779284,-46.2389071058401,67.25224315062276,10.92319945375598,156.32795187275073,-17.67068795231776,95.39131996101418,7.505125305833883,156.1646349672678,-18.774727950929115,94.32632500704426,7.507272947837643,156.86157509319222,-17.66208670521522,95.31888249531573,7.563742937917289,154.25146151434072,-17.36514681745701,96.03476350590351,7.41174857223257,7.41174857223257,0.0,False,False,False,False,0.0,False,False,64.52905917422326
3510.8,15.800000000000182,172.21781961974185,-112.6739747994902,13.693055555555556,157.68635173014366,-46.24419174427648,68.00058555475228,10.876654105644684,157.05250847545256,-17.857355331225,96.02175789628575,7.459706211782374,156.89242529132642,-18.949310932274443,94.96936520975596,7.461947546172726,157.59550439536306,-17.844713954027913,95.9499912194776,7.562458602320149,154.97064601694444,-17.54410504505571,96.68069671232567,7.410564283818397,7.410564283818397,0.0,False,False,False,False,0.0,False,False,64.99157388490487
3510.9,15.900000000000091,173.36399421571411,-113.40786232891682,13.62388888888889,158.76662530158106,-46.24889192987894,68.72707242618549,10.729082546673231,157.77650898638026,-18.04434394106757,96.629034638065,7.495889257567214,157.6197753280928,-19.123754237369763,95.58960961840916,7.49806411278611,158.32984741817452,-18.040428203072512,96.54518663132421,7.637064316929877,155.6903167636439,-17.735908896082165,97.2907063821324,7.4852700456110925,7.4852700456110925,0.0,False,False,False,False,0.0,False,False,65.4573067969441
3510.999,15.998999999999796,174.4694762225014,-114.11951084203685,13.4,159.8218798440978,-46.25735354087738,69.42495569485035,10.58989408471797,158.49760873625706,-18.23255725250543,97.2080676676535,7.560605430068841,158.3444196506906,-19.298794222829777,96.18204484010553,7.562942943955266,159.0661297772698,-18.224571678476273,97.12415991345722,7.695464266204035,156.75434536591646,-17.962509216393823,97.77522601814758,7.58546655501582,11.32700339943025,3.7832343578338623,True,True,False,False,0.017185521461972397,False,False,65.87222730610624
3511.099,16.09900000000016,175.6088687202837,-114.83115935594697,13.453055555555554,160.87759221838718,-46.26517763809255,70.13062352716162,10.524971782147555,159.22979875763406,-18.42793934785941,97.7847368497206,7.5957661096247175,159.0804639226598,-19.480071668138308,96.77302355719951,7.598028489386566,159.8093124479322,-18.426630230200047,97.69063012571978,7.707757997897628,157.4869296703288,-18.161686255106513,98.35340209939051,7.598093710185183,7.598093710185183,0.0,False,False,False,False,0.0,False,False,66.34858901486406
3511.199,16.19900000000007,176.741479119861,-115.5761663935269,13.451944444444443,161.9363794350283,-46.26642173792917,70.87334958150343,10.650982409135349,159.96107908784,-18.62333989093266,98.39427011811608,7.543147471643344,159.81578283802747,-19.660647362131012,97.39746395921682,7.545455401509935,160.5492702797594,-18.62038478386105,98.29858195652001,7.590325802995537,158.21629485670277,-18.35266717329316,98.97267932419915,7.480994938758861,7.480994938758861,0.0,False,False,False,False,0.0,False,False,66.82558108315634
3511.299,16.298999999999978,177.8605253230282,-116.31005392374362,13.398055555555555,163.00853128227385,-46.260259942020866,71.60695052764365,10.792483156632022,160.68509532752563,-18.82010906498973,98.99133671232693,7.462424427656596,160.54405575742962,-19.84197719327564,98.00994820063809,7.464712096918402,161.2794574032328,-18.81944339975403,98.89060093710171,7.546352403911302,158.93594991264987,-18.548854609023028,99.57605960227399,7.437354963150395,7.437354963150395,0.0,False,False,False,False,0.0,False,False,67.30059067426609
3511.4,16.40000000000009,178.9795715262105,-117.04394145317022,13.46111111111111,164.10318162462065,-46.25135162652631,72.33877073096812,10.884479577155737,161.40841717084237,-19.020872350200857,99.58547856864313,7.4025461642099915,161.2719218052035,-20.026575514654812,98.62013056313447,7.405024109858806,162.01159786559404,-19.01780016276398,99.4838504805381,7.474138936411005,159.65748111358326,-18.744337034575977,100.18061392687636,7.3654782533606244,7.3654782533606244,0.0,False,False,False,False,0.0,False,False,67.78018791039271
3511.5,16.5,180.0782714347777,-117.76670947365346,13.305,165.19439285150312,-46.24187253842104,73.05704716379692,10.940574883860615,162.1167314631498,-19.22618098126219,100.16412867744702,7.34703541638421,161.9851320173472,-20.215185509148405,99.21522827558269,7.349685990165496,162.72872521057508,-19.221653738393957,100.06065542485291,7.436634473679968,160.63720584478395,-18.984207868388538,100.67739396045474,7.360952103590525,10.153054776513804,2.8247475624084473,True,True,False,False,0.009575478160378148,False,False,68.19588461899262
3511.6,16.59999999999991,181.21766393252986,-118.48947749571687,13.461944444444445,166.2861798299052,-46.23064986478829,73.78541446724536,10.896325654102075,162.82006356975197,-19.433916524237873,100.74957001636722,7.320344960435289,162.69366757143567,-20.405437800188064,99.81792065646279,7.322994305213327,163.44114033064258,-19.432176412141363,100.63972222403332,7.420755599459589,161.3423875889436,-19.19259303888335,101.26646963614198,7.345586191728107,7.345586191728107,0.0,False,False,False,False,0.0,False,False,68.67092971596871
3511.7,16.699999999999818,182.3231459393322,-119.23448453329681,13.361944444444445,167.37529418963803,-46.21511210376274,74.53366368248534,10.888287067378977,163.52019367980176,-19.641484458171018,101.35243794619932,7.284686169370743,163.3992444474781,-20.59468872460337,100.43865473439064,7.2873412465072915,164.15019245697135,-19.64149715727693,101.23744056796431,7.365320177384538,162.04425495974112,-19.399792757474362,101.87344649777786,7.290663732011017,7.290663732011017,0.0,False,False,False,False,0.0,False,False,69.14681012553795
3511.8,16.800000000000182,183.46932053531955,-119.95725255536021,13.55111111111111,168.4647566836399,-46.194109013560684,75.27375559613891,10.905048595697297,164.21711536772762,-19.84752314755747,101.94412845239563,7.25015126251004,164.10179555178033,-20.781659035574574,101.04899491825618,7.252797533974709,164.85544381356976,-19.851475868397404,101.82162310979218,7.351616122046426,162.74237566433268,-19.607648416857558,102.4677963773942,7.277472639030869,7.277472639030869,0.0,False,False,False,False,0.0,False,False,69.6233816490336
3511.9,16.90000000000009,184.58836673850183,-120.68002057663355,13.415,169.555622495423,-46.16760472267184,76.01370610535672,10.918815974883382,164.9103736296273,-20.05205007022426,102.53395467371622,7.205840717912274,164.8008363284549,-20.966501341909023,101.65791793019524,7.208531077227632,165.55725828412685,-20.05748551752241,102.40643363931893,7.276897495090393,163.4371005605923,-19.811577002147693,103.06220922369178,7.203266974432796,7.203266974432796,0.0,False,False,False,False,0.0,False,False,70.1006135001699
3512.0,17.0,185.70741294168408,-121.41390810685027,13.43111111111111,170.64552124027693,-46.13118345347977,76.77466517582553,10.891712832047547,165.59863463886597,-20.255117553794992,103.13808157508456,7.146031245562035,165.49502116362558,-21.149348475505004,102.28158533899109,7.148729968190097,166.25276569217172,-20.26371536552484,103.00410084656943,7.2318764690097765,165.09826650307616,-20.16314998627504,103.32692261419197,7.272949875900527,8.769128593022153,1.6103696823120117,True,True,False,False,0.018233814751551725,False,False,70.20018497283198
3512.099,17.09900000000016,186.79254865384124,-122.1255566199703,13.206944444444444,171.72082185432407,-46.08713354395753,77.51773173026928,10.849778836800558,166.27690865874467,-20.450649173009754,103.72404874838043,7.1146509426733076,166.17918034802662,-21.324231466711996,102.88740498994068,7.1172840093367595,166.9388833106473,-20.4651322872228,103.5809340712557,7.213997059607025,165.78833887697184,-20.36572786732069,103.904954531145,7.256189109099891,7.256189109099891,0.0,False,False,False,False,0.0,False,False,70.67277111786532
3512.199,17.19900000000007,187.87090226782342,-122.84832464124364,13.151944444444444,172.80657108560825,-46.039499017475016,78.2721519294695,10.88611301359828,166.95993855915262,-20.643125393524613,104.32243841327374,7.0779887722256305,166.86816979317058,-21.495237805357586,103.5063427165915,7.080613626641933,167.63036534328208,-20.660813187906303,104.17277394799311,7.158732901676792,166.4839350495824,-20.562573018957952,104.49773850055338,7.2020548931919945,7.2020548931919945,0.0,False,False,False,False,0.0,False,False,71.1514897578951
3512.299,17.298999999999978,188.98316637278563,-123.55997315436366,13.246944444444441,173.89548220379126,-45.99103193773232,79.02264773501666,10.913676209045368,167.6403648031861,-20.834307377915263,104.91938614028335,7.057505335621455,167.55467768056428,-21.66438385414898,104.12440274244402,7.0601570476274365,168.32030766549227,-20.854412516727415,104.76347605844674,7.173065423693436,167.1781028670379,-20.757358031012416,105.08966871529084,7.217517357230974,7.217517357230974,0.0,False,False,False,False,0.0,False,False,71.63186506823826
3512.399,17.398999999999887,190.10899467415788,-124.28274117642707,13.364999999999998,174.98479501729162,-45.94247656859343,79.78683145786744,10.894218532266935,168.31917456442127,-21.02585207404844,105.53094999816688,7.048838733867421,168.23979544741837,-21.83309140072881,104.75778068469211,7.051520302656295,169.00928510119405,-21.048254021512534,105.36867220479546,7.141464759089597,167.87141375009188,-20.95241873676425,105.69609993201769,7.187046634649471,7.187046634649471,0.0,False,False,False,False,0.0,False,False,72.11430804399266
3512.5,17.5,191.24160507375024,-125.02774821400698,13.473888888888888,176.08291204491147,-45.88921137282194,80.57725477891492,10.87634939575577,169.00327098499903,-21.219029330357518,106.16399398716815,7.0273684274543085,168.9304578033649,-22.0024339438223,105.41348430343787,7.030068359699992,169.70277586016866,-21.244518347638728,105.99471668619745,7.130380513690208,168.98427474835904,-21.215995700688662,106.17094100129295,7.224948500970138,7.846173278481645,0.6690696477890015,True,True,False,False,0.0032274851803396174,False,False,72.22539031359177
3512.599,17.59900000000016,192.39456176791248,-125.7616357434336,13.541944444444445,177.15855247019059,-45.83246651686259,81.36834810029079,10.883989044147338,169.67215937400027,-21.406889072544345,106.79990975322188,7.008359265209625,169.60590044988405,-22.166297779583857,106.07222601846372,7.01106263397473,170.380933231302,-21.435592693357364,106.62327653863498,7.1031839720123635,169.67150877326077,-21.409627440537236,106.79737250628173,7.199122115353531,7.199122115353531,0.0,False,False,False,False,0.0,False,False,72.70246641934213
3512.7,17.699999999999818,193.54073636389978,-126.47328425655365,13.541111111111112,178.2595957784555,-45.769166334833216,82.13810265105391,10.954996936377722,170.35133010480763,-21.596209068224656,107.4101925457153,6.953308558811623,170.29186233533943,-22.33048228133116,106.70629478548243,6.9560269609739915,171.06778306040985,-21.627876371043087,107.22683052697174,7.020719133667434,170.3677575834526,-21.604542363908322,107.3985101000257,7.118055112990262,7.118055112990262,0.0,False,False,False,False,0.0,False,False,73.18897904112333
3512.8,17.800000000000182,194.6665646652871,-127.19605227861709,13.419999999999998,179.35378044498697,-45.701208956578085,82.92099160442521,10.970872513144753,171.0189205604243,-21.78366959482218,108.03231690001411,6.914970062542138,170.9663666793411,-22.492491627132342,107.35238701431928,6.917778762554191,171.7445644272174,-21.81571336037578,107.84448954600079,7.026568903756172,171.05398468929653,-21.795000966762952,108.01358965781415,7.125288879100455,7.125288879100455,0.0,False,False,False,False,0.0,False,False,73.67137536237657
3512.901,17.90099999999984,195.79917506484932,-127.9188202991003,13.406944444444445,180.45805285298908,-45.63357966197589,83.70311139634359,10.9369138725966,171.69107145547144,-21.974248966095043,108.65290081067664,6.9196213941146345,171.6457204139537,-22.656757860491588,107.99764423542965,6.922451140280973,172.42739773636023,-22.00969431837069,108.45728625359632,7.029907435043414,171.74647710934187,-21.99172590862795,108.62357757387164,7.130025246369357,7.130025246369357,0.0,False,False,False,False,0.0,False,False,74.16102145606729
3512.999,17.998999999999796,196.91143916984163,-128.64158832116374,13.406944444444445,181.52718561968283,-45.5685060341635,84.48557425950472,10.922523467812201,172.34322230812725,-22.159796236086706,109.27931792161681,6.917797160494898,172.30504775819432,-22.81611557130264,108.64853970962879,6.920660634052036,173.08997873267623,-22.197198943268656,109.0773579043441,7.023177514548316,173.38272574266978,-22.342115632560564,108.8723024897199,7.233938901165897,8.679120750556823,1.554469108581543,True,True,False,False,0.01744410745613752,False,False,74.27084095676221
3513.1,18.09999999999991,198.03726747121388,-129.35323683507386,13.321111111111112,182.62978076029611,-45.4965605390892,85.26038239508819,10.957567957945049,173.01307225550696,-22.35251184475342,109.88796792482785,6.884614908050596,172.98256763410666,-22.98108255598091,109.28299588638065,6.887548219331047,173.76909455180186,-22.39145467521559,109.6802947646452,6.963996931610533,174.08240349991212,-22.542252944978195,109.46424890097153,7.176732402656934,7.176732402656934,0.0,False,False,False,False,0.0,False,False,74.76361422199119
3513.199,18.19900000000007,199.1563136743811,-130.0871243637104,13.379999999999999,183.71372385931284,-45.42036996870939,86.0635397829991,10.994349514708654,173.66611453032388,-22.539387541617838,110.52721813181482,6.837759681288089,173.643257645006,-23.140033332573292,109.9481528175001,6.840648179655881,174.42967215310472,-22.582603819675708,110.31150773298533,6.928483966900573,174.7633039499471,-22.7392828446145,110.08441307571775,7.143154431595028,7.143154431595028,0.0,False,False,False,False,0.0,False,False,75.2465058634047
3513.3,18.300000000000182,200.26857777937337,-130.8098923857738,13.351944444444444,184.82000240666932,-45.33770272336916,86.85708771730829,10.97329228378459,174.32991754436406,-22.72467392156756,111.15407570234409,6.809402992294094,174.3148273064466,-23.296089358474415,110.60205696551884,6.812208257164146,175.1020410937104,-22.77284407028224,110.92951986497857,6.908430006645558,175.4566315247874,-22.935453136881762,110.69113478595908,7.125074555768835,7.125074555768835,0.0,False,False,False,False,0.0,False,False,75.74060692922149
3513.399,18.398999999999887,201.36727768792557,-131.5326604070471,13.309999999999999,185.90339843349895,-45.24437615923223,87.66298854150013,10.995444121806301,174.97548284862367,-22.904530954134334,111.78818069580781,6.729076541746469,174.96812052869907,-23.4467337138719,111.26312528344681,6.732018197014627,175.75478259574828,-22.952549375914696,111.56003055028197,6.768881731602383,176.13014383565846,-23.120876823432145,111.31050150303794,6.987461274373705,6.987461274373705,0.0,False,False,False,False,0.0,False,False,76.22366263450687
3513.499,18.498999999999796,202.4659775965078,-132.24430892095722,13.219999999999999,187.00285127826,-45.12582108394082,88.48016274025757,11.122785848676717,175.61110713437,-23.095032782576826,112.40439737426031,6.543913412141997,175.61220970399378,-23.607635412533554,111.90644164211842,6.547293219940375,176.39576747469016,-23.133271470577245,112.18232636781048,6.550609107497396,179.95346044687463,-23.853780202664694,110.70374945883056,7.123541213049952,11.866695156928001,5.09555196762085,True,True,False,False,0.18767335352037706,False,False,76.3458870907867
3513.599,18.59900000000016,203.58502379969005,-132.97819645038385,13.346944444444444,188.11210713742832,-44.985463192382745,89.34277954177958,11.239638594971241,176.22553448292138,-23.292066190480703,113.04684350775486,6.361052623589112,176.235720815816,-23.775015257025817,112.57583735621569,6.364453480854831,177.01297208030718,-23.32963983394509,112.82233777335911,6.4031866192164015,180.62544094668053,-24.067575935491533,111.30438313796583,6.9798825909875655,6.9798825909875655,0.0,False,False,False,False,0.0,False,False,76.83029323478684
3513.699,18.69900000000007,204.67015951186227,-133.7009644716572,13.23,189.22713416196927,-44.83732742917845,90.19552660955439,11.25684563357965,176.8253966153006,-23.48757801005521,113.67638882415366,6.257374861699329,176.84488641548907,-23.940574455128033,113.23245576895496,6.26081715382503,177.6194012749873,-23.52568318096616,113.44750384505052,6.343410763181055,181.28692272086724,-24.281416400532795,111.89018394351153,6.923870601170809,6.923870601170809,0.0,False,False,False,False,0.0,False,False,77.31139263623311
3513.8,18.800000000000182,205.7756415186194,-134.42373249372062,13.18611111111111,190.35386527535772,-44.68835355355892,91.05091661280322,11.248843488749209,177.42339054254066,-23.685090320750714,114.31052884893687,6.213294549550613,177.45254320293637,-24.107311944765843,113.89429547143132,6.216762464646022,178.2267320722338,-23.725269783227382,114.07494053538495,6.315701212091512,181.95013192765177,-24.49936627689442,112.47675846787287,6.899962554962051,6.899962554962051,0.0,False,False,False,False,0.0,False,False,77.79718515686478
3513.899,18.898999999999887,206.8879056236117,-135.13538100763074,13.238888888888887,191.4590175838021,-44.53932058648065,91.90047197907995,11.279685165772044,178.00364141601267,-23.8806839901963,114.94306559012388,6.157139544589908,178.04262620736094,-24.27217712424818,114.55435443443444,6.1607321851850285,178.81619461440508,-23.920952077278073,114.70252900999557,6.231650566737246,182.5946655985098,-24.71333038535471,113.06277360186111,6.819638137164182,6.819638137164182,0.0,False,False,False,False,0.0,False,False,78.2727231154958
3514.0,19.0,208.02051602320404,-135.85814902811396,13.361944444444445,192.58918321918284,-44.375751017143116,92.77475506810106,11.333457334593783,178.58675368331302,-24.083327485901254,115.5852806211703,6.067160853107147,178.63619669030598,-24.443099130433314,115.22478711787839,6.07084287250521,179.40721476040284,-24.123237474181696,115.34041559280462,6.1382360377667675,186.28409614194265,-25.48651989184803,112.49163732228241,7.063930692908159,11.635814965216822,4.905789852142334,True,True,False,False,0.17415996472435605,False,False,78.40565431059217
3514.099,19.09900000000016,209.0920875389511,-136.5809170501774,13.116944444444442,193.69879328055427,-44.203552430971406,93.65111319207756,11.351409372605,179.15035785691884,-24.280428627656182,116.22352118348812,5.995008013398836,179.21020364095298,-24.608779053041722,115.89083946948969,5.998712820859533,179.9777865046356,-24.32457615768313,115.9703780941005,6.0850610314201194,186.9413408344505,-25.718443015391024,113.05372054329139,7.016151619041323,7.016151619041323,0.0,False,False,False,False,0.0,False,False,78.88893158837428
3514.199,19.19900000000007,210.14331276012828,-137.3036850714507,12.951944444444445,194.8214425842714,-44.02155058020266,94.53209148711933,11.394811277623244,179.7146416117044,-24.47186296735427,116.86284314181898,5.922684637570958,179.7848006654,-24.76795995674866,116.55869201264032,5.92637300816791,180.54841336271912,-24.52231411657605,116.59972429128557,5.993271826289699,187.60020178671073,-25.94675652368214,113.61583247044689,6.929812850759182,6.929812850759182,0.0,False,False,False,False,0.0,False,False,79.37630227388969
3514.3,19.300000000000182,211.2827052579106,-138.02645309272404,13.308055555555555,195.95986503762524,-43.83108716837747,95.43351818956454,11.461586405234758,180.2795336767074,-24.656049177412104,117.53316609372226,5.843051880628354,180.35977838201276,-24.919175873600462,117.25819189504755,5.846690714329482,181.11974356453172,-24.71195004592537,117.26031237745867,5.927125279146695,188.26157038864665,-26.166278000181496,114.2045157706258,6.869171244832953,6.869171244832953,0.0,False,False,False,False,0.0,False,False,79.86794969481333
3514.4,19.40000000000009,212.37462306827274,-138.74922111478745,13.083055555555553,197.09177381017957,-43.637834166000395,96.33141444392632,11.504177661371495,180.83356671551456,-24.831273996816527,118.20379398065312,5.778661261984175,180.92350854346023,-25.061604287792537,117.95781798869666,5.782284492933353,181.68122099110076,-24.8916968449895,117.92209616487732,5.863817216193116,188.9130266601402,-26.374829892012215,114.79743162940294,6.811313618727654,6.811313618727654,0.0,False,False,False,False,0.0,False,False,80.35462994061366
3514.499,19.498999999999796,213.47332297685497,-139.46086962790747,13.086944444444445,198.21685835598365,-43.44166511413107,97.2236974620196,11.567777722571963,181.37556924886096,-25.002436638565555,118.87387718400805,5.703953905523666,181.47509279087717,-25.200270315627474,118.65652653872951,5.70760251714855,182.23124492819082,-25.06351150445717,118.58677407883125,5.777290973778944,192.44492104059762,-27.12278998588792,114.28927257468008,7.0429345056124415,11.398325627518854,4.668142318725586,True,True,False,False,0.15787574336489305,False,False,80.49523831508643
3514.599,19.59900000000016,214.57880498361214,-140.1725181418176,13.200000000000001,199.35683558323873,-43.237201729167886,98.1232078585205,11.595653044919791,181.91644266511028,-25.172095764948768,119.54884800399928,5.63335932773435,182.02558413988424,-25.337003806171495,119.36041027088044,5.6369465208435,182.77906924276527,-25.23841453828167,119.25213358399934,5.724057658056832,193.11364754233358,-27.336293276707202,114.85976939637581,6.996706363171946,6.996706363171946,0.0,False,False,False,False,0.0,False,False,80.99170453038458
3514.7,19.699999999999818,215.66394069579943,-140.89528616309093,13.036111111111111,200.5102098183288,-43.0210232313242,99.04043065305913,11.641487228701516,182.45493482541153,-25.34026798124271,120.23227643984261,5.537846909849584,182.5737649026588,-25.471779719374393,120.0730843019518,5.541445869613086,183.324949617066,-25.406563170034055,119.93104469884945,5.586658453430344,193.7827111099661,-27.542386275739986,115.44552014287845,6.866382383559841,6.866382383559841,0.0,False,False,False,False,0.0,False,False,81.49121063443881
3514.8,19.800000000000182,216.72194801516653,-141.60693467621095,12.901944444444444,201.65354448630802,-42.795516310919574,99.95375522845133,11.66593897501235,182.978748614124,-25.504815231124976,120.90618530687141,5.443196722644872,183.1071951570059,-25.603317077447567,120.77578774620079,5.446767565821234,183.85502242399642,-25.574414140695485,120.59759790161797,5.533613647499841,194.43511967909697,-27.74897565396257,116.01869482972744,6.820342750910957,6.820342750910957,0.0,False,False,False,False,0.0,False,False,81.98262351556842
3514.901,19.90099999999984,217.80708372733872,-142.32970269827436,13.018055555555556,202.80303990758952,-42.56140116974078,100.8902141975789,11.563697322006403,183.5008817997946,-25.670971071688626,121.598417569544,5.40716651772505,183.6391545890425,-25.736156734525636,121.49692317915058,5.410730398961782,184.38768056105246,-25.740374228972584,121.28449208746156,5.514177870792529,195.0921956356002,-27.953700553780557,116.60975948683479,6.807982199218028,6.807982199218028,0.0,False,False,False,False,0.0,False,False,82.47996792573377
3514.999,19.998999999999796,218.90578363590592,-143.0413512113944,13.033888888888887,203.90794566451626,-42.32782446700385,101.82411115796263,11.484076286124662,184.00416739153786,-25.83229254884575,122.29507859693256,5.378803462526539,184.1520850682696,-25.864951810581953,122.22163532152909,5.38229956171027,184.89989773285217,-25.906819569432514,121.97089316321859,5.477289844459476,198.82602832183537,-28.768598765176996,116.02352573985776,7.1083737516313565,11.785869494318364,5.007910251617432,True,True,False,False,0.18189220886067844,False,False,82.63133892123827
3515.1,20.09999999999991,219.96379095527303,-143.75299972530453,12.911944444444444,205.03873114104226,-42.07756928301453,102.7650259868761,11.44971521698795,184.5213173329981,-25.9941059981587,122.97693274881627,5.351425005977682,184.67898991447058,-25.992931577750316,122.93270856287853,5.35488097099458,185.42658979779193,-26.073312559469546,122.64308800434333,5.460942004844905,199.51021792250404,-28.98487840929998,116.57645697228902,7.100734338601378,7.100734338601378,0.0,False,False,False,False,0.0,False,False,83.1451322614458
3515.2,20.199999999999818,221.04892666744527,-144.44240922211796,12.860000000000001,206.15444171040193,-41.8265530594479,103.69117425380706,11.422274334523424,185.0329984257344,-26.151083516141117,123.65267819335563,5.352993955123063,185.20021131626217,-26.1160455840195,123.63761047571916,5.35644709230935,185.9491614768618,-26.23513633188784,123.30836500651294,5.480138254181579,200.18984208136354,-29.195336322765566,117.11955097949256,7.128552792477236,7.128552792477236,0.0,False,False,False,False,0.0,False,False,83.65725013938261
3515.3,20.300000000000182,222.1340623796174,-145.12069921156817,12.841944444444444,207.2699122820898,-41.57795825523597,104.60421675473673,11.434465908730555,185.54479301127017,-26.308135413299702,124.31894445026103,5.354033372750279,185.72165973206418,-26.238773394247584,124.33332358061718,5.3575053482694655,186.47268005966117,-26.39424043726024,123.96655275540063,5.463093862161972,200.87149174936812,-29.402498521336128,117.65542435770294,7.120130604996851,7.120130604996851,0.0,False,False,False,False,0.0,False,False,84.1726892414054
3515.4,20.40000000000009,223.15137710976947,-145.8323477254783,12.605,208.38920029799814,-41.328129492488344,105.54171446736302,11.50217592359754,186.0542923130022,-26.467114402511292,124.99701047091042,5.320516169537282,186.24106800794144,-26.36307022161435,125.0411099810288,5.323980380635248,186.99212389335077,-26.555175315014413,124.6376165184677,5.4129703383919,201.54962844802057,-29.61259986361805,118.21025902314798,7.078629285765963,7.078629285765963,0.0,False,False,False,False,0.0,False,False,84.68874564745826
3515.5,20.5,224.20938442913658,-146.53287673123512,12.735,209.51633245314713,-41.06847510594881,106.48298355394077,11.631194285314328,186.5576065200166,-26.62492982060646,125.68043647298427,5.229005391442281,186.75433585343612,-26.48616883520818,125.75409631690769,5.232486175097541,187.50218003757988,-26.71546295234192,125.31413128177535,5.2800067390438326,204.33627549763798,-30.252275102472467,117.96660024663849,7.176687903458217,10.375569228695117,3.421281337738037,True,True,False,False,0.08498280780120089,False,False,84.87918988450164
3515.6,20.59999999999991,225.26739174850368,-147.22228622804855,12.673055555555557,210.65260791916555,-40.797050960985345,107.42403179935128,11.733780514373185,187.05178011029324,-26.779714187199346,126.35998628006286,5.127939530997327,187.25838628592518,-26.606428062181557,126.4629184280628,5.131472977088653,188.00280080500465,-26.872076185937388,125.98739141424662,5.2109199638687365,205.01837584625747,-30.465662057599026,118.4995018246449,7.117295141249066,7.117295141249066,0.0,False,False,False,False,0.0,False,False,85.39807618188506
3515.699,20.69900000000007,226.30505277327077,-147.93393474116857,12.61611111111111,211.7823555640519,-40.52563918991544,108.38565720359865,11.73882723469045,187.5348834413253,-26.928943181693043,127.06429086228935,5.086831449948111,187.75111403317536,-26.721451487833132,127.19619604695399,5.090367508388222,188.49436861569703,-27.026235166328057,126.68196261877097,5.196628797218847,205.6904802078536,-30.67643851782706,119.05578953844203,7.112601047435487,7.112601047435487,0.0,False,False,False,False,0.0,False,False,85.91222946916446
3515.8,20.800000000000182,227.376624289048,-148.6122247314089,12.75,212.93354833049455,-40.254501068272226,109.31604969354335,11.680910421115117,188.0269391991576,-27.079946512872134,127.74385451230665,5.105371260163113,188.25300557706825,-26.837193622255175,127.90549535792327,5.108950824253044,188.99903294981075,-27.17973442391911,127.3526176381157,5.248763012594455,206.3807562356019,-30.886393631810584,119.58343440213142,7.174526215906719,7.174526215906719,0.0,False,False,False,False,0.0,False,False,86.44147406879634
3515.899,20.898999999999887,228.387156920995,-149.30163422901242,12.421944444444444,214.05947181537653,-39.996807008036726,110.2398649050928,11.653309708176659,188.51204693549525,-27.229833740125883,128.41942559813225,5.151920339069287,188.747984827136,-26.951874255586418,128.61076055230185,5.155512705007467,189.4973992732686,-27.334027780655173,128.01761704015684,5.290718873013132,207.06169831883244,-31.09721212980923,120.11269953006278,7.226079149161663,7.226079149161663,0.0,False,False,False,False,0.0,False,False,86.96571258517363
3516.0,21.0,229.43838214217217,-149.97992421846266,12.566944444444445,215.210735797376,-39.737945904069335,111.15628503680645,11.713177613234283,189.0096465170466,-27.383709825820155,129.09033444705713,5.161915261291186,189.25583431132117,-27.069144420300294,129.31240056843345,5.165544984531189,190.00694075611094,-27.491150977906624,128.67920632238426,5.268030868260195,209.58076769343626,-31.692329669422218,119.94281919228355,7.401944564706211,10.159839278290484,2.946657180786133,True,True,False,False,0.06310321022787715,False,False,87.18990552321127
3516.099,21.09900000000016,230.51673575612423,-150.6582142071228,12.61111111111111,216.34466008109877,-39.48449089730066,112.07338882851512,11.759665702780634,189.49786039015834,-27.534059341829018,129.7771383857014,5.158109752637681,189.7541577746937,-27.183158341763725,130.02952428062537,5.161756622861487,190.50575217850704,-27.64583755575804,129.35580240663958,5.282391207208835,210.28185260760094,-31.909743347790776,120.46015867274963,7.4267891472250245,7.4267891472250245,0.0,False,False,False,False,0.0,False,False,87.7274181503927
3516.199,21.19900000000007,231.54083258449637,-151.33650419657303,12.413055555555555,217.49428237964844,-39.23185347090214,112.98122979938736,11.781504004412836,189.9926204106002,-27.681150202669134,130.44884248702547,5.165443671092278,190.25884565807428,-27.29309829949192,130.73243282040346,5.1690524337748665,191.01094573299738,-27.800329426507673,130.01483840322012,5.283369827885972,210.99261792364334,-32.127100561403935,120.96739660256048,7.438357912922513,7.438357912922513,0.0,False,False,False,False,0.0,False,False,88.2741905035089
3516.299,21.298999999999978,232.5649294128534,-152.01479418602324,12.411944444444444,218.6510623850451,-38.97939621187631,113.8885283548844,11.898669848013867,190.48787014177512,-27.821054175375025,131.12804419625238,5.127361698458546,190.76352145949227,-27.39565954970514,131.4430919614572,5.130964369970074,191.51484753486184,-27.945875850307296,130.68360922160193,5.20664041812643,211.70406396046963,-32.332593826169706,121.48664449394668,7.372218648183321,7.372218648183321,0.0,False,False,False,False,0.0,False,False,88.82269972498105
3516.399,21.398999999999887,233.59580833941547,-152.68196466811028,12.32611111111111,219.819255067559,-38.71504368257818,114.79657006624727,12.056423662835364,190.9777364201001,-27.95236070130968,131.80961330583918,5.016113635953723,191.2622015642523,-27.48996688189949,132.1558571244451,5.019719916708545,192.00961749551328,-28.082491125761027,131.35615735829077,5.0590509361039,212.40809072836916,-32.526988834906206,122.00876032090194,7.235219311181143,7.235219311181143,0.0,False,False,False,False,0.0,False,False,89.36803197558591
3516.499,21.498999999999796,234.60634097137753,-153.3491351494072,12.236944444444443,220.99437145864297,-38.43255211624548,115.71994974952749,12.116043087823215,191.45773639908103,-28.07551746446163,132.49634472094056,4.894888430824301,191.75044261291302,-27.576833444074037,132.87324749688474,4.898494959789599,192.49463228253353,-28.208511074905587,132.03625184944397,4.963331439581925,215.04233231409947,-33.12108112855201,121.80942249425422,7.348100896375232,10.286025743065748,3.1359357833862305,True,True,False,False,0.07154050506471173,False,False,89.60380887380038
3516.599,21.59900000000016,235.63721989793962,-154.00518612255084,12.263055555555555,222.17100381669218,-38.134551961737365,116.65051579987086,12.159933713895207,191.9270749406357,-28.19417295302553,133.18779150857256,4.787215305669487,192.22774142417015,-27.65987393356125,133.5946134149798,4.790880530905559,192.96996905580718,-28.3288905626758,132.72160924310145,4.8435287939540315,215.749405992823,-33.30014820698218,122.33246224990086,7.23981472878881,7.23981472878881,0.0,False,False,False,False,0.0,False,False,90.15005271649218
3516.7,21.699999999999818,236.64097043169662,-154.66123709569447,12.136944444444445,223.36420404791957,-37.8193954382028,117.59374340297084,12.278373454067905,192.38960000882645,-28.311299072072263,133.87490662135022,4.660801488725129,192.69818420614814,-27.741651803549424,134.31139040302702,4.664520554975474,193.4378558394496,-28.446970167264222,133.40371166782379,4.71204668707717,216.4525296111161,-33.47759403731424,122.85376871576625,7.119964264733752,7.119964264733752,0.0,False,False,False,False,0.0,False,False,90.69701968147406
3516.8,21.800000000000182,237.6582851618637,-155.3061685614749,12.096111111111112,224.55638020132292,-37.49511645253245,118.53735239413353,12.43154021959465,192.83410017860763,-28.4259062803034,134.56525746251157,4.520001376215119,193.15049434287585,-27.82211524435432,135.03009773287295,4.523760739540856,193.88730583011062,-28.56118430029297,134.09022957332874,4.5626535730307625,217.13591202931445,-33.6512550275099,123.37376457719071,6.982087628728815,6.982087628728815,0.0,False,False,False,False,0.0,False,False,91.2328221712475
3516.9,21.90000000000009,238.6688177938107,-155.96221953461853,12.078888888888889,225.7594652666748,-37.16560403539276,119.49597163394571,12.516347162983163,193.26517368469618,-28.54172600363293,135.26815246046303,4.407424517916249,193.58953907156672,-27.904672904087157,135.76036468405817,4.411210926412523,194.3250969070343,-28.67574139624653,134.78951405415253,4.487967516544735,217.80832292645684,-33.82720525519713,123.9036801678843,6.918918050284206,6.918918050284206,0.0,False,False,False,False,0.0,False,False,91.76439047827611
3517.0,22.0,239.67256832756775,-156.61827050776216,11.993888888888888,226.9717871140234,-36.83712060988594,120.45262020517367,12.604421990260212,193.68504650699424,-28.66246304800897,135.9688965384185,4.3308434796586415,194.0178362672067,-27.992795003252294,136.4876093580096,4.334658826072075,194.7539641055655,-28.79406105119266,135.48693489945748,4.40982130367184,220.36340290201053,-34.419178931792764,123.71524502430445,7.042876099024984,9.912916729606781,3.0606284141540527,True,True,False,False,0.06820917704911734,False,False,91.99579097021292
3517.099,22.09900000000016,240.67631886133975,-157.2409629564459,11.92888888888889,228.18184612445202,-36.514066849583415,121.3717236120918,12.697433686919542,194.0929800860868,-28.7850915275214,136.64156891668938,4.274546962244166,194.43443629882438,-28.083435817530656,137.1859268276637,4.278403447372845,195.1705199489328,-28.91882148430123,136.1519361840056,4.374781274114694,221.03025355329714,-34.6189038363835,124.18589801153733,7.020107396625315,7.020107396625315,0.0,False,False,False,False,0.0,False,False,92.5260748659049
3517.199,22.19900000000007,241.69363359149176,-157.88589442301642,11.953055555555556,229.40747795965794,-36.1905062116157,122.3140103673049,12.65501884685458,194.50135016866392,-28.91049572472255,137.3381414030508,4.269380183431799,194.85176659538416,-28.176496945799165,137.90826043998877,4.273292695746418,195.59060818592943,-29.045574036863627,136.84048051929818,4.401102418012851,221.70419062918347,-34.82224979352277,124.67653532015429,7.0588238204804865,7.0588238204804865,0.0,False,False,False,False,0.0,False,False,93.0644525982809
3517.299,22.298999999999978,242.69060202705882,-158.51970637985346,11.881944444444445,230.62499895292115,-35.86972337060063,123.24202655633607,12.526401066456602,194.91067815800494,-29.038757044857793,138.0153519200828,4.30967540232614,195.27034214381513,-28.272055532196816,138.61144108163452,4.313603698875336,196.013282289837,-29.17764431961142,137.50687690383467,4.455442228733006,222.3811331050259,-35.03376969351658,125.14492034116695,7.125558911157657,7.125558911157657,0.0,False,False,False,False,0.0,False,False,93.60799484556992
3517.4,22.40000000000009,243.66722416802585,-159.15351833669052,11.708055555555555,231.8469667275599,-35.544046297862316,124.1733468328721,12.515692020374257,195.32686018914504,-29.16890572049469,138.6823359573712,4.325135001986923,195.69597964597023,-28.368619216120642,139.30516910356374,4.329058090354409,196.44143200149057,-29.312177829711043,138.16312514707454,4.43146589158334,223.06716547397602,-35.24933527752778,125.60497202641625,7.1141018067646,7.1141018067646,0.0,False,False,False,False,0.0,False,False,94.1610895755291
3517.499,22.498999999999796,244.65062840716783,-159.76509127880112,11.67611111111111,233.05171560796705,-35.21393682302508,125.09006696932433,12.720084018849079,195.73039694454454,-29.296685769695873,139.33841495598034,4.226170941541303,196.10886773401413,-28.463608127138816,139.9870780003497,4.230111163235145,196.85215994455325,-29.440007466368357,138.81398005276407,4.258640604413031,225.02077833492257,-35.74133860581216,125.56760028347107,7.081768313663536,9.041260134654543,2.087712287902832,True,True,False,False,0.0317656876644597,False,False,94.41030957312724
3517.6,22.59999999999991,245.61368635170967,-160.38778372827494,11.571111111111113,234.29257520238008,-34.86426238955861,126.03301935178197,12.808461877653668,196.131482907461,-29.42637568818535,139.99778160221274,4.121006488419606,196.51949735552128,-28.560607251920267,140.67211468845352,4.1249555162037375,197.2599251566117,-29.57139685116697,139.46688960930385,4.224737530441612,225.70056861660527,-35.96037942700307,126.01075826723805,7.0609732478386755,7.0609732478386755,0.0,False,False,False,False,0.0,False,False,94.96063987659814
3517.699,22.69900000000007,246.59709059086666,-161.0104761769587,11.660000000000002,235.50995467010884,-34.52002761345535,126.97542345163352,12.749403649690654,196.5184196618156,-29.55206536552099,140.67404542092655,4.097962948793186,196.91572244760482,-28.65463882930262,141.37293241842832,4.101912960200391,197.65714691386947,-29.70029738793022,140.13379728214846,4.211885226140658,226.36547245682897,-36.17614419903484,126.46315199573361,7.060969387166533,7.060969387166533,0.0,False,False,False,False,0.0,False,False,95.50163697217963
3517.8,22.800000000000182,247.5737127318337,-161.59981010276272,11.508055555555556,236.75112355850854,-34.16662767086512,127.89192476906378,12.805209626856904,196.90941912346798,-29.679049550076687,141.31510079122404,4.042688282919166,197.31613989769323,-28.749503898270213,142.03882386800572,4.046633471498819,198.057019354957,-29.830320672495862,140.76612258527558,4.114465377169058,227.0396285687211,-36.39535408441683,126.8771233093961,6.9766575463414915,6.9766575463414915,0.0,False,False,False,False,0.0,False,False,96.05313194041156
3517.899,22.898999999999887,248.5367706763756,-162.23362205959978,11.518055555555556,237.97010133345566,-33.81170525803352,128.85590097465857,12.843300033556586,197.28735089742526,-29.801805258130194,142.0024264898916,3.984950307139848,197.70321906016434,-28.841058872643487,142.75022200859843,3.9889113674621437,198.44353929396007,-29.955695824375198,141.44533077985903,4.09453279790302,227.69628559603157,-36.608353379470095,127.34219233757057,6.969573410704206,6.969573410704206,0.0,False,False,False,False,0.0,False,False,96.5931492591912
3517.999,22.998999999999796,249.47948232633254,-162.83407549276703,11.303055555555556,239.20194592482545,-33.44910013655007,129.7925252177997,12.838785719723425,197.6647958243415,-29.92460462019008,142.65233676644766,3.9534212433904394,198.08987311846496,-28.932481844273923,143.42429611521027,3.9573967027154953,198.83087342655026,-30.081678448413935,142.08617281250372,4.05161603033166,229.0369752824615,-36.97748633174627,127.50598860243657,7.006406229374706,8.041499922197382,1.1018650531768799,True,True,False,False,0.008856298183118123,False,False,96.85728044323393
3518.1,23.09999999999991,250.42219397627443,-163.43452892672434,11.299999999999999,240.44646792041559,-33.078015865475926,130.73765948581521,12.877536562622122,198.0423320222771,-30.046740579522172,143.3037055294727,3.9040298700326725,198.4766030732884,-29.023088171797504,144.09989528127906,3.908005733998137,199.21733387869645,-30.207445281624814,142.72839070833413,3.9961040452722965,229.70786432791425,-37.19581550414641,127.92691749342157,6.964304640545024,6.964304640545024,0.0,False,False,False,False,0.0,False,False,97.40988097410393
3518.199,23.19900000000007,251.35134142982125,-164.0461018672548,11.195,241.6672931294605,-32.70611386867395,131.69651946407348,12.904690790622345,198.40805118593718,-30.163911126443793,143.97025032765293,3.8541670192499504,198.8511682145571,-29.109595706026415,144.78994745020097,3.858163405501002,199.5918114768293,-30.327862724465486,143.3862490631611,3.9506073651054474,230.36270591485686,-37.40638711045484,128.36720833010153,6.931952804207276,6.931952804207276,0.0,False,False,False,False,0.0,False,False,97.95165019128285
3518.299,23.298999999999978,252.3076172761732,-164.6354357930588,11.266944444444444,242.89844535570018,-32.326784655187275,132.64279732481523,12.860609038744382,198.7746637898392,-30.281276115864962,144.6264752095373,3.844649783470014,199.22668966835909,-29.196035574877133,145.46963946874547,3.8486717861391955,199.96945612744997,-30.448404001836067,144.0327831202617,3.977713559096348,231.02500005900984,-37.617786323974855,128.78832661488923,6.972336618227537,6.972336618227537,0.0,False,False,False,False,0.0,False,False,98.50161869445986
3518.399,23.398999999999887,253.27067522073017,-165.22476971807276,11.315,244.12612562149553,-31.94859220440054,133.5895290807956,12.83163619269565,199.14130112546366,-30.39891819213342,145.28592285434934,3.856326760711741,199.60232336025499,-29.282482234678675,146.15265142185254,3.860381677677975,200.3480045747693,-30.569947423420214,144.68147855031515,3.973933573379752,231.68930641324727,-37.83108020444347,129.20877527281024,6.981834252540302,6.981834252540302,0.0,False,False,False,False,0.0,False,False,99.05550258631811
3518.5,23.5,254.17947637966196,-165.8141036430867,10.973888888888888,245.366352926318,-31.56594238480524,134.53713222093532,12.869670394194566,199.5115826065947,-30.51816514196742,145.9231632897328,3.846833144054901,199.9817970477028,-29.369934022856306,146.81416780516815,3.8509131754327375,200.72948390004277,-30.692271997312954,145.30936337132638,3.958972435197056,233.67061232497974,-38.35008505750091,129.10340637953746,7.107508764072527,9.107306253812386,2.1270227432250977,True,True,False,False,0.03302952373313988,False,False,99.34247418456397
3518.6,23.59999999999991,255.06114914580374,-166.40343756889072,10.87,246.59807105107504,-31.183325107309066,135.48469472586294,12.92589037609509,199.8762119968453,-30.636285388662916,146.55407500053906,3.8188570839354408,200.3556115088036,-29.45644950812163,147.46922861081788,3.822995368138698,201.10421658604832,-30.813473361341195,145.93145296700968,3.9179395638930306,234.3455775627009,-38.56839189471724,129.50264016047194,7.080316260338837,7.080316260338837,0.0,False,False,False,False,0.0,False,False,99.90522975076098
3518.7,23.699999999999818,256.01064289395066,-166.97053247759808,11.055,247.83361040651818,-30.799225341560607,136.41659997022936,12.951445703104355,200.23895468526348,-30.75317382383322,147.1925609677861,3.8033671829093256,200.72751741553506,-29.541582484587455,148.13149651186157,3.8075337925592123,201.47734356046473,-30.93453880726907,146.5594497467474,3.9275835221767292,235.02016312514888,-38.787269133657176,129.89052791649812,7.103800586192872,7.103800586192872,0.0,False,False,False,False,0.0,False,False,100.47018023904835
3518.8,23.800000000000182,256.93979034749754,-167.55986640261202,11.038055555555555,249.07341155462274,-30.415229721320262,137.37005236133714,13.006671329496987,200.59990760324743,-30.869125965448927,147.8463422235929,3.779035867689419,201.09762730400004,-29.625654878015148,148.80925334900647,3.7832386937771845,201.8486477703516,-31.053357007796198,147.20414769160672,3.869456456048202,235.69463681064622,-39.00310226314988,130.3004150216479,7.0595138876347425,7.0595138876347425,0.0,False,False,False,False,0.0,False,False,101.03705997021409
3518.9,23.90000000000009,257.8621557028544,-168.12696131210944,10.901111111111112,250.32065377681087,-30.02636745769435,138.3063565937684,13.122503027946859,200.95639162487115,-30.984334315312424,148.48018765101858,3.713730727939386,201.4632986266195,-29.70905473055445,149.46687908003452,3.717989359873811,202.213475594744,-31.171008323769453,147.82999917716023,3.7971248838037006,236.36373229655408,-39.218875181676374,130.68847263155124,7.001022682960577,7.001022682960577,0.0,False,False,False,False,0.0,False,False,101.60265789134911
3519.0,24.0,258.80486735278123,-168.68293671345359,10.943055555555556,251.57307551570187,-29.62795560003473,139.24290497410675,13.16297393396614,201.30646875624169,-31.0974382527336,149.1168509185039,3.6441649407991483,201.8224719899709,-29.790638935848264,150.1268255949836,3.648465473610064,202.5715262364723,-31.286976323322012,148.45820484105874,3.730127973979795,238.77456639694205,-39.84751225549126,130.3832027204609,7.1156281940190285,9.788930355413427,2.841064214706421,True,True,False,False,0.05897572091336964,False,False,101.89879224389162
3519.099,24.09900000000016,259.7204506099482,-169.26115113031423,10.826944444444443,252.81510111878302,-29.221238341327897,140.21006035781465,13.239801820883748,201.64595173390686,-31.205100889047298,149.7735638486397,3.550782544650739,202.1706549297462,-29.867530548623073,150.80636737785798,3.5551015748225923,202.917288391654,-31.39840291752478,149.10646056687426,3.6087227720755246,239.44001675077646,-40.06196275398444,130.781215297223,7.008649875492996,7.008649875492996,0.0,False,False,False,False,0.0,False,False,102.4621510094336
3519.199,24.19900000000007,260.62246967069,-169.79488751535177,10.591111111111111,254.07475086900027,-28.797863384031274,141.1489760338139,13.338233837739324,201.9799950092027,-31.30902438190098,150.39040568546935,3.4459328690756625,202.5131529406165,-29.940910074526926,151.44579128141777,3.450314456029066,203.25762862926177,-31.504552077505167,149.716204410947,3.521469974258158,240.10562500347615,-40.26956017883408,131.14019725747954,6.935969687148559,6.935969687148559,0.0,False,False,False,False,0.0,False,False,103.02785291500187
3519.3,24.300000000000182,261.5516171242369,-170.33974340854263,10.668055555555556,255.3512013619525,-28.361199371569832,142.11387026776737,13.376181929517745,202.3083560621933,-31.411119896102406,151.03286533839847,3.3633146739878153,202.84990215772297,-30.01267911255194,152.11040830245952,3.367747287488557,203.59360728000672,-31.608806578755498,150.35093527735128,3.4445124546399417,240.7716853165001,-40.476239340093244,131.51553237116278,6.873730503098033,6.873730503098033,0.0,False,False,False,False,0.0,False,False,103.59689703629181
3519.4,24.40000000000009,262.4400719885686,-170.86236028621695,10.465,256.6177713359593,-27.92025023488401,143.06063753114185,13.446586900650097,202.6251154375596,-31.51019818227358,151.6471368349657,3.274550925815222,203.17488779098863,-30.082209863162014,152.7462366512218,3.279063281180383,203.91764518404864,-31.709765022631032,150.95800478173308,3.3435114299924473,241.4238180200789,-40.67942020915955,131.868422368567,6.787302087923468,6.787302087923468,0.0,False,False,False,False,0.0,False,False,104.15736986899485
3519.5,24.5,263.32174475471044,-171.3960966712545,10.313055555555556,257.88717229028254,-27.47134418798786,144.02732016961463,13.482220181789126,202.9340428003359,-31.60736123199399,152.2746370970489,3.202386422837497,203.49194642699462,-30.15035255309856,153.39480108343545,3.206909765827171,204.23457320448153,-31.809294625796046,151.57760107312748,3.3002679776009227,244.29072756968526,-41.417713004452345,131.36422585974898,6.969436891337634,10.3739223636267,3.615291118621826,True,True,False,False,0.09557381423047295,False,False,104.45494424585362
3519.6,24.59999999999991,264.21019961904216,-171.89647453183213,10.251111111111111,259.1554237724635,-27.02218654584012,144.96244368217342,13.426573206484777,203.2398713448184,-31.701827449453713,152.87877550667145,3.199430484612034,203.80568012665148,-30.216047715575815,154.0196393903815,3.203953807431081,204.55111014930665,-31.909004043417237,152.16996697805627,3.3371292653485405,244.9579675382259,-41.627894184767726,131.68352769322817,7.021778984028495,7.021778984028495,0.0,False,False,False,False,0.0,False,False,105.02812782157217
3519.699,24.69900000000007,265.07152609059904,-172.3968523931999,10.048055555555555,260.4081774990753,-26.58000762553091,145.89139466769296,13.411826183361542,203.5435815518065,-31.793182519517025,153.47664298229986,3.2076991408979727,204.11700580405162,-30.27886466987377,154.63820995436606,3.2122134392357764,204.8663496246751,-32.00445443073518,152.7569595106688,3.3168747257157336,245.62306034262946,-41.829275581271105,132.00808662536122,7.016850441289538,7.016850441289538,0.0,False,False,False,False,0.0,False,False,105.60015322838161
3519.8,24.800000000000182,265.9396346603157,-172.87499123826103,9.973888888888888,261.6863796636547,-26.124368532982913,146.81224554666247,13.459263213175511,203.85280034288078,-31.8851023363543,154.05493750001204,3.1802651703219986,204.43385261876313,-30.341850133034626,155.23742312298717,3.1847523805162377,205.18565903106412,-32.099868573649424,153.32540792704953,3.2823370001594716,246.30118028510208,-42.03190736038398,132.30865991657734,6.997948328725983,6.997948328725983,0.0,False,False,False,False,0.0,False,False,106.18541102492406
3519.899,24.898999999999887,266.80096113185743,-173.3531300833222,9.88888888888889,262.9416700267141,-25.66960862803097,147.73393867784648,13.513047669799029,204.15257348728082,-31.97333479444925,154.6385042296671,3.132633824622735,204.74092795064027,-30.402111876082834,155.84107714251803,3.137121020293089,205.4943455300684,-32.19114815923369,153.8999878404226,3.2206841216634348,246.96334080650539,-42.227710345545056,132.61752102034276,6.951621447123726,6.951621447123726,0.0,False,False,False,False,0.0,False,False,106.75923354194143
3519.999,24.998999999999796,267.63515921057905,-173.82014942023005,9.601111111111111,264.21267261955785,-25.202664280040477,148.65688784533393,13.5682594917038,204.4504855071567,-32.06035159623019,155.20355430887935,3.074573453667424,205.0460278087843,-30.46140530017229,156.42611318226673,3.079040609297795,205.8008348762112,-32.28093068844102,154.45657676218588,3.166697872552951,250.00161077085735,-43.00300097896917,132.00025892731762,7.135865574250034,10.781073594966983,3.867957592010498,True,True,False,False,0.10948337581602588,False,False,107.08401318769019
3520.099,25.09900000000016,268.4625751911258,-174.2649297408313,9.471944444444444,265.4884023599072,-24.728610855168583,149.5658930702604,13.650980537982228,204.74237457583678,-32.14513286870514,155.750764458564,3.004477123554,205.34489733381233,-30.51915818973027,156.9926370786889,3.008928282950426,206.1007301498257,-32.36826730185003,154.99568551504044,3.0803769365827196,250.68338013935775,-43.20154838204486,132.26378835451337,7.06597294179936,7.06597294179936,0.0,False,False,False,False,0.0,False,False,107.67434680888928
3520.199,25.19900000000007,269.27642697524743,-174.72082957037594,9.335,266.77086832431195,-24.24655282127277,150.49513542742494,13.750537155580616,205.0267949130813,-32.2276752319434,156.3083946991974,2.918636663314391,205.63610824464624,-30.575443563642505,157.56897688048463,2.9230820245486786,206.39250965854475,-32.45278796848877,155.54607908375638,2.995115629376109,251.3587703439565,-43.397190737413034,132.5403355039036,6.997139938112231,6.997139938112231,0.0,False,False,False,False,0.0,False,False,108.2620606559391
3520.3,25.300000000000182,270.083496661164,-175.1544903828239,9.223055555555556,268.07324739850105,-23.75102907540319,151.4168061939152,13.842806462400914,205.30550000581596,-32.30855156371075,156.84754090451688,2.8279489892832403,205.92146602758916,-30.630658120650335,158.12622890200308,2.8323737661715223,206.6783603447118,-32.53590424149657,156.07777684301854,2.8997223364993516,252.03355551906844,-43.59339676926926,132.79353044492643,6.918339231790184,6.918339231790184,0.0,False,False,False,False,0.0,False,False,108.85253780329653
3520.4,25.40000000000009,270.89056634709567,-175.59927070421526,9.231944444444444,269.3697267149634,-23.25183364995194,152.35502791240395,13.942539573546197,205.57229714032334,-32.386225607956874,157.40537658514504,2.7295371886184214,206.19464641999622,-30.68387371486033,158.70108487277585,2.7339406926550365,206.95198492212197,-32.61514194994026,156.62887112616588,2.797611208324924,252.69397154369952,-43.78464367006508,133.06469089353158,6.832656407135238,6.832656407135238,0.0,False,False,False,False,0.0,False,False,109.43353391815245
3520.5,25.5,271.6705076402222,-176.02181200850993,8.931111111111111,270.67182147660714,-22.741377420566195,153.28368798251915,14.0292054194065,205.8288117794051,-32.4619064344465,157.93851779177348,2.6193946522821494,206.45737901811341,-30.73615875052891,159.25034752640883,2.623766136111261,207.21483149425444,-32.69208823242156,157.15579500980442,2.6799448477870955,255.74947520324366,-44.57032931090276,132.41212775746274,6.954654635250349,10.654609897510689,3.923191547393799,True,True,False,False,0.11271459233001711,False,False,109.76212095975905
3520.6,25.59999999999991,272.4572310315388,-176.45547282253807,8.97111111111111,271.97855775732495,-22.218505361607136,154.23771023860448,14.12020951471807,206.07446145228326,-32.53492103232159,158.49226266481566,2.5060280828589674,206.7090280446025,-30.786869823893348,159.81917311633217,2.5103879551440067,207.46647638773445,-32.76693434244632,157.7028670624475,2.570849096009474,256.41168426523,-44.76728849265845,132.66211766412502,6.862924907572018,6.862924907572018,0.0,False,False,False,False,0.0,False,False,110.34670982900738
3520.7,25.699999999999818,273.2168260300653,-176.86689461867945,8.741944444444444,273.2910320637974,-21.685142323287547,155.181770037604,14.214047695290008,206.30941264266258,-32.604996238116826,159.02231695757857,2.397549243157172,206.94973867234884,-30.835701013423574,160.36345086287884,2.401890669376976,207.70775921696531,-32.838601328197576,158.22637928895506,2.463177543905747,257.06524113710213,-44.961411096299166,132.89067039422872,6.7726193795675815,6.7726193795675815,0.0,False,False,False,False,0.0,False,False,110.92686671592077
3520.8,25.800000000000182,273.9832031267969,-177.27831641561087,8.68,274.6090998914564,-21.140682850377086,156.13888805198798,14.30796595609555,206.53358011250177,-32.67220539983012,159.5630877987727,2.2829690893362855,207.17943995540276,-30.882698559987094,160.91743131553383,2.287307697572178,207.93790234616117,-32.90753847801636,158.760521785206,2.3417445383251843,257.70903791049994,-45.15425419691943,133.122561088104,6.668552398086389,6.668552398086389,0.0,False,False,False,False,0.0,False,False,111.50196361144755
3520.899,25.898999999999887,274.7224518307084,-177.67861870438904,8.50611111111111,275.9176421392755,-20.589451985723866,157.09371336956255,14.377218603834145,206.74494447916302,-32.73546158611086,160.09203696981083,2.1741418947152127,207.39602350389552,-30.92693952147019,161.45867364205557,2.1784682715309924,208.15532555628684,-32.972788722548664,159.28264039489073,2.2441784226957795,258.33755283409226,-45.34287597484689,133.34621749006936,6.588178646315247,6.588178646315247,0.0,False,False,False,False,0.0,False,False,112.06669302480111
3521.0,26.0,275.45491843642986,-178.0678014850139,8.358888888888888,277.25577681055455,-20.01666646737569,158.0613943100824,14.446046552754362,206.9505644778459,-32.79660061917358,160.61310130959518,2.0737226260609503,207.60669123871708,-30.969648586048866,161.99150755567325,2.0780359789265237,208.36761283522424,-33.03613584083756,159.7964036277216,2.1426975046064487,261.5314940317065,-46.17355507917996,132.62712385525398,6.7394139549299545,10.686562298888257,4.1823248863220215,True,True,False,False,0.12818741025868116,False,False,112.3973912000663
3521.1,26.09999999999991,276.18060294393126,-178.46810377379205,8.315,278.58662861767164,-19.440309871790234,159.04599395420263,14.559896724556161,207.14410847621693,-32.853927283948124,161.15063128392075,1.9633865295770088,207.80496915653038,-31.009718168650355,162.5398498249073,1.9676880279521838,208.5672957760597,-33.095287164518204,160.32721264679466,2.0224990551707207,262.1727970129862,-46.363525840148974,132.84516603183195,6.637557358820759,6.637557358820759,0.0,False,False,False,False,0.0,False,False,112.97388589327483
3521.2,26.199999999999818,276.8927232550377,-178.85728655441693,8.146944444444445,279.92422500345276,-18.85392648753289,160.03207564592665,14.649845038568106,207.32710915313183,-32.90840067689829,161.6800913973772,1.8553395544145495,207.9924705113007,-31.04797839544855,163.0792335234125,1.8596193836298278,208.75663355825776,-33.151361624002334,160.85006459120635,1.9268371307818506,262.805521362252,-46.550914091324394,133.05421996881827,6.560237287758421,6.560237287758421,0.0,False,False,False,False,0.0,False,False,113.54583650368573
3521.299,26.298999999999978,277.59806146795415,-179.25758884319507,8.094999999999999,281.2523111139452,-18.26450678113201,161.03454912632068,14.70388801078845,207.4988738026889,-32.95944883079986,162.2252812677989,1.764664627763891,208.16846637025526,-31.0838467322087,163.63351284686004,1.7689474536253877,208.9352634286853,-33.20481903587563,161.3877052410476,1.8399770523317327,263.42446256676357,-46.73614064282859,133.27724914228327,6.491535644101616,6.491535644101616,0.0,False,False,False,False,0.0,False,False,114.10864145610161
3521.399,26.398999999999887,278.31018177907566,-179.61341310015013,8.05,282.5976142268813,-17.662025271513066,162.00812972383858,14.777143230703814,207.6640303028369,-33.00854822960239,162.73864053172878,1.681350758997845,208.33771700591674,-31.118335569518756,164.15521276297986,1.6856371380447388,209.10797120533476,-33.255772895156255,161.89349830881662,1.761371133604002,264.04419417511957,-46.918979642765564,133.45909887636918,6.431271578700418,6.431271578700418,0.0,False,False,False,False,0.0,False,False,114.67455264194238
3521.5,26.5,278.99517369737697,-179.9803568652585,7.825,283.96104517090015,-17.049293678442236,163.00672142791495,14.822571325405912,207.82392825351315,-33.05614201939216,163.25462041273136,1.6222357506542668,208.5016176982678,-31.151715866911367,164.67940314081306,1.6265556624732351,209.2764871218523,-33.306271383048994,162.40068537373463,1.7221856248117702,267.3405187883367,-47.78326016708269,132.70984649405509,6.653784493386441,10.785690973573441,4.37507963180542,True,True,False,False,0.1403720377065126,False,False,115.00938225635515
3521.599,26.59900000000016,279.69372981208835,-180.35842013773004,7.895,285.30007626224227,-16.445000565458237,164.00926875147871,14.855699296433754,207.97529972830142,-33.101189874101266,163.7932388061193,1.5683228832108564,208.65682399225375,-31.18317293867064,165.22559234379074,1.572680945981832,209.4367090313775,-33.35362737039585,162.93083828897497,1.6530423667861027,267.9698550494878,-47.96926993383875,132.90724709795788,6.603786653156001,6.603786653156001,0.0,False,False,False,False,0.0,False,False,115.58370107249301
3521.699,26.69900000000007,280.37193963219977,-180.714244393895,7.6869444444444435,286.6565825306849,-15.824444977894638,165.00952302158294,14.978688241104217,208.12074811833534,-33.144435251127206,164.3078916108597,1.4665091892549242,208.8060096479691,-31.21320210450119,165.74753084170794,1.47088929130578,209.5886370835891,-33.39916071876251,163.43809163686242,1.5190496156345108,268.59694333926836,-48.15721040394666,133.0789908209063,6.489132707858125,6.489132707858125,0.0,False,False,False,False,0.0,False,False,116.15950390855802
3521.799,26.798999999999978,281.02302105950605,-181.08118815979347,7.531944444444444,288.0194566490449,-15.19051950239384,166.03814037310138,15.08327922539447,208.25586428479858,-33.184423868380115,164.82873533745484,1.3516812257055646,208.94464699445578,-31.240757665536563,166.2752134822432,1.3560969980221307,209.7297616515199,-33.4407619832341,163.9525061675194,1.4235212928960879,269.2157219322852,-48.33961643200318,133.26566391026523,6.412943190973418,6.412943190973418,0.0,False,False,False,False,0.0,False,False,116.73029884172333
3521.899,26.898999999999887,281.6741024867974,-181.43701241595843,7.478055555555555,289.3855209967263,-14.548210814132881,167.06686707881,15.107425320860106,208.38180312199614,-33.221474748994,165.34692846281422,1.2738473526227487,209.07390765414345,-31.2660813461617,166.79957082711257,1.27827642890199,209.86332209474915,-33.4804603067959,164.46254738555618,1.3631863623305092,269.828472109431,-48.521744869186726,133.44207472183234,6.371947066261555,6.371947066261555,0.0,False,False,False,False,0.0,False,False,117.29861512856534
3521.999,26.998999999999796,282.3116197177087,-181.77059765660692,7.308888888888889,290.75249449261963,-13.899657994874408,168.0830174344772,15.153092514133805,208.50062939291345,-33.25619272841103,165.84508061411756,1.2020395839733866,209.19590189188085,-31.289597091039116,167.30343608067497,1.2065244055146929,209.99022306972904,-33.51738642997179,164.95271762575996,1.2800991707651712,272.33144665133466,-49.18414430372033,132.9615413085,6.478651787198602,9.41034530606873,3.102146625518799,True,True,False,False,0.07061956646678991,False,False,117.63531580181954
3522.099,27.09900000000016,282.9491369485899,-182.12642191356196,7.29,292.12165058379907,-13.241911440089646,169.13341740842486,15.226087378169016,208.61164946088616,-33.28912011703477,166.36888065998107,1.1139733810625727,209.30998623721325,-31.311934788673444,167.83245825595242,1.1184957159088769,210.10861029331446,-33.55212559063448,165.4692232751183,1.1874781019215728,272.9496178809206,-49.3655384526096,133.13693161147006,6.4060601822021805,6.4060601822021805,0.0,False,False,False,False,0.0,False,False,118.20907273407238
3522.2,27.199999999999818,283.5663078849162,-182.44888764605713,7.058055555555555,293.50571436739887,-12.570978581025095,170.16843358722943,15.231552723829756,208.7166207055329,-33.321148805206,166.85789811284522,1.05929533255398,209.41799441782453,-31.333836849800278,168.32626345038787,1.063830002236449,210.2227282258675,-33.586360701082654,165.94978941127488,1.1717801557913168,273.5695626639395,-49.55152042444872,133.27282217109442,6.410591994557431,6.410591994557431,0.0,False,False,False,False,0.0,False,False,118.78779619275556
3522.3,27.300000000000182,284.1902609194025,-182.7824728867056,7.063888888888888,294.876201085921,-11.904380868635027,171.21189108522398,15.248519717923424,208.81591707593088,-33.35227228539237,167.36390459589128,1.0219081359149205,209.52029371219166,-31.355243622332477,168.83663632461693,1.026474907401723,210.33181654098343,-33.62023479510321,166.44651717142025,1.1127517210227864,274.17992272994974,-49.74104937849346,133.41749225554597,6.371593023636078,6.371593023636078,0.0,False,False,False,False,0.0,False,False,119.36116675183982
3522.4,27.40000000000009,284.79386765928865,-183.10493861999086,6.901111111111112,296.2483969454434,-11.235128368412724,172.25108974134488,15.285533684402385,208.91158220319113,-33.382493975042095,167.8538997953292,0.9845982627496597,209.61892020310145,-31.375979570544224,169.3308883200852,0.9891813421292046,210.43716089960455,-33.65357339811273,166.92702120037023,1.0971257727712902,274.78759743148265,-49.93336177090355,133.5469742238447,6.375996539231668,6.375996539231668,0.0,False,False,False,False,0.0,False,False,119.93505331070916
3522.5,27.5,285.4042564973949,-183.42740435248604,6.944999999999999,297.6220142707466,-10.564415028236738,173.29421999340838,15.2868784261023,209.00469533245882,-33.411634250790996,168.34970812389142,0.9667352042117031,209.71492159644674,-31.39579608389511,169.83075496058473,0.9713316771893025,210.54082898877252,-33.686262933759544,167.41249120576936,1.0768731649068446,278.0319401594805,-50.80851284811554,132.82364786450592,6.610698073943189,10.698846782360306,4.323073387145996,True,True,False,False,0.13723454668001736,False,False,120.28685754766212
3522.599,27.59900000000016,286.0146453355012,-183.7498700849812,6.913055555555555,298.9825042729642,-9.899392903109904,174.33345571572397,15.305598194298161,209.0953667479734,-33.43958140504281,168.8483292824425,0.9500511663974528,209.8083874585838,-31.414589096553726,170.33329555147574,0.9546638862232713,210.6420036964052,-33.71768191369857,167.9008415557193,1.0633469867823357,278.6572977141474,-51.00271253422812,132.95088717953672,6.617932596958571,6.617932596958571,0.0,False,False,False,False,0.0,False,False,120.87572003207075
3522.699,27.69900000000007,286.6318162717824,-184.05009680195988,6.8838888888888885,300.3565531005544,-9.225208441644497,175.3627953450098,15.305100148074908,209.18564869649208,-33.46730930401142,169.3312870167597,0.9388298259584126,209.90146306243537,-31.43314221001333,170.820027902326,0.9434712789075176,210.74327902693122,-33.7486589605104,168.37337171408745,1.05479087486456,279.29074273595677,-51.19646412201752,133.05630040293264,6.630346890232552,6.630346890232552,0.0,False,False,False,False,0.0,False,False,121.47370495418791
3522.799,27.798999999999978,287.22864091347856,-184.37256253445506,6.791111111111111,301.72964396619255,-8.547421074786028,176.42210592453384,15.320241403789685,209.27452586053488,-33.49464604252323,169.8263517203203,0.9208962279543711,209.99312039698063,-31.451370827986,171.3190488602509,0.9255781791851218,210.8427634582767,-33.7793397129113,168.85828683952778,1.027367682790358,279.92402333954715,-51.3917662927821,133.18126597600252,6.623894103350106,6.623894103350106,0.0,False,False,False,False,0.0,False,False,122.07403492486804
3522.9,27.90000000000009,287.8254655551748,-184.69502826616008,6.828055555555555,303.11809359946335,-7.858188842170874,177.4968513804307,15.37496842199218,209.36178164738502,-33.52137488611025,170.32329015332283,0.8861909403235718,210.0831282673726,-31.469074766068285,171.8198586688474,0.8909069464381043,210.93994825094973,-33.809150630922126,169.34559587097118,0.9855866150529169,280.56262772899686,-51.58765479109158,133.30537005957686,6.603293144856382,6.603293144856382,0.0,False,False,False,False,0.0,False,False,122.68158043157642
3523.0,28.0,288.408726000476,-184.98413547577556,6.611944444444444,304.4961032521702,-7.17358953494831,178.53681400376047,15.398964871995705,209.44543025746003,-33.54674569105022,170.78783650895585,0.86204381472824,210.16942127288502,-31.485725595384896,172.2879875094757,0.8667955458201637,211.0338447368596,-33.83787300314278,169.80007335099927,0.978238706325893,283.887240592788,-52.48686246564838,132.574398680183,6.854585323646956,11.038647113336495,4.421731472015381,True,True,False,False,0.14365958686485883,False,False,123.06617375110537
3523.099,28.09900000000016,289.00555064217224,-185.29548170011745,6.716944444444445,305.85908514057877,-6.499681009409413,179.588362567624,15.317918395967117,209.52853162527254,-33.57157728702153,171.27971193975924,0.8901208554669479,210.2551287692409,-31.50180784873606,172.78345714179275,0.8948914121341341,211.1295905598964,-33.86665818214044,170.28022125536145,1.0415439934783413,284.5411396546544,-52.68345173654527,132.68715633596508,6.939583139121239,6.939583139121239,0.0,False,False,False,False,0.0,False,False,123.68650637691708
3523.199,28.19900000000007,289.59559318564834,-185.59570841630602,6.6480555555555565,307.2311503886348,-5.827486358805966,180.63118927686452,15.239702468589975,209.6168250210541,-33.59757384491325,171.7557459600963,0.950703993223333,210.34614325236947,-31.518416823383646,173.26363467080364,0.9554660765804641,211.232179648158,-33.89713121574002,170.7433246306391,1.0988416546820707,285.21016723201103,-52.88217949784327,132.78596582013662,7.018792445094443,7.018792445094443,0.0,False,False,False,False,0.0,False,False,124.32221981122548
3523.299,28.298999999999978,290.1856357291395,-185.90705464143795,6.698055555555556,308.60171334972574,-5.161456129185084,181.68137850776,15.236787984906922,209.7100826868149,-33.62456531174694,172.2389944057833,0.9910047609735949,210.4422129995839,-31.53541022384808,173.75159875182564,0.9957636589868836,211.33877798840695,-33.92825763582037,171.21443197015267,1.1221545335969112,285.88608199381196,-53.07954473603731,132.89707878652666,7.064016968778759,7.064016968778759,0.0,False,False,False,False,0.0,False,False,124.96553878041702
3523.399,28.398999999999887,290.78246037085074,-186.19616185026334,6.688055555555556,309.96995930077384,-4.49692402631225,182.7095321568925,15.184922175222388,209.80735729817255,-33.652156047828235,172.70391143191924,1.0312407176240483,210.54235558993022,-31.552484684015365,174.22152938931464,1.0360038195721426,211.44938212555314,-33.95999752697503,171.66708196897198,1.179209917713487,286.56887392728163,-53.27548443783132,132.98744600336244,7.14298399766481,7.14298399766481,0.0,False,False,False,False,0.0,False,False,125.61648111922747
3523.5,28.5,291.3725029143269,-186.48526905908872,6.623055555555556,311.34603111838294,-3.8258255993067904,183.74823567576232,15.131829542068157,209.90971388927753,-33.68048019029883,173.16318747636623,1.0718058633910013,210.64765011307577,-31.56965084158969,174.686435155949,1.0765788520710957,211.56519076628484,-33.992475159637245,172.1140879287794,1.2025030720453593,289.0086527409822,-53.93153354485462,132.57481128185532,7.340812276223686,10.05441905594461,2.866011142730713,True,True,False,False,0.06039054502224816,False,False,126.06846030364514
3523.6,28.59999999999991,291.9761096542432,-186.78549577527727,6.726111111111111,312.70578497987,-3.1615941529634086,184.790304632324,15.134548653064046,210.01434576097046,-33.70862341836497,173.63830104867708,1.0952237537524718,210.75519855580038,-31.586294844378024,175.1674295331492,1.1000154132874924,211.6823184318866,-34.024468098281055,172.5775897554239,1.2258657774018986,289.7190049621829,-54.12556332348639,132.67913249529724,7.386683548412554,7.386683548412554,0.0,False,False,False,False,0.0,False,False,126.74365747734488
3523.699,28.69900000000007,292.5593700995143,-187.06348347594934,6.583055555555556,314.0524799931647,-2.508936013150142,185.80186964102145,15.098154691432521,210.12135429677303,-33.73691958608248,174.08349043997953,1.1408672311763906,210.86513839325687,-31.602730670870102,175.6188861051044,1.1456746447699162,211.80289270423387,-34.05640813779338,173.01090643318003,1.2939928074095637,290.43023105249534,-54.31396661205325,132.76659015233977,7.477094059584282,7.477094059584282,0.0,False,False,False,False,0.0,False,False,127.4203321133549
3523.8,28.800000000000182,293.1561947412105,-187.34147117662144,6.616944444444445,315.425471182572,-1.8511572248430697,186.82231462850226,15.048914367416907,210.23563077314353,-33.766674797090545,174.53090847124088,1.1974973113510337,210.9824900974861,-31.619701542326062,176.07324405743938,1.2023122777043647,211.9313862292641,-34.09032757125902,173.44561837692464,1.3375938033453714,291.1636440856512,-54.50757134486068,132.84884343730366,7.543428708020788,7.543428708020788,0.0,False,False,False,False,0.0,False,False,128.11978406758354
3523.9,28.90000000000009,293.75980148109664,-187.56386133731712,6.5038888888888895,316.7803308983742,-1.202928640920491,187.77737353079206,14.990046864624286,210.35404301708954,-33.79664831939453,174.93106169075713,1.2454563823957292,211.10398929591153,-31.63630777399769,176.48055203969204,1.2502831852213667,212.0634793663981,-34.124269770525856,173.8332456903808,1.390091645455927,291.8978849631398,-54.696239361339785,132.880667151663,7.618435116963673,7.618435116963673,0.0,False,False,False,False,0.0,False,False,128.8208903325896
3524.0,29.0,294.356626122808,-187.80849051352928,6.5169444444444435,318.128207073312,-0.555299224126763,188.75604813873366,14.917776049016544,210.47747816441523,-33.827159611253805,175.3452643462663,1.2975532876472216,211.2305560206019,-31.65277053291319,176.90266366932258,1.3023830551852202,212.2008605753539,-34.15854013771327,174.23512006245747,1.4417314169088389,293.0397117604827,-54.98731225785148,132.82770666041117,7.727145785453968,8.349416209860884,0.656832754611969,True,True,False,False,0.0031737895136058707,False,False,129.32346928637503
3524.099,29.09900000000016,294.9737970590891,-188.08647821420132,6.708888888888889,319.45833578615367,0.08469635243974061,189.75743351570296,14.902190029424764,210.60403988965624,-33.85759296434264,175.7976250415322,1.3321541220254003,211.3602319864984,-31.668667041572007,177.3633556183032,1.3369745735601102,212.3403619081716,-34.192719140831784,174.6756241911653,1.4598319438581397,293.7846709842115,-55.169833550778996,132.9219637584565,7.76766236567504,7.76766236567504,0.0,False,False,False,False,0.0,False,False,130.0343340494283
3524.2,29.199999999999818,295.5841858971954,-188.34222689856682,6.68,320.81229247697,0.7374504645432064,190.75529285799186,14.862023881161878,210.73654802500238,-33.88866853596827,176.22435513673884,1.3629626677085998,211.49592187654702,-31.684327040975074,177.79913873187778,1.3677961098537805,212.4859793003903,-34.227091212095445,175.09079640936238,1.502921791268037,294.5514637786716,-55.35083017607262,132.99540637621257,7.83362111591764,7.83362111591764,0.0,False,False,False,False,0.0,False,False,130.7667677056394
3524.3,29.300000000000182,296.18779263709666,-188.5757365674158,6.558888888888888,322.1464155078866,1.3827827670927624,191.7239921582762,14.778075137458108,210.87157211281394,-33.919947766836316,176.62749076538876,1.4090348819100365,211.63415647744017,-31.699663053419776,178.21172752933026,1.4138641746169918,212.6347592807284,-34.261761142151556,175.48194321524778,1.5524005550202067,295.3178975367942,-55.52943085021155,133.0491494992783,7.905742357722149,7.905742357722149,0.0,False,False,False,False,0.0,False,False,131.50045115232646
3524.399,29.398999999999887,296.79818147518785,-188.8092462346846,6.54611111111111,323.46229583861515,2.020137221580252,192.68323379340532,14.759473635309572,211.0089949716162,-33.95142173260493,177.03313342553,1.4390689933951373,211.77480399433898,-31.714794575812785,178.62710169583036,1.443898271663741,212.78506409948793,-34.29638096879588,175.8761763965143,1.5635651536267898,296.0822158576471,-55.705476887773024,133.1056949237009,7.9393230096003995,7.9393230096003995,0.0,False,False,False,False,0.0,False,False,132.23385790604436
3524.499,29.498999999999796,297.40857031327903,-189.02051688801706,6.5569444444444445,324.79160555653954,2.6627187989186587,193.6292680938163,14.770014498929937,211.1500598874338,-33.98367041086362,177.41745795289168,1.4550147160278704,211.9191798651351,-31.730078443347104,179.02155709665723,1.459754170346411,212.938516136924,-34.3313307750243,176.24963646162922,1.5840699426784783,297.25708890132125,-55.98780315745082,133.03279997480678,8.016673085592759,8.63927352701713,0.6568032503128052,True,True,False,False,0.0031753300727548573,False,False,132.7790401381614
3524.599,29.59900000000016,298.02574124957533,-189.2985045886891,6.68,326.1224273788453,3.3026444158143593,194.6397348161512,14.763662727313747,211.2927679756568,-34.01654048352521,177.8625790583609,1.4738796073959493,212.06529495476587,-31.74539169416949,179.47752424734432,1.478552942542421,213.09374668489585,-34.366948631919755,176.68398549930976,1.601218411821265,298.04039702266897,-56.16753425378292,133.13097114159933,8.056595156470511,8.056595156470511,0.0,False,False,False,False,0.0,False,False,133.53271883167594
3524.7,29.699999999999818,298.6429121858715,-189.54313376490126,6.701944444444444,327.46890284358324,3.94472492259758,195.623335000894,14.775635062806913,211.4386501294569,-34.05043235371775,178.27664881568563,1.491812326945226,212.21472706022251,-31.760877362496867,179.90295055820386,1.4963456919620475,213.25221723812226,-34.40358692886044,177.0871248175645,1.6195894056173818,298.835235654624,-56.35130046917493,133.19197214919967,8.097967488018782,8.097967488018782,0.0,False,False,False,False,0.0,False,False,134.3001782060166
3524.8,29.800000000000182,299.26008312218283,-189.81000195742007,6.696944444444445,328.80638844292923,4.574145796597221,196.61683818066646,14.788264175935955,211.5851121727301,-34.08495912342247,178.70979127243635,1.5177281078856308,212.36485010827684,-31.776442436318636,180.34796216051495,1.5222109571532965,213.41156664388984,-34.44078463739227,177.50932784550162,1.6530793914534352,299.62657090548885,-56.53602571412228,133.27448014152753,8.1542310755898,8.1542310755898,0.0,False,False,False,False,0.0,False,False,135.0669739311899
3524.9,29.90000000000009,299.8704719602741,-190.07687014993883,6.651944444444444,330.14773360223893,5.197749464654518,197.60791896621987,14.79614580836436,211.73361761883803,-34.120753061897986,179.13797908423055,1.537448597961903,212.5172002754625,-31.79258554988774,180.78857493047084,1.5418539118585532,213.57265329141913,-34.47912414105723,177.92687281590432,1.658646777996785,300.42121415629794,-56.72515515653114,133.35285227039395,8.182572063868012,8.182572063868012,0.0,False,False,False,False,0.0,False,False,135.8401312067673
3524.999,29.998999999999796,300.48086079836526,-190.2881408024812,6.586944444444445,331.47879874880095,5.815526286665116,198.53846076513685,14.849134429949824,211.88046461754521,-34.15730043009667,179.51843782404436,1.5196877176169787,212.6680352047823,-31.80931113983666,181.18121257451205,1.524009591418821,213.73017280125003,-34.51756132954896,178.29793968889805,1.6169358046377509,301.69921277837733,-57.04704228211854,133.24666868803956,8.20522316462336,8.974576520950412,0.8111695647239685,True,True,False,False,0.004845980465664409,False,False,136.41288880196228
3525.1,30.09999999999991,301.1048138328816,-190.53276997869338,6.6369444444444445,332.84085542753036,6.4521509907439505,199.52502455940896,14.923042829020275,212.02643950496144,-34.195295161085355,179.934329146084,1.4672711590852638,212.81824580334734,-31.82720614548793,181.60939977338515,1.471527162639674,213.88537552262946,-34.55695394531492,178.7055835905364,1.5538344645175104,302.5005156020068,-57.250424116939875,133.28965339380406,8.16528340364023,8.16528340364023,0.0,False,False,False,False,0.0,False,False,137.19841868970326
3525.2,30.199999999999818,301.7152026709577,-190.76627964754238,6.593055555555555,334.19278360070433,7.089613284307077,200.5037347056351,14.970590259413372,212.16505020519014,-34.2336568644565,180.33771597198984,1.409277006044233,212.96125302529194,-31.846084592019764,182.0244268613164,1.4135197914674733,214.03288667057276,-34.59634001601563,179.10119648876181,1.4997405768289775,303.28790216882544,-57.460659502006685,133.31489693990108,8.134121772523045,8.134121772523045,0.0,False,False,False,False,0.0,False,False,137.97549524077195
3525.299,30.298999999999978,302.325591509064,-191.04426734821442,6.67111111111111,335.53546372492184,7.725725405277347,201.52519850335537,15.044395896101696,212.2957458391868,-34.272442315687144,180.78378864093773,1.3449664805337236,213.09652371683939,-31.86614013020371,182.48151337519812,1.3491845831814888,214.17199039570076,-34.63625817726407,179.53975248416168,1.4238558307209097,304.0594093044917,-57.68205649347839,133.37348090310462,8.08093996042067,8.08093996042067,0.0,False,False,False,False,0.0,False,False,138.74315375375184
3525.4,30.40000000000009,302.91563405254016,-191.3111355399431,6.518055555555556,336.91338754670215,8.381588921166536,202.56611623208474,15.174465911345374,212.4201781102008,-34.31244693974924,181.21262585259484,1.2434894906847997,213.2258099525053,-31.888058111029455,182.92069911303255,1.247684832099517,214.30332037586564,-34.676587152174115,179.96256245056554,1.2965924957671815,304.834600535794,-57.92010318836428,133.4048347856396,7.976838204604052,7.976838204604052,0.0,False,False,False,False,0.0,False,False,139.52109101526068
3525.499,30.498999999999796,303.51245869423633,-191.578003733252,6.5488888888888885,338.2737095869273,9.035911240506461,203.60325990691553,15.320742088944419,212.53002312781794,-34.35113445194686,181.6537695881869,1.109449658879185,213.34048545936918,-31.91061112433682,183.37028390554195,1.1135870559542795,214.41806183663087,-34.715281106268534,180.39879517715866,1.1496732004270578,305.88581232121817,-58.25270940572717,133.34641695583662,7.878644244301796,8.362449218681505,0.5098273754119873,True,True,False,False,0.0019153036650168243,False,False,140.08441374140273
3525.599,30.59900000000016,304.09571913953755,-191.85599143392403,6.448055555555555,339.6579075203066,9.712336370761944,204.68136216179195,15.492151891507428,212.62551097424782,-34.38821295512517,182.1068374357468,0.9395717080199806,213.44074381092406,-31.933532533571086,183.83013194948916,0.9436350772032228,214.51667219450675,-34.751683373563466,180.84847044612985,0.9526234241759707,306.61676136312997,-58.52254112498868,133.35728186034115,7.704624457571584,7.704624457571584,0.0,False,False,False,False,0.0,False,False,140.83267291025174
3525.7,30.699999999999818,304.6789795848237,-192.167337659056,6.5200000000000005,341.0682354490898,10.415416523241218,205.82504763619048,15.713356795279918,212.70265648658975,-34.42153775339446,182.60170152150206,0.7248324972802097,213.52232235899874,-31.955344884337098,184.3296470604583,0.728856141109758,214.59456782713806,-34.783717720632154,181.34168044509374,0.7152075683599577,307.32644442729486,-58.814396172804194,133.37921904527636,7.490468891171492,7.490468891171492,0.0,False,False,False,False,0.0,False,False,141.56972698186212
3525.801,30.80099999999993,305.2418937355249,-192.47868388339788,6.471111111111111,342.49442480000107,11.14008773867237,206.99844257286227,15.964821296357062,212.75741156691436,-34.44787520306424,183.1041122808449,0.47862371888793354,213.58073089115976,-31.973497025674686,184.83420620170355,0.48259739050933986,214.6481458945066,-34.808327008746346,181.84380271227826,0.4523079085209925,308.0029324868138,-59.12511827197957,133.382145717727,7.250829520748552,7.250829520748552,0.0,False,False,False,False,0.0,False,False,142.2837776687611
3525.899,30.898999999999887,305.791243689801,-192.81226912404634,6.421111111111111,343.8951534635052,11.863293682743357,208.19220434569277,16.206961621743638,212.78781359072272,-34.46408440364163,183.64037032864408,0.2246617179652277,213.61354964568855,-31.985189973877045,185.37010726453394,0.22857099880968296,214.6761741658661,-34.8227495545052,182.3804928937465,0.19098440339559647,308.6243678160384,-59.44489109553167,133.3974666720302,7.012075405353522,7.012075405353522,0.0,False,False,False,False,0.0,False,False,142.9516330343103
3525.999,30.998999999999796,306.32702944769704,-193.16809338100137,6.346111111111111,345.3410284377738,12.620397919039062,209.45404094632434,16.435220114574864,212.7962492894036,-34.468836453479575,184.2103715493962,0.031063388483565255,213.62294869447334,-31.98879512916881,185.93765829775694,0.027272037967313173,214.6816597987367,-34.82589701121276,182.95115449021708,0.0,308.90295898862325,-59.70032937267556,133.49261943037138,6.752853933451639,6.24999084852262,-0.5296347141265869,True,True,False,False,0.002068094391375308,False,False,143.4217337833712
3526.1,31.09999999999991,306.828904714568,-193.5239176371664,6.2588888888888885,346.81926017127495,13.405199969536875,210.75789010863298,16.706391851748055,212.7823583112476,-34.45898771978593,184.78745850304088,0.30616429988382404,213.60808080528085,-31.981297009705376,186.51042943898372,0.30249441623179846,214.6687561507163,-34.81762445579842,183.52433211615715,0.0,309.4652137750753,-60.06079207830299,133.48916064386447,6.472494270966943,6.472494270966943,0.0,False,False,False,False,0.0,False,False,144.04885867460916
3526.199,31.19900000000007,307.310433686839,-193.9242199267346,6.221111111111111,348.2888759841602,14.19645592737019,212.11659164498244,17.01270170131761,212.74670889978054,-34.43155961502981,185.41900317633946,0.6027901440261333,213.56902061180696,-31.959716291365925,187.1361882778292,0.5992841669873801,214.6564056589341,-34.80877982913405,184.12629412240094,0.0,309.9747423148358,-60.42568359748229,133.52512026775304,6.188309450021882,6.188309450021882,0.0,False,False,False,False,0.0,False,False,144.63057315594148
3526.299,31.298999999999978,307.77161636452496,-194.33564172287598,6.163055555555555,349.79566165996687,15.015607541723499,213.52743606300766,17.288418315174635,212.6895198035373,-34.383171859941626,186.07900929896928,0.8958953229284489,213.50542778073824,-31.920760363445257,187.7889986051153,0.8926314982433161,214.64517278840847,-34.79982150577635,184.7274003105071,0.0,310.44821876345253,-60.803285664495235,133.55917907393754,5.923887186555985,5.923887186555985,0.0,False,False,False,False,0.0,False,False,145.18470611889384
3526.399,31.398999999999887,308.2192348457859,-194.78042204426734,6.203888888888889,351.3254448020594,15.85203283162463,214.99808460504713,17.581899909618095,212.61325428064455,-34.311870658678906,186.7904159843631,1.1929010915671523,213.4193520940719,-31.86222167204456,188.4923281787947,1.189921666893302,214.63323779869336,-34.78931689812084,185.3523470830184,0.0,310.88182506570286,-61.18492521264937,133.6220272274225,5.628829724493319,5.628829724493319,0.0,False,False,False,False,0.0,False,False,145.70533943840312
3526.5,31.5,308.62616073784665,-195.2140828567153,6.05,352.896003886065,16.71676630327048,216.505205106114,17.920737247965633,212.5187072051971,-34.21313645738397,187.50452625473005,1.5152227964616243,213.310784866123,-31.77961213881495,189.197904577213,1.5125791919940565,214.62105498267235,-34.77740104682766,185.9486186509828,0.0,311.4266942812116,-61.615150282513916,133.62828208539355,5.32707775094709,5.693851244091061,0.3793147802352905,True,True,False,False,0.0007007855860563158,False,False,146.0750766821428
3526.6,31.59999999999991,309.00595823711745,-195.69222170177642,6.086944444444445,354.4776581022439,17.59371216346941,218.0792632814825,18.249242668478054,212.40978005718637,-34.0854478634675,188.27525325808307,1.8429181448852296,213.18320823918987,-31.670919761730413,189.96048775277734,1.840694722827275,214.60976569906967,-34.76498660999931,186.56960138233742,0.0,311.77457558988,-61.9977033905966,133.7231822404194,5.014455702560584,5.014455702560584,0.0,False,False,False,False,0.0,False,False,146.51935062358137
3526.699,31.69900000000007,309.3654094417732,-196.1814800549909,6.0488888888888885,356.07014343092095,18.4803278080192,219.68391823711843,18.572218571815085,212.28999091033617,-33.927188012042784,189.0769477472385,2.16862411317551,213.0396842813922,-31.53409150269447,190.75483712022645,2.166903006744407,214.5993147777235,-34.752068598317216,187.18992382370286,0.0,312.07706880589245,-62.37160448206658,133.83734866377364,4.701522550767828,4.701522550767828,0.0,False,False,False,False,0.0,False,False,146.92078022268285
3526.799,31.798999999999978,309.68416805721375,-196.67073840820532,5.8869444444444445,357.7047459130135,19.39135148879868,221.33414239169238,18.854453654445713,212.16096894651733,-33.734102178155666,189.89239529467227,2.4778943785082097,212.8809381984925,-31.36477673702246,191.56441808205145,2.4767897752210715,214.5907068160773,-34.74002281417327,187.78797358620923,0.0,312.3424797641364,-62.74301449106209,133.95410353833023,4.428392488012891,4.428392488012891,0.0,False,False,False,False,0.0,False,False,147.28872564083255
3526.899,31.898999999999887,309.9690161816594,-197.19335528508958,5.92,359.3651525456719,20.31669831746171,223.0484290594239,19.16247404665809,212.0276233332765,-33.50716816197447,190.7503192342931,2.7884834893271595,212.71172632873575,-31.163248254109725,192.41875394631947,2.7880731738294298,214.58160516722432,-34.725556939440175,188.39995668608677,0.0,312.56982002610414,-63.10434196090174,134.11423367745687,4.109549539726809,4.109549539726809,0.0,False,False,False,False,0.0,False,False,147.61983529399683
3526.999,31.998999999999796,310.2267359132999,-197.71597216197384,5.846111111111111,361.0519020166672,21.257264749619743,224.79429706506295,19.46284957307758,211.8932233677428,-33.24556789596388,191.62461629178014,3.095961556987859,212.534920078519,-30.92821167991853,193.29213105482643,3.096276958119673,214.5745872760598,-34.712840440372254,188.9956467487293,0.0,313.1043010279229,-63.56205736241811,134.1847727465205,3.870914791376874,4.858407948672905,1.0163711309432983,True,True,False,False,0.004290562408097955,False,False,147.8137993667539
3527.1,32.09999999999991,310.45054515394537,-198.26082805516464,5.818888888888889,362.78031472489005,22.21902206152974,226.6048743757031,19.705005643098634,211.7604157990851,-32.94708643977631,192.53149040860413,3.3757617181635196,212.35246359954797,-30.65710455090722,194.20154926556268,3.3769563195919265,214.56838628876883,-34.69993296871574,189.5931295963208,0.0,313.2679112624712,-63.902615142343244,134.38774843309383,3.610668264208286,3.610668264208286,0.0,False,False,False,False,0.0,False,False,148.08092802829546
3527.199,32.19900000000007,310.6472260017707,-198.82792296545222,5.926944444444445,364.49606567889805,23.16979413626246,228.43529484942974,19.922743406127147,211.63567897157526,-32.62373674387744,193.46089517752293,3.6275812428997547,212.17256298921552,-30.360683280124405,195.1370546632033,3.629483391478285,214.5638985093035,-34.689072295925705,190.1935017847293,0.0,313.4003660291602,-64.22316295259239,134.6329127595849,3.3961182451363756,3.3961182451363756,0.0,False,False,False,False,0.0,False,False,148.31357682292972
3527.3,32.30000000000018,310.7964321622061,-199.39501787415955,5.856944444444444,366.26909707862075,24.148447989433684,230.32346316264938,20.180091398857595,211.51655194400422,-32.26356489366667,194.3950030003632,3.8870279339794696,211.9904754870637,-30.027589778013944,196.08146973743635,3.8898052855319274,214.5588826988406,-34.67516530227402,190.77289052173379,0.0,313.51212396298155,-64.53302651056987,134.88933129239592,3.1266810939672545,3.1266810939672545,0.0,False,False,False,False,0.0,False,False,148.52508589022676
3527.4,32.40000000000009,310.9320741262163,-199.96211278286688,5.84111111111111,368.0517596070193,25.12740361606756,232.22391965973708,20.49543404244303,211.41127301582415,-31.874782348891355,195.34006375056478,4.172052898132741,211.81540462997992,-29.66444161106614,197.04164782747057,4.176019113678947,214.5545252836143,-34.660798821991904,191.3456461958304,0.0,313.59885266944576,-64.81897269348114,135.16944928872783,2.8495079273621275,2.8495079273621275,0.0,False,False,False,False,0.0,False,False,148.70675068097174
3527.499,32.498999999999796,311.0270235010265,-200.5514467086709,5.911111111111111,369.84332242672815,26.10688501152425,234.16523302467323,20.753722255749416,211.3237108047615,-31.45767685722663,196.2993977708093,4.441523745846264,211.6507966529837,-29.2707915497009,198.02196164627716,4.446787309903363,214.55148940780978,-34.648200454927206,191.91512654322418,0.0,313.9582073562714,-65.18733828618379,135.39584073304502,2.6359640796587263,3.494097988195931,0.883536696434021,True,True,False,False,0.003241212183795407,False,False,148.75721749694932
3527.599,32.59900000000016,311.09484448303164,-201.15190014183815,5.956111111111111,371.6760960024574,27.10527487634888,236.15974674559422,20.98759792681836,211.25520311157155,-31.006029285845937,197.2753693660862,4.698294692440173,211.49639030778746,-28.84020406500485,199.02555785369168,4.704880446514382,214.54910903464585,-34.63505768198433,192.48100648133953,0.0,314.0030108552087,-65.43471219482143,135.7483426635262,2.3920058562590576,2.3920058562590576,0.0,False,False,False,False,0.0,False,False,148.88732733677222
3527.7,32.69999999999982,311.11519077764666,-201.7301145594889,5.874999999999999,373.55140312997054,28.120392503849917,238.17963013276022,21.238726780825907,211.2092493853005,-30.52062928740557,198.22685229963832,4.960431000821671,211.35543255344135,-28.37265087655974,200.01204857590454,4.96847754487858,214.54738660957153,-34.62117783400584,193.00450133446424,0.0,314.0311863041908,-65.66175890612878,136.09959750168304,2.1384546134844102,2.1384546134844102,0.0,False,False,False,False,0.0,False,False,148.99575037948043
3527.8,32.80000000000018,311.1219728758517,-202.34168750001936,6.043055555555555,375.4339884114725,29.131186018292993,240.2409759326634,21.496938806135766,211.18965611988395,-30.01207752807113,199.2083391961764,5.222035522548454,211.2334036137844,-27.877619520530114,201.0359104368537,5.2317466675692925,214.54647797354977,-34.60760667845596,193.5498594282086,0.0,314.04464078560125,-65.86271160411745,136.5102664611891,1.8895975162007792,1.8895975162007792,0.0,False,False,False,False,0.0,False,False,149.08198234242636
3527.9,32.90000000000009,311.09484448303164,-202.95326044133986,6.06,377.33996214256905,30.147854647515228,242.33147849463063,21.706564582147752,211.19703266696203,-29.478034932079954,200.1829829708995,5.46312858162456,211.1299760398168,-27.352535233928503,202.06085621969942,5.4743631083320965,214.54634632808697,-34.59624246809372,194.07652613548933,0.0,314.0467113653357,-66.04145307511925,136.943625314857,1.6854717562123163,1.6854717562123163,0.0,False,False,False,False,0.0,False,False,149.15014605025158
3527.999,32.998999999999796,311.0202414028365,-203.5425943663538,5.99,379.24229107940033,31.1572958087501,244.41417002759349,21.799751101416597,211.22873191094214,-28.929265533706484,201.11727914997525,5.6436702565054855,211.04443563406767,-26.808326711508737,203.05211917783328,5.656266661059474,214.54662620860245,-34.58889743444041,194.55721558350385,0.0,314.27124798836417,-66.29440867191992,137.28668369595408,1.5802835600843665,2.260312744915318,0.7003912329673767,True,True,False,False,0.0020360857319824386,False,False,149.10245485981287
3528.099,33.09900000000016,310.9185099298213,-204.14304779952104,6.118055555555555,381.1692453914905,32.175589084503,246.53937610781088,21.789587826858753,211.28037998483504,-28.362161715023497,202.05612302423572,5.746464359525223,210.971375954486,-26.24223163321235,204.05423294438756,5.760242074659867,214.54686958909454,-34.58572994703923,195.0312208321784,0.0,314.25929556977064,-66.44996401238588,137.7336058175459,1.5399936235988743,1.5399936235988743,0.0,False,False,False,False,0.0,False,False,149.14814268877785
3528.199,33.19900000000007,310.7896500640011,-204.76574024899486,6.356111111111112,383.0945691440291,33.190173365628105,248.6986492672192,21.736284928363897,211.3464503689302,-27.78937220348726,203.00144041896036,5.785873402336869,210.90802669914606,-25.667692934283806,205.0669384321647,5.800494046838112,214.5469743727497,-34.58473286908617,195.510173385049,0.0,314.2431836009237,-66.6032788485118,138.2056172307429,1.5431887917952758,1.5431887917952758,0.0,False,False,False,False,0.0,False,False,149.18864733609317
3528.299,33.29899999999998,310.6200976089657,-205.3884326984687,6.458888888888889,385.01845506719616,34.200318946116035,250.87424241458734,21.722826195419795,211.42330577677566,-27.214697341364296,203.92617164283334,5.810325983446628,210.85188463805895,-25.08911686874192,206.06198001590633,5.825560432494073,214.54717312208393,-34.583149966605696,195.97053714416805,0.0,314.22401221149863,-66.75596584991087,138.6793029438021,1.534528711080256,1.534528711080256,0.0,False,False,False,False,0.0,False,False,149.22580040229383
3528.399,33.39899999999989,310.4437630557403,-206.01112514794255,6.473888888888889,386.9458424032084,35.206545244984454,253.0583581988097,21.76198426058829,211.50911248969774,-26.637842272966562,204.8483333883171,5.853974459569133,210.80141568593564,-24.506548360923322,207.05677671595242,5.869578948295107,214.54757455557973,-34.58032092652364,196.429630160169,0.0,314.20269174098325,-66.9062185475227,139.1556847030414,1.5006276672748278,1.5006276672748278,0.0,False,False,False,False,0.0,False,False,149.26018716445074
3528.5,33.5,310.25386430610496,-206.66717612187628,6.7780555555555555,388.8983218101807,36.22035517391632,255.30237671254648,21.80232781798174,211.60460631415367,-26.051820264672784,205.7998612093478,5.903784065737178,210.75596458714523,-23.912929748675886,208.08398933104056,5.919815944510629,214.54791830566654,-34.578111215496996,196.91184413384295,0.0,315.2887556749456,-67.55400564628916,139.2042539970162,1.5814141728801596,4.937763833486683,3.457940101623535,True,True,False,False,0.04961494023742769,False,False,149.19274092566505
3528.599,33.59900000000016,310.06396555646955,-207.3565856178996,7.016111111111112,390.81584432484186,37.21376081968788,257.5568292265291,21.82537138740553,211.70667038137088,-25.474316182225966,206.77358982527838,5.943996802714546,210.7168463177273,-23.326172880016454,209.13403097896932,5.960295146702655,214.5482368705572,-34.57624056912804,197.42416787610728,0.0,315.2625967754292,-67.70761344121982,139.74570188937415,1.5664497238687127,1.5664497238687127,0.0,False,False,False,False,0.0,False,False,149.22291260026878
3528.702,33.702000000000226,309.84015631583907,-208.02375610077672,7.0569444444444445,392.81333716525904,38.24948087712781,259.87507766587714,21.86478817914714,211.822594894343,-24.870995280323516,207.7315001225642,5.985714696010957,210.68291816106512,-22.711038436923506,210.1736453660295,6.002502880882006,214.54867259222638,-34.57386139627787,197.90233157608145,0.0,315.23374173056254,-67.86517076322544,140.2623249752034,1.543798560337214,1.543798560337214,0.0,False,False,False,False,0.0,False,False,149.2522463891555
3528.8,33.80000000000018,309.5960007806087,-208.69092658128355,7.109999999999999,394.7174167856246,39.23746053353732,262.13382193081355,21.91356697447091,211.94177668900178,-24.294287665981102,208.65873556166827,6.0326961558528645,210.6565408326006,-22.121067627978423,211.18079695999745,6.049820329845323,214.54916369787762,-34.571419483686014,198.37213511817012,0.0,315.2041794522339,-68.01216255514345,140.79050506314437,1.5161001451742881,1.5161001451742881,0.0,False,False,False,False,0.0,False,False,149.27720224577087
3528.9,33.90000000000009,309.3586273435682,-209.39145558704035,7.279999999999999,396.6649312325735,40.24627978020516,264.4643447008429,21.952275782314604,212.07138438654835,-23.702368491819932,209.6312111982244,6.086409200120096,210.63424107565024,-21.513794926984165,212.23694263504714,6.103939821244138,214.54976012300003,-34.568608433577744,198.87621574861654,0.0,315.17306402560223,-68.1588146999237,141.35227810643391,1.4822341486066368,1.4822341486066368,0.0,False,False,False,False,0.0,False,False,149.3010188059813
3528.999,33.998999999999796,309.09412551372264,-210.06974557649062,7.35,398.5950290980365,41.24364095189081,266.7748676145718,21.937783144926236,212.20628937179384,-23.11339786241475,210.57048402578098,6.1201827159859965,210.61529644460924,-20.9081112650173,213.26088171582526,6.13808387077067,214.54988717486185,-34.56804553771137,199.3475851862193,0.0,317.63340439561716,-69.55557623376319,140.77340327597202,1.7316565130061337,6.012545458433499,4.518598556518555,True,True,False,False,0.1502041319252391,False,False,149.14904460012906
3529.1,34.09999999999991,308.81605948748205,-210.75915507409414,7.395,400.561007861131,42.25915517033277,269.1382560525883,21.87940381554212,212.34607989520507,-22.511492101319593,211.52692400081284,6.1159660906444175,210.595039706985,-20.28870219544271,214.30436800615934,6.13403573884698,214.54965453389852,-34.5690466626693,199.82269491952766,0.02035247678128448,317.59330185085537,-69.72814970431797,141.3038727675757,1.7766942924617155,1.7766942924617155,0.0,False,False,False,False,0.0,False,False,149.17132820942552
3529.199,34.19900000000007,308.52442926483144,-211.45968407906088,7.606111111111112,402.48282883938793,43.255114633961476,271.4918222231151,21.84915817811002,212.48473756584045,-21.923209219354636,212.47987595036216,6.0942615270166165,210.5744131620333,-19.682842533468484,215.3428954197042,6.112651886435877,214.54894594778656,-34.57209942063382,200.30129572961923,0.042958944582259406,317.5530082408095,-69.90174418621804,141.84556949383784,1.8234972450622613,1.8234972450622613,0.0,False,False,False,False,0.0,False,False,149.1942485052792
3529.3,34.30000000000018,308.2192348457859,-212.1602130840276,7.663888888888889,404.4395950643101,44.27385489418501,273.89192930869126,21.835504404606258,212.6286149349674,-21.325807841241453,213.43696221437955,6.073727457809834,210.55355094781112,-19.066846490880724,216.3876938125977,6.092288223877643,214.54772738414698,-34.57719155607678,200.77370556208928,0.06072241732339491,317.50964633534187,-70.08294497748776,142.38069341825414,1.865946020477694,1.865946020477694,0.0,False,False,False,False,0.0,False,False,149.21707972031683
3529.399,34.39899999999989,307.9072583285352,-212.9052201223976,7.913055555555555,406.35492291373373,45.273271865840684,276.31155673912843,21.80887906630143,212.76977883017437,-20.74207846109974,214.42437598939412,6.058714007026953,210.5308413431036,-18.464880043831187,217.46082965626064,6.077353449586242,214.5461633872199,-34.583644205167296,201.28308047683942,0.07340860130984488,317.4657016003736,-70.26424965220794,142.96086980169946,1.9028286892636037,1.9028286892636037,0.0,False,False,False,False,0.0,False,False,149.2397815574501
3529.5,34.5,307.60206390950464,-213.63910765103415,7.948888888888889,408.30484815486545,46.29122462096594,278.7558580367417,21.748439384553752,212.91330018067544,-20.148414161709177,215.41729374280501,6.035672719265486,210.50464966625967,-17.852777656169156,218.54105990770358,6.054604421828174,214.54403332284906,-34.59247237863813,201.78576426257956,0.10642327679807738,320.13577154612875,-71.97338210881831,142.21909724267974,2.2309141607436493,7.170799072241808,5.210270404815674,True,True,False,False,0.1998578692529916,False,False,149.10187510009493
3529.6,34.59999999999991,307.28330529403394,-214.3841146886141,8.02,410.23064989914155,47.29871843819203,281.20466019345173,21.71998193985672,213.05444330108799,-19.562838015806804,216.4125880740494,6.0112566900677,210.47532184196044,-17.249239464147603,219.622277307706,6.0304840161659286,214.54133353806304,-34.60361784117484,202.2921164353604,0.12293249317362945,320.0827575261231,-72.19223872915114,142.76678733624578,2.2728045951627687,2.2728045951627687,0.0,False,False,False,False,0.0,False,False,149.1277201382596
3529.7,34.69999999999982,306.9645466785933,-215.1513607432907,8.248055555555556,412.1517362112536,48.30937185723143,283.6827496767888,21.694317970176662,213.1965039010641,-18.980432315338057,217.42925057731645,5.978455738474316,210.44463695001576,-16.648593631671872,220.7248094913264,5.998106918251984,214.5379071079802,-34.61790476131458,202.81768273775376,0.17090862729277875,320.0288965624577,-72.41681861781997,143.3311785818278,2.3461619473254856,2.3461619473254856,0.0,False,False,False,False,0.0,False,False,149.15547166508657
3529.8,34.80000000000018,306.63222386674266,-215.92972630454042,8.42,414.06683852921856,49.32305582989982,286.1839178880174,21.642396170396534,213.34162989788285,-18.402654507110782,218.4492595911682,5.936104606174435,210.41509646162066,-16.051610063040076,221.8310099114734,5.956173957316328,214.5333617612169,-34.63622973882259,203.34584406413765,0.2066969753487164,319.97167740054607,-72.64750285593354,143.90182965117927,2.407331513425106,2.407331513425106,0.0,False,False,False,False,0.0,False,False,149.18237184873024
3529.9,34.90000000000009,306.299901054892,-216.70809186658022,8.46888888888889,415.97748316048586,50.338225251075635,288.6917170662035,21.62945735302578,213.48648370594327,-17.828452525398948,219.47082125983962,5.907744123960293,210.3832301039494,-15.45826911829558,222.93832986395003,5.927873932451771,214.52800500594677,-34.65729070004247,203.87391964102883,0.22793340303282558,319.91176283369174,-72.88306679443538,144.46771479499577,2.4539491591527827,2.4539491591527827,0.0,False,False,False,False,0.0,False,False,149.20883004306424
3529.999,34.998999999999796,305.9607961448363,-217.50869644413652,8.615,417.86587415971513,51.34453354308539,291.21264697824876,21.59851858555067,213.62744288252944,-17.262329826192012,220.50862901108925,5.87827502350976,210.34687866084752,-14.873997918479446,224.05990775508891,5.898495710459862,214.5220706093527,-34.68101059966948,204.41869591306136,0.2660259038530572,322.80200787782695,-74.95082910148408,143.5491969811072,2.824167117633024,8.512370176675937,5.995201110839844,True,True,False,False,0.26480306446343355,False,False,149.0849766529565
3530.099,35.09900000000016,305.6081270383706,-218.32042052905604,8.776944444444444,419.7672913626491,52.36015666113171,293.76910945031443,21.51471885943459,213.76699422162903,-16.69376254237297,221.55835097766283,5.830610860726318,210.30519529793708,-14.288018364578273,225.1929615492654,5.850857920343082,214.51498492771506,-34.709606194002,204.96558657582926,0.32318200495125754,322.73307698189944,-75.22901263240206,144.11250786942463,2.9077625848934336,2.9077625848934336,0.0,False,False,False,False,0.0,False,False,149.11709256612167
3530.2,35.19999999999982,305.255457931935,-219.13214461476568,8.881944444444445,421.6766763355536,53.381755225117104,296.34055696196015,21.366584097165823,213.90433321095804,-16.12570912363045,222.61320903891558,5.742070530300122,210.25827430502474,-13.703428823793113,226.33033859510104,5.762495621058642,214.50584795033862,-34.74719426914053,205.50742474609163,0.4428111506596878,322.6619622964003,-75.52156716459187,144.6616201684556,3.054095490425508,3.054095490425508,0.0,False,False,False,False,0.0,False,False,149.15306668377696
3530.299,35.29899999999998,304.9163530218642,-219.97722722493515,9.051944444444445,423.5325987514023,54.37851874118259,298.89946319054354,21.192085410941626,214.03342922370564,-15.578519461051897,223.69295378631674,5.615853227533604,210.20690233819778,-13.141556881265025,227.48818557304733,5.636083230641727,214.4940342085873,-34.79632784913968,206.07804646103955,0.5780753439371519,322.5894098708166,-75.82331410316425,145.23321798646953,3.2155346562035065,3.2155346562035065,0.0,False,False,False,False,0.0,False,False,149.19157488088763
3530.4,35.40000000000009,304.5569018172084,-220.82230983431458,9.141944444444444,425.4088016444842,55.392552099886196,301.4959894346714,21.039603920122918,214.1579162287262,-15.03230924116204,224.76988441416333,5.4776040073950005,210.1483459910153,-12.58235894109883,228.6413185782402,5.497893519318856,214.47929308491007,-34.86005459834853,206.62994934756097,0.717161765432272,322.5143308594334,-76.14788510833519,145.78463028591054,3.3813248375223908,3.3813248375223908,0.0,False,False,False,False,0.0,False,False,149.2368468470864
3530.499,35.498999999999796,304.1974506125678,-221.6673924444841,9.156111111111112,427.2332843243531,56.38491515076085,304.0573994103659,20.918040370404984,214.2715087613422,-14.508594588904803,225.83498964243512,5.348783628472572,210.0838171155173,-12.048364409246842,229.77709399427687,5.368886026904776,214.46242526013816,-34.93521565658303,207.1745173107666,0.8390112967723244,324.416215939831,-77.83518459599716,145.24635102448974,3.744532397154107,7.785683646172428,4.25633430480957,True,True,False,False,0.13356264023109973,False,False,149.1426483223956
3530.6,35.59999999999991,303.8515636043071,-222.54583357832342,9.351111111111111,429.08115424854884,57.395457355070974,306.6750344295729,20.787693885315836,214.37771206304367,-13.985605357659109,226.94258944738343,5.219001377689335,210.00974284277038,-11.517831737770356,230.9526031129696,5.239006641497778,214.44366654869836,-35.02487754146505,207.7447496541939,0.9749130887757972,324.33707845902825,-78.21344169091336,145.77892737568044,3.907880547074376,3.907880547074376,0.0,False,False,False,False,0.0,False,False,149.20415717668732
3530.7,35.69999999999982,303.4988944978413,-223.43539422031603,9.491944444444444,430.89231970818474,58.39222178061904,309.28286394107556,20.55898970302756,214.47312564388386,-13.481513194405238,228.04872215796468,5.042127882592529,209.92910119786657,-11.009164013640445,232.12110954848447,5.0619147854172635,214.42272346211823,-35.131303331475756,208.30985308395282,1.1944242897734756,324.25924246851355,-78.60897826810765,146.30681052304254,4.154566359870808,4.154566359870808,0.0,False,False,False,False,0.0,False,False,149.27472761611062
3530.799,35.79899999999998,303.15300748959567,-224.33607437046192,9.608888888888888,432.6604134761353,59.37368424347472,311.870799111011,20.29427660463875,214.5580123353192,-13.000744409858777,229.15430359463744,4.820723941669211,209.84403116298054,-10.526452431754617,233.28334594799895,4.840369614823064,214.3996087459271,-35.25863712407963,208.87183406149393,1.4200156759602396,324.1835476427854,-79.02596410348468,146.82408441715552,4.407060611738405,4.407060611738405,0.0,False,False,False,False,0.0,False,False,149.35684461278234
3530.899,35.89899999999989,302.81390257954,-225.24787402797102,9.698055555555557,434.42207029133345,60.36116679494329,314.4729463852824,20.09668596364738,214.63458201238646,-12.535889967038274,230.26502282983262,4.60185181103659,209.75440208280617,-10.061959128854353,234.44625952160442,4.621249677626389,214.3738514203114,-35.40892949717637,209.4289080084531,1.6296556003557436,324.1071040269442,-79.47200778846519,147.32278712323506,4.643875147932662,4.643875147932662,0.0,False,False,False,False,0.0,False,False,149.4506671799165
3531.0,36.0,302.4747976694843,-226.19303220994004,9.963888888888889,436.18013943845335,61.356728200934235,317.1150944529573,19.911009993389836,214.70207813509595,-12.08681476067015,231.3990549783997,4.390857700322265,209.6595947427893,-9.615867843805365,235.62752389990283,4.409968975957521,214.34655272161825,-35.581977810875664,209.99800383983217,1.8394194983927699,324.84881179778455,-80.56174357136597,147.33997671624988,4.97391588300339,6.739995368447947,1.8589099645614624,True,True,False,False,0.025492519502264162,False,False,149.42189248821856
3531.099,36.09900000000016,302.1492569558386,-227.138190391909,10.008888888888889,437.88090808110786,62.33045547572827,319.71108529050946,19.680734651496927,214.75896542941433,-11.667094711408657,232.51850706304813,4.1660734700261735,209.5632233514537,-9.201491648211146,236.78804504850663,4.185053295032396,214.3191551650351,-35.77423053876839,210.55709893341833,2.083713867438827,324.77744411038145,-81.0625412445093,147.81789515391984,5.245424474735068,5.245424474735068,0.0,False,False,False,False,0.0,False,False,149.54421347555808
3531.2,36.19999999999982,301.830498340383,-228.1055875901846,10.123055555555556,439.5925517314298,63.321290332097384,322.3476516589601,19.482648710844963,214.80757759980733,-11.26052397571087,233.6552382211571,3.9424861968045204,209.46194477567568,-8.80279526552796,237.96147673316304,3.9611601947494823,214.29112725860736,-35.99285298525484,211.11713404358488,2.280875156514536,324.7086310523479,-81.59929482388532,148.28183562564524,5.470349768772736,5.470349768772736,0.0,False,False,False,False,0.0,False,False,149.68543663081678
3531.3,36.30000000000018,301.52530392132235,-229.0841042966135,10.246111111111112,441.26350483823677,64.29949899840592,324.9626185853771,19.242028357115355,214.84636061309575,-10.880126865862668,234.7897250299305,3.7051824352065927,209.35924128569363,-8.432558900361865,239.1269277758336,3.7236401612805192,214.2645525997661,-36.23343561009068,211.6738508508821,2.560042602134409,324.6468876668897,-82.1582628929963,148.73402605679763,5.777006328216523,5.777006328216523,0.0,False,False,False,False,0.0,False,False,149.84515196075984
3531.4,36.40000000000009,301.2201095022918,-230.0737405104056,10.371944444444443,442.9077148836031,65.27331177368968,327.5748140678619,18.977133526717157,214.87591118710577,-10.523700961697871,235.91850382818916,3.44817281784793,209.25508901079652,-8.088507160500052,240.28110375019747,3.466347400795798,214.2397832933801,-36.50000254509406,212.21774001546567,2.794262184710399,324.59222749455904,-82.74651491660491,149.16959241283425,6.0387150246163035,6.0387150246163035,0.0,False,False,False,False,0.0,False,False,150.02647552468852
3531.5,36.5,300.9420434760362,-231.0633767241977,10.328055555555554,444.52726940169026,66.24406728185346,330.16425210118126,18.787136261962207,214.89745798009108,-10.191434901349563,237.0402610903148,3.211296210131148,209.15099490840856,-7.770333849733492,241.42365168574904,3.229321925653858,214.21880832946138,-36.79064129670171,212.7505939939298,3.033630506394927,324.42649871227945,-83.2624168841051,149.65508132835245,6.291222045179433,6.014745006988177,-0.2908274531364441,True,True,False,False,0.0006243651114507079,False,False,150.10092421240424
3531.599,36.59900000000016,300.67075954800066,-232.0752519542964,10.438055555555556,446.1079599227337,67.20504731974718,332.74716645886156,18.58445795336004,214.91270276062752,-9.88553981594948,238.16530495449538,2.976242040425556,209.0497010488392,-7.479416768187313,242.5648522425552,2.994130927562916,214.20106249299837,-37.101997991735715,213.28754832275854,3.266611892258512,324.39032509826694,-83.89709516088583,150.06459922508685,6.55136991656259,6.55136991656259,0.0,False,False,False,False,0.0,False,False,150.32519466786917
3531.699,36.69900000000007,300.43338611096016,-233.1316052162182,10.711944444444445,447.68167706663843,68.17322157670975,335.3604893813289,18.36933824514149,214.92221011223967,-9.59968858038789,239.32964499946917,2.7441866622292657,208.94953943367778,-7.20962417494582,243.74173979949666,2.7619321267083143,214.18683522000129,-37.43979048267702,213.85451572107,3.495227568523513,324.3622174739359,-84.56444331953521,150.48186124723787,6.807426487291735,6.807426487291735,0.0,False,False,False,False,0.0,False,False,150.57478080967152
3531.799,36.79899999999998,300.1892305757297,-234.17683897077677,10.709999999999999,449.23246380954254,69.13348540186693,337.95123648808726,18.111069550235495,214.92666457263368,-9.33764092189303,240.46282486217586,2.4976512436262435,208.85279664743027,-6.964151954195762,244.8835423298867,2.515230075084475,214.1782565875044,-37.802402004519095,214.38471759950122,3.7590321099932393,324.3457726107774,-85.25955374168575,150.86383384725934,7.098671923225606,7.098671923225606,0.0,False,False,False,False,0.0,False,False,150.8517982342333
3531.9,36.90000000000009,299.9722034332893,-235.2109532179722,10.703055555555554,450.77256560592974,70.09523833079251,340.51816372905944,17.844145932920902,214.92748591758263,-9.098752040447868,241.57676108986885,2.2329528085613797,208.76076872540278,-6.741789725053219,246.00342373354314,2.2503483070976293,214.17445204752948,-38.19527855280516,214.88701730589398,4.021066287350154,324.3386882883346,-85.99111765391578,151.19618020953834,7.388421403991362,7.388421403991362,0.0,False,False,False,False,0.0,False,False,151.15800379138
3531.999,36.998999999999796,299.7619583890538,-236.27842598646708,10.815,452.2594660445918,71.03751337495605,343.0722612318647,17.71831476005536,214.92427368617587,-8.888483627565119,242.70067703187334,2.0157132596351075,208.67542958736806,-6.547719097566687,247.12942644860038,2.032993064572804,214.17589537855704,-38.6021357789765,215.40865788503666,4.198323334504591,323.73800347970615,-86.1949255583483,151.9865383477962,7.518883016053705,6.076316091831873,-1.516528844833374,True,True,False,False,0.016987552203773855,False,False,151.35605918546247
3532.1,37.09999999999991,299.56527754122845,-237.34589875733224,10.79111111111111,453.75520498206026,72.00426430635144,345.64730161211537,17.548797083388244,214.91666772050635,-8.69654466247746,243.81532821497325,1.78831694664912,208.59260108858007,-6.3724846761690985,248.24331989656176,1.805451449809272,214.1882697372039,-39.03977378407296,215.9040357739484,4.4712393323290005,323.7598961351465,-86.96919259929967,152.31064744082875,7.819265303382605,7.819265303382605,0.0,False,False,False,False,0.0,False,False,151.7189577513791
3532.201,37.20100000000002,299.39572508619307,-238.41337152819744,10.868055555555555,455.22614941319665,72.97147044782973,348.2005757582394,17.311632397226585,214.90650769132768,-8.528617107550419,244.9192278508121,1.543186664920812,208.51633900757713,-6.220598179234536,249.34423355976972,1.5602096250504591,214.2124894605718,-39.5016774893348,216.38402357165887,4.687933832701507,323.80189494716075,-87.7701681757468,152.60745671024796,8.063426093259602,8.063426093259602,0.0,False,False,False,False,0.0,False,False,152.1193670530368
3532.299,37.29899999999998,299.2261726311577,-239.50308331378898,11.013888888888888,456.6312325608907,73.90349418620407,350.71360924797597,17.098557411873536,214.8952809605997,-8.389292576770982,246.0188682983188,1.3095781702875438,208.4499994031446,-6.095688178407692,250.43826730315448,1.3264319069401571,214.24537832168213,-39.972447639916965,216.8737189561908,4.94303739423337,323.85792879440686,-88.57223494897018,152.92757893790673,8.345180113914592,8.345180113914592,0.0,False,False,False,False,0.0,False,False,152.53986437755313
3532.405,37.4050000000002,299.08374856894244,-240.5816755920174,10.883888888888889,458.1258028892137,74.90314392785754,353.30588218978204,16.82733013498735,214.8833525474636,-8.265411682368923,247.10433660118414,1.0386214299333807,208.38875792579003,-5.985310230411335,251.51746652794844,1.0552784088895322,214.29532248207246,-40.508136982966654,217.2981777416367,5.208142574478163,323.94149210203767,-89.4685153753093,153.14403221881562,8.639111300966107,8.639111300966107,0.0,False,False,False,False,0.0,False,False,153.03721502098026
3532.5,37.5,298.98201709592723,-241.68250688655235,11.023888888888889,459.44096475164304,75.79208183767484,355.72066058692315,16.591847051499688,214.8741558362446,-8.178776393341604,248.18969454819035,0.7955694659126609,208.34476510844266,-5.908287672624583,252.59571234243077,0.8121680123181836,214.34579924281624,-41.012173316875966,217.7885950812036,5.4562264381995265,323.3948361724157,-89.69438748834283,153.93626659584072,8.833447516256044,7.26298809401975,-1.6500416994094849,True,True,False,False,0.020121752284772833,False,False,153.38585439412225
3532.6,37.59999999999991,298.873503524722,-242.78333818108734,11.065000000000001,460.80330799946637,76.7212021816503,358.19605370471794,16.388476293593758,214.8658698284536,-8.111795004011721,249.25492110760118,0.5543582306889225,208.3092958141207,-5.848930145017527,253.6528916248576,0.5708927046601197,214.40885447826187,-41.56523619335926,218.2269495412641,5.676688868433267,323.4963001334343,-90.58433659001163,154.17787843317305,9.08084107077031,9.08084107077031,0.0,False,False,False,False,0.0,False,False,153.90972693593778
3532.7,37.69999999999982,298.7649899534868,-243.88416947562234,11.071944444444444,462.1466772969712,77.645682265232,360.65914839318833,16.22635304871128,214.85956500197756,-8.067777338014997,250.29880370687184,0.3350018772622765,208.2848002428712,-5.809860581660566,254.68812552886428,0.35140997836403226,214.48774832011696,-42.13834012521417,218.64133442149821,5.893485805975474,323.62180156817703,-91.49600933928143,154.4021127879644,9.324569132593043,9.324569132593043,0.0,False,False,False,False,0.0,False,False,154.47497887724154
3532.8,37.80000000000018,298.6903868732917,-244.9961202775205,11.11111111111111,463.4691261843413,78.56609151268714,363.104031687215,15.9981626687747,214.8562315164773,-8.046526782440823,251.34294392696606,0.09522046427734886,208.27220121729022,-5.7904458711763285,255.72407584253207,0.11149916511558108,214.5785480007186,-42.73384071425011,219.05440231288722,6.154178424685325,323.76452234035753,-92.43202919461598,154.61084747640948,9.612192875583542,9.612192875583542,0.0,False,False,False,False,0.0,False,False,155.0762231873936
3532.899,37.89899999999989,298.6361300876816,-246.09695157126544,11.05111111111111,464.7543055516157,79.47222980923044,365.50039683184013,15.769765206549478,214.8568245112774,-8.049357824476957,252.3601175532706,0.15363120915545936,208.27301019333865,-5.791451730950223,256.7337661674894,0.1374993247094445,214.68403500627693,-43.345864241905865,219.44465744646143,6.392240750450595,323.92838167062484,-93.38272226641836,154.79448899204493,9.876917014386477,9.876917014386477,0.0,False,False,False,False,0.0,False,False,155.71305202038712
3532.999,37.998999999999796,298.5954374984665,-247.220021882107,11.163055555555555,466.03038481218584,80.38157935988518,367.9093240436633,15.569057481506238,214.86208089599197,-8.07616416842318,253.37928030938087,0.39271487430277946,208.2879432795313,-5.812381851993413,257.7461778126145,0.37673759332189577,214.80333811287727,-43.98587323307255,219.830014093941,6.628431121913966,323.6386614627274,-93.88290959839873,155.36870041945608,10.078719042880051,8.85464431838843,-1.2853941917419434,True,True,False,False,0.012217670896840864,False,False,156.27361209386675
3533.099,38.09900000000016,298.57509120388147,-248.32085317664195,11.078055555555556,467.2853958201565,81.2839783286657,370.2735635113025,15.346238720735045,214.87277955284398,-8.126430483508518,254.3608414607387,0.6351792599257606,208.31759878897589,-5.8523899500790515,258.722574578404,0.6193328851756275,214.9356734012566,-44.647936155105846,220.17767674862858,6.874752817859373,323.83888644271605,-94.8846192477206,155.5022097340113,10.351770566019601,10.351770566019601,0.0,False,False,False,False,0.0,False,False,156.9865192190561
3533.2,38.19999999999982,298.6022195966715,-249.4439234866935,11.138055555555555,468.5293429267359,82.18815008823596,372.63260655347693,15.106029556296983,214.89017085654297,-8.201514034948579,255.35388624877632,0.8910434244772732,208.36375257669042,-5.912107860562884,259.7127762592281,0.87528311269467,215.08828185460484,-45.33883491979969,220.52996389625912,7.136186416555008,324.0675329527113,-95.91976237276629,155.62181797568226,10.640201290181132,10.640201290181132,0.0,False,False,False,False,0.0,False,False,157.75313959910247
3533.3,38.30000000000018,298.6157837930815,-250.55587429017186,11.118055555555555,469.7383078288367,83.07746593675836,374.9588296644662,14.91061079963784,214.91453319890672,-8.299789561067504,256.30823228937425,1.1340127895427108,208.42606569119891,-5.989907749586311,260.66587279739525,1.1183461472328386,215.25699388788365,-46.04381568937144,220.8480698751885,7.361560106753073,324.31810933570296,-96.96682183784925,155.72477828367968,10.89230480757334,10.89230480757334,0.0,False,False,False,False,0.0,False,False,158.55620279874174
3533.4,38.40000000000009,298.6361300876816,-251.64558607576345,11.031111111111112,470.92742137422374,83.96253915871766,377.24939069080983,14.736398742983935,214.94638042172463,-8.420383680978519,257.2206703963245,1.3606372610618696,208.50469251248873,-6.084711582098136,261.57946999232286,1.3450814794826647,215.44145589823916,-46.768141068053396,221.12467362638372,7.58733266118361,324.5900364974305,-98.03459586900388,155.788130389408,11.1448071891979,11.1448071891979,0.0,False,False,False,False,0.0,False,False,159.4000224749764
3533.499,38.498999999999796,298.6903868732917,-252.76865638581495,11.113888888888889,472.0864561281829,84.83263501433849,379.5271120593341,14.542119765564973,214.98556623711661,-8.560284709781326,258.15542952724047,1.5744921582555802,208.59831284065137,-6.19379372454654,262.51808451976433,1.5590249921055226,215.64121640149702,-47.50263705701768,221.43013211201267,7.789956466095946,324.10006409893145,-98.26405800947524,156.58008371483658,11.270412131346996,9.18171575051029,-2.1921777725219727,True,True,False,False,0.03555455464765136,False,False,160.16063240645317
3533.599,38.59900000000016,298.7717720516918,-253.88060718850318,11.14111111111111,473.2387297150342,85.70336827323989,381.78003576235386,14.343296636351846,215.03253047788945,-8.721650847549293,259.0659654480715,1.786757116839455,208.70827443527506,-6.318838055248541,263.4355009092153,1.771329627626115,215.85924384342923,-48.26192377514222,221.70595459420997,8.009439544527963,324.4145144675071,-99.35914029018696,156.63471508899707,11.516287812407157,11.516287812407157,0.0,False,False,False,False,0.0,False,False,161.07814159325358
3533.7,38.69999999999982,298.873503524722,-254.9814384822481,11.06611111111111,474.38495117076593,86.57859488729967,384.0150057617757,14.21460345205326,215.0871569934552,-8.903580185554043,259.95088807108425,1.9747467847598417,208.83415404150526,-6.4590064502602536,264.33025494342274,1.9593424853159542,216.0899563656216,-49.04538261931405,221.95219031274394,8.163287912079879,324.7456613547114,-100.48365644143364,156.64907662131586,11.696792708613312,11.696792708613312,0.0,False,False,False,False,0.0,False,False,162.03752528986666
3533.8,38.80000000000018,299.0023633905423,-256.11562830124296,11.203055555555556,475.50323270381284,87.4418307177004,386.24381485778275,14.039519407964532,215.1484719812353,-9.1011534684546,260.8593986832793,2.1626674021321746,208.97305364834878,-6.610224819345484,265.25124500993445,2.1472979331488107,216.33172907120982,-49.83675544646365,222.22827714986903,8.386334352047284,325.09106126177335,-101.6142228562148,156.68855874346843,11.946231751208863,11.946231751208863,0.0,False,False,False,False,0.0,False,False,163.02362284091896
3533.9,38.90000000000009,299.12444115815754,-257.2275791031411,11.188055555555556,476.60128886321655,88.2965613825887,388.43913696965075,13.79067310718044,215.21739778636402,-9.317558810196303,261.72460734337596,2.37969235777822,209.12720167678373,-6.774920343725741,266.13161667477226,2.3643369221384347,216.58668499177577,-50.64675045896671,222.45925459799338,8.597121617958011,325.4532958652272,-102.76504226649682,156.69040773511847,12.183411619747616,12.183411619747616,0.0,False,False,False,False,0.0,False,False,164.0471096156324
3534.0,39.0,299.2668652203879,-258.3395299058294,11.195,477.68184919717464,89.1430093486645,390.60980734511514,13.661738001428484,215.29403945988363,-9.552176180623755,262.5768132181412,2.556715526399607,209.2964343249143,-6.952465655246891,267.00212453844574,2.5413124405990137,216.8523215929391,-51.47193940217998,222.679942972209,8.740693652489576,324.63890979410536,-102.58094586353042,157.81152413151779,12.193403354252853,8.92995582767747,-3.4234204292297363,True,True,False,False,0.08675230662887168,False,False,164.99009519233513
3534.099,39.09900000000016,299.42963557720316,-259.45148070772757,11.208055555555555,478.74266381746804,89.97728669303814,392.75135338266176,13.602364556574974,215.37633446094287,-9.798186266975254,263.42309096520313,2.6839094914280928,209.47591744914553,-7.137641479727289,267.8692682467237,2.6685022288890528,217.1260608879942,-52.29868163194863,222.90392677463586,8.85288741972152,325.02048937498387,-103.73338528026147,157.80689795334305,12.331213363031711,12.331213363031711,0.0,False,False,False,False,0.0,False,False,166.05173007743113
3534.199,39.19900000000007,299.6059701304436,-260.5856705267225,11.306944444444444,479.8068250087625,90.81990570089818,394.91546830017063,13.545066359441758,215.4639797899229,-10.057563279432992,264.2805461235724,2.7917873327063663,209.66619568032667,-7.332351220261665,268.74971026566357,2.7764117382220554,217.41100415604606,-53.14226704074034,223.133991317729,8.955301796880791,325.4171578725748,-104.90773749073082,157.8031566446573,12.459502731652446,12.459502731652446,0.0,False,False,False,False,0.0,False,False,167.15075788214827
3534.299,39.29899999999998,299.79586888004883,-261.70874083756405,11.368888888888888,480.8625605877663,91.66465156914329,397.06158377133687,13.49701486783027,215.5555403133404,-10.32619692093435,265.1218895961313,2.88440350511813,209.86421153563109,-7.533514903229257,269.61592770362046,2.8690392260170325,217.69910406943038,-53.99455121484534,223.3496437494198,9.037917742972033,325.8178876880113,-106.09321400051697,157.77622652229223,12.56799366920515,12.56799366920515,0.0,False,False,False,False,0.0,False,False,168.27000055293047
3534.399,39.39899999999989,299.9722034332893,-262.8095721313089,11.226944444444445,481.9117223988027,92.50885573107357,399.1906483624053,13.43565089499849,215.6505868863998,-10.602891979942108,265.929209621761,2.966887186792053,210.06906238556348,-7.740237776983903,270.4495148788508,2.9515529810701535,217.99409937129943,-54.85319996288756,223.5313451644968,9.1202749054254,326.2280015299439,-107.28694059446303,157.72335227808793,12.67622582311998,12.67622582311998,0.0,False,False,False,False,0.0,False,False,169.4132013470956
3534.5,39.5,300.16888428111463,-263.91040342505386,11.145,482.96452460836434,93.35686905245353,401.3155243772246,13.333809104702485,215.74979698360627,-10.890520169741599,266.7314072670787,3.058018597737124,210.28259381628223,-7.954801931366022,271.27995714671545,3.04271621677883,218.29493891833965,-55.72911620747967,223.70246149033045,9.219113940914337,325.40832724876196,-107.03399316992082,158.8937933836748,12.632521152715514,9.15555727308075,-3.645641326904297,True,True,False,False,0.09842791300605826,False,False,170.47814694428206
3534.599,39.59900000000016,300.38591142355506,-265.02235422774214,11.198055555555555,483.98760573610895,94.18153521638844,403.4067628910449,13.212977418841062,215.84958998219926,-11.181487986564662,267.5473322926386,3.156253846284509,210.49828485504736,-8.171986171718313,272.1247820038344,3.1409592025879918,218.59525533154866,-56.5962052084073,223.8999129499403,9.318738901010017,325.8196455275371,-108.22157246868585,158.85011800663938,12.75722575339181,12.75722575339181,0.0,False,False,False,False,0.0,False,False,171.63708417743223
3534.7,39.69999999999982,300.5758101731905,-266.1454245377936,11.284999999999998,485.02560414448686,95.0148591666622,405.5348037117611,13.145803838925456,215.9533244219427,-11.487362021957985,268.34994670958923,3.2395032839671365,210.72413402307706,-8.400714218157281,272.9572483095807,3.224210888860565,218.89904196273937,-57.490483991667446,224.07136961158426,9.383608807683629,326.2355520638379,-109.44590676468563,158.78652721254164,12.84768196005158,12.84768196005158,0.0,False,False,False,False,0.0,False,False,172.8333537792731
3534.8,39.80000000000018,300.7860552174108,-267.2462558323286,11.205,486.05106348922334,95.83612083652531,407.61738865933853,13.129954280317234,216.0581537811793,-11.797100608983524,269.1339595556614,3.300441327368175,210.95275978092477,-8.632361532540356,273.77210831982325,3.285173586814978,219.20090950640355,-58.38200988713342,224.23293521456935,9.44129423268071,326.64892242396644,-110.66674149239225,158.70107816607378,12.930700355332162,12.930700355332162,0.0,False,False,False,False,0.0,False,False,174.03457436947585
3534.899,39.89899999999989,301.0098644580413,-268.36932614238003,11.286111111111111,487.06126634384844,96.65191443836187,409.7018796866546,13.101939944721801,216.16417021802818,-12.109205802278543,269.9408103784848,3.3585472603363646,211.1835902990947,-8.865540643397864,274.61058649946466,3.3432890549868177,219.5013705071712,-59.270171096555615,224.42390965985945,9.500264128866357,327.06048285621347,-111.88331206335128,158.6395515666543,13.014749892098312,13.014749892098312,0.0,False,False,False,False,0.0,False,False,175.2407871543101
3534.999,39.998999999999796,301.2065453058817,-269.47015743691503,11.186944444444444,488.07438969550844,97.48044429409146,411.7916164488703,13.073582840012323,216.27359229769021,-12.42969487932696,270.70907982280625,3.4145304121822995,211.4213135399366,-9.10458773013251,275.4117240278669,3.3992899786462907,219.80887408863998,-60.17182192703298,224.56930806946292,9.55263772589902,326.17516725634465,-111.49926879345512,159.93196597587848,12.911895117324722,9.151964306246636,-3.9404921531677246,True,True,False,False,0.11504678300605692,False,False,176.37209304527534
3535.099,40.09900000000016,301.41000825191213,-270.5821082396033,11.213055555555554,489.0814327540985,98.31152761259652,413.88776032510947,13.04031686698374,216.384691007917,-12.755309519796032,271.48473752781393,3.466395419379463,211.6630087510801,-9.34729188658344,276.2212033758422,3.451166503940732,220.11865963566382,-61.078175720360235,224.72245348624148,9.604024653721007,326.5939993574725,-112.7246650950949,159.85370112739537,12.988038666339282,12.988038666339282,0.0,False,False,False,False,0.0,False,False,177.60991236757638
3535.2,40.19999999999982,301.59990700154754,-271.6495810096784,11.076944444444445,490.0929311535825,99.15122883638472,415.9601672473891,12.991796059063402,216.49891787351473,-13.089231916741843,272.2051294036003,3.5221090246376523,211.91133762306657,-9.59589090117231,276.97685097611236,3.5068853575411927,220.43237734049052,-61.99922298548216,224.8142355166866,9.663483846400862,327.0183226693786,-113.97044058033406,159.71476820131423,13.072502046423457,13.072502046423457,0.0,False,False,False,False,0.0,False,False,178.87645323410334
3535.299,40.29899999999998,301.8169341439729,-272.7615318115766,11.221944444444444,491.07916990272633,99.97610254338964,418.03533098165093,12.982476199318054,216.61135941248318,-13.421515936735972,272.9784493312358,3.5646933858713687,212.1575597789254,-9.843634257185034,277.7852124681105,3.5494994779502007,220.74362920806112,-62.90528793768008,224.97227354963474,9.690762388667965,327.4396152497699,-115.19683785368362,159.6344404227792,13.124289643671156,13.124289643671156,0.0,False,False,False,False,0.0,False,False,180.1362581894271
3535.399,40.39899999999989,302.0271791882084,-273.86236310611156,11.155,492.0685872250858,100.81264638065822,420.11557874298114,12.930974490881946,216.72327175861008,-13.76307738188835,273.73051539243585,3.6239625196365792,212.40760573649814,-10.099715089098938,278.57207762913526,3.6088008961928417,221.0515256879872,-63.82896954754241,225.10238308271346,9.782172251498334,327.8564816629301,-116.44742649210457,159.51995215496555,13.240456127693985,13.240456127693985,0.0,False,False,False,False,0.0,False,False,181.41772626488495
3535.499,40.498999999999796,302.24420633064886,-274.9743139080098,11.276111111111112,493.0491140527785,101.64933064728154,422.1988659967727,12.848686868571711,216.83622490221566,-14.111423451724512,274.4885624372853,3.700077608964908,212.66182147511591,-10.361189933398085,279.3655473676166,3.684909624697151,221.3523457127939,-64.76297877973958,225.2383149702297,9.842974200500441,327.1079622867698,-116.21853545670412,160.6910188900599,13.164060562994816,9.758505761960206,-3.5675089359283447,True,True,False,False,0.09434026715222613,False,False,182.60535009652526
3535.6,40.59999999999991,302.4001945892741,-276.05290618702827,11.09,494.03491094261443,102.49318695321551,424.28882750264273,12.847302772110254,216.9521961844468,-14.468972834063344,275.1863270945702,3.743238270797705,212.92304216922625,-10.629343238078123,280.0996761399694,3.7280889156532835,221.66120520646516,-65.7092540225903,225.30698260913132,9.868014983769974,327.52128435445184,-117.48486026777702,160.54561450765289,13.213586790048135,13.213586790048135,0.0,False,False,False,False,0.0,False,False,183.9130305500477
3535.7,40.69999999999982,302.6375680263146,-277.1537374815632,11.12,495.01205300712445,103.32938726840801,426.3512058047145,12.874576086988501,217.06685534633849,-14.82596386904415,275.9315271531329,3.7558143233297554,213.18302629084863,-10.89741831478497,280.88172338787643,3.7406748182626517,221.96395091636413,-66.64849032164668,225.43445073781524,9.868446607195349,327.92704014455313,-118.74367436209613,160.41603877895972,13.23826142712077,13.23826142712077,0.0,False,False,False,False,0.0,False,False,185.21753072419855
3535.799,40.79899999999998,302.84103097234504,-278.24344926715486,11.091944444444444,495.98178889346707,104.15897201505165,428.4098086795394,12.906546374067593,217.179939447138,-15.179919669133492,276.65907396262816,3.750881168629095,213.44042962421776,-11.163323032292295,281.64563080409556,3.7357595254256815,222.26158635471566,-67.57849292576745,225.54992956151474,9.858199752662719,328.32672516648086,-119.99254483692788,160.28995402564016,13.25201515609899,13.25201515609899,0.0,False,False,False,False,0.0,False,False,186.5183517194057
3535.901,40.90099999999984,303.03771182017044,-279.3665195779964,11.221111111111112,496.98203806103294,105.01475399914706,430.53845955710966,12.904862676709557,217.29534830441895,-15.544529020448506,277.4054714727418,3.7479303106140063,213.70483882611106,-11.437496275837676,282.4293251860038,3.7328378622917815,222.56719986098682,-68.5367235004645,225.66503098412656,9.863094089191137,328.73790724442426,-121.28177856111833,160.16018664829988,13.281637366547605,13.281637366547605,0.0,False,False,False,False,0.0,False,False,187.86953766308855
3535.999,40.998999999999796,303.2276105698058,-280.4562313643781,11.161111111111111,497.94314855285694,105.8362840301235,432.5922423967405,12.898718776644959,217.40444910244483,-15.895175722410526,278.1333622682561,3.7465376614758132,213.95765621957725,-11.701799046815017,283.1926369806028,3.731454752898787,222.85675956200217,-69.4585328421161,225.78640896522077,9.855641230786985,328.013030482401,-121.02272775406726,161.34856402739587,13.139334571307302,9.772401832812946,-3.525540828704834,True,True,False,False,0.09217313266714999,False,False,189.07491797250364
3536.1,41.09999999999991,303.4310735158362,-281.55706265812296,11.15611111111111,498.9354738380852,106.68421689544103,434.6875449040964,12.947984706551486,217.51526776589137,-16.25606777709894,278.86581641091004,3.729175267256716,214.2167518165855,-11.974279956847989,283.96139161023325,3.714101234524881,223.14950862697327,-70.4085041491108,225.89564719453637,9.828637670412165,328.4038078582187,-122.29080112771275,161.21221889921443,13.136311619511684,13.136311619511684,0.0,False,False,False,False,0.0,False,False,190.4089386084604
3536.2,41.19999999999982,303.6277543636766,-282.6690134600212,11.16611111111111,499.9217366051448,107.52933916662793,436.79066136624834,13.028525600897478,217.6229663316557,-16.611185759042115,279.6132887496528,3.6926467650062085,214.47067007373502,-12.242827679805137,284.7442846392525,3.6775970665406943,223.43640025196177,-71.3461601982562,226.02655061953206,9.782641441254865,328.787822144922,-123.54588593159997,161.0999650067717,13.114058567165428,13.114058567165428,0.0,False,False,False,False,0.0,False,False,191.7359695464285
3536.299,41.29899999999998,303.79730681869694,-283.75872524719296,11.073055555555555,500.90176466134426,108.3733043593419,438.8823258514567,13.099611788612485,217.72644892948344,-16.959660446554476,280.338961894847,3.6511340338028475,214.71808042324952,-12.507123847867305,285.5040101940952,3.6361310048347972,223.71464172776186,-72.27189895846507,226.14135168461655,9.745624129726568,329.16133153387426,-124.78859109502235,160.98086004898607,13.100547000680121,13.100547000680121,0.0,False,False,False,False,0.0,False,False,193.05247892011477
3536.4,41.40000000000009,303.96007717551225,-284.8484370335746,10.983055555555556,501.90470125291284,109.24029836947878,441.007942754687,13.15247323268118,217.8277837707468,-17.312013415574643,281.0596198842419,3.609071251485073,214.96554982512546,-12.775590074115872,286.25803036935713,3.5941247293659684,223.99104382511936,-73.21421485020379,226.2390114329459,9.700256765560068,329.5334476663294,-126.05721730494318,160.83733627851186,13.079160245092824,13.079160245092824,0.0,False,False,False,False,0.0,False,False,194.39676124858326
3536.499,41.498999999999796,304.1431938269125,-285.96038783547283,11.09111111111111,502.8912710943567,110.09243487078129,443.12372605300374,13.183539142884442,217.92275817497855,-17.65434368964376,281.8192627362311,3.5679722642130844,215.20313028547054,-13.037732733398128,287.0489689420984,3.553075545325452,224.2510350212222,-74.13676428382122,226.3890556833202,9.663070079200253,328.8083660875867,-125.79229961352372,162.05612363413735,12.909935018273204,9.577556158481704,-3.4879231452941895,True,True,False,False,0.09025378758330083,False,False,195.61445785450985
3536.599,41.59900000000016,304.29918208556796,-287.0612191300078,11.111944444444445,503.89298057605595,110.95222664560328,445.2554181748234,13.218524472421509,218.01406207252637,-17.996726246394864,282.5611849960656,3.519105045478859,215.43776801365647,-13.301278366926322,287.82087498558127,3.5042520701143927,224.5047460422456,-75.06606983876297,226.51511063610977,9.603253873516788,329.1478968602202,-127.0359500935431,161.94303120586864,12.873374792574634,12.873374792574634,0.0,False,False,False,False,0.0,False,False,196.92532953269873
3536.699,41.69900000000007,304.46873454060335,-288.1842894400593,11.265,504.90228548952336,111.81121908792068,447.40363788032676,13.288615651475704,218.1005474910785,-18.334488311280005,283.33439414138104,3.4541257809738712,215.66629398161007,-13.562633052367286,288.62246552607974,3.439291139803951,224.7457465418973,-75.9920501576208,226.6744388481804,9.533316265837477,329.4715561771054,-128.2795249321173,161.84769013528464,12.826693164880114,12.826693164880114,0.0,False,False,False,False,0.0,False,False,198.22977191397726
3536.799,41.79899999999998,304.6450690938287,-289.2851207345943,11.139999999999999,505.91880218234957,112.66931252526696,449.53140273916944,13.316933418655598,218.18295438391925,-18.667056302460715,284.0947624950237,3.3984370096940775,215.88906931880112,-13.820994028612748,289.4099386647835,3.3836258726976247,224.97800189597137,-76.91453003002118,226.82175687556347,9.492052739588516,329.78450432410256,-129.52250323873469,161.72843025524446,12.808685618615941,12.808685618615941,0.0,False,False,False,False,0.0,False,False,199.53237814234268
3536.899,41.89899999999989,304.787493156044,-290.39707153728256,11.173055555555555,506.94027572727055,113.52368555608523,451.6832136710075,13.316671651149678,218.26128606434807,-18.995797729273033,284.86037972713086,3.3605530323618673,216.10679198192727,-14.07752316885767,290.20123978243663,3.345792972612408,225.20238526987137,-77.83508207670708,226.97222024003628,9.458028728753249,330.08770597688516,-130.76641403825752,161.62316536422276,12.797917587765463,12.797917587765463,0.0,False,False,False,False,0.0,False,False,200.83526650107487
3537.0,42.0,304.88922462905913,-291.5090223391807,11.193888888888889,507.9748387066485,114.38655272447959,453.86670345105847,13.359928066680906,218.3366610437088,-19.324890381074336,285.61433429186286,3.324919179281594,216.32240307742637,-14.335386466224627,290.9799070430685,3.3102211785601803,225.41852413033314,-78.76368004278393,227.1038813111067,9.42158035339913,329.3340348966673,-130.48969344813537,162.8642779296368,12.630771251292499,9.298167095152571,-3.486790657043457,True,True,False,False,0.0902305831443717,False,False,202.05430205007852
3537.1,42.09999999999991,305.0384307894945,-292.6320926500223,11.25111111111111,508.99769064784346,115.24964887441631,456.0338745652284,13.407215461679352,218.40766626855367,-19.648693602983254,286.3997652177069,3.305130076546709,216.53212573389183,-14.590212753836255,291.7887129599097,3.290467633390648,225.62555240437172,-79.68263952447433,227.27488827382635,9.418241675926938,329.6118441875269,-131.72283652061046,162.77481793616374,12.650208470895333,12.650208470895333,0.0,False,False,False,False,0.0,False,False,203.34122229464
3537.199,42.19900000000007,305.1401622625097,-293.7218044356139,11.103055555555555,510.00607390477404,116.11291604404526,458.1861410645857,13.409608575542764,218.47417984428375,-19.968860720364866,287.1439825266769,3.3010858233567983,216.73659603866386,-14.84354642958999,292.55473557877735,3.2864691123468828,225.81998163890714,-80.59432318479489,227.409354069878,9.41378881482858,329.8732423916501,-132.94853939448984,162.664587432723,12.668303747901307,12.668303747901307,0.0,False,False,False,False,0.0,False,False,204.61482846240867
3537.3,42.30000000000018,305.22154744090983,-294.85599425460873,11.288055555555555,511.03034080787825,116.99340663949394,460.4098048955939,13.336898509632807,218.5401140892441,-20.29685681891626,287.91733333950344,3.323820952907734,216.9445477573079,-15.103732557707886,293.34988767284364,3.3091286212233495,226.00894781831866,-81.52871552648278,227.55914349574368,9.463608979914358,330.12759541261136,-134.20625395278557,162.56890934189084,12.741127569032908,12.741127569032908,0.0,False,False,False,False,0.0,False,False,205.91720959822948
3537.4,42.40000000000009,305.32327891392504,-295.89010850022396,10.828055555555556,512.0445635026931,117.86199586819754,462.51972214309694,13.369643647035936,218.60432965575015,-20.62266417431182,288.60412690424414,3.3177098579792985,217.1504332375009,-15.362405772402168,294.05823013890915,3.3030121721437444,226.1937775742859,-82.45370872560663,227.63254321605734,9.401962382945348,330.37686931194025,-135.45376229034565,162.38073647144066,12.702256869138923,12.702256869138923,0.0,False,False,False,False,0.0,False,False,207.2150975652442
3537.499,42.498999999999796,305.39788199415017,-296.99093979475896,11.003055555555555,513.0552402706099,118.72185801066891,464.692057932535,13.437732284150743,218.6656661948223,-20.943186491415595,289.352448341611,3.275012446862593,217.3517627198561,-15.617390704094356,294.82739568625544,3.2603549659167386,226.37114768801123,-83.36622916089024,227.77344386143267,9.377808888901077,329.7624994788776,-135.37594172213724,163.44124995603346,12.571981436258376,9.76646386251834,-2.934187650680542,True,True,False,False,0.06392121734937597,False,False,208.40968720910143
3537.599,42.59900000000016,305.48604927072523,-298.11401010481046,11.258055555555556,514.0805236899579,119.59101596278363,466.8930750828988,13.44454174602106,218.7248815394501,-21.263892872203673,290.12667515725366,3.2475758504212613,217.5517405017431,-15.873153712369424,295.62196074685863,3.232920276247262,226.544416008391,-84.28630806620299,227.93434936673404,9.347223584687493,329.99508813132263,-136.61101984986848,163.35210083484742,12.563773677402427,12.563773677402427,0.0,False,False,False,False,0.0,False,False,209.6980900798401
3537.7,42.69999999999982,305.5674344491705,-299.27043893932176,11.313055555555554,515.1190312504697,120.47157175106386,469.14307760040765,13.517266523798709,218.78104236274828,-21.584742928977388,290.93164767712636,3.202592476379706,217.74959781031768,-16.130044277875626,296.44637882923735,3.188009920020766,226.7119752461751,-85.21237937040733,228.12066173962452,9.288577248552993,330.220692227679,-137.8578951789138,163.28439117778285,12.52772866207898,12.52772866207898,0.0,False,False,False,False,0.0,False,False,210.99888688082515
3537.8,42.80000000000018,305.62169123478066,-300.4268677738332,11.373888888888889,516.152792179183,121.34922346201522,471.40048324439897,13.604199613286987,218.83433909979425,-21.897630830529785,291.73717679243583,3.1453059869821725,217.94176543292298,-16.380816098033446,297.2708005526785,3.130705902019854,226.86634773179534,-86.12545418672326,228.31447609756756,9.232075920282057,330.4292488815445,-139.09145585946231,163.23152285627071,12.493604879165678,12.493604879165678,0.0,False,False,False,False,0.0,False,False,212.28067520318368
3537.899,42.89899999999989,305.67594802039076,-301.5388185757314,11.28,517.179700941266,122.22385040191672,473.6123278786928,13.646189177704848,218.88626613210033,-22.202527275995614,292.50848281607404,3.1029152696023035,218.12956724411725,-16.6247384044326,298.0610707000858,3.0883544239148644,227.02071287538845,-87.0248550463476,228.47951016404383,9.20331083701501,330.63841908864487,-140.31017570576236,163.14962532450215,12.486993565802543,12.486993565802543,0.0,False,False,False,False,0.0,False,False,213.5586141147685
3537.999,42.998999999999796,305.7098585113858,-302.67300839472625,11.241111111111111,518.2171421593066,123.10849194863697,475.8668213251091,13.621925962033217,218.93720989774096,-22.507950941352416,293.29499137434885,3.089961720464978,218.31734960351136,-16.869112629855096,298.8667218804902,3.0754449125498207,227.17407699794498,-87.93248413986912,228.65117916857065,9.206590037196943,330.08315948524836,-140.3127606079969,164.17949890814825,12.394812366786049,9.803794205537564,-2.7088561058044434,True,True,False,False,0.05450050820565664,False,False,214.76692133399933
3538.1,43.09999999999991,305.7369869041908,-303.807198212931,11.270000000000001,519.2645209365269,123.9999597857428,478.13488915245733,13.613663790191103,218.98809350381222,-22.815605938675372,294.07761804498443,3.084980116684031,218.50665359351515,-17.115065281925112,299.66900095609003,3.070478158443752,227.325004232029,-88.84933798179296,228.81285082295724,9.19327525084553,330.2865727018166,-141.5484566720013,164.1053971363563,12.403732477544605,12.403732477544605,0.0,False,False,False,False,0.0,False,False,216.07101010335094
3538.199,43.19900000000007,305.75733319880595,-304.9191490156193,11.17,520.2919056260441,124.8733141696162,480.360951969839,13.627374325342569,219.037343827046,-23.116540820357134,294.84413940638296,3.0754090846445745,218.69183982004301,-17.355525883347706,300.45505069185737,3.0609406677282336,227.47414765143824,-89.74686925573721,228.9702319440424,9.187301074886872,330.4879934623587,-142.7605881393113,164.0335466377124,12.419552903703648,12.419552903703648,0.0,False,False,False,False,0.0,False,False,217.36035310148338
3538.299,43.29899999999998,305.804807886211,-306.08669735828397,11.413055555555557,521.3286337076332,125.75403311954287,482.6354069028979,13.579029802013643,219.08675695469594,-23.420839538868943,295.66874629244563,3.0902865425727373,218.87926981622334,-17.598463124506342,301.2997020577349,3.0758011229842825,227.62059019544787,-90.65566587199513,229.17962654468877,9.223094992763505,330.6860319771357,-143.98958025587999,163.99558129770838,12.477361571194068,12.477361571194068,0.0,False,False,False,False,0.0,False,False,218.6700631621622
3538.399,43.39899999999989,305.8455004754111,-307.24312619200526,11.425,522.363650787229,126.63237744059734,484.9000536882786,13.570550506746505,219.13670365617952,-23.726392482145226,296.4796008823313,3.101878714815928,219.06829756320087,-17.841837240363297,302.1314101382686,3.087397266005263,227.76941880524748,-91.56524958615181,229.37484819869812,9.210488361055544,330.8875867632568,-145.2214062550137,163.94555137907474,12.486769689099892,12.486769689099892,0.0,False,False,False,False,0.0,False,False,219.99399989263546
3538.5,43.5,305.8794109664212,-308.3995550265166,11.438888888888888,523.4083872643862,127.520269817581,487.1806125261445,13.579323299656046,219.18675088355357,-24.036076629915012,297.28472069391347,3.1100521738844695,219.2599462068848,-18.08834512683197,302.9579678249894,3.095622039098444,227.91958607509102,-92.48480342031719,229.55808471551086,9.239702779569903,330.30426360621107,-145.13896121990226,165.07754213267103,12.413628248458004,9.651913672540383,-2.886305332183838,True,True,False,False,0.06189637609408708,False,False,221.25538794888953
3538.6,43.59999999999991,305.9065393592262,-309.5782228773346,11.581111111111111,524.4396431958249,128.4044861452549,489.4747908475205,13.589392506415612,219.23547423275278,-24.344186134458592,298.1112699090622,3.128720871221528,219.45028439547872,-18.333659838153142,303.80598993805285,3.114304113676043,228.06555608455585,-93.39759789022172,229.7678856955128,9.248141745447048,330.5005236136733,-146.36623420653638,165.05458887103006,12.443700443529256,12.443700443529256,0.0,False,False,False,False,0.0,False,False,222.58616411341185
3538.7,43.69999999999982,305.9472319484263,-310.72353220448275,11.5,525.463342505757,129.29282100881412,491.73337683072424,13.518625791223311,219.28426863922726,-24.656222376976345,298.90629796221776,3.187844991665357,219.64323604325472,-18.581873846166566,304.62292799056837,3.1734848111253733,228.2092803721367,-94.31673335531174,229.9458451536429,9.357950525940149,330.69378372003973,-147.60215765926898,164.98780154334156,12.575142453216463,12.575142453216463,0.0,False,False,False,False,0.0,False,False,223.9303119899096
3538.8,43.80000000000018,305.9743603412464,-311.9022000545107,11.635,526.4749020783801,130.17781139842006,494.01945855663706,13.362329937780624,219.33441056942092,-24.976460318617736,299.7213055814581,3.2949493509422747,219.84207715355438,-18.83604548566596,305.4611941980433,3.2807014300647466,228.3546683755197,-95.24644758848657,230.14024345488426,9.4623175581135,330.88904494677007,-148.8507967316423,164.9439348219552,12.70114271458402,12.70114271458402,0.0,False,False,False,False,0.0,False,False,225.29636873242663
3538.9,43.90000000000009,306.0150529304465,-313.06974839638525,11.593055555555555,527.4696733512262,131.05461012325023,496.27471700278,13.15826522030499,219.39053493364042,-25.30884062187646,300.5164673714043,3.447206691338168,220.052809503074,-19.09728978776495,306.2830614243364,3.4327385841820375,228.50277959695512,-96.19122393396792,230.31380091154162,9.663991828674543,331.0874856282395,-150.11661616123413,164.8707074850836,12.924450214339169,12.924450214339169,0.0,False,False,False,False,0.0,False,False,226.6897588639331
3538.999,43.998999999999796,306.0421813232515,-314.2150577227433,11.481944444444444,528.4377017295926,131.91455124696898,498.4891127158904,12.999895742761906,219.45262268369976,-25.652337314342603,301.27428578438156,3.604568139716362,220.27497460663056,-19.364660748405445,307.07127893031,3.5900414544979173,228.673693965782,-97.13835800767525,230.45211301953546,9.779071746110265,330.54145961768563,-150.01135738386753,166.02129333891918,12.935170838851699,10.124751893560436,-2.936195135116577,True,True,False,False,0.06407670014215029,False,False,228.03414303674592
3539.1,44.09999999999991,306.1235665016516,-315.4270840972311,11.636944444444444,529.414741652628,132.7889844607982,500.756021445494,12.96447899597922,219.51992419627626,-26.01604123196387,302.0909508623503,3.7198100450262572,220.5124205163658,-19.64633921844246,307.9212843535909,3.705236001378462,228.8506586317168,-98.11586360364788,230.6409955820651,9.892116942006703,330.77540274982243,-151.30359682384335,165.96455074859963,13.069678605204375,13.069678605204375,0.0,False,False,False,False,0.0,False,False,229.5015090033635
3539.199,44.19900000000007,306.17782328726173,-316.6168714562024,11.706944444444446,530.3638536984881,133.64894720177588,502.98974510747496,12.909699865328541,219.58997446818265,-26.38294895568817,302.8748674504872,3.826362952502339,220.75464344580593,-19.928794480175377,308.740885977155,3.811826930599883,229.03340709266902,-99.08312492853825,230.80769447392032,9.994219296355094,331.0167458949066,-152.58099138602435,165.90582276311582,13.192818528613843,13.192818528613843,0.0,False,False,False,False,0.0,False,False,230.96935863363657
3539.3,44.30000000000018,306.2117337782718,-317.8066588143835,11.87,531.320525609812,134.52988824171834,505.2547080062617,12.842813937606211,219.6647060718678,-26.767572464115577,303.63487577749004,3.9323840630163036,221.01052479691387,-20.223576875140903,309.5398789628616,3.9178747546763724,229.22558493165928,-100.07962132512374,230.93706928096734,10.101984870143195,331.2703046990131,-153.8957654304314,165.81529768545224,13.322046672858184,13.322046672858184,0.0,False,False,False,False,0.0,False,False,232.49304172130726
3539.399,44.39899999999989,306.2592084656919,-318.9742071570482,11.758888888888889,532.2467808844322,135.39384765201325,507.46498610119465,12.745929356698735,219.74243731439446,-27.154432649726417,304.37465808432563,4.0392721603622315,221.27089075506538,-20.518152117877953,310.3208515985135,4.024651503241527,229.41869669113166,-101.06637351686798,231.05905784351498,10.210561666598634,331.52484283850055,-155.1963908698558,165.71519359449755,13.451661038374604,13.451661038374604,0.0,False,False,False,False,0.0,False,False,234.01179336763775
3539.499,44.498999999999796,306.30668315308196,-320.16399451522943,11.861111111111112,533.1716978007994,136.26173540900479,509.6981281189672,12.620986044130449,219.82656486235203,-27.55534942762146,305.1206811076305,4.1537465165766685,221.54458545049948,-20.820973863744523,311.1122903706915,4.1390203023974514,229.62593834668453,-102.07228124868476,231.1794368441981,10.330124482865738,330.77797461514007,-154.63552812009436,167.327574813437,13.422962039355543,9.606025159599293,-3.9864487648010254,True,True,False,False,0.11815315524590261,False,False,235.49633705769136
3539.6,44.59999999999991,306.3541578405021,-321.34266236525724,11.838888888888889,534.0956659602026,137.12990688483683,511.92117681867575,12.484917565350624,219.917193142494,-27.971195975335856,305.8400990026937,4.274198812776765,221.83219598155642,-21.132667304937534,311.88139279316147,4.259396665329161,229.8451015512183,-103.09855748054855,231.26635079752637,10.450404268392735,331.06259632988923,-155.96832712502209,167.20998082869787,13.564185457231241,13.564185457231241,0.0,False,False,False,False,0.0,False,False,237.09024916011631
3539.699,44.69900000000007,306.41519672430223,-322.5213302160752,11.863055555555556,534.988550487055,137.9732406896317,514.1021570505065,12.327112726258198,220.0130168899025,-28.390533371715037,306.55874205840917,4.415781683391301,222.12675277821427,-21.44410961556285,312.6532177147429,4.400857261509616,230.0713027917292,-104.11653780586778,231.36344458132052,10.616447446476617,331.35588524057215,-157.28822413369963,167.10480929433234,13.750757542270792,13.750757542270792,0.0,False,False,False,False,0.0,False,False,238.68698429928395
3539.799,44.79899999999998,306.4762356081023,-323.7444760987163,12.086944444444445,535.8794828593329,138.82246098894296,516.3274359706908,12.289482772234054,220.12087566459297,-28.823962288087994,307.3033642140906,4.517959365622651,222.43933598129686,-21.761037984912704,313.4584460401716,4.502867102177255,230.31426554229722,-105.15203918807664,231.48066692239456,10.656013724926165,331.67068167943853,-158.62987896267438,167.02571748158692,13.811060090372479,13.811060090372479,0.0,False,False,False,False,0.0,False,False,240.3330828660808
3539.899,44.89899999999989,306.55083868832753,-324.9231439495343,11.948055555555557,536.7642871828889,139.67490018113642,518.5070630934574,12.283247043666886,220.23698780161305,-29.264479381095814,308.0002058266948,4.593296012152983,222.7631229442448,-22.079355768594045,314.2208480502104,4.578205650739486,230.5865570839225,-106.18800812849601,231.550494973173,10.767098366050346,332.02343917675705,-159.97199120215407,166.90636946603536,13.942881001148798,13.942881001148798,0.0,False,False,False,False,0.0,False,False,242.02195675420987
3540.0,45.0,306.63900596493266,-326.1129313077155,11.959999999999999,537.6463494325948,140.5400743492534,520.7008934356359,12.18329657695793,220.36250785741444,-29.71682390270068,308.6977269280447,4.703164804131808,223.10146546034983,-22.402557052361683,314.98970158384844,4.687976619252253,230.86585847314328,-107.24471339912992,231.61361508186982,10.876341842696492,330.96889095716926,-158.61909445706638,169.25167262596645,13.832981012426881,8.386775461828217,-5.68629264831543,True,True,False,False,0.24047359419182981,False,False,243.67247851994932
3540.099,45.09900000000016,306.72717324155286,-327.30271866589663,12.0,538.4979110831457,141.39049078761852,522.8680517180917,12.12957225557365,220.49493721600084,-30.168236990406413,309.3944064305765,4.800654092474197,223.44567987177945,-22.721010124647826,315.76229083886165,4.78542420569908,231.1673979366686,-108.28292533264268,231.68718030108155,10.964369186910886,331.3523444604996,-159.93933957009563,169.16530294338506,13.940820338864398,13.940820338864398,0.0,False,False,False,False,0.0,False,False,245.3814807786575
3540.199,45.19900000000007,306.828904714568,-328.4925060248679,12.031944444444443,539.3498429596682,142.2486230245688,525.0363771217383,12.054557694898143,220.6354272987798,-30.631876250922947,310.08107055793823,4.888675027603463,223.80352799856738,-23.04530182736043,316.52994760513207,4.873382413855131,231.48006687102105,-109.33839629686312,231.74548792813096,11.051814122861293,331.7498393956347,-161.28115615743485,169.05823999399468,14.048277378070434,14.048277378070434,0.0,False,False,False,False,0.0,False,False,247.13264711087092
3540.3,45.30000000000018,306.9306361875832,-329.6934128912024,12.035,540.205029321876,143.11165456341922,527.2206125550688,12.004376899746907,220.78567618790655,-31.105810440002248,310.7660059770081,4.956697378696849,224.1754477936236,-23.372903308108754,317.3021837261224,4.941291783172927,231.81102266180247,-110.40703565125544,231.79618542867135,11.10094535661729,332.1706297321695,-162.63986667435123,168.94953263550744,14.117620836114657,14.117620836114657,0.0,False,False,False,False,0.0,False,False,248.92970441880192
3540.4,45.40000000000009,307.0527139551985,-330.8832002501737,12.11,541.0488915626828,143.9640427842138,529.3714342050126,11.984533647380644,220.9414983740466,-31.57908433728663,311.4451721431214,5.008716289344691,224.5520078145114,-23.696845415820487,318.07204075512385,4.993311306700595,232.15430405611073,-111.46562749823705,231.8487503476419,11.156267534276415,332.6072744295315,-163.98636702164373,168.84190387089362,14.192955117029411,14.192955117029411,0.0,False,False,False,False,0.0,False,False,250.73552027237895
3540.5,45.5,307.18157382101873,-332.117465640968,12.246111111111112,541.8902915390985,144.81497890817994,531.5569008455175,11.949093030850854,221.10233871206214,-32.055815594103386,312.1644254968687,5.053975157938457,224.93487736129117,-24.020889231412866,318.8855899438346,5.038572652238825,232.5084451793366,-112.52539709440056,231.9412699579305,11.191238206763476,331.47931255763683,-162.20549257060537,171.64049260118253,13.97647079169619,7.773524974681282,-6.47441291809082,True,True,False,False,0.3118476965140436,False,False,252.48538073039325
3540.599,45.59900000000016,307.3172157850591,-333.3294920154558,12.203888888888887,542.7202458511098,145.65536179742887,533.7050465813758,11.912118109970786,221.26460064033998,-32.53154879313879,312.8649152909629,5.100450502426575,225.31891682849988,-24.342812682291193,319.68185597106566,5.085065715797309,232.8665601795202,-113.57690593938261,232.021764511902,11.249534701419988,331.9266256071481,-163.51890761268913,171.58454949965824,14.053772448052408,14.053772448052408,0.0,False,False,False,False,0.0,False,False,254.27959600471488
3540.699,45.69900000000007,307.4664219454643,-334.55263789809686,12.278888888888886,543.5530517651629,146.50239559088345,535.8645743326455,11.845289029153948,221.43118179163366,-33.01708016242546,313.56937849109204,5.165814001655425,225.71217457380965,-24.67032420161006,320.4852653480243,5.150490807654116,233.23134779265405,-114.6448534981761,232.09971967702862,11.321083287737386,332.3823679857133,-164.8531331814967,171.51888020897292,14.144518167399761,14.144518167399761,0.0,False,False,False,False,0.0,False,False,256.1101309175529
3540.799,45.79899999999998,307.6291923022947,-335.76466427258464,12.268888888888888,544.3797107305774,147.3484123207568,538.0046958452541,11.81152495778841,221.60209725243183,-33.507546105465586,314.26108025877136,5.222105062183728,226.11214874381548,-24.999259079753994,321.2789527111591,5.206768979297237,233.60083812160585,-115.71713031129394,232.1661353969327,11.361955901413475,332.84415445287044,-166.19325735402626,171.43586661079496,14.204587914105808,14.204587914105808,0.0,False,False,False,False,0.0,False,False,257.95912427404573
3540.9,45.90000000000009,307.80552685552,-336.9878101552257,12.3,545.2103774732319,148.2036850228549,540.1590970167581,11.79773697606756,221.77727878822634,-34.00746580921455,314.9570582246972,5.267508485628809,226.52111794936408,-25.33350023451408,322.08005840687827,5.252225095620375,233.98301895457044,-116.80184239632175,232.2318304425792,11.411720306048474,333.3220690209175,-167.54968254037138,171.34868839213848,14.273741423101102,14.273741423101102,0.0,False,False,False,False,0.0,False,False,259.84684411348354
3540.999,45.998999999999796,307.9886435069504,-338.1887170215602,12.178055555555556,546.0216952607999,149.0488428860439,542.2731539657545,11.870140075805734,221.9497218430546,-34.50014917198461,315.64131903730896,5.277752146825602,226.92443128504584,-25.662490426794246,322.8684698336475,5.26248013720325,234.35436968330094,-117.86733917982895,232.30048604257178,11.383327991224244,332.4619997237273,-166.1837999256817,173.73726333079293,14.033887307340597,8.730042498583668,-5.534311771392822,True,True,False,False,0.22792847677203124,False,False,261.6296314340113
3541.099,46.09900000000016,308.15819596198577,-339.41186290420126,12.32388888888889,546.8431009669247,149.91823819063956,544.4395574484865,12.051192833927834,222.1206064748709,-34.996246501907635,316.34053536393606,5.216533536309341,227.32864968046877,-25.994644842419376,323.67231597661,5.2013176098332,234.7302936812108,-118.93685261029215,232.38090927925722,11.289808802226892,332.92612393277886,-167.5042452224536,173.68269710302266,13.95887649461685,13.95887649461685,0.0,False,False,False,False,0.0,False,False,263.47943343254235
3541.199,46.19900000000007,308.3480947116212,-340.6238892794791,12.30111111111111,547.6673954653475,150.80150605384898,546.6009942286698,12.111855273691896,222.28623263449305,-35.48820085521885,317.04011174349824,5.165204644560516,227.72671616682572,-26.325420188187216,324.473934779965,5.149899957499102,235.09104773778705,-120.006154623393,232.46242658999702,11.28052823167711,333.3724961599447,-168.82732589860916,173.60956153773364,13.968104300340588,13.968104300340588,0.0,False,False,False,False,0.0,False,False,265.32288378554273
3541.299,46.29899999999998,308.5447755594465,-341.8136766368702,12.174999999999999,548.4856965079672,151.6890519902338,548.7409121871826,12.032490092261153,222.45155325400552,-35.97876267118867,317.72163528367076,5.18819164457008,228.12425340801175,-26.65460100012675,325.25790280839595,5.172822944760313,235.45117808245362,-121.07810048189009,232.5228345186762,11.3359417731761,333.81851173866244,-170.15491342216063,173.50934478828606,14.042026218113097,14.042026218113097,0.0,False,False,False,False,0.0,False,False,267.17748540813665
3541.4,46.40000000000009,308.7346743090819,-343.03682251951125,12.303055555555554,549.3030710421426,152.58563777786705,550.921751846795,11.992241203957999,222.62092294831442,-36.476730605483716,318.4252944220372,5.227332056580953,228.52954064502674,-26.987416655686648,326.06761632051945,5.211909068414614,235.81819411240235,-122.16381236392658,232.5977207529381,11.358467126096073,334.27335616492275,-171.5004404775807,173.42708737382694,14.083245031069366,14.083245031069366,0.0,False,False,False,False,0.0,False,False,269.0662400168239
3541.499,46.498999999999796,308.94491935331735,-344.21549037032923,12.116111111111111,550.0994986690736,153.4661341313211,553.0303160691655,11.992721801629088,222.79035761419473,-36.96724979304724,319.0988715841779,5.256707043124785,228.93139381136297,-27.31336918854238,326.847240586744,5.24123287396611,236.18284811824654,-123.22946452706815,232.6567055307368,11.395385585045142,333.54576372663615,-170.35195849518595,175.5953566014182,13.930846097369072,9.119453350522345,-5.019033432006836,True,True,False,False,0.1875145865443233,False,False,270.85918887851494
3541.599,46.59900000000016,309.1348181029227,-345.4386362529703,12.266944444444444,550.8990803401196,154.3568040422466,555.1985596477947,11.945770299671832,222.96526335453936,-37.46539746685885,319.8010443603051,5.302544178391727,229.34229209795126,-27.642415863685784,327.6603193857454,5.287037329284487,236.558886636367,-124.3080580605102,232.73589847715778,11.44991132686866,334.00556518178854,-171.67080976253342,175.53863273784347,14.003262397659945,14.003262397659945,0.0,False,False,False,False,0.0,False,False,272.73546446271143
3541.7,46.69999999999982,309.3382810489681,-346.6506626274581,12.273055555555555,551.6984646963347,155.2521245250331,557.3552425240334,11.821681705971718,223.14555676441438,-37.97422542391515,320.48452162977526,5.387072700649766,229.76378206769724,-27.977183535673984,328.45834920820937,5.371573431490825,236.94630037714785,-125.40378117172801,232.7891350975708,11.563862337214683,334.4792492999254,-173.01053156644588,175.45074351361734,14.13528287205787,14.13528287205787,0.0,False,False,False,False,0.0,False,False,274.65360123619735
3541.8,46.80000000000018,309.5417439949985,-347.85156949379257,12.169999999999998,552.4805912477397,156.1320619452973,559.4808167069029,11.724140160936479,223.3273368339038,-38.4865750640603,321.15358285506846,5.485758869615715,230.18880942689518,-28.31366018178364,329.2436236467752,5.470286558208104,237.334656765969,-126.49749339924689,232.8336110826154,11.648437172766645,334.95394797887263,-174.34740605723937,175.35528176002055,14.237748266077187,14.237748266077187,0.0,False,False,False,False,0.0,False,False,276.57571667897344
3541.9,46.90000000000009,309.75198903926406,-349.06359586828034,12.213888888888889,553.2539240794587,157.00979002452948,561.6079275413872,11.672122097589844,223.51529495116375,-39.00697612317136,321.82584553607205,5.580514407704438,230.6237144105465,-28.653206384532407,330.036515456767,5.565044728937253,237.7256181170196,-127.60029023709527,232.88150173279206,11.752517026463385,335.4317278257108,-175.69509452533205,175.2600531839472,14.359718678241201,14.359718678241201,0.0,False,False,False,False,0.0,False,False,278.51895940300835
3541.999,46.998999999999796,309.9486698870744,-350.2422637183082,12.116944444444444,554.0142463577976,157.8794207612739,563.6981921705571,11.664039539253201,223.70736512091682,-39.528140057956705,322.4605856376706,5.640302005471484,231.06285255183906,-28.990790222937456,330.79522578113944,5.624860904071014,238.12748668034442,-128.6930509246466,232.89984123374973,11.768953387467151,334.86434528170344,-174.75831109149118,177.2439237601715,14.205604067927483,9.814091835560149,-4.579774856567383,True,True,False,False,0.15617171667416704,False,False,280.39524214875155
3542.099,47.09900000000016,310.15891493129476,-351.45429009358605,12.27111111111111,554.7857220528342,158.7576270050078,565.825481144055,11.714877673712419,223.9025058319034,-40.05721248221246,323.12274456563006,5.637952906139597,231.50904129481654,-29.333099214024593,331.58387209980657,5.6225361339478885,238.53485026472902,-129.79606573309272,232.9428579416145,11.74773649460627,335.35642598657034,-176.0907137048441,177.16460844996914,14.201719946539933,14.201719946539933,0.0,False,False,False,False,0.0,False,False,282.346075909578
3542.199,47.19900000000007,310.3623778773252,-352.65519695992054,12.218888888888888,555.5632117528922,159.6353053034056,567.948067733736,11.735587996778598,224.09681122890663,-40.585719497904996,323.77323353326807,5.623918604840872,231.954462372184,-29.67506726471235,332.3611971813118,5.608529580577586,238.9407923193122,-130.89811293220419,232.9747780342246,11.740958494696107,335.8474892567237,-177.42384708028277,177.0748906046828,14.212274718103021,14.212274718103021,0.0,False,False,False,False,0.0,False,False,284.30304985751485
3542.3,47.30000000000018,310.5658408233556,-353.86722333361826,12.208055555555555,556.3503261248741,160.5213562924257,570.0926451592156,11.733188884353776,224.29065872249788,-41.11915616065503,324.42990085218787,5.61507362758234,232.40241118522155,-30.021065535071646,333.14539716717786,5.599730347904362,239.34911662176518,-132.01087970704108,233.0065643138821,11.730683983996691,336.34210258278057,-178.77176899509715,176.9825804996173,14.219506306591624,14.219506306591624,0.0,False,False,False,False,0.0,False,False,286.28631031722745
3542.4,47.40000000000009,310.762521671196,-355.05701069258953,12.158888888888889,557.1316302747574,161.39690256573817,572.2083381024377,11.736129295085929,224.47858958410484,-41.6474393356914,325.0699560933375,5.5992974906090245,232.84291193939265,-30.36551438310668,333.91021750831084,5.58399180641978,239.74594970697004,-133.11366954324293,233.02832483216568,11.709639566208672,336.8234981653647,-180.10955602813186,176.8778855295429,14.215794660276858,14.215794660276858,0.0,False,False,False,False,0.0,False,False,288.25250566477933
3542.499,47.498999999999796,310.9659846172264,-356.26903706707725,12.233055555555556,557.9078073188242,162.26199775146137,574.3297814576324,11.743810816455145,224.66138844256665,-42.170087002923445,325.7401322408323,5.586436586105563,233.27640406914935,-30.707547628884306,334.70278506602057,5.571156784586176,240.13042149084853,-134.20706159863926,233.08624573830227,11.704883046061097,336.3815857369849,-179.43974093660776,178.64644622906982,14.064964562675916,10.232593545649241,-3.9956040382385254,True,True,False,False,0.11890336608076606,False,False,290.13136245700775
3542.599,47.59900000000016,311.1694475632568,-357.481063441565,12.263055555555555,558.6936955545162,163.1354633739789,576.4632003320927,11.755661101596607,224.84244669136154,-42.69791659034822,326.40585261464133,5.574065696983279,233.71153565176195,-31.054460906074887,335.4907673253494,5.5588563941872025,240.51468895305987,-135.31167013765176,233.13372607860515,11.685897248437213,336.8436736217867,-180.76805070394775,178.5683475717625,14.06282988535711,14.06282988535711,0.0,False,False,False,False,0.0,False,False,292.0815430619768
3542.699,47.69900000000007,311.3661284110822,-358.6930898160528,12.253888888888888,559.4829691844561,164.00792738735336,578.6003111482358,11.774342536641294,225.02004913386432,-43.2249923461884,327.0714997180333,5.5498158359475855,234.143683468699,-31.402185257025447,336.2776266865605,5.53463854730027,240.88857929065196,-136.41728144173794,233.18151710304528,11.656513426301462,337.2939795784859,-182.09962658587696,178.4867074092256,14.050297183526359,14.050297183526359,0.0,False,False,False,False,0.0,False,False,294.03128494440847
3542.799,47.79899999999998,311.5560271607176,-359.9051161913307,12.23111111111111,560.2774125129644,164.87966419889628,580.7421056379153,11.814370722406393,225.19486036037253,-43.749873835332444,327.7382925449772,5.5147463762740125,234.57267938472398,-31.74909772433604,337.06499119741005,5.49961308568047,241.25893537376902,-137.5203965814206,233.23088266711378,11.616016644160512,337.7407925686017,-183.43047059377145,178.4066772243967,14.02665152169041,14.02665152169041,0.0,False,False,False,False,0.0,False,False,295.98327720382844
3542.9,47.90000000000009,311.7459259103379,-361.1171425658185,12.243055555555555,561.0855149101843,165.76319753353684,582.9006119621291,11.895643765901374,225.36731530594867,-44.27681781831354,328.4037998501983,5.464430396230317,235.00123384392202,-32.09847514967586,337.85060495530166,5.449376412468231,241.62600816668123,-138.6315645655001,233.2737346606191,11.556841708523057,338.1845069380952,-184.77364069784159,178.3144111333194,13.98449621756104,13.98449621756104,0.0,False,False,False,False,0.0,False,False,297.95323670645996
3542.999,47.998999999999796,311.9290425617683,-362.3180494321529,12.18888888888889,561.8799843647838,166.63320946141553,585.0341080597825,11.905937608071472,225.53176895225053,-44.79098903101994,329.0713037840623,5.441322005879634,235.41667249885774,-32.44086231225805,338.6341703886037,5.42638975444037,241.97902617158337,-139.72053380963968,233.32950682308092,11.569625310410228,337.65475553475966,-183.93390521878558,180.22961802851432,13.840047517503608,9.731141726951003,-4.282820701599121,True,True,False,False,0.13664704232650707,False,False,299.8177852782828
3543.099,48.09900000000016,312.11215921319865,-363.5300758066407,12.23111111111111,562.6811307373748,167.51315801296158,587.1896845792373,11.894442325783135,225.69417142280645,-45.31008921418068,329.74539948367106,5.436936694301392,235.83363962312936,-32.78779520853333,339.4243195855149,5.422106312457543,242.3268146846127,-140.8228723820713,233.38485976636525,11.548395176266474,338.07110252939765,-185.25354440901594,180.15656631181088,13.83515735850034,13.83515735850034,0.0,False,False,False,False,0.0,False,False,301.7478768122001
3543.2,48.19999999999982,312.28171166823404,-364.7421021811285,12.24388888888889,563.4924912678532,168.4022847783244,589.3638885556353,11.940889825879667,225.85515091483254,-45.833571635466534,330.4121687505695,5.408151828546787,236.25237259757216,-33.13847614473179,340.2079146639715,5.393388502969063,242.67185772373603,-141.9351650834451,233.42763971951862,11.512621924227352,338.48482237986656,-186.5872260600334,180.07154938159667,13.81588748135299,13.81588748135299,0.0,False,False,False,False,0.0,False,False,303.6984736361897
3543.299,48.29899999999998,312.4580462214594,-365.96524806376954,12.268888888888888,564.2953826509164,169.27451827816606,591.5265433551172,12.008829659240062,226.0089688375857,-46.34349860852423,331.1064869575264,5.351920582601052,236.6582145424943,-33.48115199859687,341.01508561768117,5.337211369066194,243.00306248518788,-143.02174511873528,233.5118846466026,11.43559940100422,338.88274528805016,-187.89268762924982,180.0225027613647,13.755041533518904,13.755041533518904,0.0,False,False,False,False,0.0,False,False,305.60772029275387
3543.399,48.39899999999989,312.6140344800847,-367.1995134545639,12.37111111111111,565.1146473235608,170.154658642561,593.7222126184244,12.03989611632964,226.1581364315393,-46.854397277095096,331.8065939159987,5.2928640791680595,237.06109454327935,-33.82669384532876,341.82697902199897,5.2782448848321515,243.329546634617,-144.11566910964672,233.59525222854163,11.39649728521748,339.27579611978365,-189.20965120997113,179.97566667630718,13.732279392872574,13.732279392872574,0.0,False,False,False,False,0.0,False,False,307.532514847482
3543.499,48.498999999999796,312.790369033295,-368.4337788445682,12.443055555555556,565.939214191247,171.03400203877817,595.9109198663899,12.069491476466993,226.30093759878116,-47.36150141180443,332.5174117030973,5.243744750328044,237.45703000577197,-34.17201500663732,342.64564601506385,5.229158522141303,243.64154470927173,-145.2087106907749,233.6899462057799,11.33746582433136,338.91911912461427,-188.82903277750236,181.49538944874007,13.55449761984793,10.343308286002598,-3.3462796211242676,True,True,False,False,0.08343961664800208,False,False,309.3842447902397
3543.599,48.59900000000016,312.9395751937304,-369.65692472720923,12.338055555555556,566.7675732934988,171.9170346850386,598.1061829916116,12.145595602871731,226.43914337638364,-47.864531122802944,333.21564982191427,5.189698505375717,237.84743426668012,-34.51582924841624,343.45070025803324,5.175162996374128,243.9442873313868,-146.29875554355408,233.77172944623132,11.288633055556845,339.28140392010874,-190.13346316728357,181.44576377283644,13.521609299854134,13.521609299854134,0.0,False,False,False,False,0.0,False,False,311.2788827712032
3543.7,48.69999999999982,313.1023455505607,-370.9356681498267,12.658888888888889,567.6048374066555,172.81461143167417,600.3631275369282,12.160576326407915,226.57426175167873,-48.36966397334111,333.96996322467515,5.16468231548362,238.23702077253972,-34.86239969854372,344.3109911426684,5.150221160452954,244.24325837438084,-147.39899415041762,233.90215584610337,11.288305091603265,339.63972778865025,-191.4521251687333,181.43476749811896,13.537385229168967,13.537385229168967,0.0,False,False,False,False,0.0,False,False,313.1933809193078
3543.8,48.80000000000018,313.244769612776,-372.1810530487744,12.541111111111112,568.4328793638332,173.70690125785265,602.58993520917,12.185551803561808,226.70374017378563,-48.86850361523763,334.694419429983,5.142767640715056,238.61911644430143,-35.20609219358505,345.13926515854126,5.128363200036847,244.53006812351097,-148.48854322684235,234.00865187251938,11.245021534750341,339.98399417811055,-192.75994377607898,181.40264767362106,13.510046121096762,13.510046121096762,0.0,False,False,False,False,0.0,False,False,315.08853375044856
3543.899,48.89899999999989,313.37362947859623,-373.47091597954517,12.738888888888889,569.2537919087649,174.5919544582799,604.8533437766858,12.201362875064666,226.83013624639943,-49.36072234351086,335.46563734549466,5.123664390829311,238.9956551333617,-35.545244520921315,346.01422297134286,5.109228962840522,244.80608655329507,-149.5672785649857,234.16734783116866,11.24969077205609,340.3157916725245,-194.05667487701191,181.4258802213231,13.530500362695317,13.530500362695317,0.0,False,False,False,False,0.0,False,False,316.9652913604973
3543.999,48.998999999999796,313.52283563903154,-374.7051813703395,12.573055555555557,570.0819729033464,175.48653349926644,607.0696121738982,12.180247247790252,226.95689614485394,-49.85732069077294,336.1841674865143,5.126786914970721,239.3755706886585,-35.88710348041039,346.83642658268593,5.1123918873074805,245.0868485538222,-150.65673457220814,234.26734907148725,11.251346471727503,339.9362261031048,-193.65344370691534,182.96830027836234,13.413593977514557,10.19725088269889,-3.3508496284484863,True,True,False,False,0.08368766829429675,False,False,318.8062012127478
3544.1,49.09999999999991,313.73308068325196,-375.9060882374641,12.35,570.9160786754285,176.39175778569103,609.2421564354034,12.19441962080375,227.08432916149368,-50.3592024971494,336.8809596214914,5.126830801309213,239.75960459768064,-36.23226391097086,347.63541548117325,5.112387570032944,245.3653553911837,-151.75838507995184,234.34235360344047,11.249837147250373,340.2684534967986,-194.96758909887956,182.87390869360632,13.427792250484881,13.427792250484881,0.0,False,False,False,False,0.0,False,False,320.71638308057146
3544.199,49.19900000000007,313.8958510400672,-377.1737121511382,12.556111111111111,571.7345825051731,177.28033655076575,611.4737145335589,12.211781217876839,227.20927142925487,-50.85035407501592,337.64107734500976,5.111439267170239,240.13612314280863,-36.56934887886906,348.49939704336003,5.096980538461738,245.64020521365225,-152.83617387959936,234.49128824951077,11.22050514310423,340.59677170315166,-196.2550474001057,182.8783814986146,13.413856802252587,13.413856802252587,0.0,False,False,False,False,0.0,False,False,322.5961781175083
3544.299,49.29899999999998,314.01114670950756,-378.4524555737557,12.72,572.5653538837291,178.17598653470995,613.747098251053,12.220808499583155,227.3337531585954,-51.344720284241724,338.39686913299664,5.08453120051357,240.51440906612962,-36.90893861741524,349.36191037250404,5.070063001519021,245.9158887258684,-153.9225755994704,234.6287091579488,11.196185922696545,340.9265947502973,-197.5547998691295,182.8890460980808,13.405089658525519,13.405089658525519,0.0,False,False,False,False,0.0,False,False,324.49841114998793
3544.399,49.39899999999989,314.1467886735178,-379.7200794882198,12.728888888888887,573.3997397128893,179.07069778440493,616.0026180038254,12.247195534262442,227.45651155456267,-51.83661115831077,339.15007437860265,5.055020515145615,240.89016267749793,-37.247124775250064,350.2202991863158,5.040538516613804,246.18684603673344,-155.00712325089071,234.76470455354828,11.161465765392506,341.2512809231231,-198.8544054234607,182.88533444486083,13.385921577902097,13.385921577902097,0.0,False,False,False,False,0.0,False,False,326.401950131714
3544.499,49.498999999999796,314.262084342943,-380.9543448790142,12.556111111111111,574.2377432565602,179.96972852817902,618.2419909350122,12.33333852514557,227.57523775087245,-52.3253265824452,339.87003551158176,5.003763850638071,241.26107365774632,-37.58463249213799,351.04402422731295,4.9893033117128365,246.45600926375775,-156.0868311477064,234.86818121947468,11.093582967248103,340.9747092292459,-198.67252572179146,184.22873262220193,13.21909346590521,10.465380540733964,-2.8682103157043457,True,True,False,False,0.061330120138030846,False,False,328.2427934280204
3544.599,49.59900000000016,314.41807260155326,-382.2108492861151,12.66111111111111,575.0833917701493,180.87550612858712,620.4938777066849,12.45018134036363,227.68816073917787,-52.80852111273503,340.62878829849154,4.920556920692959,241.6243509043881,-37.92052778577134,351.9016217600231,4.906096996115556,246.71022614751803,-157.16160090267232,235.01386484502513,10.994932149612534,341.27802630360424,-199.95487964283353,184.22457920562363,13.13566190307215,13.13566190307215,0.0,False,False,False,False,0.0,False,False,330.11778287472964
3544.7,49.69999999999982,314.5265861727886,-383.50071221688586,12.778055555555557,575.9433304586577,181.7925598871086,622.8123294212023,12.44432879943838,227.79791173078917,-53.29059568274875,341.4097011391954,4.869783211043401,241.9846703131072,-38.25693639269226,352.7826445588546,4.855341563496766,246.9599672606554,-158.24354598165016,235.1723600501259,10.993076252432404,341.5765710794409,-201.2482551988772,184.24890711358702,13.149177453242444,13.149177453242444,0.0,False,False,False,False,0.0,False,False,332.0084600835083
3544.799,49.79899999999998,314.6418818421988,-384.7683361313501,12.711944444444445,576.7816688622604,182.68888081635913,625.079963688617,12.349151888342515,227.90070364066932,-53.76248366835067,342.182562911301,4.8870557021880225,242.33392671936974,-38.58842972218528,353.65091258966544,4.872627774632985,247.19872265979996,-159.3071712539096,235.33235346716526,11.029005591207953,341.86224115974,-202.52087947469732,184.26905171296286,13.200173854272446,13.200173854272446,0.0,False,False,False,False,0.0,False,False,333.8676031085443
3544.899,49.89899999999989,314.75717751162404,-386.02484053687084,12.61111111111111,577.619724552143,183.59041216067968,627.3422150169104,12.268705835641498,228.00095987657923,-54.24289513561445,342.9371671204239,4.928195838681662,242.6862360503922,-38.928001562004226,354.50026266485725,4.913726360623752,247.42712937332706,-160.38848484419628,235.46783303155559,11.074466600510673,342.13567677127463,-203.81536700641206,184.25491707402995,13.260854118377605,13.260854118377605,0.0,False,False,False,False,0.0,False,False,335.7497108520612
3544.999,49.998999999999796,314.8453447882292,-387.31470346843173,12.760000000000002,578.4544385050925,184.48799117672164,629.6412279176806,12.245757307621504,228.10071265952098,-54.72659896016621,343.7142395414334,4.949455872710516,243.04025198750097,-39.27029325852659,355.37428555043476,4.93494713304724,247.65071846924488,-161.47297632973596,235.62598227516648,11.071538601544145,341.8703471280656,-203.75592641957263,185.53753092876093,13.16920988875466,10.655472453986464,-2.617672920227051,True,True,False,False,0.0510951233493788,False,False,337.5774344278176
3545.099,50.09900000000016,314.94029416305443,-388.6156859073558,12.851944444444445,579.2898209527756,185.38536818747633,631.9476896198988,12.274844942925318,228.19958638771652,-55.21142862761018,344.5030466594241,4.94674674364165,243.39443577190644,-39.61373933863553,356.2599732803028,4.932214012395109,247.87436875806745,-162.55716156459528,235.79714751975632,11.06871501189475,342.13652746403557,-205.04628375194105,185.57305977285006,13.181304462516744,13.181304462516744,0.0,False,False,False,False,0.0,False,False,339.45949613845494
3545.199,50.19900000000007,315.02846143967463,-389.9389073617963,13.03111111111111,580.1223067747052,186.28770160098946,634.2805780656257,12.279267919145518,228.29609720234177,-55.69728834469914,345.3113998833049,4.960340965922129,243.74761068582285,-39.958996602978424,357.16508454626836,4.945767735579339,248.09339074761175,-163.6436522281399,235.98696189526677,11.098220670565604,342.39744403514334,-206.34059862444553,185.62704592684395,13.225728284599011,13.225728284599011,0.0,False,False,False,False,0.0,False,False,341.348006165797
3545.299,50.29899999999998,315.09628242167975,-391.2732483251803,13.13111111111111,580.9473580068624,187.1964586463846,636.6349002949544,12.269249585852222,228.39302035805522,-56.185294555770426,346.1233774448697,4.990459746762237,244.1026982926776,-40.305414629255296,358.0761221817118,4.975829621388317,248.30684332454257,-164.7343472117496,236.1793871035128,11.129487712189594,342.65190076194153,-207.64081565370373,185.68840144435126,13.271913489634413,13.271913489634413,0.0,False,False,False,False,0.0,False,False,343.24448196306963
3545.399,50.39899999999989,315.1505392072748,-392.5964697796208,13.193888888888889,581.7654722251057,188.10707619307007,638.9836702243334,12.213699992222233,228.49261652917008,-56.67642666577633,346.91767168665757,5.032125283232105,244.4620470284978,-40.652591508142095,358.97264015420234,5.017447444253557,248.52720412866086,-165.82793088053498,236.3527850722802,11.181802027563672,342.9147288874787,-208.94515172624165,185.73814054022876,13.339145968419903,13.339145968419903,0.0,False,False,False,False,0.0,False,False,345.1593216455214
3545.5,50.5,315.2251422875,-393.8863327103916,13.043888888888889,582.5840218595939,189.0223371815196,641.2981271773702,12.101069030057722,228.5944699618443,-57.178115752478526,347.67412436730496,5.104986316940967,244.82956422775965,-41.006823689748686,359.83257953806105,5.09028286335686,248.7539500520335,-166.9390789775063,236.48144826624977,11.27458476506435,342.53297470224294,-208.54954730724884,187.3377744470193,13.316957769461276,10.15500338662898,-3.291992664337158,True,True,False,False,0.0808274016580529,False,False,347.0535016957563
3545.6,50.59999999999991,315.2793990730951,-395.2540321966553,13.368888888888888,583.3856248658824,189.92231361423939,643.6709594237143,12.00308882988589,228.69527829310078,-57.68269830846448,348.4985156844962,5.186117580528484,245.1982624843954,-41.36363780135886,360.7627710155559,5.171400505870052,248.97787526433297,-168.0476590311295,236.68254702532676,11.344807233810375,342.79748164608475,-209.8590341621533,187.42611921689806,13.401722935329074,13.401722935329074,0.0,False,False,False,False,0.0,False,False,348.98783594274676
3545.7,50.69999999999982,315.3336558587052,-396.5327756200628,13.038055555555555,584.1804951439249,190.81683231557756,645.9552499483251,11.930006151953854,228.79603446753768,-58.195109554786406,349.229346124491,5.25835144391273,245.57178824507392,-41.726486889560015,361.5995308288642,5.2436075610153985,249.1985309002864,-169.16425402685212,236.79167925572887,11.418964809971172,343.0581547717043,-211.17813170674359,187.41662642415227,13.490423208611645,13.490423208611645,0.0,False,False,False,False,0.0,False,False,350.9373100899072
3545.8,50.80000000000018,315.4082589389153,-397.9004751071166,13.403055555555557,584.9712868904818,191.7085585959536,648.3078270873223,11.907175388748424,228.8979809736927,-58.713407444200215,350.04556141077967,5.306232140000731,245.95004980610273,-42.09307366034423,362.5235850813601,5.29144407017932,249.41800775358328,-170.28596797891873,236.98750411512347,11.44071392254384,343.31754758962245,-212.50385028960977,187.48556447554006,13.526715018306152,13.526715018306152,0.0,False,False,False,False,0.0,False,False,352.90030257410217
3545.9,50.90000000000009,315.4625157245254,-399.23481606971046,13.418888888888889,585.7603448560274,192.60054750315646,650.6381590474311,11.910944400389656,229.00019643529097,-59.235286505062916,350.82105518491215,5.329681658775498,246.3309601360574,-42.462047310201626,363.40883383100004,5.3148684161200705,249.64015796835758,-171.40953528872575,237.14329284952478,11.465653904709894,343.58029969524165,-213.83276944801176,187.52207514567027,13.566197697593982,13.566197697593982,0.0,False,False,False,False,0.0,False,False,354.87632081436016
3546.0,51.0,315.5303367065456,-400.59139604782075,13.456944444444444,586.5463628646451,193.49226216016615,652.9816838046162,11.862835356590486,229.1015733323744,-59.76050826330426,351.6185791541314,5.368644033631386,246.71349562737348,-42.833823917820354,364.3161237613132,5.353801583370359,249.8590366391796,-172.53770786275294,237.32088898230214,11.51852525688147,343.03617458405927,-212.97373769248068,189.62319700945127,13.469760206102658,9.464475222686891,-4.1691365242004395,True,True,False,False,0.1296652788208493,False,False,356.8043005451431
3546.099,51.09900000000016,315.58459349215576,-401.98133455118113,13.72388888888889,587.3190424368262,194.3733148606788,655.3460754581552,11.811396966225269,229.2031017933614,-60.28478211779283,352.4461605025258,5.419533547081561,247.0959966358027,-43.20435755987325,365.25553673883377,5.404668177244116,250.0745486603162,-173.65998784566557,237.53358359459378,11.568042477467586,343.28824601713376,-214.28640100523532,189.7284386749697,13.53320780875552,13.53320780875552,0.0,False,False,False,False,0.0,False,False,358.7612752535827
3546.2,51.19999999999982,315.65919657235077,-403.36015354638823,13.771944444444442,588.1016647328653,195.27186571107728,657.7120897000933,11.784535813535708,229.3085314294553,-60.82456485560205,353.25212935007755,5.471210155400498,247.49086311350413,-43.585030873053555,366.1762698225672,5.4563478928008955,250.29897449159654,-174.8093218761958,237.71293883081364,11.620876749191448,343.5508477208389,-215.63124207286847,189.78958982731794,13.600253884405992,13.600253884405992,0.0,False,False,False,False,0.0,False,False,360.7758063736982
3546.299,51.29899999999998,315.6863249651709,-404.73897254080515,13.733888888888888,588.8637107724616,196.15495155841762,660.0752927779283,11.779742244769105,229.41407703776133,-61.357907950165746,354.0529004002782,5.512382506420086,247.88244882513436,-43.96007176401343,367.0950569884094,5.4974978568654205,250.51986226254516,-175.93992961294998,237.89844452176484,11.651510854940641,343.8094418703722,-216.9548488297575,189.87834742905696,13.644818372221932,13.644818372221932,0.0,False,False,False,False,0.0,False,False,362.76452999456336
3546.399,51.39899999999989,315.7677101435861,-406.1289110441655,13.80111111111111,589.6317266419884,197.05050985684744,662.4401205626954,11.815795939077072,229.5227150995642,-61.89888562000914,354.86970788397633,5.523180305787254,248.28125243116088,-44.33924643936289,368.0301392405607,5.508281118646098,250.74871663801608,-177.08190890905541,238.09661632110289,11.642188189291007,344.0776019191687,-218.29296274231925,189.95734638807482,13.649566799568976,13.649566799568976,0.0,False,False,False,False,0.0,False,False,364.7865923887337
3546.499,51.498999999999796,315.8490953219862,-407.51884954673574,13.92,590.398483909141,197.94714278906284,664.8055615356672,11.779696909147676,229.632607463945,-62.44143511851301,355.6848390458091,5.548166072550834,248.68228800168114,-44.71866529438912,368.96524727830354,5.533260000389858,250.97897736942568,-178.22615387712187,238.29240963701986,11.701475202534716,343.28395259585847,-216.62771253920943,192.8525280665616,13.50088797034234,8.044861990007362,-5.678062915802002,True,True,False,False,0.240558545396108,False,False,366.76329227362834
3546.6,51.59999999999991,315.90335210759633,-408.90878804930605,13.883055555555554,591.1669579921563,198.84926437910366,667.1880567097585,11.68692397815346,229.74378595808568,-62.99343257397007,356.48408659111277,5.602011981031523,249.0901967041671,-45.10464553148261,369.88843162241716,5.5871208034984665,251.21553292479462,-179.38655246375345,238.4637720468599,11.749315375172197,343.5569475123474,-217.96686060849618,192.93403275114832,13.562296427825984,13.562296427825984,0.0,False,False,False,False,0.0,False,False,368.80232971827326
3546.699,51.69900000000007,316.0186477770216,-410.320965568973,14.088888888888889,591.915848684976,199.73059285799238,669.5387736404915,11.677454112711173,229.85016779036718,-63.539356332052606,357.32686919424157,5.634283642906658,249.4911868727044,-45.48794921125927,370.84907021461345,5.6194149998934995,251.4427152064956,-180.5282228999709,238.69385339948607,11.766939710593922,343.819287423367,-219.28521043053567,193.04801295547938,13.593220369186035,13.593220369186035,0.0,False,False,False,False,0.0,False,False,370.81007547602206
3546.8,51.80000000000018,316.0932508572317,-411.6775455478734,13.828055555555556,592.6806744644856,200.63047108567005,671.8792377588418,11.708503140698898,229.9565755759847,-64.0984551697732,358.0932153735596,5.635708355550182,249.90025655361126,-45.88148356683256,371.7368309109505,5.620843707684412,251.66527882562067,-181.69488052509635,238.83674296700025,11.751816224292016,344.07654450479373,-220.6337279323803,193.08237872076126,13.59166516773029,13.59166516773029,0.0,False,False,False,False,0.0,False,False,372.86036708933875
3546.899,51.89899999999989,316.18141813383687,-413.02300601862055,13.721944444444444,593.4315937752679,201.5142287375229,674.1837084911884,11.719810004020527,230.06152786283513,-64.64605289860084,358.8636746251671,5.628239257832943,250.30184803620938,-46.26614064396899,372.62677850053734,5.613334706252454,251.882304037349,-182.83789914803722,238.99698637977642,11.752012447171388,344.3276694189149,-221.95634133401722,193.12866647678538,13.605160996547927,13.605160996547927,0.0,False,False,False,False,0.0,False,False,374.87613345841305
3547.002,52.00199999999995,316.2899317050571,-414.3573469812144,13.618055555555555,594.2113072925501,202.43304311422668,676.5136187265788,11.679441743786702,230.1722562749404,-65.21572451367454,359.6055151979083,5.640369436566803,250.72115466856988,-46.66512292505771,373.4927524777737,5.625432582917143,252.1124440928561,-184.02754697591973,239.10367351149844,11.77621908757465,343.88513470043034,-221.2597988753945,195.0593712509996,13.491691897905614,9.750927836789176,-3.8922767639160156,True,True,False,False,0.1130597939465716,False,False,376.9296520799954
3547.1,52.09999999999991,316.3645347852672,-415.78064400824456,13.884999999999998,594.9514239207008,203.30413721067006,678.8789443892259,11.648245320607447,230.2771533535541,-65.75919080712656,360.45256961601996,5.6555162805018,251.12090389441568,-47.04583569077784,374.4624016329819,5.64058502484791,252.333712430765,-185.16056682188068,239.34403316740165,11.783444454849011,344.13874555006066,-222.55843079217823,195.20817212330576,13.511657720324878,13.511657720324878,0.0,False,False,False,False,0.0,False,False,378.9258650379635
3547.199,52.19900000000007,316.4120094726874,-417.2261800515813,14.081944444444444,595.6984789383542,204.18264654050532,681.2854481002444,11.648723266486245,230.3815776053213,-66.30979637524113,361.30810057313397,5.666112294831459,251.52476293442317,-47.43224832548304,375.44361321610427,5.651187453547529,252.55241856515048,-186.30714402517526,239.58641144739946,11.79735578423614,344.3896285625074,-223.87369679316888,195.36614331078383,13.538439509501274,13.538439509501274,0.0,False,False,False,False,0.0,False,False,380.9482484643634
3547.299,52.29899999999998,316.4798304546774,-418.6383575704582,14.053888888888888,596.4510153106957,205.06881448568214,683.6625635676935,11.602983655045344,230.48584206297755,-66.86799214571408,362.1289218366434,5.690903830696163,251.93320943048195,-47.824591305595675,376.3895794747421,5.6759851952390585,252.77134924393957,-187.46819546800242,239.78826998970283,11.832888353381998,344.6409414494383,-225.20648026411044,195.47107031660008,13.586972543080702,13.586972543080702,0.0,False,False,False,False,0.0,False,False,383.0008351785285
3547.4,52.40000000000009,316.5340872403327,-420.0838936130048,14.236944444444443,597.2084760450645,205.96236887667263,686.084568627078,11.59313065105971,230.5905817420366,-67.43433820835959,362.97106642875764,5.714044304212537,252.34714308038164,-48.22289209867631,377.3599982083847,5.699121847208037,252.9888793887953,-188.6438873142184,240.00514568749853,11.843281025175267,344.8908243214748,-226.5570298872771,195.59333199627588,13.610495683951903,13.610495683951903,0.0,False,False,False,False,0.0,False,False,385.0826452925018
3547.5,52.5,316.58834402591276,-421.55166867264813,14.363888888888889,597.9578597421219,206.8504018238956,688.5186755482506,11.646333910544808,230.69484188327436,-67.99614527011803,363.8395275925424,5.713947849738587,252.75838573241538,-48.61744761807632,378.3572343821773,5.699034442445182,253.2040663345854,-189.80796628657654,240.25551035107483,11.832742927570113,344.52383536285896,-226.03571500492998,197.50159446149775,13.478519483646936,10.142592288069746,-3.4703657627105713,True,True,False,False,0.08989509028345764,False,False,387.0964055721377
3547.599,52.59900000000016,316.6561650079329,-422.9972047151948,14.39,598.6986686145834,207.731569984435,690.9173330253077,11.610177123429892,230.80361597699834,-68.55203633178304,364.6944441110313,5.729615418373935,253.1700858989381,-49.004324837145816,379.34305903774003,5.714638658023347,253.41901594005014,-190.96172247250936,240.49823708673878,11.876517617491363,344.76873963176337,-227.3502548227579,197.6563832872446,13.534784902271932,13.534784902271932,0.0,False,False,False,False,0.0,False,False,389.1351901631852
3547.699,52.69900000000007,316.717203891733,-424.40938223407164,14.21888888888889,599.4481792448257,208.6177724826046,693.2966053809884,11.603052517561864,230.91796551604318,-69.11309716601949,365.5091783922902,5.722293505368551,253.58947020896787,-49.39197092192328,380.2935307722012,5.707323900872018,253.65699448443837,-192.1222896043879,240.69458534176277,11.817784272950107,345.0401551866145,-228.67388663524153,197.7740473554907,13.488668455411196,13.488668455411196,0.0,False,False,False,False,0.0,False,False,391.21412977753545
3547.8,52.80000000000018,316.7714606773431,-425.8771572937151,14.428055555555556,600.2106181399663,209.51167215698607,695.7418490890525,11.662133142319584,231.03608775644756,-69.67699154757494,366.3729141837081,5.686541730177288,254.01370020594376,-49.779546212411915,381.2977177488068,5.671520514151987,253.89385504994652,-193.29159960745272,240.93491846069986,11.807138397443826,345.3106476706594,-230.0092273943459,197.9361795056772,13.490765646562267,13.490765646562267,0.0,False,False,False,False,0.0,False,False,393.314383746318
3547.9,52.90000000000009,316.8460637575382,-427.3004543207452,14.338055555555554,600.9641545921288,210.39698942545647,698.1268647602187,11.58961219024959,231.15731367454998,-70.23358937304937,367.20472210248175,5.706392893694046,254.4364605189801,-50.15909906396776,382.27027143280844,5.6913597066803305,254.1441681112906,-194.44804645838437,241.1467842724264,11.85740003212824,345.59671152251985,-231.33084296994952,198.06738328126605,13.5536441789272,13.5536441789272,0.0,False,False,False,False,0.0,False,False,395.41367313263817
3547.999,52.998999999999796,316.8867563467533,-428.7682293795984,14.491944444444446,601.7020789451815,211.2677123889933,700.5467684191076,11.468061218664637,231.27981687247015,-70.7879320690715,368.07396179122316,5.762659750678144,254.85932832584936,-50.53565388100415,383.28485881285235,5.747559460560927,254.39612066907128,-195.59776911365705,241.3991364691094,11.920491675053668,345.2817620162661,-230.7608859578145,200.03295827419024,13.494356575102119,10.131644114948408,-3.49758243560791,True,True,False,False,0.09132755928710035,False,False,397.4557725554483
3548.099,53.09900000000016,316.96135942696344,-430.2137654229351,14.461944444444445,602.4405448034735,212.14066985311197,702.9349797826575,11.40014654333653,231.40549428639656,-71.35350882492419,368.91799878230546,5.824781556322943,255.2918202230967,-50.91889476832023,384.2755924730561,5.8096516842718335,254.65603025538599,-196.76423615460305,241.62085331937817,11.980958914073236,345.5760337286236,-232.08156927086537,200.18782864458151,13.567056943422795,13.567056943422795,0.0,False,False,False,False,0.0,False,False,399.57088174514934
3548.199,53.19900000000007,316.99526991797353,-431.6704209736351,14.453055555555556,603.176436015953,213.01125073478428,705.3468066603559,11.398512552309732,231.5292555309236,-71.92442677393906,369.75886731481523,5.858905727142317,255.72646461612942,-51.30695282835322,385.2664459859204,5.843842635365652,254.9153408088055,-197.9343521277746,241.8397557841063,11.98913373312814,345.86979371481,-233.40713526724522,200.35485665086247,13.587464891778753,13.587464891778753,0.0,False,False,False,False,0.0,False,False,401.6978715784609
3548.299,53.29899999999998,317.11056558738375,-433.1270765251252,14.568888888888889,603.9124395410732,213.8832352658053,707.7271073423323,11.423054410913805,231.65125988786136,-72.49823532243781,370.6163164754589,5.873808257359809,256.1619474647017,-51.69776148868891,386.26811468231426,5.858760166827943,255.1641840295788,-199.1082598075469,242.078831718101,12.010717842711687,346.15190846959814,-234.7380000430416,200.5034295562456,13.621282130663353,13.621282130663353,0.0,False,False,False,False,0.0,False,False,403.8282991213244
3548.399,53.39899999999989,317.15804027480385,-434.5614930595185,14.39111111111111,604.6460160439963,214.75900288538,710.1172034713684,11.425250753827639,231.77580220750977,-73.07330105307412,371.43483888492216,5.894196333828918,256.6007623225393,-52.08747648942709,387.2383726650115,5.87906731443245,255.41490043775644,-200.28387431402288,242.2771511348047,12.030315289572302,346.43634459475334,-236.0717270110082,200.63749980959176,13.65311270682502,13.65311270682502,0.0,False,False,False,False,0.0,False,False,405.9701586811427
3548.499,53.498999999999796,317.239425453204,-436.0181486102185,14.573055555555555,605.3733568738733,215.63686665183468,712.5134534534192,11.375443203442291,231.90055647265777,-73.65175322554076,372.2796355738028,5.940940018702615,257.04236871880687,-52.479104045571546,388.2343162898489,5.925877832653956,255.67403732557295,-201.46246516891043,242.5008570086402,12.104541907887418,346.1018714476044,-235.3849346461478,202.69861206809543,13.596028216987635,10.000638891208768,-3.738933563232422,True,True,False,False,0.10438493664185183,False,False,408.07824866843384
3548.599,53.59900000000016,317.30724643522416,-437.4859236698618,14.603055555555557,606.0912953484315,216.5121568205624,714.9193774068968,11.265889690652152,232.0266672911547,-74.2364733509592,373.12590413442587,6.022457062525868,257.4895338844112,-52.8741168639964,389.2356621242252,6.007284019404537,255.92543940720304,-202.65108056080115,242.72439055867943,12.193684829689294,346.38425926938595,-236.72004893508148,202.8605657425304,13.696996872891054,13.696996872891054,0.0,False,False,False,False,0.0,False,False,410.23091338983687
3548.699,53.69900000000007,317.3954137118293,-438.9092206968919,14.48111111111111,606.8001444800865,217.38175216933755,717.2676900967654,11.172149343037502,232.15699987676064,-74.82883037066495,373.9252837308761,6.108057166807987,257.9455860377261,-53.27167203899063,390.19303036491533,6.092874085870259,256.1880848855477,-203.84602779704764,242.90130044591766,12.275737269826918,346.67930364108173,-238.06240007224937,202.9704204173995,13.790875047130164,13.790875047130164,0.0,False,False,False,False,0.0,False,False,412.40966499375617
3548.799,53.79899999999998,317.49036308665455,-440.36587624759187,14.546111111111113,607.5021896731985,218.2479204103393,719.6380984274238,11.126906585593614,232.2875945901733,-75.42927655160659,374.7508953386673,6.1816648395473495,258.4076769799634,-53.67441835779658,391.17904775501097,6.166545445432525,256.4528294752818,-205.0480598337959,243.10502921806543,12.341092056187888,346.97676486734696,-239.41297695852444,203.1046912866724,13.868055567592624,13.868055567592624,0.0,False,False,False,False,0.0,False,False,414.60763678841596
3548.9,53.90000000000009,317.55140197045466,-441.8336513064452,14.616111111111111,608.2066670015747,219.12300611149857,722.0416789046265,11.118972692873797,232.42207922655794,-76.04150248698937,375.5674343294283,6.230800069652158,258.88085206917583,-54.08317692398339,392.16407766334567,6.215495594396349,256.71492437459096,-206.26835141991776,243.2942406159702,12.374169406356488,347.2713720326499,-240.78464289318381,203.23380723800216,13.91307690920375,13.91307690920375,0.0,False,False,False,False,0.0,False,False,416.8393339284875
3548.999,53.998999999999796,317.6327871488698,-443.3347848905484,14.816944444444445,608.8942468901843,219.98160366058943,724.4459049861248,11.10286100944039,232.55945424405436,-76.64483360651629,376.42926605701024,6.269726244720961,259.3519347911699,-54.48202418182871,393.19604176839425,6.2543162608411205,256.9837865340031,-207.4658441215208,243.5414923479881,12.419855098017134,346.9217732581515,-239.96839111477826,205.46468023646133,13.818484454870404,9.994721777072476,-3.975748300552368,True,True,False,False,0.11804673260658631,False,False,418.9949259524536
3549.1,54.09999999999991,317.72095442549005,-444.780320933095,14.68888888888889,609.588611123617,220.8561647719337,726.8140478335546,11.009930134818491,232.70072575036355,-77.26596810288297,377.2204114575196,6.344149333253746,259.8378389596715,-54.89152388884249,394.1620594585984,6.328813530749614,257.2671113217197,-208.69314374384453,243.70437496935472,12.522287919354344,347.23700362954264,-241.33389859074344,205.5763700538526,13.932426681505902,13.932426681505902,0.0,False,False,False,False,0.0,False,False,421.24503633186373
3549.199,54.19900000000007,317.8091217020951,-446.25921550010156,14.753055555555555,610.2592395006577,221.70949316462543,729.1839734632242,10.91569765919939,232.84125780987338,-77.88253921882158,378.04882425746285,6.431364405593009,260.32155925582066,-55.296482035699135,395.1666468642966,6.415869565912712,257.5389817373142,-209.90644495805836,243.91621904718434,12.596658657040374,347.5395209166278,-242.68397042896996,205.73472493292613,14.018078915474417,14.018078915474417,0.0,False,False,False,False,0.0,False,False,423.46761509588447
3549.3,54.30000000000018,317.9040710769204,-447.70475154343836,14.673055555555555,610.9364373672832,222.57499778811123,731.5346266976666,10.845725682766881,232.9899604220839,-78.51874919606624,378.82543541522614,6.506424570053105,260.82479616858694,-55.71069959716233,396.12798485504766,6.4908319232444605,257.82703949270837,-211.14952300142158,244.06479851575523,12.671011755058405,347.86011897424527,-244.06747217022271,205.82882780638843,14.103941418790738,14.103941418790738,0.0,False,False,False,False,0.0,False,False,425.75919149920753
3549.4,54.40000000000009,317.9990204517456,-449.2170046349047,14.903055555555556,611.6014944598103,223.42726743638096,733.9296488724011,10.775245984116507,233.1402259866452,-79.15551129910243,379.66633225503966,6.5786164094715325,261.3307781940245,-56.12299094675289,397.15764285487523,6.562951741713921,258.1185571362883,-212.38627038414725,244.28357818860178,12.741793089745045,348.1846424406007,-245.44424491961584,205.99638195084617,14.18611820426774,14.18611820426774,0.0,False,False,False,False,0.0,False,False,428.0494798364959
3549.499,54.498999999999796,318.1007519247608,-450.7070187100646,14.908055555555555,612.2551699147681,224.27095049179707,736.2893999854332,10.78608096690098,233.2918326285913,-79.79124162660727,380.48793211034854,6.6245978479938845,261.83836671372796,-56.532199853783716,398.1698680337533,6.608755457225137,258.408842374781,-213.61498281165186,244.49081281753143,12.764005472745957,347.69635696774344,-244.0447590277646,208.77066224652978,14.026776383506782,9.154317817804017,-5.06529426574707,True,True,False,False,0.191644779852118,False,False,430.28136302339766
3549.599,54.59900000000016,318.20248339776094,-452.2192718007409,14.985000000000001,612.911879918582,225.12428776958885,738.679853582776,10.749504638052503,233.44988613727523,-80.43689933473411,381.320252830676,6.669933180709456,262.35825963753894,-56.94383643180419,399.2007604370064,6.653905729396381,258.7083309947858,-214.859285669683,244.70250751940495,12.832736788760348,348.0255220490321,-245.41236041243474,208.94619458694606,14.106358515235174,14.106358515235174,0.0,False,False,False,False,0.0,False,False,432.5723515782568
3549.699,54.69900000000007,318.3109969689812,-453.720405383264,14.998055555555556,613.5638147217918,225.97299451364336,741.0515125511798,10.654440144167442,233.61240218145832,-81.08698714279323,382.13808544629336,6.731948902952109,262.88548817644414,-57.35481863140343,400.22202011640775,6.715892109573168,259.0189265829868,-216.10725346102708,244.89908039247055,12.888019247135102,348.3670083619435,-246.78444661033183,209.10728072959716,14.172491789323878,14.172491789323878,0.0,False,False,False,False,0.0,False,False,434.88520941630696
3549.799,54.79899999999998,318.4330747365964,-455.23265847552057,15.103055555555557,614.2100823149254,226.81600171576753,743.4207510425856,10.590080605395993,233.77872278210168,-81.74255679590546,382.96372590296943,6.794866639298427,263.4200652371959,-57.766502733818506,401.2552506500919,6.778730882702333,259.33365100334214,-217.3606807875677,245.10369163841796,12.958694460334696,348.71314585780544,-248.16298023528503,209.27191487062987,14.254017818237424,14.254017818237424,0.0,False,False,False,False,0.0,False,False,437.21667603121296
3549.9,54.90000000000009,318.55515250421166,-456.73379205804355,15.04888888888889,614.8578372358878,227.66382837098436,745.7850788451823,10.537777545457438,233.95030278501088,-82.41001873497281,383.76590243380167,6.8519217212326,263.96706512213495,-58.18301837974342,402.2717719199358,6.835701769019319,259.6591319890829,-218.63062345975575,245.27914735880654,13.001484547443573,349.07124500453995,-249.560190540143,209.40900904064858,14.307767229217415,14.307767229217415,0.0,False,False,False,False,0.0,False,False,439.5909389993509
3549.999,54.998999999999796,318.69079446823696,-458.24604514951,15.075000000000001,615.4905856765465,228.49169901847256,748.1302328647237,10.512505285636097,234.11912530358197,-83.06878843151198,384.5911350821005,6.886633417143821,264.5070346440624,-58.59378597439766,403.3085767653039,6.870413533634903,259.9808217112368,-219.87833021456638,245.49140193586058,13.029007985659387,348.5948931686952,-248.0299567916753,212.3324255114035,14.145361284126778,9.053637860091337,-5.292395114898682,True,True,False,False,0.20924795588777192,False,False,441.88249562427876
3550.099,55.09900000000016,318.81965433407225,-459.75829824097644,15.134999999999998,616.1291681238688,229.325702452692,750.4863136672893,10.495581506744848,234.28977901975242,-83.7371508686002,385.4052452833157,6.909470275521605,265.0548120042598,-59.010354242366006,404.3384385510027,6.89316718138968,260.3026522859432,-221.1417832433387,245.68695683393253,13.046946261251303,348.9444068485869,-249.40208906300882,212.5023187021394,14.173584900021599,14.173584900021599,0.0,False,False,False,False,0.0,False,False,444.22276323614983
3550.199,55.19900000000007,318.9552962980825,-461.2705513316528,15.16388888888889,616.7671856517862,230.15739799915903,752.837652190852,10.469004013241552,234.45993470762153,-84.40771127302686,386.21893577005807,6.926804157093771,265.6044325444608,-59.42780906049999,405.3688495423121,6.910480899665354,260.62635107326855,-222.40654118310886,245.88265736989882,13.063538614603884,349.2961676377446,-250.77649103301036,212.66950391313387,14.200462593677035,14.200462593677035,0.0,False,False,False,False,0.0,False,False,446.5735035152683
3550.299,55.29899999999998,319.0773740656977,-462.8050434394258,15.238055555555555,617.4040295377016,230.98647657554415,755.2121997225642,10.439764160303495,234.6265528623972,-85.08119530836429,387.04941112065916,6.949070889806958,266.154019937626,-59.84857312012177,406.4170252146893,6.93282087883253,260.94540747717406,-223.6747853206445,246.09470918206307,13.09169169422514,349.6430872012414,-252.15549078733483,212.85557745102756,14.238901013601149,14.238901013601149,0.0,False,False,False,False,0.0,False,False,448.932542651306
3550.399,55.39899999999989,319.213016029723,-464.33953554640874,15.293888888888889,618.0358443724308,231.8150794238342,757.579257030644,10.40043604018029,234.79453042228454,-85.75784662883453,387.87958942942106,6.994877337061252,266.70756133560565,-60.26974567238404,407.466830381903,6.978478150048135,261.2555875546747,-224.94997244388068,246.30555502842319,13.155699640906125,349.98050325239416,-253.54264823171405,213.0304343786618,14.31319430058499,14.31319430058499,0.0,False,False,False,False,0.0,False,False,451.30155011849405
3550.5,55.5,319.34865799373324,-465.8740276533917,15.338055555555554,618.6687835486147,232.65537458978778,759.9578036709694,10.431351015943944,234.96793918242128,-86.4440124601196,388.699423895483,7.019753098603804,267.27222197310846,-60.693669622116296,408.5132528119041,7.003365794817657,261.581583955997,-226.23731164117424,246.5010963545628,13.14082205405272,349.6211257979783,-252.3850828489016,215.62456228522223,14.133232058084714,9.663122231503655,-4.645582675933838,True,True,False,False,0.16125104801077933,False,False,453.66286015327216
3550.6,55.59999999999991,319.47751785956854,-467.3974002530114,15.335,619.2939226107321,233.49246550175366,762.3230814265341,10.463842759860427,235.1404189588334,-87.12484938158676,389.51246346843976,7.027150274699393,267.833727883945,-61.11282695323997,409.55370288208076,7.0106823583967195,261.90330994786956,-227.51292928043478,246.69687641000345,13.170452908914177,349.9672412774334,-253.7574028415895,215.80470738158206,14.17265487345695,14.17265487345695,0.0,False,False,False,False,0.0,False,False,456.026758806129
3550.7,55.69999999999982,319.6063777253888,-468.9207728518411,15.228888888888887,619.9193051298737,234.3311662657022,764.690227633933,10.46004853251547,235.31607769992766,-87.80524551639559,390.32537690311267,7.027043275770135,268.3982315669081,-61.528527026435334,410.597998280138,7.010453735368446,262.2277297781747,-228.7878770418816,246.89292596250547,13.141065638798931,350.3164960517012,-255.12995023552807,215.98524765033358,14.153059563852485,14.153059563852485,0.0,False,False,False,False,0.0,False,False,458.3987452402243
3550.799,55.79899999999998,319.76236598401414,-470.46638446697733,15.486944444444443,620.5409844324197,235.15866898727796,767.055730294776,10.449325229243938,235.49124364638647,-88.47792043503182,391.17362988004237,7.015549336792521,268.9582242119567,-61.937553440178874,411.67568133339836,6.998951967990146,262.5574024972863,-230.04668898003752,247.13162044859968,13.147123919634192,350.6716725978195,-256.486145184299,216.20112867147228,14.168811885593442,14.168811885593442,0.0,False,False,False,False,0.0,False,False,460.75569133642944
3550.899,55.89899999999989,319.8912258498344,-472.00087657475035,15.423055555555557,621.1701972413898,235.98878367735398,769.4273049656114,10.383357865292641,235.6653657791764,-89.1579911842271,391.9983040764123,7.024654655754716,269.52279069970876,-62.351988850987404,412.7338009816843,7.008098845375402,262.8870830721764,-231.3200252736591,247.3393306306816,13.159336109164283,351.02708409851186,-257.85886289189517,216.3937237838239,14.190816035634313,14.190816035634313,0.0,False,False,False,False,0.0,False,False,463.1432080299276
3550.999,55.998999999999796,320.0336499120496,-473.5687272054031,15.58611111111111,621.7974221859533,236.81365841780672,771.8189606771131,10.341790806984328,235.8380676275582,-89.83991162018042,392.8570986843211,7.044338385417454,270.088136016605,-62.767794221432325,413.82600316894167,7.0277103115219015,263.2103788503451,-232.59702882276468,247.58078187849156,13.1865039769909,350.68783086385105,-256.71356628823327,219.01104909624402,14.056038964553865,9.663431934680938,-4.5643439292907715,True,True,False,False,0.1556843195542385,False,False,465.4906816866855
3551.099,56.09900000000016,320.16929187605984,-475.1032193131761,15.421944444444444,622.4224584365708,237.63918379280273,774.1826075811452,10.367308168429274,236.01043142371216,-90.52355887054456,393.6803640249378,7.056491356744651,270.6550518261895,-63.18414463096315,414.88430201053245,7.039858372991466,263.5341899438794,-233.87515454462743,247.78723535091063,13.183622948531962,351.03311113198953,-258.07643371548124,219.2104035075218,14.0624680214504,14.0624680214504,0.0,False,False,False,False,0.0,False,False,467.86509560809463
3551.2,56.19999999999982,320.3049338401002,-476.6599504364657,15.561111111111112,623.0537540870565,238.47744372157175,776.5811874389386,10.412643120377393,236.18313850632796,-91.21454704619511,394.5182320816941,7.047368219117542,271.22764413353104,-63.60490850040138,415.9603923857972,7.0307575202749,263.85804588239284,-235.16592026384464,248.00326160985216,13.168332773332518,351.3786840039834,-259.4537548129685,219.4176596504492,14.056581032459917,14.056581032459917,0.0,False,False,False,False,0.0,False,False,470.26721168907926
3551.299,56.29899999999998,320.44735790233057,-478.2278010671184,15.74,623.6742504763265,239.30043115833638,778.9693911962573,10.409410651145405,236.35126589121742,-91.89116404191287,395.38354770967265,7.037330226553718,271.7879154404309,-64.01707731885494,417.0590665706275,7.020719535057491,264.17295699463415,-236.43071829493078,248.25921419891,13.163224535995514,351.7149512790483,-260.8043269931427,219.66025920491066,14.060689779624813,14.060689779624813,0.0,False,False,False,False,0.0,False,False,472.6257503267608
3551.4,56.40000000000009,320.57621776812067,-479.80677120671453,15.738888888888887,624.3068302021182,240.1380218999198,781.391572805137,10.37526912482092,236.52092403359202,-92.58190275016938,396.2428436653293,7.047242946218541,272.3587173746324,-64.43863286819152,418.1574077916191,7.030664341758705,264.4932594760197,-237.72235027905384,248.49580492771773,13.188344682356139,352.05718537855006,-262.1843990645854,219.88758077357673,14.095213112194442,14.095213112194442,0.0,False,False,False,False,0.0,False,False,475.03985499705817
3551.5,56.5,320.70507763395597,-481.3635023300041,15.661111111111111,624.9331038694501,240.96717807845278,783.7833270786567,10.406634279408662,236.68305306076752,-93.26728211157288,397.08736666029876,7.038929858807634,272.9209710395548,-64.86003714069695,419.2355630880156,7.022472110497502,264.8045124314344,-239.00185787310556,248.72482765862654,13.148079414271159,351.72976222365554,-261.0733752859244,222.46408952230274,13.896689286570123,9.59460623039873,-4.469651699066162,True,True,False,False,0.14931265959768592,False,False,477.3868718852963
3551.6,56.59999999999991,320.84071959798126,-482.9313529614469,15.753055555555557,625.5611209147443,241.79777348635966,786.1849844028121,10.419255234237314,236.84266800096026,-93.95225689427448,397.94523473630187,7.027652511527835,273.48169367918626,-65.28186287218776,420.3260328694801,7.01111989267369,265.09925326431295,-240.2841221444023,248.96744705323948,13.165976297558602,352.0413722750185,-262.4290287647358,222.69880040903817,13.923427023233033,13.923427023233033,0.0,False,False,False,False,0.0,False,False,479.74880543450496
3551.699,56.69900000000007,320.98314366019656,-484.4992035928897,15.719999999999999,626.1847452342397,242.6199543857519,788.5748458471965,10.427923669168,237.00279736705525,-94.62838498793404,398.81318153142104,7.009347133747034,274.0378078157456,-65.69568850289005,421.42644531316245,6.992763231673989,265.39825687570783,-241.55003506813117,249.2267604526367,13.111709284494207,352.35771295424814,-263.76834286957154,222.94949310111502,13.877912455010373,13.877912455010373,0.0,False,False,False,False,0.0,False,False,482.09410400271173
3551.8,56.80000000000018,321.1120035260168,-486.0559347153892,15.658888888888889,626.8257799255534,243.4598321037414,790.9830384516282,10.494095715181004,237.163034891192,-95.31557071436487,399.65667940684267,6.963452308484616,274.6017207480645,-66.11705208182565,422.5066526714235,6.9469103073841625,265.7038032357052,-242.83670002681583,249.4507261603113,13.075354229108154,352.6812433651403,-265.130739210236,223.1693502992968,13.850486661533559,13.850486661533559,0.0,False,False,False,False,0.0,False,False,484.4863413781378
3551.9,56.90000000000009,321.26120968645216,-487.6015463305254,15.58611111111111,627.4645676680094,244.29449043070815,793.3676985269709,10.52688854373433,237.31741017595763,-95.99271379436942,400.5047305545706,6.926901520793197,275.1553436361196,-66.53365683450247,423.58460601028247,6.910330735108664,265.9950980203554,-244.10946856178606,249.68527196217903,13.038185516990943,352.98992986952106,-266.47949823596866,223.38682109289024,13.822158802791813,13.822158802791813,0.0,False,False,False,False,0.0,False,False,486.8505675620885
3551.999,56.998999999999796,321.3697232576573,-489.2249945027348,15.963055555555554,628.098058298453,245.1226552349172,795.83210678642,10.537215863638593,237.46641615156986,-96.6607499991628,401.4305058238582,6.900523169738289,275.6996879772598,-66.94587778646158,424.7415738271786,6.883981805389404,266.280766977115,-245.36742770327504,250.0026119652202,13.02216961860847,352.80661693063865,-265.9409253390207,225.48626083669177,13.689193103727485,10.449679332481624,-3.365216016769409,True,True,False,False,0.08465194414133378,False,False,489.1470117975872
3552.099,57.09900000000016,321.4714547306725,-490.8262036578473,16.001944444444444,628.7382881506743,245.95932661380888,798.2893113011352,10.533268366699488,237.6150522150051,-97.33384136797268,402.32839251454226,6.885645386690348,276.24773368714165,-67.3612116526316,425.87296744334515,6.868976174661768,266.5592134392849,-246.63885067046309,250.28547221648515,13.008956317669023,353.09942406771694,-267.27792102622294,225.77458473427347,13.684469326483493,13.684469326483493,0.0,False,False,False,False,0.0,False,False,491.4899955527454
3552.2,57.19999999999982,321.58675040008274,-492.42741281296,15.976944444444445,629.3889399833674,246.8043693154022,800.7532801187508,10.58584457009814,237.76096704340267,-98.0114342673664,403.22540357402977,6.839952753604888,276.7974028136948,-67.78070041497577,427.00224356275993,6.82340823480183,266.84391694807965,-247.91753481285022,250.5630823844213,12.93155629594344,353.399049525843,-268.62362387190666,226.0534412921829,13.615643723690257,13.615643723690257,0.0,False,False,False,False,0.0,False,False,493.857259146212
3552.3,57.30000000000018,321.69526397130295,-493.99526344440284,15.868888888888888,630.043159112957,247.64244139472382,803.1842314670625,10.678051547308973,237.89867993625882,-98.67731466445375,404.1016556802616,6.759490698726998,277.33404872952127,-68.19557885323609,428.10429665639276,6.742917329056899,267.106404862191,-249.1794617779397,250.82806917174858,12.847191309496209,353.6755551015901,-269.95294161674104,226.31328063263877,13.539768260938478,13.539768260938478,0.0,False,False,False,False,0.0,False,False,496.18540851649396
3552.399,57.39899999999989,321.8037775425382,-495.6075921076687,16.025,630.6994110483352,248.47497110795948,805.6521416098184,10.737742939347386,238.03018903257666,-99.32986630610252,405.0358627310644,6.688518596208124,277.8581033253891,-68.60339228813922,429.259605537158,6.672030498636771,267.3619743816185,-250.42246028867083,251.156641951814,12.789172939373469,353.9450170388617,-271.2635078668856,226.63478861418344,13.490154519274181,13.490154519274181,0.0,False,False,False,False,0.0,False,False,498.483259485492
3552.499,57.498999999999796,321.88516272093835,-497.23104027908806,16.14611111111111,631.3653004670842,249.31699049967713,808.1533999922451,10.73228962168893,238.15789324744185,-99.98437932338155,405.97434068416874,6.648615395648306,278.3813564446095,-69.01413603573724,430.42107086002125,6.632177616897337,267.60946992979933,-251.6761283670336,251.481740076879,12.768117191453086,353.7751295589427,-270.8799053590479,228.58653998982368,13.363815218838775,10.421142219609761,-3.056446075439453,True,True,False,False,0.06983978621332039,False,False,500.75480734485916
3552.599,57.59900000000016,321.98689419395356,-498.84336894314407,16.135,632.0313577091235,250.15769610115802,810.635654775873,10.719221020559981,238.283735419913,-100.63625493236593,406.90923365972554,6.629608692633785,278.9023130952261,-69.42303498068092,431.5763018851779,6.613121379933783,267.8510245522057,-252.92901984996817,251.80262006537723,12.751175146729048,354.02803877663297,-272.19169066724515,228.9052603402765,13.355045289662783,13.355045289662783,0.0,False,False,False,False,0.0,False,False,503.0512321483229
3552.699,57.69900000000007,322.09540776517383,-500.4334585901034,15.976111111111111,632.6969385262428,250.99902928719604,813.0953786294613,10.73622644305011,238.40998670572753,-101.28647719736674,407.8254068260467,6.617710894966591,279.4233450879169,-69.82931869738746,432.7133349295783,6.601150139461297,268.09295539826184,-254.18063051640578,252.1045818622396,12.74439148448616,354.28150757829764,-273.5029920616073,229.20161792627306,13.356433742967903,13.356433742967903,0.0,False,False,False,False,0.0,False,False,505.35231134869264
3552.799,57.79899999999998,322.17679294358896,-502.03466774521604,16.01,633.364509263285,251.8447564278306,815.5807630025073,10.812834688212844,238.53410566646767,-101.934738806998,408.7493758665638,6.583104705472246,279.9423590945039,-70.23440683205104,433.8608218394813,6.566604760277688,268.33632782265323,-255.4284450076508,252.415183333587,12.682139081189604,354.5366746627333,-274.8112799107494,229.51607770230268,13.302353455219357,13.302353455219357,0.0,False,False,False,False,0.0,False,False,507.6548894541787
3552.899,57.89899999999989,322.27852441660417,-503.62475739296536,16.001944444444444,634.038219625067,252.6972034288152,818.0568537563734,10.917807735140268,238.65430096997423,-102.57895030712326,409.6715149094288,6.5234745533491685,280.4565826591821,-70.63798487530869,435.00186205074823,6.507050380214201,268.56997279065433,-256.6720600990161,252.72562833736166,12.625318053392181,354.7818470357705,-276.1162515765353,229.81859411307474,13.253704542969944,13.253704542969944,0.0,False,False,False,False,0.0,False,False,509.9492577815566
3552.999,57.998999999999796,322.3531274968143,-505.2482055643846,16.096944444444443,634.7168191940241,253.5558169078434,820.5818791630383,10.970225280626131,238.77149618158498,-103.21831271688329,410.6262580940097,6.4768415968821795,280.96616425876044,-71.03888756298774,436.1772719494979,6.46055083840011,268.7996377487557,-257.9116971135416,253.067826238045,12.589327855398992,354.6267026404646,-275.8015549830376,231.70530661931673,13.118819940442206,10.339904423934186,-2.885982036590576,True,True,False,False,0.06227491253216302,False,False,512.1969784530387
3553.1,58.09999999999991,322.4277305770245,-506.8605342284407,16.121111111111112,635.4065397539947,254.42822457996618,823.1137887812833,11.051948273907067,238.88591620637905,-103.8592202113731,411.5693062508701,6.4151065914029965,281.47548314866924,-71.44177492043454,437.3403509016252,6.398930023050923,269.02571049266675,-259.1585164655716,253.39310439095786,12.502737753999918,354.86238819762224,-277.10139019790887,232.03721960195972,13.040182516372777,13.040182516372777,0.0,False,False,False,False,0.0,False,False,514.4853232551014
3553.199,58.19900000000007,322.5023336572346,-508.46174338276313,16.086944444444445,636.0901435050098,255.28808768454152,825.6216560510394,11.139794735126118,238.9942421186455,-104.48106208567347,412.52150515297757,6.336556534616145,281.96834528437097,-71.83355616172598,438.5056192220808,6.320416109137314,269.2393028656028,-260.3740945510336,253.74087560337196,12.430613123320576,355.0852554249624,-278.369752517211,232.38754495754543,12.975853084264081,12.975853084264081,0.0,False,False,False,False,0.0,False,False,516.7175879514378
3553.3,58.30000000000018,322.54980834465476,-510.0851915541825,16.123055555555556,636.7939504764793,256.16964822737384,828.1883000579185,11.197798004062003,239.10162743070748,-105.10856309588006,413.48478629243516,6.269858117583371,282.46494723492214,-72.22928860202387,439.6869202514861,6.253729142031676,269.4524170427698,-261.6083022078646,254.08679127866483,12.370813266705403,355.3078082350481,-279.6586221077206,232.74340047289016,12.924005904978554,12.924005904978554,0.0,False,False,False,False,0.0,False,False,518.9877817947428
3553.399,58.39899999999989,322.6108472284548,-511.7086397256017,16.189999999999998,637.4882667589765,257.0377229939573,830.7338680496612,11.258540928396338,239.2030215093656,-105.71784895172702,414.47000806377054,6.20828157784049,282.9456855112575,-72.61456176668469,440.88199594975856,6.192199295370666,269.65664127202285,-262.81263252644214,254.46683541899975,12.306424121729687,355.5212532147927,-280.9173280966955,233.12598384902634,12.867411958573449,12.867411958573449,0.0,False,False,False,False,0.0,False,False,521.2066543767507
3553.499,58.498999999999796,322.6583219158599,-513.3432074051742,16.211111111111112,638.1941440411653,257.9156068943839,833.3084745033213,11.270969317464925,239.30121859968185,-106.32849570677502,415.46285298711723,6.161589360268331,283.4252981149747,-73.0025271380465,442.0849973191554,6.145507257701821,269.85466554141703,-264.0258213288525,254.84776853337348,12.278454820951584,355.4882358818949,-281.17498699973106,234.47790048797285,12.780765960610392,11.047571512890249,-1.7997450828552246,True,True,False,False,0.02422157857756636,False,False,523.3994655949052
3553.599,58.59900000000016,322.685450308665,-514.9888945929001,16.391111111111112,638.9018529280273,258.7919292430267,835.9004585605492,11.257171799718266,239.39649769147726,-106.93620893454535,416.46613776039976,6.141164599743664,283.90121781308505,-73.38972683500147,443.29904314665504,6.125160823586088,270.04663132042407,-265.23792585108873,255.2379118625406,12.265776543052342,355.68811916714094,-282.4370840006618,234.88192940605393,12.775776586981756,12.775776586981756,0.0,False,False,False,False,0.0,False,False,525.6225515755917
3553.7,58.69999999999982,322.72614289786503,-516.5901037480127,16.15,639.6152975659827,259.6767397578916,838.4562890651451,11.250062542281109,239.49017561647932,-107.54926606462581,417.4238051932289,6.139522918604667,284.3804110083156,-73.78087065447829,444.46643525358496,6.123610477822266,270.23668635111125,-266.4626058592472,255.57564095325657,12.27559682513095,355.88613349469205,-283.7130522683995,235.22607440974747,12.793362662373625,12.793362662373625,0.0,False,False,False,False,0.0,False,False,527.871743941908
3553.799,58.79899999999998,322.7668354870802,-518.2135519194319,16.174999999999997,640.3145329437245,260.5452571947833,841.0123797739288,11.275441756704708,239.579441355064,-108.14986462441787,418.41650323625913,6.127082206739999,284.84886787592717,-74.16470493323142,445.66484130738263,6.111223460291769,270.41720591571647,-267.6626879803226,255.9613625860221,12.241237389178208,356.0743338162433,-284.96419555344056,235.61547421613977,12.766615241648768,12.766615241648768,0.0,False,False,False,False,0.0,False,False,530.0773258955157
3553.899,58.89899999999989,322.8007459780903,-519.8147610745445,16.098055555555558,641.0254968557725,261.4248220813446,843.5652187950558,11.344084277671673,239.66646947485629,-108.7541981207989,419.3829924371832,6.0843180274834925,285.3190196465231,-74.55177394211486,446.8377865835528,6.068532175330027,270.5946705763525,-268.87132388721636,256.31637282125087,12.190663570103384,356.2594866430064,-286.22519227181124,235.97367221859517,12.723730326844517,12.723730326844517,0.0,False,False,False,False,0.0,False,False,532.3015514822328
3553.999,58.998999999999796,322.82787437088024,-521.4382092459638,16.176944444444445,641.7437388002945,262.30704606303476,846.1465321113878,11.408456577695647,239.75119663560199,-109.35370606938095,420.375275369309,6.024992135629562,285.7850947849051,-74.9357685738026,448.0363791542512,6.009191661415692,270.76459534750103,-270.0750517091846,256.6983092845099,12.122584647549674,356.20599468595213,-286.4752046648771,237.32195945074105,12.597493338943572,10.876971938505228,-1.7863683700561523,True,True,False,False,0.02386575941119311,False,False,534.4760165828653
3554.1,59.09999999999991,322.8550027637003,-523.061657417383,16.23,642.4731566895475,263.20046770625345,848.7425367700757,11.430473231747204,239.83794769536402,-109.95411394878991,421.3664366117391,5.9877867018215145,286.2541042080473,-75.31800238479967,449.237138265547,5.971881447936029,270.9360887946343,-271.28708947583976,257.0719873690598,12.117219420281401,356.3842616028331,-287.7351142381971,237.70316178580123,12.599709290099364,12.599709290099364,0.0,False,False,False,False,0.0,False,False,536.7025186009411
3554.2,59.19999999999982,322.8685669600954,-524.673986080649,16.183888888888887,643.1913285934207,264.08844460291954,851.3241707353618,11.41068190366797,239.92241300567628,-110.54753385261567,422.3514921138645,6.0003866666378896,286.7175491718155,-75.69563718806738,450.4314086089438,5.984620944641267,271.11313680174425,-272.48738975626765,257.44262257161773,12.148532247610646,356.5684050704612,-288.983518326111,238.08753784903945,12.638528234680143,12.638528234680143,0.0,False,False,False,False,0.0,False,False,538.9192994362992
3554.3,59.30000000000018,322.8956953529004,-526.2863147447049,16.158055555555553,643.9075145512192,264.978579556462,853.9020558696711,11.438964058695246,240.0012284513396,-111.14170895683242,423.33974105635536,5.9873252290859496,287.17817559103145,-76.07668881175299,451.62423373932,5.971654695935041,271.2778666088141,-273.6881479356218,257.8182191381423,12.091567707732848,356.73984567370667,-290.233193234873,238.46698447683022,12.589069812053912,12.589069812053912,0.0,False,False,False,False,0.0,False,False,541.1330698646722
3554.4,59.40000000000009,322.8956953529004,-527.9208824234875,16.253888888888888,644.6332212366281,265.8671928960272,856.5130145428275,11.507292487579765,240.0764667213471,-111.73242380624372,424.34874539383605,5.922418965867465,287.63466798485763,-76.45663647778886,452.83916065018946,5.906823488861285,271.43104313631346,-274.88389617947615,258.2175959055196,12.018819358924365,356.89939128396185,-291.47866071211496,238.87481144897197,12.523827580496963,12.523827580496963,0.0,False,False,False,False,0.0,False,False,543.3354225213575
3554.5,59.5,322.88891325469535,-529.5220915793901,16.09,645.3679006779427,266.75478151096604,859.0981061253004,11.536739407285246,240.15012797526208,-112.31755257432567,425.32967678724765,5.872526407576458,288.08703974381706,-76.83257533208534,454.02529502229936,5.857023844227613,271.581859761107,-276.07492236866756,258.5882466762992,11.99192021866117,356.87291904326213,-291.8892908230384,240.05053768893188,12.450426125718463,11.034839363622387,-1.469595193862915,True,True,False,False,0.016153936620024286,False,False,545.4930621558898
3554.599,59.59900000000016,322.8821311565054,-531.1455397508093,16.13888888888889,646.0950759677384,267.6356814027337,861.6948688260217,11.539371386559386,240.22285404614993,-112.89360479656824,426.3416906489128,5.857275979085419,288.5333639384616,-77.20154544799495,455.2416806191992,5.841777331380518,271.72925701789046,-277.2527405063202,258.9945367007641,11.98798427410558,357.02599766125223,-293.1125074329677,240.46939117966892,12.453773039127896,12.453773039127896,0.0,False,False,False,False,0.0,False,False,547.6623970236059
3554.7,59.69999999999982,322.9024774511055,-532.7912269377451,16.396944444444443,646.8355888011091,268.53621247747344,864.3253587559749,11.547696291172002,240.29735750898257,-113.47968647860951,427.37076854046285,5.841698441116312,288.9886895385584,-77.57553969080043,456.47723593437314,5.826166416700653,271.88205042867367,-278.45246537434997,259.40564682973434,11.96083532812655,357.18478193770534,-294.3592722256145,240.88394182418938,12.434054079557587,12.434054079557587,0.0,False,False,False,False,0.0,False,False,549.8803653101385
3554.799,59.79899999999998,322.88891325469535,-534.4146751091644,16.291944444444447,647.5658518505221,269.41883870132557,866.9275819703035,11.595061147629416,240.37171042835743,-114.0510674053312,428.3861008997201,5.798731638479847,289.43460436071626,-77.93801052818493,457.7009242841331,5.783073286075996,272.0307359507581,-279.624279212486,259.8166662088189,11.90197578021728,357.33940994532213,-295.57791972100307,241.30858344985427,12.382477389613339,12.382477389613339,0.0,False,False,False,False,0.0,False,False,552.052585434761
3554.901,59.90099999999984,322.9024774511055,-536.0603622968902,16.368055555555554,648.3249111164266,270.3287256108249,869.5764034455494,11.638932693456267,240.44898453786791,-114.63497665315631,429.41580566924074,5.750299236381151,289.89195971168414,-78.30661499036854,458.9424663883127,5.734647356030087,272.1910160598193,-280.8257906151464,260.2236324740762,11.865766244884124,357.5062212751642,-296.82839126155903,241.72164787641714,12.353771404910788,12.353771404910788,0.0,False,False,False,False,0.0,False,False,554.2925821572095
3554.999,59.998999999999796,322.8956953529004,-537.6949299764626,16.415,649.0563252208453,271.2058518372083,872.1818797100881,11.668586336549858,240.5198456516813,-115.19273484633284,430.45776274075496,5.72411652672622,290.32738502601046,-78.65989116113352,460.18894130317744,5.708536608949071,272.3422554303104,-281.97790517069643,260.66616018102496,11.848495726881005,357.4695599136374,-297.11630458304626,243.05025633981532,12.284774124197146,10.73511409414873,-1.6085960865020752,True,True,False,False,0.01935653415745389,False,False,556.4042526467115
3555.1,60.09999999999991,322.8617848618903,-539.3517366715517,16.465,649.8090426814499,272.11211264159493,874.8531809039954,11.659897886148402,240.58576046473146,-115.76666206786386,431.5016333892766,5.715838927329381,290.77115584185975,-79.02732446649043,461.4416246318015,5.700479955559916,272.48814179897187,-283.1658406946685,261.09139628281275,11.851700490124365,357.62086201977894,-298.34833981969285,243.4970856889311,12.295244122210025,12.295244122210025,0.0,False,False,False,False,0.0,False,False,558.6102133806043
3555.199,60.19900000000007,322.8482206654953,-540.9974238600676,16.46611111111111,650.5466279080184,272.9946013160487,877.4789246241768,11.575359430178715,240.64660932911787,-116.32955088457716,432.55046785759475,5.7219101542519875,291.2043681561932,-79.38947491582985,462.69129225665836,5.706547403828826,272.6128987524647,-284.33295344225917,261.53439151010303,11.860656523185023,357.75032364032637,-299.5594651592787,243.94762694822333,12.311321524005168,12.311321524005168,0.0,False,False,False,False,0.0,False,False,560.7685386627865
3555.3,60.30000000000018,322.8210922727053,-542.6208720306968,16.311944444444443,651.3012915801401,273.8830778634372,880.1010973347178,11.508477364896391,240.7083502220525,-116.90422035170332,433.56334015210564,5.723190311949752,291.6470526203558,-79.75865700448453,463.91082208460904,5.7077990763862445,272.7430288156973,-285.5234493542801,261.9291835333745,11.85393528187985,357.88543947588596,-300.79557344884,244.35421723184845,12.311865517469514,12.311865517469514,0.0,False,False,False,False,0.0,False,False,562.9783750144761
3555.4,60.40000000000009,322.7871817816802,-544.2554397102693,16.33111111111111,652.0549012329567,274.75470622503786,882.7201426373015,11.536588430889072,240.76691283444316,-117.47197007349715,434.59343583788603,5.6920837117813905,292.08330340204157,-80.1243113854272,465.14560347018516,5.6767292765760535,272.8671861672791,-286.6995363604849,262.3490981735316,11.798512321851485,358.0144421573776,-302.01755809602304,244.78592925765727,12.263635859193135,12.263635859193135,0.0,False,False,False,False,0.0,False,False,565.1642001055259
3555.5,60.5,322.7668354870802,-545.8900073898418,16.356944444444444,652.8147000474877,275.6252873363293,885.3355140114469,11.573633622727007,240.8245270318572,-118.03666677649001,435.6294560621168,5.660489681641507,292.51736618565593,-80.48770194721789,466.38432253274465,5.645192121306212,272.9853791474256,-287.87305094239406,262.77546158212925,11.790519489665401,357.89617165156625,-302.0579045961796,246.34967954543097,12.187019703009241,10.18767773272022,-2.0751585960388184,True,True,False,False,0.03221680997162056,False,False,567.3072441889137
3555.6,60.59999999999991,322.7329249960701,-547.5468140849308,16.45111111111111,653.577213126169,276.49938541499404,887.980901764549,11.625281472661184,240.88214915640086,-118.59801781075909,436.6882404308784,5.625527233428279,292.9497769634308,-80.84788712760754,467.6482912722457,5.61025044191051,273.1062636351628,-289.042778226619,263.2245088757229,11.728621471163587,358.0211679254287,-303.26741918899637,246.8150782666353,12.132105435193555,12.132105435193555,0.0,False,False,False,False,0.0,False,False,569.4777668836797
3555.699,60.69900000000007,322.70579660328,-549.1925012718666,16.47611111111111,654.3373156303117,277.36903828876507,890.6084678987833,11.70831600094167,240.9360218093692,-119.14938299090119,437.74807783777106,5.566306192789418,293.37322410593515,-81.2027564755928,468.9080944532664,5.551123869028446,273.2237460205538,-290.1951354577908,263.6818325719496,11.67199252673659,358.14273639078937,-304.4598558225785,247.28494586227953,12.082390403945844,12.082390403945844,0.0,False,False,False,False,0.0,False,False,571.6209716872036
3555.8,60.80000000000018,322.65153981766997,-550.8270689522292,16.378055555555555,655.1192833909969,278.2565126271535,893.26053632814,11.714108995427644,240.98910028124678,-119.70675073716501,438.7863749125515,5.520630332714634,293.80102116821735,-81.56157412661449,470.1515256385663,5.5054593434495604,273.3332452684581,-291.36719948848105,264.10550550753015,11.638262183160332,358.25612443705825,-305.67354498561417,247.72552706406512,12.055713648562593,12.055713648562593,0.0,False,False,False,False,0.0,False,False,573.7991162770819
3555.899,60.89899999999989,322.6040651302498,-552.4616366310116,16.358055555555556,655.8898758138691,279.122951663395,895.8863538930677,11.710965219107718,241.04120340970337,-120.24911699957812,439.8410650885127,5.486712177363047,294.2183836046305,-81.90950650773316,471.40752441940157,5.471663879734822,273.44437984529304,-292.51229694178085,264.5568631923638,11.60371272660765,358.3712842724649,-306.86011749978695,248.19226451429253,12.028078105189165,12.028078105189165,0.0,False,False,False,False,0.0,False,False,575.936483345366
3555.999,60.998999999999796,322.54980834465476,-554.0739652950676,16.265,656.6730654331395,279.99712696312804,898.5059475975644,11.76303159000923,241.0908486330607,-120.7931887238698,440.871629233993,5.440007771198651,294.63600835555036,-82.25941665393103,472.63955456486207,5.425116186006319,273.5539327089896,-293.6645847917902,264.9785675925626,11.545966486943152,358.07580482153617,-305.966863799915,250.63764728787524,11.84385330215481,8.313801955779889,-3.663513660430908,True,True,False,False,0.10042064272367779,False,False,578.0525793890733
3556.1,61.09999999999991,322.49555155904466,-555.7196524820033,16.368055555555554,657.4694733406012,280.8802388526836,901.169743419588,11.785151949228293,241.13876538292865,-121.33836289767805,441.93441979308164,5.397139828053058,295.05401147616936,-82.61033368849151,473.9044900097285,5.382306410315549,273.6553350383155,-294.824917240767,265.4268818834794,11.518485681773301,358.1798558308744,-307.1575047179931,251.11055507967436,11.823053996133183,11.823053996133183,0.0,False,False,False,False,0.0,False,False,580.1974540223275
3556.199,61.19900000000007,322.44129477341943,-557.3431006534227,16.30111111111111,658.255022049524,281.74560877978035,903.7924107478154,11.825770571946066,241.18698463954172,-121.86820523997238,442.99057264312955,5.351016829918625,295.4622753851096,-82.94917909355193,475.1604574247604,5.336195464250389,273.7554609839919,-295.9575844389391,265.88098559032727,11.45290971227595,358.28266538039827,-308.3205299820037,251.58864153770668,11.764027218870233,11.764027218870233,0.0,False,False,False,False,0.0,False,False,582.2979839362496
3556.299,61.29899999999998,322.3734737914143,-558.9776683329951,16.32194444444444,659.0549249821619,282.62454348692074,906.4483893284174,11.942872322206078,241.2357900958995,-122.39760047452347,444.0557165117696,5.281797982238809,295.87152718654863,-83.28620351654321,476.4291373048765,5.267058894538846,273.8619020144533,-297.0943019114059,266.3386382119117,11.380892469396857,358.3920378315522,-309.48855302438034,252.07569421304544,11.698625321682437,11.698625321682437,0.0,False,False,False,False,0.0,False,False,584.4166518784295
3556.399,61.39899999999989,322.31243490761426,-560.6122360125676,16.349999999999998,659.8619193429276,283.51156159542455,909.1120063725285,12.040797315242521,241.28334831312287,-122.9199039505034,445.1295209489771,5.207486740743992,296.27575668287614,-83.61804580795989,477.70426636354,5.1927999036321335,273.9643858998652,-298.22391970336184,266.8054766649956,11.304250710004391,358.49742242427993,-310.65014355605047,252.5676166629872,11.628598907981269,11.628598907981269,0.0,False,False,False,False,0.0,False,False,586.5255541040774
3556.499,61.498999999999796,322.2378318274041,-562.2356841839869,16.32,660.6735269339188,284.4034219986488,911.7765602602219,12.076597914132469,241.33039898119068,-123.43578606373126,446.1965522951867,5.152979065357826,296.6759425302237,-83.9446685182104,478.97359619402965,5.138345843776492,274.0671193223744,-299.3480424404798,267.2645313630388,11.271896739977198,358.1980943954866,-309.6462151846837,255.13639554817615,11.465477050544541,7.821465801986438,-3.7813944816589355,True,True,False,False,0.1069980477897529,False,False,588.5923138668152
3556.599,61.59900000000016,322.163228747194,-563.8591323554061,16.24,661.4879781781749,285.29708417170076,914.4438559272127,12.105738308330725,241.3773791252775,-123.94671458235577,447.26869867012346,5.108703306759404,297.07336298201477,-84.26686371224021,480.24810827989046,5.094034374041085,274.1690355381847,-300.4677943179253,267.72829423682174,11.215710354409078,358.30179352908436,-310.7855559521215,255.64082408340812,11.415527251235538,11.415527251235538,0.0,False,False,False,False,0.0,False,False,590.669577115496
3556.7,61.69999999999982,322.08862566696877,-565.4603415105187,16.10388888888889,662.3165046232789,286.19953236532746,917.1038929092667,12.153770041576863,241.4234042703312,-124.45757600216315,448.3194364836151,5.048376026238261,297.4709035428434,-84.58865232681718,481.50141609445666,5.033801661559914,274.273514796698,-301.5925271425181,268.16507656084127,11.152112843877104,358.40816888414264,-311.93070050295614,256.11791832850685,11.35822869282523,11.35822869282523,0.0,False,False,False,False,0.0,False,False,592.7634049078341
3556.8,61.80000000000018,322.0140225867586,-567.0726701737847,16.168888888888887,663.1437732453413,287.09340114508655,919.7658311639445,12.20501610616285,241.46591524400893,-124.95774574793991,449.3924832444014,4.991111015088697,297.8591930910982,-84.9044911981933,482.772833333238,4.97665666041455,274.3702393057064,-302.7009665763634,268.630466902648,11.100919391187583,358.50671229759934,-313.05998414100117,256.6206559650278,11.313271826394828,11.313271826394828,0.0,False,False,False,False,0.0,False,False,594.8277587651454
3556.899,61.89899999999989,321.9326374083585,-568.6849988378407,16.158055555555553,663.9657056630673,287.9811616327021,922.4226418920299,12.23602594004416,241.50539915847895,-125.44837902973062,450.4744629736762,4.952740907947946,298.2394176737245,-85.21482656121087,484.0503859543836,4.938376651228899,274.46071038218554,-303.7949447787568,269.1102461724612,11.07509614207555,358.5989412234595,-314.17521829591266,257.1374072883245,11.293622797679282,11.293622797679282,0.0,False,False,False,False,0.0,False,False,596.866812766423
3556.999,61.998999999999796,321.83090593532825,-570.3084470084698,16.171944444444446,664.7971780369594,288.878640713574,925.1098937464549,12.232867030601685,241.5436361086514,-125.94078472275807,451.5624707407492,4.92502225869395,298.6209106412762,-85.5262272517228,485.3375160378897,4.910631147317816,274.5469781571517,-304.89761644395907,269.5898343912011,11.045725996713108,358.37906481601357,-313.5819786046678,259.31495810434103,11.16179408480983,8.270836376027102,-2.999652862548828,True,True,False,False,0.06733748564470302,False,False,598.8859691234808
3557.1,62.09999999999991,321.7495207569281,-571.9207756725259,16.14611111111111,665.6407401027566,289.78512125749313,927.792123024942,12.287277221160458,241.5808644584536,-126.43463254762365,452.64215133922715,4.881903541473619,299.0035186256511,-85.8383857277303,486.6142932830893,4.867454181961889,274.6324824901482,-306.0070791039338,270.0557522398041,10.988979274366073,358.4654932089242,-314.7034314168881,259.8246039523952,11.111044005352095,11.111044005352095,0.0,False,False,False,False,0.0,False,False,600.9398943034746
3557.199,62.19900000000007,321.6545713821029,-573.5219848284286,16.066111111111113,666.4734257898474,290.67701127306555,930.4514749399345,12.362777360258256,241.61516218612206,-126.91403137791106,453.72345223682373,4.827697528236833,299.37440157998043,-86.14182695553815,487.8891516057874,4.8133181378080305,274.71223794823163,-307.08945087312077,270.53627819215484,10.936398801841163,358.54615809038944,-315.7981450899194,260.3508531566889,11.064341430312739,11.064341430312739,0.0,False,False,False,False,0.0,False,False,602.9462625091908
3557.3,62.30000000000018,321.5596220072927,-575.1454329990577,16.211111111111112,667.3288648376887,291.5892825100977,933.1588484048372,12.40172802606988,241.64817815318474,-127.39773065970189,454.8228708068896,4.772798829969825,299.7482699399265,-86.44821627009794,489.1837126455034,4.758475834564333,274.7884906764153,-308.18855466919433,271.0230868645615,10.880348142851098,358.62332613419625,-316.9104422090378,260.88125389136013,11.014287414211974,11.014287414211974,0.0,False,False,False,False,0.0,False,False,604.9854670392742
3557.4,62.40000000000009,321.45789053427757,-576.7355226460171,16.07111111111111,668.1780232302182,292.4929177159038,935.8274050008945,12.398490719704421,241.67860705438568,-127.87281687086256,455.8974256434861,4.748439788085624,300.1148988769844,-86.74964620843511,490.4504892455391,4.73420451578728,274.86138422676316,-309.2744995429125,271.48965593448617,10.887423800453307,358.69713660919757,-318.0100471339154,261.39172352465863,11.027300342001597,11.027300342001597,0.0,False,False,False,False,0.0,False,False,607.0037424949176
3557.5,62.5,321.35615906126236,-578.347851310073,16.116944444444446,669.0231109634168,293.398856881589,938.5172522058045,12.379834195078676,241.70580439229502,-128.34749079947264,456.9950803439382,4.760672412038197,300.47987848777655,-87.05213387424274,491.73905789694,4.746512739185995,274.92768387343784,-310.36210397100496,271.97787425661164,10.905043110455713,358.6957358578485,-318.7102281290397,262.3088625388864,11.025564380377169,10.351134036105906,-0.6997228860855103,True,True,False,False,0.003664437676269495,False,False,608.988008948412
3557.6,62.59999999999991,321.2272991954421,-579.960179973339,16.193055555555556,669.8675852378302,294.3068921989214,941.2188706865023,12.420719262801859,241.72962168842133,-128.82200506322593,458.0890018219583,4.741616509581331,300.8433045694202,-87.3559605322032,493.02578456722154,4.727454017265858,274.9859507089762,-311.4482524333109,272.4645252892715,10.849161138795939,358.75466402202875,-319.8087043774833,262.8442378396925,10.97555010894451,10.97555010894451,0.0,False,False,False,False,0.0,False,False,611.0011284978424
3557.699,62.69900000000007,321.11878562422186,-581.5502696202983,16.06,670.7116111264866,295.2040692387367,943.8820447231743,12.464142694989267,241.75082522325235,-129.28837499472903,459.1732728159593,4.6897383881881485,301.19982338143245,-87.65519385743036,494.2965819420955,4.67563156435712,275.0359733012675,-312.5187590185513,272.9497742960242,10.800832293120232,358.8052840828731,-320.89199706578546,263.3685767459296,10.933030286493665,10.933030286493665,0.0,False,False,False,False,0.0,False,False,612.9849914427692
3557.8,62.80000000000018,320.99670785660663,-583.1625982835643,16.148055555555555,671.5752702382952,296.1167090547881,946.5925357380672,12.417271019904925,241.76861060844195,-129.76167830441474,460.27110014805817,4.689423411256643,301.5600013716189,-87.9605975002654,495.5832998989836,4.675548141379078,275.08424244216263,-313.6111095726922,273.43364742964593,10.850979593680245,358.85415586286103,-321.9979855909946,263.89418578742163,10.989103964283078,10.989103964283078,0.0,False,False,False,False,0.0,False,False,615.0125006832086
3557.9,62.90000000000009,320.87463008899135,-584.763807439467,16.06888888888889,672.4230171767545,297.0151585968446,949.2736240979598,12.288084935104232,241.78427167852618,-130.23305754155766,461.36047446248756,4.743386783515862,301.91820761126854,-88.26527446626558,496.8602813645855,4.729612790893492,275.1179199564155,-314.698575758343,273.9140483530112,10.908771139288307,358.8882700080567,-323.0995508393708,264.4110814659199,11.052763210118258,11.052763210118258,0.0,False,False,False,False,0.0,False,False,617.0252519077753
3557.999,62.998999999999796,320.7796807141812,-586.2871800382966,15.638888888888888,673.2587677486903,297.8952492641439,951.8508680900838,12.231009241906609,241.80142549850538,-130.70388492745067,462.37831218707544,4.774592849886493,302.2777844615193,-88.56758589259155,498.0633640025229,4.760794882994646,275.15619395143847,-315.77812318970587,274.32945955821856,10.913970203073072,358.97387087328394,-324.4831373100964,264.57542015602843,11.08191669869234,11.567049552590504,0.5032782554626465,True,True,False,False,0.0018958894609172243,False,False,618.9955010415015
3558.1,63.09999999999991,320.64403875014085,-587.9106282097159,15.995,674.1208018195797,298.7877296801944,954.5573842963615,12.339912053882369,241.81868969086023,-131.18326860701126,463.47957523927175,4.724316427095144,302.6444025056855,-88.87478098317247,499.360354575778,4.7106325090622105,275.1971996740094,-316.8743385559596,274.8200965928196,10.808446452333689,359.0155219483204,-325.59660503150945,265.1056722870426,10.982369682859654,10.982369682859654,0.0,False,False,False,False,0.0,False,False,621.0435040062326
3558.199,63.19900000000007,320.5219609825256,-589.489598349312,15.896944444444443,674.9785007996935,299.66247087032815,957.1994780696067,12.409245780824389,241.83475885144958,-131.6473601239118,464.55483086763934,4.656888236740412,302.9995447225655,-89.1718881620666,500.6244562529839,4.643557654775143,275.2341526343828,-317.9421795852157,275.2979953113019,10.777012580183317,359.05308042934047,-326.68194397660443,265.6172252748478,10.956794194429712,10.956794194429712,0.0,False,False,False,False,0.0,False,False,623.0417694345778
3558.299,63.29899999999998,320.39988321491035,-591.146405044401,16.27,675.8463850012379,300.5479830887124,959.9276522010528,12.388868986120345,241.85013705873064,-132.1119444632834,465.706665855448,4.639898593658217,303.35529955161644,-89.46900791271524,501.9668600864784,4.626645980231571,275.27146365428183,-319.01913369838064,275.8438436185784,10.77499219033294,359.0910241727885,-327.7771611721091,266.1960987814907,10.960691363892884,10.960691363892884,0.0,False,False,False,False,0.0,False,False,625.062420428712
3558.399,63.39899999999989,320.2574591526801,-592.7364946921505,16.12805555555556,676.709087616978,301.43662718675006,962.6023765426246,12.381682111779462,241.86372516879797,-132.5759664846836,466.7904125494766,4.6445438484577055,303.7101084355774,-89.7662977109995,503.2423212201182,4.631233817232072,275.3054609227561,-320.09664832265514,276.3207700721122,10.786024295827366,359.12561639049335,-328.8735322082515,266.71032341820376,10.97764102870086,10.97764102870086,0.0,False,False,False,False,0.0,False,False,627.0868774395916
3558.499,63.498999999999796,320.12859928685987,-594.2932258146499,15.918888888888889,677.5708590695767,302.3274287876374,965.2427504716155,12.406844706263355,241.87545729160573,-133.0399098272176,467.8441789116666,4.637303217778583,304.0642730398826,-90.06414917355264,504.4849098913691,4.623995232125449,275.3345571417292,-321.17358133090295,276.76857916791795,10.760495555084116,359.10096010146054,-329.6144640737484,267.5325995540736,10.93584881950706,10.341347317821699,-0.6166825294494629,True,True,False,False,0.0028468118175819165,False,False,629.0757986373601
3558.599,63.59900000000016,319.95226473364954,-595.8610764468829,15.901944444444444,678.4355849079409,303.218503469224,967.9123833618964,12.42674022395867,241.88568079750655,-133.50267106823478,468.9026408026992,4.620189878999308,304.41717838153465,-90.36161244759506,505.73812097916345,4.606966106344949,275.35988697152055,-322.24890899118304,277.22211011080327,10.752023379083635,359.1267097651737,-330.70761495007645,268.0317057500219,10.933233315684076,10.933233315684076,0.0,False,False,False,False,0.0,False,False,631.095968861817
3558.699,63.69900000000007,319.83696906422426,-597.4178075701724,15.695,679.3026309329883,304.1106260002537,970.5509149955477,12.454190894123535,241.89526491146373,-133.96380455974273,469.962256093644,4.604471798852485,304.7690494314785,-90.65776666503757,506.9840049352965,4.591312828574821,275.38203355194406,-323.3227335661897,277.67670209192875,10.7290351508382,359.14923603201345,-331.799849437438,268.51136664348076,10.916101759616112,10.916101759616112,0.0,False,False,False,False,0.0,False,False,633.1163020738317
3558.8,63.80000000000018,319.70810919840403,-598.8744631216624,15.213888888888889,680.1789989824075,305.0135473024802,973.1149971972409,12.462396727657135,241.9057527224524,-134.42819053208177,470.91777073663945,4.59364726165027,305.124559166624,-90.95465613370162,508.1291275475327,4.580490742808671,275.404725914172,-324.4062032884947,278.0208902695566,10.730515987211847,359.1723302757711,-332.9025073987201,268.8838150137157,10.923497834889016,10.923497834889016,0.0,False,False,False,False,0.0,False,False,635.1604281531925
3558.899,63.89899999999989,319.64707031458886,-600.4534332604684,15.375,681.0378285697255,305.8965534272736,975.7425779994909,12.422115651024182,241.91698299489636,-134.88305635357924,472.0145573263073,4.598362471747722,305.4740078162444,-91.24401782502922,509.40661996943425,4.585194910852358,275.43046619925695,-325.46860742927385,278.51707760369806,10.738492440666342,359.19854026398525,-333.98429805941134,269.38841621338736,10.937272393799194,10.937272393799194,0.0,False,False,False,False,0.0,False,False,637.1726467355749
3559.0,64.0,319.56568513618873,-602.0768814318876,15.715,681.9156262617258,306.7933941875955,978.4388880958869,12.428052891874685,241.92952159412525,-135.34688605158448,473.1429619863618,4.589755681202382,305.8316414210958,-91.53755217404502,510.7240259433816,4.576639360513283,275.4577019597678,-326.5515575699543,279.03354326875234,10.712845594038535,359.1126978807599,-334.29710966664265,270.6842669673765,10.868417340999917,9.548740622801603,-1.368800163269043,True,True,False,False,0.014026579003693708,False,False,639.1942806868949
3559.1,64.09999999999991,319.38935058294834,-603.5001784589177,15.281944444444445,682.7884516976753,307.67976124296047,980.9728789350447,12.451437578352376,241.94203560658838,-135.80474336092487,474.0644540656348,4.570821737132203,306.18528677597953,-91.82656781541289,511.8439519325978,4.557805300378201,275.48865268239194,-327.6217889362449,279.34952493566107,10.700730703490972,359.1441065938923,-335.3831776844168,271.0482737997116,10.862024407797044,10.862024407797044,0.0,False,False,False,False,0.0,False,False,641.2262349670365
3559.2,64.19999999999982,319.24014442252803,-605.0902681066673,15.563888888888888,683.6618331773985,308.56758460230145,983.6533124285788,12.456628749566022,241.9531643229851,-136.26165240923368,475.1563407865658,4.570078099657646,306.53778246500724,-92.11544927570748,513.132063658037,4.557144740454631,275.51619836747324,-328.6920530499888,279.8352314222483,10.71163990731853,359.1720746285848,-336.46985183229356,271.5722502197145,10.87865556896929,10.87865556896929,0.0,False,False,False,False,0.0,False,False,643.2609254859907
3559.3,64.30000000000018,319.0773740656977,-606.7137162772964,15.946111111111112,684.5313316875784,309.4587690526671,986.3714401873046,12.445156994174933,241.96439824564524,-136.71961508126236,476.27813953496945,4.591941637615629,306.8915638080857,-92.40443467853606,514.4536238673682,4.57904311705828,275.5408399829334,-329.76456361206624,280.35025051162097,10.74423215579565,359.197106443505,-337.55934557645384,272.12803639726917,10.916969774791125,10.916969774791125,0.0,False,False,False,False,0.0,False,False,645.3028234843754
3559.4,64.40000000000009,318.92138580708746,-608.3371644487156,16.096944444444443,685.3959181814773,310.3540174554564,989.089010447246,12.446526305597176,241.97809637818727,-137.17996080317712,477.3985550200408,4.619109802358006,307.2491873033797,-92.6925731686036,515.7766810687972,4.606219624415615,275.56887659543213,-330.83968989988927,280.8634693866812,10.765603607507485,359.2256008177358,-338.6520257564158,272.680222566855,10.94406318384765,10.94406318384765,0.0,False,False,False,False,0.0,False,False,647.3572883053629
3559.499,64.4989999999998,318.7653975484471,-609.9161345883117,15.958888888888888,686.2491644070675,311.24330274522447,991.7555282897282,12.450840126838498,241.99362397772603,-137.63779383106368,478.47751918518946,4.635361349044988,307.6065156353516,-92.97718050330177,517.0593804352209,4.62248101081151,275.60448793524534,-331.9054501653303,281.34108262387406,10.776922828109292,359.1533610952398,-338.93339486414897,273.9759712600183,10.9113875895163,9.57408937759514,-1.3869577646255493,True,True,False,False,0.014402426218480292,False,False,649.3696826640927
3559.599,64.59900000000016,318.6161913880268,-611.4617462034479,15.75111111111111,687.1087635093421,312.1400441003308,994.3978292217496,12.393118903466474,242.00865311697453,-138.10264926170314,479.51803884468706,4.666625057946465,307.96928199477156,-93.2661850251647,518.3049259890399,4.653797760026429,275.64164308451967,-332.985068601179,281.7730856030939,10.828229077244947,359.1909883384504,-340.026730949556,274.4508729325681,10.968279730405577,10.968279730405577,0.0,False,False,False,False,0.0,False,False,651.4399109686304
3559.699,64.69900000000007,318.48733152220655,-612.9851188022776,15.49611111111111,687.9654489184873,313.0334445333939,997.0077526664278,12.362278314589364,242.02375895698472,-138.57062117354772,480.5369845181088,4.69770689613226,308.33494100888424,-93.55656214407126,519.5277629782287,4.6848759237557775,275.6744113954546,-334.0679344781692,282.18387948475777,10.839002123380434,359.22418870675574,-341.12387465076023,274.896394310448,10.984638668294659,10.984638668294659,0.0,False,False,False,False,0.0,False,False,653.5181475707583
3559.799,64.79899999999998,318.33812536178624,-614.5418499255671,15.583888888888888,688.8221291907512,313.9253760959668,999.6548338748044,12.37186138785075,242.04083416898908,-139.04050365414258,481.5836448108425,4.706165445208424,308.70377225235796,-93.8461125893821,520.7848611854137,4.6933476533165,275.711561228951,-335.15149634499943,282.62341312008346,10.844968263793623,359.2618471307704,-342.22227075073715,275.3773850652622,10.996190700461444,10.996190700461444,0.0,False,False,False,False,0.0,False,False,655.6060870253425
3559.899,64.89899999999989,318.209265495966,-616.0874615407034,15.501944444444444,689.6786415920343,314.8163719020705,1002.2831159386325,12.346450244006911,242.05883780532574,-139.51174519072904,482.62128118428296,4.725541173160571,309.074658970171,-94.13529951819378,522.0320875926626,4.712737403416092,275.753227688757,-336.2368334065567,283.05280287141414,10.877762973918111,359.3041044256492,-343.3229980135446,275.84277831749625,11.034571302339527,11.034571302339527,0.0,False,False,False,False,0.0,False,False,657.7058359093057
3560.0,65.0,318.0736235319558,-617.6330731566297,15.51611111111111,690.5389496798889,315.7149915132803,1004.9223994943853,12.288129931612993,242.07740659134046,-139.99098283302158,483.6500712684646,4.771436455600982,309.45242618335453,-94.42867518040173,523.2754218434025,4.758693246718944,275.79508043093824,-337.33764775176115,283.46604860131106,10.936289983614044,359.2955260145904,-344.0384564093364,276.6825971350316,11.073985096213484,10.405903658859863,-0.6928364038467407,True,True,False,False,0.003594216742006491,False,False,659.8057960538325
3560.1,65.09999999999991,317.9311994697254,-619.1564457554593,15.413055555555555,691.3853164498399,316.6017639137233,1007.5273715649968,12.2288193749251,242.09634994004594,-140.4701767182027,484.656031189129,4.819926972551405,309.8309056667534,-94.72111424323634,524.4978853132105,4.8072371728424494,275.8382852611268,-338.43237576252864,283.8623203244282,10.975314931706867,359.3392847338023,-345.14721891175685,277.12034555535735,11.118528166443465,11.118528166443465,0.0,False,False,False,False,0.0,False,False,661.9296962152986
3560.2,65.19999999999982,317.8023396039052,-620.7465354024187,15.77,692.228438243008,317.482863319606,1010.1828091827691,12.1612828124955,242.1158146723825,-140.95412758522383,485.7254416388248,4.866917873302876,310.21386847598615,-95.0155634030351,525.7857356504414,4.854258652220962,275.88181819402797,-339.531790192603,284.32211141361745,11.030204424172366,359.38339521291414,-346.26121914149394,277.6169537842013,11.178935781046121,11.178935781046121,0.0,False,False,False,False,0.0,False,False,664.0678530174484
3560.299,65.29899999999998,317.6734797380849,-622.2699080012484,15.408888888888889,693.0588636913001,318.34887850493953,1012.7575662586166,12.07767963896757,242.13544560838363,-141.43855283108098,486.7286582018359,4.927483541972039,310.5977602352691,-95.3096197696504,527.0077904354084,4.914876820562629,275.92651126926665,-340.6261766010412,284.7209174145246,11.097040562375371,359.4287001437672,-347.3705878814168,278.05239548234925,11.251234860164924,11.251234860164924,0.0,False,False,False,False,0.0,False,False,666.202192600333
3560.4,65.40000000000009,317.55140197045466,-623.8488781416346,15.72111111111111,693.9016369951346,319.23009633855156,1015.4001435442735,12.067858836086597,242.15576885411136,-141.93806376793108,487.7730358510404,4.972006749861313,310.9941561088081,-95.61215182435024,528.277423806556,4.959458586047977,275.97158865757154,-341.74712115994106,285.14957858515714,11.117821977360226,359.47441460927234,-348.5073747117548,278.5147796791779,11.277589578508318,11.277589578508318,0.0,False,False,False,False,0.0,False,False,668.392945439928
3560.499,65.4989999999998,317.4293242028394,-625.3833702486174,15.461944444444443,694.7254396774782,320.0961329930972,1017.9802796726719,12.079038326912684,242.1767150878231,-142.43123715930767,488.77982572333303,5.000082816550301,311.3866140773736,-95.90949032712827,529.5083605239637,4.987542184770572,276.01692042791416,-342.8486204109494,285.55362377713067,11.153524729724156,359.44657012917577,-349.0074836555311,279.5515688479475,11.280817880560356,10.254653575773617,-1.0641016960144043,True,True,False,False,0.008478991461816694,False,False,670.517596184319
3560.6,65.59999999999991,317.30724643522416,-626.9289818637537,15.46888888888889,695.5633015154085,320.9815502471052,1020.5939545634762,12.059712360115123,242.1995265120988,-142.93723520217327,489.7848307456838,5.029865657078863,311.79072639403455,-96.21274775237382,530.744904019558,5.0173237148219485,276.06624584708027,-343.9752128686595,285.94344811175586,11.17660881945131,359.4964699878768,-350.14719631086865,279.9787266879735,11.30937045880029,11.30937045880029,0.0,False,False,False,False,0.0,False,False,672.7250847884235
3560.699,65.69900000000007,317.20551496220895,-628.4523544625833,15.268055555555556,696.3802248297768,321.84849486867773,1023.1545166019014,12.00494089029345,242.2238711252831,-143.436760714296,490.77731517613086,5.073563838301425,312.1914750618256,-96.50986064021582,531.9661242316865,5.061004585958002,276.1176508468521,-345.0837076176286,286.33197968844263,11.241290752044375,359.54849613260467,-351.26908539745386,280.3988100973834,11.379412593004893,11.379412593004893,0.0,False,False,False,False,0.0,False,False,674.9042904883032
3560.799,65.79899999999998,317.0834371945938,-630.0313246013894,15.663888888888888,697.1987591327375,322.72244930907027,1025.7813664094128,11.943340404128428,242.251141219178,-143.946356862213,491.81141546628254,5.1329715355694425,312.6024943070144,-96.81021255658021,533.2399395951738,5.120374320951891,276.1751301583284,-346.20904404461726,286.75525544446515,11.29477762873291,359.60669382624013,-352.40848639117894,280.86058401002725,11.438313814755576,11.438313814755576,0.0,False,False,False,False,0.0,False,False,677.1254669831626
3560.899,65.89899999999989,316.9817057215635,-631.5546972017992,15.318888888888889,698.0123885324998,323.5974013489268,1028.3481475693063,11.95257891684752,242.27989225958797,-144.46072252700867,492.78890115240347,5.170399943935581,313.01872616184875,-97.11163062348724,534.4577594353184,5.157796869234813,276.23825313143476,-347.3378267294215,287.1223752863513,11.316147688467208,359.67063333519894,-353.5518705987946,281.26129513330204,11.465098219552022,11.465098219552022,0.0,False,False,False,False,0.0,False,False,679.3625435161576
3561.0,66.0,316.86641005215324,-633.1114283250888,15.488055555555555,698.8318363630817,324.483014882876,1030.9629986375173,11.939864591170377,242.3098064239327,-144.98362916323273,493.78885716384167,5.2011259180666105,313.4429192311627,-97.41667346758192,535.7056940814106,5.188477766642086,276.30212295835673,-348.4809901752758,287.50643072596216,11.356056175437828,359.6400653815955,-353.86381619351545,282.5045388510202,11.458639806771735,10.05370966254183,-1.4567655324935913,True,True,False,False,0.01589236559306429,False,False,681.5998245127187
3561.099,66.09900000000016,316.7918069719431,-634.6348009239184,15.328888888888887,699.6326322224661,325.3497580188935,1033.5073540556575,11.899526884504557,242.3401223871854,-145.49916185139085,494.7693672292154,5.231668108535121,313.8622639455197,-97.71592135219987,536.9268716155798,5.2189879075773185,276.36788327833443,-349.6044046131787,287.8826504460525,11.378034105890507,359.70643426470775,-354.997627001326,282.91096527899214,11.485837669258698,11.485837669258698,0.0,False,False,False,False,0.0,False,False,683.8283644899426
3561.199,66.19900000000007,316.696857597133,-636.1470540153849,15.218055555555555,700.4373844238274,326.22185886416906,1036.0553635816011,11.833883098237786,242.3702627567111,-146.0237991328418,495.7269890546919,5.278392495789177,314.2891979908106,-98.02013994893089,538.1323001525412,5.265700020261905,276.4351892014635,-350.74378160472213,288.2291273357324,11.449230435873226,359.7743914493065,-356.148028763046,283.29336043233536,11.562306657861892,11.562306657861892,0.0,False,False,False,False,0.0,False,False,686.0940949257571
3561.3,66.30000000000018,316.6290366151128,-637.648187597908,15.145,701.2422495895668,327.10050733753803,1038.5891237511487,11.761593317242957,242.40085789868138,-146.5596482168988,496.6666649040697,5.349770400388939,314.72576242808594,-98.33014589770512,539.321400053783,5.337025831168469,276.4998625582773,-351.90193199111957,288.55029579569634,11.520170029653318,359.83971656228016,-357.31785059631966,283.64107725243286,11.638571636848676,11.638571636848676,0.0,False,False,False,False,0.0,False,False,688.3996307409336
3561.4,66.40000000000009,316.54086933850766,-639.2049187211975,15.373055555555556,702.0300134902087,327.9714501357535,1041.1685784416125,11.725676055505918,242.43267987378857,-147.09733377008595,497.65640648157455,5.422761277998587,315.16505986943076,-98.63960411187546,540.5670654140617,5.410018862461156,276.5671714464403,-353.0557729531914,288.9277247806549,11.595880257392878,359.90773032249786,-358.48377481027677,284.0511314363324,11.71955452320871,11.71955452320871,0.0,False,False,False,False,0.0,False,False,690.7038011210494
3561.5,66.5,316.5137409457026,-640.6282157482276,14.774999999999999,702.8105355720127,328.84447919839926,1043.6007473098307,11.69569901015797,242.46676012175735,-147.64178732383078,498.5163728302057,5.487657055206089,315.6115363124707,-98.95082390018659,541.6781431925201,5.47487270663653,276.6368078329914,-354.2159826823411,289.1749246464211,11.650072869532258,359.8348632391015,-358.30572619284146,285.6268680385491,11.696563961957455,9.457142314415343,-2.3218774795532227,True,True,False,False,0.04037563170176049,False,False,692.9942659672097
3561.599,66.59900000000016,316.44591996369746,-642.1627078560007,15.161944444444444,703.5788215323981,329.7089374828779,1046.1387950414132,11.668458517396303,242.50274035954465,-148.18628874627143,499.4800260735587,5.536365917909238,316.0597092859172,-99.25991377571847,542.9029314517144,5.5235724920810165,276.7119199866907,-355.3690618501401,289.53304844785447,11.693826114353099,359.910290653954,-359.4636450709967,286.02082375068375,11.745314165791086,11.745314165791086,0.0,False,False,False,False,0.0,False,False,695.2963588506054
3561.699,66.69900000000007,316.38488107988235,-643.6860804548303,15.136944444444445,704.3525670731876,330.58230753656335,1048.6743141768795,11.667854082598756,242.54005034890113,-148.7403236974711,500.42418122808795,5.56943069531627,316.51665367777645,-99.5731681011813,544.1129283099118,5.556622635574685,276.79017811480145,-356.536922328937,289.86614068445846,11.715765360541349,359.9889099041179,-360.6368946407937,286.3881158841857,11.772300845325574,11.772300845325574,0.0,False,False,False,False,0.0,False,False,697.6346907625027
3561.799,66.79899999999998,316.3238421960672,-645.2539310862732,15.45,705.1254787593308,331.4565692042033,1051.2516891648474,11.67074864849038,242.57848646473238,-149.2968721141541,501.4097943162011,5.588061277456341,316.97673084800516,-99.88641704291928,545.3679048471954,5.575264476211393,276.8693324424239,-357.7065843605324,290.2415114157754,11.730980048916004,360.0684629899731,-361.8124491154002,286.7972551302528,11.792562967046468,11.792562967046468,0.0,False,False,False,False,0.0,False,False,699.9824325215271
3561.899,66.89899999999989,316.24245701765204,-646.8329012258693,15.553888888888888,705.8948657648123,332.3282723163945,1053.843253721884,11.582839859534012,242.61820246491015,-149.8568000563405,502.4000159157169,5.638634295303844,317.44072727336726,-100.20005708800342,546.634157496454,5.625864980740536,276.9520699504314,-358.8810658988232,290.6200164890682,11.816863835564694,360.15165098705603,-362.99332546923574,287.2158109867012,11.883494187041396,11.883494187041396,0.0,False,False,False,False,0.0,False,False,702.3473567210858
3561.999,66.9989999999998,316.20854652664195,-648.3451543165456,15.358055555555556,706.6547685986277,333.19480206497747,1056.3469781770234,11.467835903068677,242.65982700027087,-150.42345298884652,503.3243832728941,5.724982471514007,317.91166994653145,-100.51563891237632,547.8321627810386,5.712235926749308,277.0365490836517,-360.06406786329904,290.9302840722118,11.903425976374944,360.07002010144794,-362.5184090908253,289.1725387212317,11.873788958985745,9.116516019346077,-2.8585877418518066,True,True,False,False,0.061203385292470894,False,False,704.7029515260666
3562.1,67.09999999999991,316.15428974104685,-649.9018854398352,15.469999999999999,707.4146476271973,334.06678500198416,1058.9046284081678,11.435540136630959,242.70237580529076,-151.00321803606974,504.2767732089975,5.786413711716082,318.39400257817965,-100.83781853535257,549.0686349440141,5.773680740068758,277.12716311131265,-361.2646892248836,291.2637080925149,11.938869956381325,360.1604271680088,-363.7162882509628,289.54919473138267,11.914051522202438,11.914051522202438,0.0,False,False,False,False,0.0,False,False,707.1145263387076
3562.2,67.19999999999982,316.10681505362675,-651.4363775476082,15.421944444444444,708.1667392208527,334.9318532156491,1061.4298237740682,11.490297753731781,242.74768798609375,-151.5807200961104,505.2100947233532,5.799416735787623,318.87672520591127,-101.15571222211935,550.2876366349824,5.7865565071526275,277.21207935039547,-362.45516605663994,291.5869356816453,11.931160245620049,360.2451837989373,-364.9045274681954,289.91153254989376,11.911112685906808,11.911112685906808,0.0,False,False,False,False,0.0,False,False,709.5075734644219
3562.299,67.29899999999998,316.0389940716367,-653.048706210084,15.815,708.9100233007705,335.7939084742632,1064.0288352405375,11.504778115893933,242.797354191479,-152.15385995294676,506.2212804883808,5.822565096776024,319.3591069490229,-101.46683686967721,551.5918615557849,5.809679498160564,277.3130330386925,-363.6347098426962,291.9934268973661,11.985123962029535,360.3459881777029,-366.08232672036706,290.3666865949867,11.969799568037294,11.969799568037294,0.0,False,False,False,False,0.0,False,False,711.8955756915632
3562.399,67.39899999999989,316.00508358061154,-654.6054373333735,15.586944444444445,709.6543395575883,336.668038717138,1066.5752861624405,11.457096649704864,242.84819831509972,-152.73622155757818,507.17318502180603,5.868974081624524,319.8499032693556,-101.78202830324267,552.8367789955136,5.856111216522574,277.41793376265,-364.8305470952201,292.3327815069799,12.023465304424288,360.4507758332984,-367.27687502697825,290.74580354130757,12.012911784897693,12.012911784897693,0.0,False,False,False,False,0.0,False,False,714.3235214534712
3562.499,67.4989999999998,315.96439099141145,-656.195526981123,15.666944444444445,710.3941890540134,337.5402619699405,1069.1518525644042,11.417792057867056,242.89595503678754,-153.3229481378497,508.15334977282106,5.904539556495463,320.3426400439531,-102.10176605484594,554.1110583287364,5.891741490712461,277.5221647752687,-366.03004795169187,292.7008882405933,12.056953368603187,360.3942897616694,-366.7789526630926,292.8070514771107,11.948208947663222,9.14077486287024,-2.910395860671997,True,True,False,False,0.06344622562704948,False,False,716.7315165843713
3562.6,67.59999999999991,315.91013420580134,-657.8189751525422,15.873055555555556,711.1390745174544,338.41826008742765,1071.7716847064262,11.382324837605795,242.94100542298924,-153.91956215557872,509.15529278797345,5.943233360848283,320.8419195440386,-102.42910936023216,555.4117621471682,5.930449833118107,277.6145336305904,-367.24649948848844,293.0851695957221,12.100540095405261,360.4858443639566,-367.9846808954617,293.2420707599846,11.996330568914175,11.996330568914175,0.0,False,False,False,False,0.0,False,False,719.1806692759271
3562.699,67.69900000000007,315.8830058129963,-659.3979452921384,15.706111111111111,711.865118067245,339.27780007999746,1074.3160976267309,11.347876888795692,242.9843594586439,-154.50852168060666,510.1250265523949,5.987143914770706,321.33443269861925,-102.75267259319702,556.6719659486798,5.974400301865543,277.70440359234067,-368.4433301903655,293.44879232422113,12.1459270672719,360.57495829260233,-369.17144323174193,293.64739589285085,12.04616263533962,12.04616263533962,0.0,False,False,False,False,0.0,False,False,721.5948754814436
3562.8,67.80000000000018,315.85587742019123,-660.9991544472509,15.834999999999999,712.6014266659032,340.15207959314023,1076.898706595416,11.286358427085382,243.02993400765877,-155.11381395482553,511.1003773810606,6.0328271392713155,321.84148749634903,-103.08401571461197,557.9472462115425,6.020066711901144,277.7928393173829,-369.66915810650727,293.80599319536276,12.19098016038603,360.6626854463827,-370.38744947872283,294.04559699170943,12.095750622902628,12.095750622902628,0.0,False,False,False,False,0.0,False,False,724.0703929681401
3562.899,67.89899999999989,315.82196692918114,-662.6003636023636,15.881944444444443,713.3197089294812,341.0030880573005,1079.4555771677353,11.210984051978343,243.07826293754667,-155.71138219850903,512.0821085910537,6.078711331365575,322.34439304990286,-103.40804075134928,559.2303603864988,6.065896357083039,277.8873820406254,-370.874739337271,294.1816999466911,12.238971553847428,360.756508304581,-371.58385120041254,294.46514819111013,12.14818711092281,12.14818711092281,0.0,False,False,False,False,0.0,False,False,726.5155308902454
3562.999,67.9989999999998,315.79483853637606,-664.2126922664196,16.038888888888888,714.0401143414359,341.8588661342165,1082.0255451345558,11.161738137816984,243.12754958686529,-156.32010721364313,513.0647257752802,6.135662583291711,322.85713405180894,-103.7374510693526,560.5197338300034,6.122875824725496,277.98926918406124,-372.0976751988847,294.55125915605737,12.304484695190279,360.7071867654838,-371.1141250202191,296.5196269140176,12.116272871907645,9.332199388691492,-2.885990858078003,True,True,False,False,0.06239069218878419,False,False,728.9738428829367
3563.1,68.09999999999991,315.7677101435861,-665.8250209288955,16.03388888888889,714.7627961874039,342.72658288488196,1084.607494092889,11.199708720481109,243.1778607537386,-156.9394214751927,514.036807598245,6.1684268266658675,323.3793850215876,-104.0717067889561,561.8048803113531,6.155582957026118,278.0867006228415,-373.3365811497876,294.905655901882,12.304053958415093,360.80314469132685,-372.3342942679648,296.92591163599207,12.120096382116913,12.120096382116913,0.0,False,False,False,False,0.0,False,False,731.4762089438537
3563.199,68.19900000000007,315.747363848971,-667.4484691011048,16.08388888888889,715.4700861602047,343.58287202253354,1087.1810463148108,11.23719497695967,243.2291417120137,-157.54837184480655,515.0310686976928,6.177145678077143,323.89447286065575,-104.39817608214638,563.1092326129835,6.164306885253757,278.18851640105487,-374.55130622322025,295.29547074672496,12.32189757063391,360.903456568451,-373.53107687321517,297.3659465435365,12.14210999880564,12.14210999880564,0.0,False,False,False,False,0.0,False,False,733.9392198405856
3563.299,68.29899999999998,315.727017554386,-669.0719172725239,16.10611111111111,716.1835229969855,344.4498466701083,1089.7668460439982,11.218430753622632,243.2816763444764,-158.16464274516443,516.0179944808077,6.192977433516811,324.41664860510866,-104.72725358578052,564.4115600512637,6.180089179047094,278.29245317263195,-375.7797918448812,295.67146877626834,12.335594395227483,361.005895406464,-374.74185759777623,297.79247943439395,12.160018949126387,12.160018949126387,0.0,False,False,False,False,0.0,False,False,736.4359727785456
3563.399,68.39899999999989,315.7066712597709,-670.6842459349998,16.09111111111111,716.8938185415955,345.31645452117453,1092.3408581901372,11.191663793591982,243.3336635081869,-158.78307411462714,516.9919360706524,6.21929518329205,324.94080547492445,-105.05714065780587,565.7024760940694,6.206454547953825,278.3981758278556,-377.0107734751514,296.0338363397309,12.374671114418792,361.1101336872046,-375.95555591523896,298.2054243657611,12.203307794044868,12.203307794044868,0.0,False,False,False,False,0.0,False,False,738.9441247675502
3563.5,68.5,315.7066712597709,-672.307694106419,16.189999999999998,717.6057945431601,346.19044018514967,1094.925273638052,11.130752170682246,243.38639843015224,-159.4114049892272,517.9699076706451,6.266662147059354,325.4739181198034,-105.39140686340164,567.0004196229772,6.253782642670324,278.50085749477535,-378.25919313424447,296.3929714110955,12.429988094882312,361.105428854784,-375.93122825820427,299.8333815635757,12.187061463804698,10.112439997521284,-2.1504390239715576,True,True,False,False,0.03464257443421578,False,False,741.4591825487541
3563.6,68.59999999999991,315.69310706336086,-673.9422617867816,16.224999999999998,718.302919168318,347.0513701112949,1097.5074747716362,11.024922596848025,243.4398584205665,-160.03938830402794,518.9573155022179,6.33843362081444,326.0077593146764,-105.72398939185967,568.3118836823099,6.325527661015596,278.6072435699127,-379.5020846352405,296.7665398795585,12.518737565833364,361.209760240253,-377.15011514842087,300.2621255214045,12.279816466479033,12.279816466479033,0.0,False,False,False,False,0.0,False,False,743.9862543525442
3563.7,68.69999999999982,315.699889161581,-675.5768294655641,16.248055555555556,718.9921443896548,347.90629673401634,1100.0737942257383,10.938064900320752,243.49509704237445,-160.6746858054553,519.9401403534383,6.415487804044021,326.549071951929,-106.05862751861358,569.6215297160966,6.402486218195359,278.71313772409536,-380.75276915224913,297.13506410642196,12.584452135700484,361.31365558338143,-378.3771922995913,300.67963020259356,12.349536568069437,12.349536568069437,0.0,False,False,False,False,0.0,False,False,746.5338342051447
3563.799,68.79899999999998,315.699889161581,-677.22251665329,16.275000000000002,719.6696297656915,348.7498390964262,1102.638121092489,10.918906395259556,243.5522814969939,-161.30989439319248,520.9329238001886,6.468908357963817,327.0920106764347,-106.39079526423836,570.9453866847485,6.455887786673981,278.82401646913655,-381.9957629495986,297.5208666450967,12.626241915026823,361.42248541221636,-379.597216950467,301.11687902057866,12.395291823801836,12.395291823801836,0.0,False,False,False,False,0.0,False,False,749.0748771195153
3563.9,68.90000000000009,315.7066712597709,-678.8570843320723,16.34,720.3575826073246,349.61069576072595,1105.209633844826,10.902446671557835,243.61216756159757,-161.9627545060635,521.8978498420593,6.51329462093661,327.6512934129059,-106.730336598657,572.2514215538448,6.500221577327941,278.9395958962808,-383.26810736565534,297.8668513528109,12.672435964637794,361.53597308689416,-380.8465345213816,301.51386817927914,12.445531460453331,12.445531460453331,0.0,False,False,False,False,0.0,False,False,751.6827028547053
3564.0,69.0,315.713453357976,-680.5027715205882,16.343055555555555,721.0346493551795,350.4639829404599,1107.7805381611245,10.883078317366763,243.6731471621548,-162.6133416038686,522.8759578870045,6.555486574969262,328.2100046337555,-107.06666205494969,573.572258249016,6.542395159186656,279.0566358359151,-384.5318749248871,298.2322817914065,12.711076725603842,361.5111995899005,-380.3367385691858,303.6397222000214,12.382688517981407,9.49117729728634,-2.9970004558563232,True,True,False,False,0.06729082453699495,False,False,754.2494655807542
3564.099,69.09900000000016,315.7066712597709,-682.148458707524,16.45888888888889,721.7039127083414,351.3103288760363,1110.3471644929487,10.914657628925804,243.732160132176,-163.26006518258708,523.8563688521368,6.563999318235132,328.76498017492685,-107.40141651154778,574.8953660839048,6.550972513605331,279.17535313060176,-385.7836212769135,298.60786002636763,12.69020413231999,361.62686453004864,-381.55630112129614,304.07944579060796,12.365496974880271,12.365496974880271,0.0,False,False,False,False,0.0,False,False,756.8069998946953
3564.2,69.19999999999982,315.713453357976,-683.7607873707899,16.34111111111111,722.3910428988593,352.1751822798318,1112.901610678481,10.95845937446526,243.7914474966677,-163.91914175552054,524.7933988181495,6.539753548938945,329.33057559313653,-107.74237562652877,576.1793442031295,6.526664270109041,279.28716446162764,-387.059075479998,298.92939026078835,12.66317673394688,361.7358284309277,-382.79927411952013,304.4599997796914,12.342224991340016,12.342224991340016,0.0,False,False,False,False,0.0,False,False,759.4118980066488
3564.3,69.30000000000018,315.727017554386,-685.4064745585158,16.378055555555555,723.0752848403055,353.0321918923139,1115.476344366396,10.974644902434079,243.8527117257695,-164.56916122293796,525.7731666802409,6.518275168573966,329.89055556756927,-108.07552378093575,577.5046601844832,6.505118906907407,279.4034223156826,-388.3192425753298,299.29956060525143,12.647192657072976,361.8491549153601,-384.02766688379563,304.88758136431295,12.329959146973914,12.329959146973914,0.0,False,False,False,False,0.0,False,False,761.9945101490669
3564.399,69.39899999999989,315.73379965256095,-687.029922730725,16.315,723.7526755804398,353.8811164173692,1118.0228953531387,10.966009676946793,243.91409249928944,-165.21134113531792,526.7377928664547,6.514186046833583,330.4447819261927,-108.403116574173,578.8137816278972,6.50102736214772,279.52341748083165,-389.56593149471047,299.65983691359514,12.654836407373509,361.966158570759,-385.24327553379095,305.3074048193195,12.341283947457146,12.341283947457146,0.0,False,False,False,False,0.0,False,False,764.5578556383958
3564.499,69.4989999999998,315.754145947176,-688.6422513932009,16.261944444444445,724.4346220075132,354.7383585032064,1120.5636209607658,10.942123888277834,243.97631298489407,-165.86040540523848,527.6863801533473,6.526614403824528,331.0054998252775,-108.73332206656625,580.1094466631955,6.513444458830737,279.6430711195921,-390.82660637624315,299.99694688791413,12.67197271023152,361.9619957598491,-384.8721161962814,307.264479596756,12.265914279706255,9.623757097019721,-2.7383813858032227,True,True,False,False,0.056181941513334235,False,False,767.124058792838
3564.599,69.59900000000016,315.7880564381861,-690.2545800564669,16.25111111111111,725.1133335737219,355.5964160898993,1123.0990555789947,10.93861336508777,244.03929960905813,-166.5110628189573,528.6351822900581,6.547365630708692,331.56827633696156,-109.06329968950182,581.4054692851159,6.534202076857028,279.76529457236603,-392.08911955809333,300.33361651112045,12.696339072319583,362.0803231201956,-386.0943844992991,307.66280001965276,12.293736929195658,12.293736929195658,0.0,False,False,False,False,0.0,False,False,769.710274915633
3564.699,69.69900000000007,315.79483853637606,-691.8780282278861,16.22,725.7890366998093,356.45516289021526,1125.6543528666064,10.915642481332464,244.10261451583037,-167.1639858320506,529.589087191561,6.5723485564729005,332.1333414319719,-109.39389736881925,582.71323082586,6.559208774434045,279.8877459955256,-393.3541194645858,300.6756448368515,12.721915112125934,362.1989121544294,-387.319483508735,308.0734412600296,12.322769256403333,12.322769256403333,0.0,False,False,False,False,0.0,False,False,772.3067563532475
3564.8,69.80000000000018,315.8355311255912,-693.4569983674822,16.076944444444443,726.4711688197481,357.3195352965213,1128.1635300981086,10.888567914398392,244.16706868611067,-167.82533145308773,530.4950685648681,6.5856525219212045,332.7060862881024,-109.72816399733621,583.9725744473114,6.572519851454475,280.0119848702459,-394.6330504900572,300.96358299860617,12.722665259493452,362.31927023555136,-388.55846514358666,308.4215517173302,12.327010254046193,12.327010254046193,0.0,False,False,False,False,0.0,False,False,774.9372941293209
3564.899,69.89899999999989,315.8423132237962,-695.1249245707246,16.386111111111113,727.1419662089902,358.1632887195665,1130.7446505741225,10.887408096284329,244.23047910690698,-168.47423105900268,531.4971380562293,6.58587225335124,333.2682291007547,-110.05587349976057,585.3285035475627,6.572741739646483,280.1345507825777,-395.8866024465695,301.36127443027266,12.722377944860865,362.4380409785899,-389.77320172474447,308.88644594738554,12.33014466394091,12.33014466394091,0.0,False,False,False,False,0.0,False,False,777.5211772877399
3564.999,69.9989999999998,315.86265951839624,-696.7594922502971,16.336111111111112,727.820274853241,359.01515723796354,1133.3001311808057,10.891327417589018,244.29535880658477,-169.1297949087076,532.4612437050721,6.58946923970722,333.8366378924159,-110.38626195914148,586.6486419490582,6.576339234947715,280.2582512491996,-397.15318230709084,301.7144591264797,12.729744548351167,362.4700141049964,-389.7708927129268,310.5064343093021,12.267177669185347,10.237781424308853,-2.1031861305236816,True,True,False,False,0.033142763707309404,False,False,780.1074284326074
3565.099,70.09900000000016,315.87622371479125,-698.4385379616926,16.551111111111112,728.4976281467478,359.8693417821218,1135.901400528782,10.911796455855141,244.36042004482604,-169.78555648950322,533.4683542573036,6.5901618596051135,334.40537111643863,-110.71652051701929,588.0140296733309,6.577041101334836,280.3852264747171,-398.4195125877574,302.11095059832064,12.723860992840809,362.59239054394135,-390.99135906488266,310.97615351472865,12.264549616550218,12.264549616550218,0.0,False,False,False,False,0.0,False,False,782.71388343949
3565.2,70.19999999999982,315.91013420580134,-700.0286276094421,16.211111111111112,729.1825119457384,360.73372142960613,1138.424709562148,10.926285241208232,244.4260470190104,-170.44743057432996,534.3839621228083,6.580531485141476,334.9794489604698,-111.0497736905841,589.2874757949503,6.567410079566633,280.510703361253,-399.697806486731,302.40985734654856,12.710545331731106,362.71335176197056,-392.22364965869576,311.34297105422104,12.254522013344472,12.254522013344472,0.0,False,False,False,False,0.0,False,False,785.3481434748992
3565.3,70.30000000000018,315.93048050040136,-701.6520757808614,16.218055555555555,729.8644584405548,361.5887935857692,1140.9743574615811,10.947955014959035,244.49069276077952,-171.10098662724891,535.3392396176155,6.554387372198878,335.546162916041,-111.37905641100906,590.5988591189737,6.541254263270479,280.63716960271586,-400.96059344054964,302.7556528723035,12.67153181693961,362.83528995010255,-393.4412232290348,311.7595079227522,12.218764001428204,12.218764001428204,0.0,False,False,False,False,0.0,False,False,787.9568991573623
3565.399,70.39899999999989,315.94404469679637,-703.3200019841037,16.49888888888889,730.5441719820308,362.4341059313006,1143.5580807652457,10.965107547859787,244.55417822086204,-171.745233706764,536.3471332118398,6.5237491515155694,336.10449002925344,-111.70413196698281,591.9592732714962,6.510617444932803,280.75901115784717,-402.2080172482158,303.1607064524071,12.648874084308574,362.95278958508607,-394.6441941030733,312.23480982584095,12.199329216643623,12.199329216643623,0.0,False,False,False,False,0.0,False,False,790.5365712527888
3565.5,70.5,315.9576088931763,-704.9434501555229,16.294999999999998,731.2398357891142,363.2946699829075,1146.1204165760844,10.947371259569582,244.61797657294832,-172.4001974891649,537.3003434765791,6.507240287851908,336.6714638429994,-112.03555823790181,593.2696116312378,6.494097364768963,280.8853437077245,-403.4787910654505,303.49794804171614,12.639006749339146,363.01191620379416,-394.9429446200018,313.55130564033806,12.137240007319278,10.608348093646159,-1.5844018459320068,True,True,False,False,0.018809891148522943,False,False,793.1418731704538
3565.599,70.59900000000016,315.9847372860115,-706.5891373432488,16.39,731.9226587939887,364.1354511071377,1148.6755411606125,10.933964732517671,244.67973659847226,-173.0409279528526,538.2918305777528,6.496808588389881,337.2256073789598,-112.36052245192174,594.608124160754,6.483670475865106,281.0041182571085,-404.72385018531764,303.885332483464,12.627895061648212,363.1259877948462,-396.1387047849,314.00918549495105,12.129201797626163,12.129201797626163,0.0,False,False,False,False,0.0,False,False,795.7124009959414
3565.699,70.69900000000007,315.99151938421653,-708.2237050228213,16.31611111111111,732.6122244987636,364.98113065406517,1151.2347420271833,10.889648598618914,244.74544573120104,-173.68780131220998,539.2630483972463,6.507346351978501,337.7869669419177,-112.68599515188498,595.9364105444137,6.494217671473406,281.12667425789374,-405.9823176095752,304.24564695516415,12.660523087764243,363.2437251776601,-397.34769218608176,314.4466032725025,12.164934346972306,12.164934346972306,0.0,False,False,False,False,0.0,False,False,798.3171563061965
3565.799,70.79899999999998,316.01186567881655,-709.8360336852971,16.241111111111113,733.3006729376541,365.82350200274345,1153.7648743917082,10.868577604993188,244.81453416392776,-174.33553579828452,540.2127759060123,6.520830874189064,338.35088499856437,-113.00944604203487,597.2445123247837,6.507693152796857,281.25981264247446,-407.2410617662212,304.5840150450235,12.654789917151337,363.3716670854089,-398.557306748224,314.86091633106327,12.16230569958951,12.16230569958951,0.0,False,False,False,False,0.0,False,False,800.9343058125284
3565.9,70.90000000000009,316.02542987522656,-711.4928403811763,16.439999999999998,733.9971270895323,366.67391733683,1156.349383672757,10.897887992487641,244.88510222772555,-174.9899639909713,541.1989307017867,6.513267280573477,338.9209348056792,-113.33587174661643,598.5949910182228,6.500120892060084,281.39643821341684,-408.5113966529821,304.95396752155,12.645425116681206,363.5029905877405,-399.77834337638035,315.30944548833827,12.156076467581798,12.156076467581798,0.0,False,False,False,False,0.0,False,False,803.5818724067722
3566.0,71.0,316.0457761698116,-713.1162885525954,16.3,734.6867700736452,367.51975700268247,1158.893672745752,10.929258515811751,244.95426933867756,-175.63745446860824,542.1600312009392,6.510229902287796,339.4844998244638,-113.65946421569801,599.9148756370665,6.497083510454128,281.5323765958164,-409.7687722503189,305.3045862690473,12.648626647243331,363.5613028052858,-399.858309427816,316.8411064820775,12.09489703595299,10.233382620556164,-1.928999900817871,True,True,False,False,0.027883209893943193,False,False,806.1792940873638
3566.099,71.09900000000016,316.05255826801664,-714.750856232168,16.318055555555553,735.3673328211224,368.36254423600104,1161.4471655793225,10.954861750669943,245.02185325709686,-176.27843343786574,543.1371016274934,6.5106206153334485,340.0418494013706,-113.98056713605838,601.2490551757265,6.497474765155955,281.66378513286406,-411.0139531820279,305.6774345486287,12.646236901409095,363.68697303958896,-401.0491162273846,317.2976822365062,12.095399121694415,12.095399121694415,0.0,False,False,False,False,0.0,False,False,808.7677782466719
3566.2,71.19999999999982,316.0729045626317,-716.3854239109504,16.345,736.0618196322471,369.2251681455653,1164.0193496530248,10.974723310469837,245.08995360050406,-176.932047767145,544.1034132958933,6.502307747216026,340.60964243896416,-114.30876899013703,602.5764266101421,6.489153396674555,281.79752245451635,-412.28348879220465,306.0274313874872,12.63218594477169,363.8148974756556,-402.2634715396629,317.72928547563356,12.08429841747257,12.08429841747257,0.0,False,False,False,False,0.0,False,False,811.4114634251105
3566.3,71.30000000000018,316.08646875902673,-717.9866330668531,16.123055555555556,736.7492783215127,370.07943028148105,1166.5525952820753,10.95574814594166,245.1559886725761,-177.5792916343651,545.0424090650415,6.509773987539135,341.1709999907682,-114.63503898036085,603.8728175649468,6.496607192951734,281.92714280039286,-413.54149761920024,306.35551251395475,12.661193764965278,363.9389173001019,-403.4671254322745,318.13892800799147,12.116227279661782,12.116227279661782,0.0,False,False,False,False,0.0,False,False,814.034178301158
3566.399,71.39899999999989,316.10681505362675,-719.6212007464256,16.275000000000002,737.4273886415051,370.9238735494703,1169.1020420816396,10.923311417751053,245.22051388711222,-178.22140026685366,546.0207062487558,6.5274508865943375,341.727244726292,-114.95965857247184,605.2040870655089,6.514282071032149,282.05315319754254,-414.7889363600813,306.7284813914656,12.667838077491657,364.05951973351654,-404.6610280870472,318.5896612379978,12.12576342376381,12.12576342376381,0.0,False,False,False,False,0.0,False,False,816.6381396675431
3566.499,71.4989999999998,316.1203792500368,-721.2446489178449,16.21388888888889,738.1113094941468,371.7730801178682,1171.6501616074129,10.884054021947122,245.28492850583245,-178.87172271287724,546.9790235121213,6.542650516030738,342.289944727028,-115.28938121162065,606.5201007536159,6.529472717470504,282.1792776415293,-416.05061858439046,307.07555182654403,12.691573670508904,364.1216382317332,-404.9032492412556,319.96250094842594,12.094784275782915,10.50253571562939,-1.6498843431472778,True,True,False,False,0.020398983422162554,False,False,819.2478844006496
3566.599,71.59900000000016,316.14072554463684,-722.8680970892641,16.25,738.7962231592334,372.6166131377981,1174.1909640280462,10.847589789306518,245.349495286507,-179.5232708876076,547.9370387567972,6.552146619400585,342.853581821167,-115.61994691705698,607.8354156990345,6.538973094413197,282.3032110762725,-417.31347305583574,307.42251975677794,12.686849545166213,364.2397564226782,-406.1068476560268,320.3922688110816,12.092824544116498,12.092824544116498,0.0,False,False,False,False,0.0,False,False,821.8787487621163
3566.7,71.69999999999982,316.15428974104685,-724.4915452606833,16.161944444444444,739.4892159495755,373.4660984737069,1176.7427276948665,10.861236690613127,245.4167119087687,-180.18163196793577,548.8871346883036,6.552503662585372,343.42416992395897,-115.95255440249262,609.1496940489221,6.539333686479794,282.4308110793593,-418.588756355522,307.7560548112758,12.692377941652403,364.36139726408425,-407.3225728116082,320.8115993852776,12.101144978215705,12.101144978215705,0.0,False,False,False,False,0.0,False,False,824.5418948981874
3566.8,71.80000000000018,316.1678539374268,-726.1261129394658,16.328055555555558,740.1747362574521,374.3103685033845,1179.2973695998257,10.889498671157037,245.4857430722349,-180.83334227268472,549.8546776538451,6.554638830088343,343.99038512822005,-116.27991941981206,610.4805263006132,6.541471397272927,282.56227015681577,-419.85110702664014,308.11315211807664,12.691165592744154,364.4867467739377,-408.52625566827675,321.2543925670525,12.10269702298373,12.10269702298373,0.0,False,False,False,False,0.0,False,False,827.1861486656876
3566.9,71.90000000000009,316.18820023204194,-727.749561110885,16.201944444444443,740.8580981851826,375.1612885573184,1181.8446871494448,10.937637833280178,245.55601428208524,-181.4850315162253,550.8119842426671,6.554700119956197,344.557276995739,-116.60633341733802,611.8013151931852,6.54153278305654,282.69818515238217,-421.11299180449225,308.45999213192954,12.692499064650173,364.6163747465033,-409.7297694136342,321.6859897446047,12.106794888566009,12.106794888566009,0.0,False,False,False,False,0.0,False,False,829.8370539738421
3566.999,71.9989999999998,316.1949823302469,-729.361889774941,16.20388888888889,741.5331499513372,376.00970417387913,1184.3812382608153,10.965549101530032,245.62512346272806,-182.13019057495265,551.7632078979968,6.553384606000955,345.1182195499686,-116.92984496964846,613.1146411199624,6.540216281142562,282.83302722861595,-422.3620995206864,308.8072072739876,12.688607696595255,364.68449242865626,-409.8680865207554,323.1524762513944,12.04286607630691,10.306252457636145,-1.799387812614441,True,True,False,False,0.02426454410949192,False,False,832.4384405171313
3567.099,72.09900000000016,316.21532862484696,-730.9630989300537,16.09888888888889,742.2152659645927,376.86770010718783,1186.9140768855007,10.956500324747518,245.69394272505397,-182.78175731585324,552.6988774759473,6.550439197822578,345.6841122214626,-117.25743679349225,614.4127675635814,6.537263280499914,282.9671270897856,-423.6237591533806,309.1325163739288,12.68671733796632,364.81178095282684,-411.06566264984633,323.56758941141635,12.043569553262016,12.043569553262016,0.0,False,False,False,False,0.0,False,False,835.0831392982423
3567.2,72.19999999999982,316.228892821257,-732.5976666096261,16.195,742.9058646091217,377.7317729990515,1189.4892612864492,10.947312106347466,245.76295076151385,-183.43939431787365,553.6607779288954,6.543574887390866,346.25494834446056,-117.58855072795237,615.7416476314077,6.530398183371986,283.1008135229558,-424.8975245176016,309.47834670853246,12.67489842228772,364.93870085976044,-412.27495650000395,324.00506787876157,12.03437041152328,12.03437041152328,0.0,False,False,False,False,0.0,False,False,837.7568027036101
3567.299,72.29899999999998,316.25602121406206,-734.1877562573757,16.04,743.5849849056513,378.576081302937,1191.9955542667435,10.942430745864463,245.83102761452807,-184.08315852131975,554.5942193837241,6.534282022756125,346.8139826318056,-117.91237230325497,617.0325257827234,6.521106645940383,283.23170506000304,-426.14514562674833,309.8077717255904,12.667898019265648,365.06298920776845,-413.4596378789062,324.4204772256711,12.029937905729405,12.029937905729405,0.0,False,False,False,False,0.0,False,False,840.3801331997319
3567.4,72.40000000000009,316.26958541045707,-735.8445629524646,16.353055555555557,744.2790860234729,379.4351951461692,1194.5882434711762,10.928256806083786,245.90113611809215,-184.73929656419764,555.5796372228691,6.532509868604906,347.3841187705222,-118.24195155643258,618.3858825922636,6.519331288623249,283.36732668536416,-427.4175763914831,310.176989263067,12.671467274850995,365.19179586065405,-414.6681291309298,324.8810310215912,12.036126935254629,12.036126935254629,0.0,False,False,False,False,0.0,False,False,843.0616524961753
3567.499,72.4989999999998,316.27636750866213,-737.4568916157306,16.186944444444446,744.956991136192,380.27606878120065,1197.1190616773988,10.892047247696333,245.96789288205525,-185.38365771834347,556.5322427229526,6.554639102654488,347.94279743684535,-118.56729454499846,619.6991981169328,6.541469571594159,283.50115388928504,-428.666944918036,310.52446893821565,12.712686120756157,365.27208961764234,-414.9938440469691,326.1640658201233,12.02865191041576,10.608622017125462,-1.4712916612625122,True,True,False,False,0.01622334558062274,False,False,845.6727846371957
3567.599,72.59900000000016,316.2899317050571,-739.0692202789966,16.153055555555557,745.6377091349277,381.1242750734443,1199.6553592652722,10.859562451413316,246.0330692143898,-186.0372384954549,557.4768153048736,6.581811668700826,348.5080528031574,-118.89921953641976,621.0063100711133,6.568646436375543,283.62784030932886,-429.9325251818652,310.85737641226996,12.72541800046832,365.3919750306061,-416.1914831665803,326.59002400805,12.043838389128064,12.043838389128064,0.0,False,False,False,False,0.0,False,False,848.3330387721588
3567.7,72.69999999999982,316.30349590146716,-740.6926684504157,16.178055555555556,746.324218391796,381.97699624445914,1202.2083836827987,10.818259658517233,246.0975673129099,-186.69982872721744,558.4236195519982,6.600828597751247,349.08032506565945,-119.23674362964341,622.3196823377033,6.587669005285958,283.75502404599973,-431.21276099886313,311.1867865709399,12.750577571076978,365.5123658481854,-417.40334122907433,327.0129997059147,12.071477104726846,12.071477104726846,0.0,False,False,False,False,0.0,False,False,851.0284251844793
3567.8,72.80000000000018,316.31706009786217,-742.316116621835,16.185000000000002,747.0043145664375,382.8167178782126,1204.747030057261,10.793440397109062,246.15975162222406,-187.3578383312369,559.3753110173981,6.618003905634677,349.64781337253373,-119.5729944033176,623.6344565403073,6.604868494647792,283.87609360192613,-432.4825357648691,311.5273088091002,12.760093088440643,365.627001249214,-418.60563472394426,327.44456994568475,12.083447221090651,12.083447221090651,0.0,False,False,False,False,0.0,False,False,853.7035095279961
3567.9,72.90000000000009,316.3238421960672,-743.928445285891,16.18,747.6845214953998,383.65596397725915,1207.2773648416128,10.812259734328656,246.22118234370583,-188.0170507036033,560.3140740199195,6.623367356461061,350.21612708096774,-119.91006777634905,624.9380948896943,6.610258189715652,283.99509277693716,-433.75304809684195,311.8556157268765,12.76136760134963,365.7397018621374,-419.80889952411417,327.8649220812701,12.087176332999768,12.087176332999768,0.0,False,False,False,False,0.0,False,False,856.3835546868945
3567.999,72.9989999999998,316.3374063924622,-745.5630129646734,16.251944444444444,748.3557647826349,384.48871808178916,1209.81683606538,10.795902704596124,246.28123125184732,-188.67111340697434,561.2810841889426,6.6455962968717905,350.7798132925457,-120.24467497664088,626.2661600447417,6.632534447196755,284.1119233872681,-435.01316383480224,312.2173770780604,12.804694554559077,365.79286048406135,-419.878730683945,329.4178101805053,12.066116796987226,10.212802490334756,-1.9201308488845825,True,True,False,False,0.027632747099365047,False,False,859.0191356088636
3568.1,73.09999999999991,316.3306242942571,-747.1975806442459,16.24,749.034157704772,385.340151079912,1212.3836280669768,10.761613557672947,246.3430289396429,-189.3417428833793,562.22895623349,6.690468166508443,351.3583291402853,-120.58688366417404,627.5889623604227,6.6774141072913835,284.2292162880377,-436.3034127856407,312.54709085908377,12.85014435771116,365.9034103854425,-421.0948050868836,329.8491796974154,12.113862494955873,12.113862494955873,0.0,False,False,False,False,0.0,False,False,861.7336094668178
3568.2,73.19999999999982,316.3645347852672,-748.7987897993586,16.163888888888888,749.7004948902331,386.1835786148698,1214.8930121336873,10.736068807470362,246.40632541786454,-190.0097211114191,563.1512890361063,6.7289534302352285,351.93598172098154,-120.92565850050826,628.8799542393792,6.715906545021407,284.3488422616689,-437.584447212201,312.8567908799844,12.882011211559037,366.0162011392428,-422.3026434369505,330.24993801850974,12.148002511988462,12.148002511988462,0.0,False,False,False,False,0.0,False,False,864.4358608044155
3568.3,73.30000000000018,316.3645347852672,-750.433357478931,16.20611111111111,750.3655563714967,387.025197353158,1217.4435718745224,10.717412907548177,246.4711769127993,-190.68066193561808,564.0994253167554,6.752403047558759,352.51733535090693,-121.26424179420314,630.2069510250117,6.739370814704954,284.4721763765991,-438.86748358947756,313.19389568981984,12.897000788969565,366.1325227174609,-423.51272887357516,330.68708778925736,12.165265252583712,12.165265252583712,0.0,False,False,False,False,0.0,False,False,867.149492501892
3568.399,73.39899999999989,316.3916631780723,-752.045686142197,16.16611111111111,751.0257658192608,387.8564804359526,1219.9523566714688,10.728256477685843,246.53522545979786,-191.34605108005405,565.034514564825,6.751938157480476,353.0941094995898,-121.5995853651482,631.5135434422359,6.738931699681542,284.59560741620203,-440.1375258882774,313.5246235864047,12.88130469221944,366.2489571768205,-424.710779938367,331.1100883155749,12.151819587386447,12.151819587386447,0.0,False,False,False,False,0.0,False,False,869.8410975735635
3568.499,73.4989999999998,316.4255736690824,-753.6468952973096,16.101944444444445,751.6952175391567,388.6946407981601,1222.4581170591237,10.72569360369324,246.6003652211721,-192.01785477330125,565.9529475978655,6.7471667958979555,353.67715049100633,-121.93703166817586,632.8072627443986,6.734141386341597,284.7178781572257,-441.420156571408,313.8326215199514,12.887603731859523,366.3130598148702,-424.8539546375575,332.55609917972254,12.097033970089958,10.337465030491392,-1.8229267597198486,True,True,False,False,0.024906899378244574,False,False,872.5362154858748
3568.599,73.59900000000016,316.43913786549246,-755.2925824850354,16.251944444444444,752.3653654340555,389.5315302418501,1225.0118060504801,10.717087480469553,246.66666165937662,-192.68938253157427,566.9131847415504,6.748680787136493,354.2611265483628,-122.27253419580367,634.1489449364624,6.735681589927447,284.8443187709242,-442.7025344521988,314.18270277465876,12.88432097641082,366.4317534487991,-426.0577615971158,333.0087519840293,12.095852377807699,12.095852377807699,0.0,False,False,False,False,0.0,False,False,875.2499330485567
3568.699,73.69900000000007,316.4798304546774,-756.8937916417284,16.13111111111111,753.0359884271223,390.36987414558916,1227.5158646222933,10.754345664024326,246.73296167123337,-193.36050011834536,567.8330708582172,6.739010023135727,354.8453419869579,-122.60680819665906,635.4462131785658,6.726073763227802,284.9709848886074,-443.98391876499585,314.4922827235024,12.868271611166952,366.55067361369174,-427.2607860250825,333.41416845496883,12.081904175730266,12.081904175730266,0.0,False,False,False,False,0.0,False,False,877.9662204543494
3568.799,73.79899999999998,316.5137409457026,-758.4950007960508,16.048055555555557,753.7054560295292,391.21107291890576,1230.0246549053393,10.747342220627273,246.79921323138265,-194.03153907891175,568.7522439411794,6.747020613357302,355.43012492700245,-122.93993292885959,636.745419483996,6.734143746041058,285.09757594501474,-445.26611545164275,314.80042890290156,12.90034215685397,366.66954876492554,-428.4648309976291,333.81958905249087,12.116075884583717,12.116075884583717,0.0,False,False,False,False,0.0,False,False,880.6888381823354
3568.901,73.90099999999984,316.54765143671267,-760.0962099511636,16.081111111111113,754.3826569732479,392.0700752702739,1232.5528957712706,10.700581042977968,246.8677047673646,-194.71822576725611,569.6556503429963,6.784240617113401,356.0296963040537,-123.27894416419335,638.0400158856021,6.7713297615513035,285.2270686095876,-446.5777015160336,315.07909172145884,12.942068753281482,366.7911924740567,-429.6969177281284,334.1977045364822,12.15994566744099,12.15994566744099,0.0,False,False,False,False,0.0,False,False,883.4790664512714
3569.0,74.0,316.57477982951775,-761.7085386152196,16.108888888888888,755.0339727763678,392.90489580682106,1235.0622036267903,10.69014194361438,246.9345764310108,-195.3883402475676,570.5859488355476,6.820670982598142,356.61559140584404,-123.60839030503547,639.3551953845138,6.807792103040384,285.35566532413645,-447.8541094500859,315.403290751812,12.974488180725052,366.8416504911704,-429.3375421702286,336.1506173785072,12.101967896437845,9.530820006093407,-2.6636252403259277,True,True,False,False,0.053179510827389996,False,False,886.1753507620124
3569.099,74.09900000000016,316.6154724187178,-763.3319867866387,16.106944444444444,755.6815006094064,393.74130298032713,1237.5773006173374,10.678892146869932,247.00102070376437,-196.06188383093928,571.5256263676577,6.8523186077523555,357.2047855074938,-123.9388481194676,640.6801683458565,6.839452632903338,285.4821564675285,-449.1338766348342,315.7368141111867,13.00537307962452,366.95965427258955,-430.5314389371221,336.58690006516014,12.134684467150722,12.134684467150722,0.0,False,False,False,False,0.0,False,False,888.8871853266037
3569.2,74.19999999999982,316.6629471061078,-764.9331959417515,16.088055555555556,756.3384631521114,394.5951040237037,1240.0888830366548,10.653813904197332,247.069369439326,-196.75240899800718,572.4270020749152,6.888267942993566,357.80966658132064,-124.27620820574711,641.9769687913599,6.875388155398293,285.6110644579659,-450.4431278816137,316.019338529249,13.045756374400662,367.07995470718635,-431.75326772717284,336.972905766204,12.176936437211237,12.176936437211237,0.0,False,False,False,False,0.0,False,False,891.6662813812438
3569.299,74.29899999999998,316.710421793528,-766.5566441123805,16.108888888888888,756.9779268306455,395.4318971822778,1242.5992298773149,10.622088237968086,247.13688522455993,-197.43305440230395,573.3603904658894,6.9296272383122,358.40660206811117,-124.60751373124822,643.3018400770998,6.916770664097438,285.73915125643776,-451.730437367837,316.3459499532745,13.088912023325815,367.19953425727675,-432.9550768989701,337.40058702471254,12.221923757949797,12.221923757949797,0.0,False,False,False,False,0.0,False,False,894.4047862844488
3569.399,74.39899999999989,316.76467857912303,-768.1689727764366,16.12805555555556,757.6199391461934,396.2761793425438,1245.1047638905952,10.59104558303378,247.20610438486764,-198.12445036814316,574.2727163740561,6.967428286151082,359.01391681021795,-124.94247944343851,644.6125346722426,6.9545705043901505,285.868116110425,-453.0345646810475,316.64537378274355,13.120857015174472,367.3199762043121,-434.1730182832225,337.80043773773383,12.255718923347345,12.255718923347345,0.0,False,False,False,False,0.0,False,False,897.1836663130978
3569.5,74.5,316.8189353647482,-769.7813014397026,16.1,758.2654939961789,397.1270242448388,1247.617771867423,10.557973110714011,247.27825396695843,-198.82624473697484,575.1743936787207,7.002752276718144,359.63201033974724,-125.2798901145916,645.921844025169,6.989850926097347,286.0019161376063,-454.35495062980135,316.92818028584475,13.159299065817859,367.35607658786466,-433.30984014157,340.24556853999724,12.171752594301273,8.712466083067229,-3.5835635662078857,True,True,False,False,0.09625998836832753,False,False,899.9789109094614
3569.6,74.59999999999991,316.8867563467533,-771.3936301029684,16.08388888888889,758.8999362411448,397.96689881681243,1250.1118741120338,10.493481092615253,247.35025628061734,-199.52543143907985,576.0803429075917,7.054945695532783,360.2484490342896,-125.61491188337668,647.2328709962645,7.042060409692635,286.13873700716294,-455.667084341528,317.2202584825861,13.225657464742481,367.4826633328902,-434.52382698541896,340.64822039195553,12.239623942528576,12.239623942528576,0.0,False,False,False,False,0.0,False,False,902.7612052818399
3569.7,74.69999999999982,316.9410131323634,-773.0170782743877,16.158055555555553,759.5298244704085,398.80291376625354,1252.6160423959736,10.441469275770867,247.42389881731933,-200.22932644568678,576.9908472650744,7.099849570411485,360.87024693641547,-125.95021184301739,648.556325399671,7.086853055824003,286.2726683270156,-456.98405479486246,317.51758896588683,13.249604750364666,367.60662614294466,-435.7427753115733,341.05858702104285,12.265084177453444,12.265084177453444,0.0,False,False,False,False,0.0,False,False,905.5569383699275
3569.799,74.79899999999998,317.0020520161635,-774.607167922137,16.04111111111111,760.1546162217485,399.62755021725,1255.0742481805094,10.459524577776357,247.49789365567247,-200.92856581882313,577.8736596701848,7.105092090846715,361.48890553941067,-126.28167262173325,649.8500042262928,7.092104237968015,286.41283774073446,-458.2875963233771,317.7951720942455,13.236376172185253,367.7363829011806,-436.94948167124494,341.447924894348,12.25335341908369,12.25335341908369,0.0,False,False,False,False,0.0,False,False,908.3333171279518
3569.899,74.89899999999989,317.0698729981987,-776.2194965854029,16.1,760.7882387153171,400.4601639221769,1257.5615338928365,10.466278319101212,247.57358474001873,-201.63510373093175,578.7719400537705,7.106585437993482,362.11504854495337,-126.61486838894542,651.1645266860717,7.093547610539741,286.5499934841206,-459.604932467146,318.0821360236184,13.252762837053345,367.8633666671705,-438.1691192925397,341.84504762676767,12.271253033254462,12.271253033254462,0.0,False,False,False,False,0.0,False,False,911.140834066172
3570.0,75.0,317.14447607839384,-777.8318252486689,16.051111111111112,761.4256732664544,401.2985562364565,1260.0532682057983,10.389114038901152,247.65370065244483,-202.35000423122887,579.6622242227353,7.138501916416549,362.7511727979921,-126.94795607492239,652.4797176435909,7.1253999541683335,286.6968007017344,-460.9377938618285,318.35340121388094,13.300148397308096,367.9227819155257,-437.48687999797465,344.1120720076344,12.206649720906947,9.043339336947259,-3.276827335357666,True,True,False,False,0.08048955452733089,False,False,913.9663834548518
3570.099,75.09900000000016,317.21907915860396,-779.4441539119349,16.125,762.0459895300397,402.11175758283935,1262.5154859164475,10.273241935660884,247.7354926461666,-203.0545393011441,580.562620761798,7.190154139486951,363.3802952286821,-127.27263346283843,653.803143120278,7.176934342619502,286.84623410074516,-462.24884929513564,318.64615326071765,13.357308613051321,368.0599623759299,-438.6904341508422,344.5256056338035,12.265002868772777,12.265002868772777,0.0,False,False,False,False,0.0,False,False,916.7526733290524
3570.2,75.19999999999982,317.28690014062414,-781.0564825752008,16.108055555555556,762.6760294866735,402.93235661582577,1264.9905327189394,10.213289393300618,247.82149659724467,-203.7779484123997,581.4429880001967,7.235662077267747,364.0280152878773,-127.6031293850788,655.1229019356774,7.222388140866184,287.00477950509134,-463.5902546714488,318.90721642763424,13.390065627483652,368.20556568159054,-439.92234029045943,344.91334206263895,12.298976914966547,12.298976914966547,0.0,False,False,False,False,0.0,False,False,919.6120984566273
3570.3,75.30000000000018,317.36828531902427,-782.67993074662,16.135,763.298208886953,403.7441331103815,1267.4602778912881,10.242446015946777,247.90783583147876,-204.4974851440488,582.3398444602448,7.258304389375002,364.6732669692529,-127.93010541036882,656.4564685238313,7.245007888384638,287.16383670530536,-464.9204282119664,319.1918078007788,13.40292480523968,368.3516754890373,-441.1442365618277,345.3200493390382,12.3130410746646,12.3130410746646,0.0,False,False,False,False,0.0,False,False,922.4535497899717
3570.4,75.40000000000009,317.44967049743946,-784.2477813780628,15.941944444444445,763.918246639784,404.56052728423424,1269.8816418182773,10.260743484759516,247.99452614408634,-205.2189163771335,583.1795980496998,7.274118186129623,365.3208692896991,-128.25668762406212,657.7354838826761,7.260783598424976,287.3241735527987,-466.25204019638977,319.4195312998927,13.421678690263349,368.498990565676,-442.3677015644471,345.6703951060801,12.33299994163029,12.33299994163029,0.0,False,False,False,False,0.0,False,False,925.3034383268762
3570.499,75.4989999999998,317.54461987226466,-785.8934685657887,16.198888888888888,764.5295131490874,405.3704045894404,1272.362020143045,10.237573223389557,248.08224443882972,-205.93468232024028,584.1037710409556,7.294030072631411,365.9648896788305,-128.57815235703896,659.096311210091,7.280571498591216,287.4825132053789,-467.5724048591836,319.73743893475427,13.443470984587426,368.5687079213573,-441.5843370743515,348.0692971085346,12.237796517886391,8.940485242463561,-3.4154999256134033,True,True,False,False,0.08744971266399675,False,False,928.1090080365227
3570.599,75.59900000000016,317.6260050506648,-787.5169167372079,16.17388888888889,765.1449349663303,406.18814914396637,1274.8352744347958,10.231434597474275,248.17341907883574,-206.65922423186936,584.9951458266988,7.311092617594739,366.6186783990739,-128.9004301917002,660.4361879783488,7.2975495466866205,287.64956668371843,-468.9069469887747,320.0170302972404,13.45567071373149,368.72079153595087,-442.7992892735694,348.4837440830445,12.250880638721117,12.250880638721117,0.0,False,False,False,False,0.0,False,False,930.9508527179561
3570.699,75.69900000000007,317.727736523695,-789.1181258923206,16.063055555555554,765.7574715009057,407.0071406562751,1277.2808213935175,10.222939159392746,248.26524642204262,-207.3857910931416,585.8647854940815,7.33584114138666,367.2751291255711,-129.22202238816303,661.753588228741,7.322293078483853,287.818665522373,-470.2437261891773,320.2740003718723,13.49296968141147,368.87477615550443,-444.0165858454379,348.8711690665023,12.289063998091757,12.289063998091757,0.0,False,False,False,False,0.0,False,False,933.8033121538729
3570.799,75.79899999999998,317.8294679967102,-790.7304545555863,16.13111111111111,766.3644315251549,407.8283491456466,1279.7370118259432,10.200536753493108,248.36015208356903,-208.11521224168544,586.7422828038946,7.37565050602814,367.9362662772961,-129.5413263547542,663.0850280958753,7.361976403788369,287.9879718892294,-471.5845150705409,320.538056367298,13.535751858828695,369.02900566936165,-445.2379765184378,349.2655795210041,12.332730567199642,12.332730567199642,0.0,False,False,False,False,0.0,False,False,936.6692717503562
3570.899,75.89899999999989,317.92441737152046,-792.3094246951827,15.993055555555555,766.9656025927069,408.65110816830855,1282.1638692150893,10.179291608665052,248.45847924171173,-208.84825661161022,587.5818676760721,7.416540679709888,368.6029302372533,-129.85843557653618,664.3866529744222,7.402845205208839,288.167912310091,-472.928043970128,320.76458025678767,13.574751338927623,369.192982344583,-446.4623117787597,349.6265025237963,12.37261443898923,12.37261443898923,0.0,False,False,False,False,0.0,False,False,939.5523429542749
3570.999,75.9989999999998,318.00580254992053,-793.9328728666018,16.08888888888889,767.5651332357857,409.4741833892601,1284.6369661710353,10.186269219436689,248.55568781668998,-209.58431506730102,588.4611758124589,7.43249024448914,369.2721288592443,-130.17683772975153,665.7329122056724,7.4188641779212645,288.34860414888914,-474.27309393300897,321.0325897551081,13.567901024153228,369.28862826334637,-445.790527052007,351.89916334433434,12.254376114671597,9.118883451665992,-3.247765064239502,True,True,False,False,0.07907415390666771,False,False,942.4194512188567
3571.1,76.09999999999991,318.1143161211558,-795.5118430061979,15.99388888888889,768.1731585166053,410.3063222767384,1287.0704756712582,10.221789542228624,248.65361038916407,-210.3280472861832,589.2918329775752,7.422008916515194,369.94865222456315,-130.49773458173178,667.0311557962405,7.408339434007526,288.5249070325304,-475.6313534864236,321.24610613301513,13.55395777046707,369.4478580841799,-447.01725358573646,352.2550374172178,12.241018556973103,12.241018556973103,0.0,False,False,False,False,0.0,False,False,945.3129458254786
3571.2,76.19999999999982,318.22961179056597,-797.090813145004,15.926944444444445,768.7787590230583,411.1327672939133,1289.4955426059303,10.269804584963294,248.75167394859352,-211.0624103573391,590.1325891023428,7.3956235796732805,370.6178555652079,-130.81244729107812,668.3347880297488,7.3818945862509615,288.70404350661954,-476.97289377751486,321.4766577570761,13.514992921967144,369.60962089914824,-448.2286837815338,352.62542540210086,12.202633605490663,12.202633605490663,0.0,False,False,False,False,0.0,False,False,948.1774244301458
3571.3,76.30000000000018,318.35168955818125,-798.6364247601402,15.836944444444445,769.3875672119811,411.9614911072092,1291.8903501587522,10.296489572848252,248.84941760829508,-211.79409937560055,590.9437203904699,7.368151595474196,371.2851939542008,-131.12479146033795,669.60715085654,7.35445471919847,288.8828297330499,-478.31170903806117,321.6773806188803,13.499009496183081,369.771039841199,-449.4374465999769,352.9644117069452,12.18723007672409,12.18723007672409,0.0,False,False,False,False,0.0,False,False,951.0396724563049
3571.4,76.40000000000009,318.4466389330065,-800.2265144070996,15.933055555555555,769.9981563884568,412.79219564708325,1294.3388906533842,10.322816108878289,248.94783220197547,-212.52318190218497,591.7983534739003,7.345756386177505,371.95128418135613,-131.433909880916,670.9294261932979,7.332043548938093,289.0614395515453,-479.64828642866416,321.92218034251994,13.470162447630143,369.93227835167994,-450.64403059081684,353.3534831546326,12.15896292518864,12.15896292518864,0.0,False,False,False,False,0.0,False,False,953.9008897764385
3571.499,76.4989999999998,318.58906299522175,-801.8054845466958,15.858888888888888,770.6018669482727,413.61644989035534,1296.7521172715326,10.317510170327946,249.04482786057554,-213.24373866137503,592.6561645339057,7.342261642705146,372.6100043974614,-131.7384252565616,672.2411219612442,7.328586872614158,289.24173438469575,-480.97067095183536,322.17424371141624,13.491831337399914,370.0485323610849,-450.5094515990805,355.0450390473696,12.1026471162309,9.90651099341954,-2.2746949195861816,True,True,False,False,0.0387906066840553,False,False,956.7140760940981
3571.599,76.59900000000016,318.6840123700319,-803.4178132107518,16.03611111111111,771.207649065347,414.4472491692212,1299.2201322076753,10.246539316144501,249.14376962813526,-213.9728100751585,593.5328609960206,7.372883662314689,373.2774093169289,-132.0448406223647,673.5889750525675,7.359174186390165,289.41971582500037,-482.3100508227183,322.43851215096083,13.5312390403797,370.20821711212994,-451.711141735258,355.4607241801498,12.142421686245056,12.142421686245056,0.0,False,False,False,False,0.0,False,False,959.5709321187819
3571.699,76.69900000000007,318.8264364322472,-804.9967833495577,15.969999999999999,771.8087746628984,415.2754834472323,1301.636433057359,10.221246978756023,249.24629861978428,-214.7046161746168,594.3788675635177,7.406205142750816,373.9493836004482,-132.34894068497306,674.9027037624224,7.392485062034096,289.6055716613799,-483.65172316499627,322.67089525238674,13.558442138646159,370.37501877677255,-452.9152641586182,355.83514792320653,12.169991651545882,12.169991651545882,0.0,False,False,False,False,0.0,False,False,962.441996070586
3571.799,76.79899999999998,318.93495000348247,-806.620231520977,16.025,772.4074404500478,416.1041955647954,1304.1059482204812,10.225419684315746,249.35172875338992,-215.4387973181533,595.2623898967973,7.428071642589355,374.6252313112417,-132.65115184972302,676.2660185053322,7.414336280120308,289.7958789394137,-484.994978672892,322.94254710717735,13.574948505120418,370.54585209170165,-454.12106560552763,356.2574170251719,12.186864885054508,12.186864885054508,0.0,False,False,False,False,0.0,False,False,965.3235469473639
3571.899,76.89899999999989,319.06380986928764,-808.2103211687264,15.971944444444444,773.0051549535892,416.9333279518625,1306.5372959687977,10.216920153147113,249.45838905988478,-216.17470970937805,596.1133112438428,7.443964550985247,375.30348371983365,-132.95261144377747,677.5956577914288,7.430248326164726,289.99147815582023,-486.3390823800737,323.18151993980064,13.59027801056937,370.7214645659559,-455.32782594950487,356.6434756460633,12.202561257537829,12.202561257537829,0.0,False,False,False,False,0.0,False,False,968.2144239692021
3571.999,76.9989999999998,319.192669735123,-809.7892913075325,15.91611111111111,773.6009713483917,417.7605563054323,1308.9558941957016,10.172332615664224,249.56400422570658,-216.91301376490395,596.9509456675867,7.472447066126559,375.98338061038584,-133.25583574428003,678.9128819944964,7.458746804842807,290.1859399480301,-487.68623954374505,323.4065032254091,13.632123149239723,370.86275302461195,-455.5547119390795,357.98314866413415,12.18665793348409,10.5604704563883,-1.684302806854248,True,True,False,False,0.021268406075699745,False,False,971.0923221561308
3572.1,77.09999999999991,319.3283116991332,-811.3460224308219,15.811944444444444,774.2001211064343,418.59192008510547,1311.3564372182661,10.120075663609134,249.669178145734,-217.6620041792164,597.7567301292248,7.5045692477503945,376.6721497169995,-133.56495502557547,680.2025368165091,7.490875901322218,290.3793435235856,-489.0505639427069,323.5929624087847,13.654301482323724,371.03566745925735,-456.7745000502451,358.32194340143883,12.209047653196297,12.209047653196297,0.0,False,False,False,False,0.0,False,False,974.019347913619
3572.2,77.19999999999982,319.4639536631585,-812.9694706022412,16.068055555555556,774.7929288904998,419.4103010679584,1313.8053041845562,10.090532198204704,249.77224292408428,-218.40630008212554,598.6336929080011,7.523390644153977,377.35589271340626,-133.8732384899149,681.5593657753932,7.509701647415653,290.5675590298548,-490.4037534469222,323.8574431856228,13.670024025341611,371.2039740030966,-457.9845525752921,358.7357268678114,12.224979489905474,12.224979489905474,0.0,False,False,False,False,0.0,False,False,976.92497778047
3572.299,77.29899999999998,319.59281352897875,-814.5373212336841,15.889999999999997,775.3815269165219,420.21707447383903,1316.192147435367,10.084537158958438,249.8750742935083,-219.14417822497623,599.4610562045651,7.5273130621283855,378.0341405704183,-134.17819836554204,682.8644995724057,7.513621056272643,290.7523260027402,-491.74403264123936,324.0791274998692,13.662399626961552,371.3692053968496,-459.1831228383478,359.10639241323366,12.217562292279792,12.217562292279792,0.0,False,False,False,False,0.0,False,False,979.8060724781758
3572.399,77.39899999999989,319.74201968939906,-816.1162913732802,15.85111111111111,775.9779274132054,421.0303454102212,1318.5912954366468,10.085776076003054,249.97903869750706,-219.8895597788449,600.2942520003484,7.524641040464473,378.71933518187234,-134.4861778237083,684.176830534549,7.51094702140871,290.94291627714773,-493.0970362051312,324.30052045400004,13.664827064425202,371.5396434617022,-460.3930655276336,359.47462669079994,12.220199023434734,12.220199023434734,0.0,False,False,False,False,0.0,False,False,982.7208695907194
3572.5,77.5,319.86409745702935,-817.7175005283929,15.969999999999999,776.5802045999002,421.85137558865347,1321.0301287865525,10.077549028844537,250.08369711183573,-220.64253786520626,601.1387654373832,7.529160243099333,379.41136050421153,-134.79751109833774,685.511187727492,7.515456633402619,291.1317575050452,-494.46454259938935,324.52738277218845,13.671480252947257,371.6849155078189,-460.8980984397491,360.56273086711315,12.184622620728705,10.996040644597873,-1.2310229539871216,True,True,False,False,0.01136159881920481,False,False,985.645913747367
3572.6,77.59999999999991,320.0133036174496,-819.2853511590455,15.876111111111111,777.1760108710197,422.665525802808,1323.4197073074477,10.09992267531644,250.18883371170492,-221.38789400327946,601.9608175545559,7.52554285676612,380.09725823200625,-135.10425614137358,686.8142779396077,7.511838194236512,291.3210727681632,-495.8178258110195,324.7375618339902,13.657740151102503,371.8536318720486,-462.10413444275736,360.9235946962633,12.170976752833441,12.170976752833441,0.0,False,False,False,False,0.0,False,False,988.5584495295091
3572.699,77.69900000000007,320.1421634832699,-820.8754408067949,15.931944444444444,777.7671652018222,423.4739549594017,1325.8303288662557,10.13259121399219,250.29278095324455,-222.12490838781014,602.8110286912836,7.511003789565317,380.7754974409706,-135.40752053299397,688.1443677828919,7.497302654515747,291.51134600004707,-497.15571786849495,324.9833576185207,13.642351322713699,372.0231811879222,-463.29630782842946,361.3232297260031,12.155681216054633,12.155681216054633,0.0,False,False,False,False,0.0,False,False,991.4432884167771
3572.799,77.79899999999998,320.2778054472952,-822.4766499626977,15.98111111111111,778.3660665455278,424.29277478489877,1328.2615907423715,10.15680233648329,250.3963198344634,-222.8679383163619,603.6671509314011,7.4931811646661926,381.4586130643384,-135.71429870508197,689.482137785717,7.4794788459341,291.70016442753973,-498.5058096801367,325.2288223999261,13.62227996711864,372.1914087031665,-464.49917024943426,361.72212841471,12.135704094409064,12.135704094409064,0.0,False,False,False,False,0.0,False,False,994.3561271472979
3572.899,77.89899999999989,320.4066653131154,-824.0778591186005,16.035,778.9665731922464,425.11406262061445,1330.6981800741405,10.191386530652585,250.5000340154625,-223.60887785707757,604.5245524845432,7.470090355748603,382.14000224222696,-136.01992759327987,690.8217729800544,7.456394431103757,291.8873156597522,-499.8538063082096,325.4759433897472,13.596246760226153,372.3581175586741,-465.6999263034425,362.1238684749853,12.109765121466067,12.109765121466067,0.0,False,False,False,False,0.0,False,False,997.2670863972743
3572.999,77.9989999999998,320.57621776812067,-825.6345902410998,15.886944444444445,779.5688766743295,425.93920871858313,1333.0833564230572,10.240314124295912,250.6030131383181,-224.3473370652968,605.3450340077685,7.442028168012652,382.8188362864697,-136.32500181156323,692.114045704115,7.428330327061593,292.0770937835588,-501.19860151294586,325.6852941873523,13.566152831567189,372.49538338795287,-465.9039880584239,363.45798368638174,12.02103874206394,10.374769556166385,-1.70499587059021,True,True,False,False,0.021795575447806845,False,False,1000.1535372908947
3573.099,78.09900000000016,320.71185973216103,-827.2357993962125,15.953055555555554,780.1715848666337,426.767172435671,1335.5248752396344,10.241693215371201,250.7047008776607,-225.08392940872713,606.2077835365567,7.429538219369189,383.4953087141828,-136.63038407551952,693.453387861322,7.415837194386148,292.2622894407118,-502.5427742603981,325.93701634152376,13.571259030350467,372.6594897506523,-467.09509212541525,363.86795035843454,12.026079976578757,12.026079976578757,0.0,False,False,False,False,0.0,False,False,1003.0480745597358
3573.199,78.19900000000007,320.8475016961863,-828.8592475668416,16.068055555555556,780.7733045780278,427.59506154836885,1337.9869861290458,10.22747382181334,250.80729650841394,-225.81962939105767,607.0934124435387,7.426854360122087,384.1714335091582,-136.93469000107797,694.8161725973509,7.41315450728702,292.4481750145226,-503.8865872068884,326.21120725290444,13.560911407779079,372.8242024858459,-468.28584136682883,364.3003687668422,12.015667389738908,12.015667389738908,0.0,False,False,False,False,0.0,False,False,1005.946141551565
3573.299,78.29899999999998,320.99670785660663,-830.4048591827681,15.818888888888889,781.3769956590075,428.42222030795966,1340.3714505524863,10.253140237451976,250.91332748607044,-226.55357738992177,607.9046395011513,7.404601900299153,384.8478615095333,-137.23525541355065,696.1042087305489,7.3909243355735725,292.6367267461633,-505.2278291967426,326.4113805600491,13.527697496010244,372.9912422556869,-469.47406038416125,364.65665101404295,11.982388513701611,11.982388513701611,0.0,False,False,False,False,0.0,False,False,1008.8437556752754
3573.399,78.39899999999989,321.1391319188219,-831.983829322364,15.921944444444446,781.9872941041515,429.2496890945221,1342.7922462420738,10.31069325468501,251.01917122604874,-227.28400045269478,608.7517490098599,7.356523326158116,385.5211237053857,-137.53428660832788,697.4275648711765,7.342825813046096,292.8348050340048,-506.56286522195336,326.6495657374174,13.465310463296818,373.16664070052104,-470.6562355996843,365.05409414969137,11.919936516719725,11.919936516719725,0.0,False,False,False,False,0.0,False,False,1011.7365641786574
3573.499,78.4989999999998,321.2747738828471,-833.5739189701136,15.941944444444445,782.6024026040603,430.07660187746944,1345.22705141545,10.301386062875814,251.12176097524528,-228.011120747938,609.6127851437218,7.329914487247821,386.1898315328482,-137.83436816374163,698.7613950884488,7.316221052086738,293.02342824993866,-507.8965847168774,326.90038937934014,13.474521820761822,373.3079567653623,-471.011724420039,366.27694035777273,11.88030657069468,10.51180891165577,-1.417273998260498,True,True,False,False,0.015060591787703467,False,False,1014.6020814150172
3573.599,78.59900000000016,321.4171979450624,-835.1640086178629,16.046944444444442,783.2185404251039,430.89884481834855,1347.655604658479,10.248216293992542,251.2234535020204,-228.73673501263707,610.4762075062406,7.32419921769847,386.85674793618534,-138.13449183296166,700.0946235848648,7.310494722777392,293.2110918974547,-509.2298652107357,327.15233494032515,13.453935393782242,373.47339895786297,-472.1871297318399,366.6906907322897,11.859522965837135,11.859522965837135,0.0,False,False,False,False,0.0,False,False,1017.4801770494686
3573.699,78.69900000000007,321.57996830189273,-836.7540982648223,15.928888888888888,783.8378931215129,431.71381928458237,1350.071571032686,10.224214711055652,251.32301893820534,-229.46155164911858,611.3430101905791,7.30829711752378,387.5218194209824,-138.4360701222398,701.4245477298017,7.294597933737881,293.39695049301815,-510.56180354136035,327.4075375274266,13.442927874155378,373.63722126055046,-473.36114702008615,367.10270306817534,11.848318268332308,11.848318268332308,0.0,False,False,False,False,0.0,False,False,1020.3578602525856
3573.799,78.79899999999998,321.7223923641231,-838.3664269280881,16.006944444444443,784.462391747455,432.5240078929408,1352.5127741906433,10.234626779545264,251.42135593588333,-230.1844953511331,612.2315718905394,7.283729737239983,388.1847313202845,-138.73751320861524,702.7786702880312,7.270025922594562,293.5767909990854,-511.8920894554703,327.68531841445747,13.404814830996314,373.79569735383075,-474.53339969677234,367.5406110851622,11.810008047295279,11.810008047295279,0.0,False,False,False,False,0.0,False,False,1023.2318222679665
3573.899,78.89899999999989,321.87159852454334,-839.9565165750475,16.086944444444445,785.088304805686,433.33274820492005,1354.9299866715849,10.218522782106673,251.5213281524328,-230.9057605609811,613.1003049605627,7.279504883036335,388.84725360387415,-139.03632222087484,704.1128156956077,7.265789700143401,293.7587557269665,-513.2216606649669,327.9420650004242,13.434490400832457,373.95603584961515,-475.7049533833101,367.95650544472454,11.83948643925346,11.83948643925346,0.0,False,False,False,False,0.0,False,False,1026.109238233133
3573.999,78.9989999999998,322.0208046849486,-841.5577257301601,16.016944444444444,785.708853569814,434.1385069355575,1357.3531171792247,10.121895603807658,251.62500681524082,-231.62858345718473,613.9781160200746,7.324974367216706,389.5132869090906,-139.33232260026162,705.4613752415681,7.311217070024132,293.9459139988494,-514.5551183961176,328.2055829663755,13.49607022833322,374.1000904837781,-476.18838447299953,369.0623355749102,11.859960430234366,10.71126409124137,-1.1896049976348877,True,True,False,False,0.010610898882206067,False,False,1028.9809253724848
3574.099,79.09900000000016,322.17679294358896,-843.1589348852729,16.111944444444443,786.320855922642,434.93979406685804,1359.766918316428,10.043545733401421,251.73178569827786,-232.35661084503494,614.8511837011845,7.39135156093108,390.18555453955946,-139.62805797751406,706.8103609996231,7.377598417830193,294.14205833562727,-515.8939924643431,328.4635274765119,13.567236084115452,374.2725168106864,-477.36536027341896,369.48464605793134,11.930818228512647,11.930818228512647,0.0,False,False,False,False,0.0,False,False,1031.886591902443
3574.199,79.19900000000007,322.31921700581927,-844.7379050248688,15.96111111111111,786.9246247933227,435.7365973399806,1362.1575298591208,9.950805128397983,251.84129815126576,-233.09162314803265,615.6933580767517,7.471198667294679,390.8653578185779,-139.92480549136994,708.1384601152097,7.457426842829606,294.33980494323447,-517.2407047572274,328.69022450099055,13.655825614591935,374.44648750786746,-478.5501516553313,369.8793357945574,12.019099701485182,12.019099701485182,0.0,False,False,False,False,0.0,False,False,1034.8156917023239
3574.299,79.29899999999998,322.4752052644295,-846.3279946726184,16.018055555555556,787.520969114882,436.5318618201479,1364.5500994378667,9.929668187261658,251.95347136935501,-233.83360195889793,616.5409119087856,7.5370042636138965,391.55263142201716,-140.22263843307007,709.4761905199754,7.523220553343075,294.54418938827286,-518.5930816717729,328.92296187336314,13.69885457269999,374.626411582964,-479.740678485716,370.2782854956449,12.061820602089288,12.061820602089288,0.0,False,False,False,False,0.0,False,False,1037.766191381795
3574.399,79.39899999999989,322.63797562127496,-847.929203827731,16.106944444444444,788.1089148558439,437.33574187893623,1366.9561719141818,9.989934760962942,252.06898981270297,-234.58100798772782,617.3945181958107,7.588686290777549,392.2463760507812,-140.52028415423052,710.8253716940495,7.574875307441682,294.7494868483706,-519.9505810869096,329.16218613474194,13.759854131260738,374.8072278817956,-480.9362998041392,370.68237412249744,12.122512103146088,12.122512103146088,0.0,False,False,False,False,0.0,False,False,1040.7333261354831
3574.499,79.4989999999998,322.8007459780903,-849.5192934746904,16.00111111111111,788.6848222821286,438.1535268326909,1369.3608964447728,10.015355395818801,252.1906215891291,-235.33322601589327,618.2316031445873,7.651186225907953,392.94747495062376,-140.8152159495749,712.1671384487429,7.6373857933782885,294.9645594888742,-521.3129481694923,329.38466627464203,13.824926516057669,374.99271374561977,-482.0009632480069,371.2057711728852,12.179238395241763,11.132346101116255,-1.054930329322815,True,True,False,False,0.0018503295711748112,False,False,1043.7171807725695
3574.599,79.59900000000016,322.9702984331106,-851.1316221387464,16.10388888888889,789.2526963781751,438.9736188850919,1371.7838049600145,9.934922749714072,252.31969849210984,-236.0901562911826,619.0860295499676,7.706134792504405,393.6564373125438,-141.10653346154052,713.5349723599794,7.6924054379278,295.1906795482837,-522.6792209010724,329.6250705031099,13.8722318819649,375.1919602620959,-483.2048594571029,371.6143224656113,12.226213918475228,12.226213918475228,0.0,False,False,False,False,0.0,False,False,1046.7238496346765
3574.699,79.69900000000007,323.166979280951,-852.7550703101655,16.063888888888886,789.8193737287797,439.7802600515106,1374.1950507395445,9.781276536295382,252.45324132655742,-236.8523705160942,619.9488433323419,7.770354096582055,394.3721067071025,-141.39721767162277,714.9126972451203,7.75660994220976,295.43120665257686,-524.0495531090817,329.87359718796057,13.953394063991501,375.4040278734603,-484.41305210126313,372.02762212484106,12.307046257828064,12.307046257828064,0.0,False,False,False,False,0.0,False,False,1049.7530547049428
3574.799,79.79899999999998,323.32974963776627,-854.3673989734315,16.04,790.3813737915752,440.57354585651825,1376.5933568856833,9.662472843106261,252.58528476255177,-237.62266002284815,620.788895143674,7.860234210693554,395.0936883988543,-141.69378230241867,716.2777022953087,7.846445313194855,295.6724428078053,-525.4289468798328,330.0991243351296,14.053191285742347,375.6168993855195,-485.6302562033049,372.42586710246195,12.406513636905146,12.406513636905146,0.0,False,False,False,False,0.0,False,False,1052.8083121833238
3574.899,79.89899999999989,323.5196483874017,-855.9463691130277,16.013055555555553,790.9375568871828,441.3619493545377,1378.9446596406442,9.634365879562282,252.7150215652631,-238.40107651073822,621.5910903436999,7.922856778389588,395.8208372663804,-141.99683697565763,717.6011401555069,7.909047013901917,295.9054862186077,-526.816118496253,330.28663888105643,14.07902743034222,375.82265836394345,-486.85501949401765,372.7787939464751,12.432019938831257,12.432019938831257,0.0,False,False,False,False,0.0,False,False,1055.8810786510414
3575.0,80.0,323.695982940627,-857.5698172844469,16.181944444444444,791.5005700791351,442.15624574725047,1381.3504155976157,9.644850989459043,252.84717723789376,-239.19117707102416,622.4240483317666,7.940077417899923,396.5590379470337,-142.3043291984397,718.9671364059562,7.9262654267734405,296.13752515269096,-528.2194612238624,330.50132470669956,14.087247378168481,376.01652536317584,-487.7273298668253,373.5249719344656,12.418216753715587,9.666999488476936,-2.772907257080078,True,True,False,False,0.012781550509365613,False,False,1058.9870604782793
3575.099,80.09900000000016,323.8790995920574,-859.1599069314062,16.121111111111112,792.0543024114949,442.9311499803879,1383.7012470272239,9.595885439286837,252.97756491594643,-239.96757352413084,623.2384562667601,7.964357311686697,397.2845352295538,-142.60647529307317,720.3035321125406,7.950517741748077,296.3704977141177,-529.5965428165097,330.70944066356327,14.127894768817805,376.22193236055443,-488.94147368427195,373.9003349265599,12.458479426853613,12.458479426853613,0.0,False,False,False,False,0.0,False,False,1062.042126622877
3575.199,80.19900000000007,324.06899834167774,-860.7611160865189,16.09,792.6143000599592,443.7085906833295,1386.064903113303,9.566767610155734,253.1078626984313,-240.7538614994144,624.0548681906246,7.975867074887159,398.0180595693198,-142.9146306811523,721.645370154404,7.961983636223437,296.6026631994474,-530.9892160751808,330.91374344870184,14.109949469010491,376.42664350269956,-490.16945868390536,374.2719593333483,12.440145523499535,12.440145523499535,0.0,False,False,False,False,0.0,False,False,1065.1340613305997
3575.299,80.29899999999998,324.2588970913282,-862.3623252424217,16.118055555555554,793.178634872895,444.4812952988738,1388.4257160650025,9.570210030269989,253.23738125708414,-241.5401966039434,624.8713236488013,7.962739560761173,398.7509052714991,-143.22418662860633,722.9859761376134,7.94886554460192,296.83192702594704,-532.3810394924092,331.11914416445137,14.10163912071762,376.6287645692513,-491.3965028183289,374.6441570696636,12.431446571659897,12.431446571659897,0.0,False,False,False,False,0.0,False,False,1068.226112313512
3575.399,80.39899999999989,324.44201374274354,-863.9524148893809,16.09111111111111,793.7459387239398,445.25207714007854,1390.7776874658548,9.570723381304493,253.36852734042688,-242.32527532994362,625.6770261934093,7.956446462431924,399.48343272988575,-143.53199322573488,724.3181611099016,7.942573830570441,297.06106156574805,-533.7722515302421,331.31353250054013,14.097464209315822,376.8307533294241,-492.62289668676715,375.00692143488,12.426883056711334,12.426883056711334,0.0,False,False,False,False,0.0,False,False,1071.3205678011898
3575.5,80.5,324.63869459058395,-865.5202655208237,15.988888888888889,794.317579480828,446.0321252707893,1393.1144707822612,9.57945666646963,253.50138056511418,-243.11787310725563,626.4545119391283,7.957536044119107,400.22328967874637,-143.84219403971235,725.625433589078,7.943678207029781,297.298926159531,-535.1764198746388,331.473255775144,14.10397834894879,377.02733209827437,-493.4296097960377,375.76059588202355,12.407531803504545,9.259307235143417,-3.1736974716186523,True,True,False,False,0.016739964691279044,False,False,1074.446476897101
3575.6,80.59999999999991,324.8150291437942,-867.1659527085496,16.278055555555557,794.8810153256514,446.80722070103457,1395.5241064937486,9.585473285280449,253.6320306450098,-243.90316269483264,627.3145340982948,7.964139132828219,400.95590867727407,-144.15011262389544,727.0139878636794,7.950278897840348,297.52972667843767,-536.5681486826683,331.7218650577032,14.110755069111608,377.23037452781386,-494.6539571232492,376.1815456487319,12.413850960926444,12.413850960926444,0.0,False,False,False,False,0.0,False,False,1077.544770194785
3575.7,80.69999999999982,325.0049278934297,-868.7338033399924,16.01888888888889,795.4428135998043,447.5844467426152,1397.8574819374192,9.59470531938509,253.76416035248155,-244.68865822323804,628.0983920562243,7.966491841073369,401.68949305456886,-144.456885854941,728.3251854327165,7.952636022167853,297.76201403089215,-537.9598737290864,331.89391206522936,14.108784395178768,377.4347221964066,-495.87828451581953,376.523732649478,12.411422724252684,12.411422724252684,0.0,False,False,False,False,0.0,False,False,1080.6479085436777
3575.8,80.80000000000018,325.18804454486,-870.3238929869517,16.038888888888888,796.0062986612996,448.36332698043094,1400.2163448962294,9.632058016968976,253.89588573487438,-245.473348385322,628.9044243736416,7.946922094218436,402.4220936926409,-144.76377848332666,729.6592205312527,7.9330664324383955,297.9975077520723,-539.3490702055296,332.0898351444586,14.071521798069865,377.64184348686086,-497.1001097324473,376.89175290824966,12.37370256440286,12.37370256440286,0.0,False,False,False,False,0.0,False,False,1083.7508277709533
3575.9,80.90000000000009,325.39150749089043,-871.913982633911,16.01888888888889,796.5740224972114,449.1437597517305,1402.5713961024337,9.669627415250796,254.02544324507434,-246.2557869685101,629.7152474962179,7.914925549692721,403.15150778600815,-145.07160050112037,730.9900588314223,7.901070602852706,298.22801613899554,-540.7358581011191,332.2902427569637,14.044770872187062,377.8445093474984,-498.31939101818597,377.2588452088164,12.346494075779137,12.346494075779137,0.0,False,False,False,False,0.0,False,False,1086.8487182875328
3575.999,80.9989999999998,325.57462414232083,-873.4929527735072,15.95,797.1385622176892,449.91827382212983,1404.916304401269,9.692482208232942,254.15217657054342,-247.02788552470616,630.5233116231216,7.891756425874225,403.8705010770396,-145.37672383822297,732.3137901090732,7.877889945943221,298.4541415276119,-542.1067845966045,332.49407970101544,14.024932239844928,378.02943984473166,-499.07598604051,378.07350167383095,12.299725348716429,9.10974389728724,-3.216458559036255,True,True,False,False,0.017190536313347722,False,False,1089.9079909351167
3576.1,81.09999999999991,325.77130499016124,-875.0496838967968,15.85,797.7139645532114,450.7103271323299,1407.2560110937154,9.693620030135332,254.27899314168462,-247.81442382503343,631.2964613640191,7.884440420911975,404.60143709224076,-145.69013002328018,733.6072168086996,7.870536316185971,298.68253249211403,-543.5050640515796,332.64941987588156,14.030692391771252,378.2297378543326,-500.30227181896873,378.4012553330052,12.304951040625117,12.304951040625117,0.0,False,False,False,False,0.0,False,False,1093.0294344149136
3576.199,81.19900000000007,325.97476793619165,-876.6508930519093,16.068055555555556,798.2749711836649,451.48634715603424,1409.6155542610818,9.651193027944414,254.40364892882704,-248.5859515493485,632.1297302141243,7.904153019201502,405.3183073174366,-145.99793425675978,734.9483950847499,7.890262118427735,298.90108655430964,-544.8784955537309,332.8752138042978,14.06450027010905,378.42143856586307,-501.5069522241544,378.7923304396689,12.338235042311963,12.338235042311963,0.0,False,False,False,False,0.0,False,False,1096.0965944320835
3576.306,81.30600000000004,326.17823088222207,-878.2187436833522,15.91611111111111,798.8774296156287,452.3234927108208,1412.0152886254498,9.627164353625993,254.54071529562316,-249.42185983409328,632.8644837387848,7.928956085636889,406.0958559310066,-146.33024556690648,736.2388202672993,7.9150511483027595,299.14475868981447,-546.364247008917,332.9537739413992,14.077569064871433,378.63521156962236,-502.81039855689517,379.055616517449,12.35073762695665,12.35073762695665,0.0,False,False,False,False,0.0,False,False,1099.423611810056
3576.399,81.39899999999989,326.3545654354323,-879.8421918547714,16.076944444444443,799.4006208102468,453.05119580429766,1414.3469706443825,9.647232112108165,254.65954843730592,-250.14968488650936,633.7608608886607,7.9304512635494335,406.77246148280364,-146.6203307868932,737.6186925183829,7.916541029332425,299.3565011821615,-547.6558318101703,333.2816725730731,14.069232250376798,378.8209691771874,-503.9434810099676,379.54257249533714,12.341908685911122,12.341908685911122,0.0,False,False,False,False,0.0,False,False,1102.3197196885194
3576.5,81.5,326.5715925778878,-881.4322815025208,16.07611111111111,799.9703569445968,453.842844457064,1416.7095863691725,9.666621464749678,254.78726246541441,-250.94007866570337,634.565526866784,7.923922702328522,407.506488343531,-146.93654320029412,738.9414367436223,7.910014808252353,299.5845320176344,-549.058206549227,333.4678802204803,14.06528414687085,378.93291584264347,-502.3592260701084,382.67230044634937,12.171427945060874,7.963868554791102,-4.3735575675964355,True,True,False,False,0.14289244293005307,False,False,1105.4415563468588
3576.6,81.59999999999991,326.76149132752323,-883.0223711494801,16.046111111111113,800.5346364582346,454.6287380297356,1419.074164001104,9.683223822207726,254.91165104688972,-251.72240544829617,635.3755159294924,7.9191726178964394,408.2320503997054,-147.2509747959,740.2681944320119,7.905274834419046,299.8074667307095,-550.4466740823897,333.66617107766075,14.059736578059935,379.1258192712646,-503.56065470354844,383.05772030999765,12.164902871445937,12.164902871445937,0.0,False,False,False,False,0.0,False,False,1108.5173112093032
3576.7,81.69999999999982,326.9649542735386,-884.5902217809229,15.863888888888889,801.0991286587988,455.4165626014946,1421.415279751452,9.700470576485834,255.0379365660055,-252.50367498432436,636.1657791154349,7.909164940849846,408.95796097524936,-147.56271062541217,741.5742750042461,7.895209120353229,300.0260140447641,-551.834852531766,333.8440388336928,14.045795516507576,379.3148907062438,-504.761606966751,383.41921245049895,12.149984305089559,12.149984305089559,0.0,False,False,False,False,0.0,False,False,1111.593376573105
3576.799,81.79899999999998,327.1209425321639,-886.1691919205192,15.823055555555555,801.661074719022,456.19710972942136,1423.7751314239408,9.729643867770926,255.16490535485445,-253.27500456410593,636.9715250117521,7.882966298176265,409.67614152467695,-147.86788523808468,742.90253757117,7.869036607544105,300.2532267440147,-553.2047659710138,334.0466780250276,14.007300625144056,379.5113857748496,-505.9463173113613,383.8153109494415,12.110521683970056,12.110521683970056,0.0,False,False,False,False,0.0,False,False,1114.6382651871563
3576.899,81.89899999999989,327.27693079080433,-887.7481620593252,15.846944444444444,802.2322600245051,456.98355843756593,1426.1437392065436,9.710091413439981,255.29117497633086,-254.0523357365055,637.7713926942336,7.86744024487793,410.3993619193067,-148.17602728998352,744.228648389723,7.853549691379275,300.4791174896951,-554.5875636151796,334.23660355111065,14.015232834185758,379.70668862135386,-507.1418701226617,384.20050620469874,12.117476388207736,12.117476388207736,0.0,False,False,False,False,0.0,False,False,1117.7129906952675
3577.0,82.0,327.5075221296247,-889.2937736744614,15.821944444444444,802.8100476161948,457.7731515032873,1428.4613371182804,9.66448289666269,255.41770301933843,-254.836975458988,638.5392476748658,7.870698262934354,411.12921722661633,-148.48707977845436,745.5113316456205,7.856828165868876,300.70481886961295,-555.9849176410539,334.384775987698,14.013764617995973,379.8496022416372,-506.70505916799453,386.15258359638506,12.018096124368647,9.548380276702632,-2.566640615463257,True,True,False,False,0.04922165475166326,False,False,1120.7979389812638
3577.099,82.09900000000016,327.7042029774651,-890.8616243059042,15.836944444444445,803.3745480380269,458.5460157953107,1430.7911295271451,9.670287576136385,255.54210935955047,-255.60671072603336,639.3404202634852,7.8813021476357,411.84558367546634,-148.7914636657594,746.8252106472145,7.867443497437953,300.92551151078715,-557.3557470966767,334.5792409127677,14.036350417069778,380.03888219882907,-507.8807691477068,386.5401066731721,12.039455340937556,12.039455340937556,0.0,False,False,False,False,0.0,False,False,1123.8274559671981
3577.2,82.19999999999982,327.86697333428043,-892.4739529691701,15.866944444444444,803.946331452569,459.3412340925992,1433.1977725342613,9.724869367148125,255.6711810574442,-256.3925663207733,640.1654183592138,7.888720675531765,412.57822509750986,-149.10006700086478,748.184957423572,7.874850240829552,301.1524960279689,-558.7547123861809,334.78679011131317,14.028203651988477,380.23355504745575,-509.0805891240604,386.95313711196525,12.030057213906819,12.030057213906819,0.0,False,False,False,False,0.0,False,False,1126.9240009556916
3577.3,82.30000000000018,328.06365418212084,-894.1307596658395,16.218055555555555,804.5082347993869,460.13782551247243,1435.6332537247906,9.77188389618574,255.7990724892499,-257.17119780438674,641.0457497043245,7.89260404470212,413.3043064879574,-149.40542489803326,749.5877487329589,7.8787429796400765,301.3826666437025,-560.1393243649214,335.05544906834837,14.044052003761765,380.43094901786947,-510.26803025374073,387.4182863522583,12.044666593452934,12.044666593452934,0.0,False,False,False,False,0.0,False,False,1129.9956325583212
3577.4,82.40000000000009,328.23320663714117,-895.7542078364686,16.20388888888889,805.0672295447742,460.93879698032674,1438.049580063602,9.76302256048634,255.92657821195058,-257.95059322836926,641.8891643589067,7.902534120849795,414.030991682559,-149.7111276868778,750.9604099803055,7.888653489350297,301.6076513889993,-561.5258031622257,335.2872599478861,14.048235841795455,380.6238985943193,-511.45709085579944,387.8518515147324,12.047611459259457,12.047611459259457,0.0,False,False,False,False,0.0,False,False,1133.0722975781118
3577.5,82.5,328.45023377958165,-897.310938959758,15.93611111111111,805.6256893188629,461.73872475165535,1440.386199532343,9.74864687631881,256.0534459993892,-258.73084601551665,642.670856648694,7.907501161083249,414.7581931379748,-150.01752036021827,752.2609369964633,7.893628513941516,301.8362935536654,-562.9121883779399,335.45614647078634,14.05401464330082,380.7973443278167,-511.94439663285357,388.9056337053283,12.010842649975606,10.952926959542905,-1.099224328994751,True,True,False,False,0.009029871068228468,False,False,1136.1305754218647
3577.6,82.59999999999991,328.660478823817,-898.8676700830476,15.866944444444444,806.1853552852006,462.5364568851119,1442.7235371218549,9.740875701932069,256.17671939858764,-259.5119504780337,643.4513435933286,7.907986364442388,415.4843289340464,-150.3271275027531,753.5591050703092,7.894124306810068,302.05867549224746,-564.2996462307411,335.62392424398035,14.049316261851239,380.98738030072786,-513.130045542165,389.27062514992997,12.004793982470968,12.004793982470968,0.0,False,False,False,False,0.0,False,False,1139.2045033340698
3577.7,82.69999999999982,328.86394176984743,-900.4466402218536,15.908888888888889,806.7462024384154,463.3332895847038,1445.0837871918984,9.747500726829433,256.29670715718186,-260.29338111609883,644.2532100680984,7.903817612127828,416.2091494395388,-150.63934280808616,754.8775851472868,7.889975486638468,302.27433229091906,-565.6877512699788,335.81322348075514,14.045832463676714,381.1716394561211,-514.3160552747705,389.6574442620276,11.999959898241386,11.999959898241386,0.0,False,False,False,False,0.0,False,False,1142.279478941979
3577.799,82.79899999999998,329.0741868140829,-901.99225183778,15.753055555555557,807.3014993644916,464.12326349125885,1447.4021430452256,9.759894897201072,256.4152850137581,-261.0667195022856,645.0308938418113,7.901787200281358,416.926585668446,-150.9479741550614,756.1650289615507,7.887923449994024,302.4829366045892,-567.0625258045682,335.9836543172692,14.045298410039765,381.3498486053062,-515.4905151688158,390.02094464763775,11.998089061409926,11.998089061409926,0.0,False,False,False,False,0.0,False,False,1145.3256130905352
3577.899,82.89899999999989,329.27086766190826,-903.5823414847392,15.848888888888888,807.8622975737068,464.9242226032714,1449.779284145346,9.795470600750523,256.5350512077393,-261.84720638763946,645.8440079565247,7.890679628226652,417.6509592095155,-151.258782163321,757.4970485038281,7.876838231453576,302.6978083018419,-568.4494307311422,336.18476371473474,14.02372452727848,381.5333667055718,-516.6750460336439,390.4210855980631,11.975164892593583,11.975164892593583,0.0,False,False,False,False,0.0,False,False,1148.4042155374955
3578.0,83.0,329.4946769025387,-905.1279530998756,15.798055555555557,808.4282414879203,465.73593757534377,1452.1174766676627,9.799236496772442,256.65628023895187,-262.63479551298497,646.6087608241131,7.888845127607318,418.3824190732015,-151.5713979880941,758.7809383874463,7.874960974876733,302.9107546346578,-569.8506619089152,336.3295510529707,14.042010864395401,381.68693298782256,-517.0026220670444,391.618825115209,11.940960084255616,10.625198560065217,-1.3668888807296753,True,True,False,False,0.013965437710846868,False,False,1151.4923438179133
3578.099,83.09900000000016,329.6845756521741,-906.6958037313184,15.75,808.9807215486944,466.53191070706146,1454.4686834624233,9.774929505176775,256.7769188890012,-263.4071105614551,647.4070351601744,7.902678512497344,419.10088953070715,-151.87582692028838,760.0976743686487,7.8887913389919175,303.1249400426963,-571.2247098505061,336.5208300734102,14.051752114869636,381.86907055869517,-518.1710758689899,392.0136294430911,11.949228293065957,11.949228293065957,0.0,False,False,False,False,0.0,False,False,1154.5374554707598
3578.199,83.19900000000007,329.8880385982045,-908.2747738709145,15.819999999999999,809.5352469116043,467.3350290297798,1456.833475136855,9.744286871498037,256.8956357410885,-264.1896946015927,648.2078989122425,7.928245276780892,419.82725737147564,-152.18684106086232,761.4184297838635,7.914402386953292,303.34256948158855,-572.6150627895144,336.7077420759288,14.093896697584869,382.0541739762234,-519.3536322450519,392.4040775576141,11.989884954908572,11.989884954908572,0.0,False,False,False,False,0.0,False,False,1157.6236698848663
3578.3,83.30000000000018,330.10506574064493,-909.831504993414,15.823055555555555,810.0904675851378,468.14722883644293,1459.1817490878766,9.737765216701979,257.014873341986,-264.98313689432933,648.9773448009764,7.959994447981073,420.56322462690866,-152.50287508012389,762.7118277537288,7.946138614139605,303.54960686256044,-574.0245223744877,336.8553427984385,14.115695979782677,382.2303165723171,-520.5527677307354,392.7530739015168,12.010181437025032,12.010181437025032,0.0,False,False,False,False,0.0,False,False,1160.7495530679478
3578.4,83.40000000000009,330.3220928830854,-911.3882361174936,15.746111111111112,810.6327555990924,468.95229709197105,1461.5191823372277,9.675879411756585,257.1385185072945,-265.7724843751847,649.7503631828178,8.019529443663275,421.29807876653695,-152.81293041505074,764.0112070048584,8.005669633889214,303.7647293642752,-575.4245469087107,337.0117119980342,14.213415458270157,382.41345052405876,-521.7446096972604,393.11024554288844,12.106412994639895,12.106412994639895,0.0,False,False,False,False,0.0,False,False,1163.865627071186
3578.5,83.5,330.54590212371585,-912.9338477326298,15.746111111111112,811.1661907155318,469.75474037517444,1463.8386500873767,9.595587958726703,257.26461356030336,-266.5682100181056,650.5064833432621,8.09357157272357,422.0396522444079,-153.12424489317135,765.2984639199292,8.079712002346948,303.9891488550865,-576.8306065982379,337.1507820622905,14.263718936699478,382.57167184341336,-521.9385717474829,394.4413601001145,12.096199210097732,10.569954809520816,-1.5852737426757812,True,True,False,False,0.01878765207273345,False,False,1166.9831457263178
3578.6,83.59999999999991,330.74258297154125,-914.5128178714358,15.788055555555555,811.6957552976452,470.5556156481983,1466.1959348951543,9.606910322560296,257.3910240123917,-267.3693927813822,651.2872360479847,8.128309293013245,422.7860204852621,-153.4381900895126,766.6202341725239,8.114450576525911,304.2109866394623,-578.2405951282633,337.31725925686374,14.2829422157628,382.75980898451536,-523.1343608767874,394.8200709204089,12.113775805398237,12.113775805398237,0.0,False,False,False,False,0.0,False,False,1170.1200669584468
3578.7,83.69999999999982,330.9731743103767,-916.0473099784189,15.696111111111112,812.2262832430749,471.35719871162286,1468.501217429132,9.618026676998616,257.5189603082805,-268.17270532016363,652.0253253637901,8.140426438431204,423.53498610916114,-153.7520002182941,767.894412198551,8.126570637106425,304.43424133368774,-579.6515928706485,337.4409480960961,14.288073079558567,382.94915096030206,-524.3310259740236,395.1495277776827,12.117259985431188,12.117259985431188,0.0,False,False,False,False,0.0,False,False,1173.2639246496462
3578.8,83.80000000000018,331.1969835510072,-917.626280118015,15.803888888888888,812.7573363565508,472.1596675388785,1470.8519142655964,9.627480581505896,257.64945390874755,-268.9764914285473,652.8060871984652,8.145805049523645,424.28571106342935,-154.06386164020668,769.215885237403,8.131945296052274,304.6604315472836,-581.0626717790302,337.60813238191383,14.293779193458612,383.1409695100449,-525.5276785854493,395.5243241585863,12.12131941556841,12.12131941556841,0.0,False,False,False,False,0.0,False,False,1176.4133130319165
3578.9,83.90000000000009,331.40722859524254,-919.1941307494578,15.823888888888888,813.2886810196786,472.96241539261194,1473.1970618884973,9.625899486965562,257.78121223675333,-269.7803699347638,653.5740379025968,8.14629200208818,425.0372851328525,-154.37444319339926,770.5295204991066,8.132426998498579,304.8922719665586,-582.4728815658535,337.763589773658,14.289024188054867,383.3375541244245,-526.7234387898344,395.89140273164867,12.114917726401849,12.114917726401849,0.0,False,False,False,False,0.0,False,False,1179.5675023616293
3578.999,83.9989999999998,331.62425573768303,-920.7619813809006,15.848055555555554,813.8145163582254,473.7548184929144,1475.5285671811348,9.586272355279565,257.91139288684644,-270.5769440682938,654.3501882744912,8.15959627489836,425.7820112001843,-154.68209003128138,771.8445975997892,8.145733193379757,305.1206516739878,-583.8705087721573,337.9323975958102,14.320339732514286,383.48258790028103,-526.4504413226518,397.7070243757259,12.05891068844802,9.833108226665576,-2.311494827270508,True,True,False,False,0.039950636527181886,False,False,1182.6742495240694
3579.1,84.09999999999991,331.8548470765034,-922.3187125041902,15.77611111111111,814.3476524028623,474.5595517289857,1477.8593276353438,9.52885799016398,258.04316615462477,-271.392311268592,655.0979652433979,8.195808881670581,426.54374723424223,-154.9977450897458,773.1412903518484,8.18197281809944,305.35428798095853,-585.2999493990612,338.05905744009806,14.361011555117532,383.6793658750084,-527.6543742010739,398.0524094600273,12.09768676851996,12.09768676851996,0.0,False,False,False,False,0.0,False,False,1185.8569615195074
3579.2,84.19999999999982,332.08543841535396,-923.8754436274797,15.806944444444444,814.8702652475735,475.35223190084366,1480.1754210173235,9.460262713854236,258.1739249443514,-272.2039250257483,655.8495863993977,8.245795271337403,427.3019193720048,-155.31193671938738,774.4391792753215,8.23195686677819,305.5813554663249,-586.7210081809159,338.19458859399305,14.420702809392559,383.87070647064917,-528.8518430210676,398.4035128153529,12.155501049991718,12.155501049991718,0.0,False,False,False,False,0.0,False,False,1189.0236790950694
3579.3,84.30000000000018,332.3024655577793,-925.4432942589226,15.838055555555556,815.3904622711713,476.13960323577317,1482.5008030750557,9.413652101026532,258.30885074972747,-273.0191558462365,656.606664157392,8.280697259431395,428.06539579230576,-155.62438667117223,775.7523375966714,8.26685910313311,305.8126362799267,-588.1449385418659,338.3369501319652,14.431115071362147,384.0656557947101,-530.0520907072201,398.76513351792494,12.16403633915803,12.16403633915803,0.0,False,False,False,False,0.0,False,False,1192.2037526370102
3579.399,84.39899999999989,332.53983899481983,-927.0111448903654,15.818055555555555,815.9068463513895,476.91542336934333,1484.8075541518265,9.413844841619163,258.446254789288,-273.8278761744007,657.3722246573051,8.29123495740634,428.82459922391644,-155.93142697546364,777.0680063109658,8.277405018877554,306.0502192956661,-589.5542715983107,338.49496493132006,14.441984755821323,384.2659140933886,-531.2400150177042,399.137036725215,12.173047820541976,12.173047820541976,0.0,False,False,False,False,0.0,False,False,1195.3598643769822
3579.5,84.5,332.7839945300503,-928.578995521018,15.86111111111111,816.4339982482762,477.70705019208714,1487.1307166702063,9.419532783112816,258.58571695035994,-274.6540800224301,658.120945955702,8.300725939494892,429.59976609510505,-156.2458179989417,778.377691564374,8.286908106619292,306.29646273472224,-590.9923856912533,338.62414042262594,14.44996601542318,384.4255338986015,-531.0419160030003,400.8772607420734,12.096280658094996,9.935092371578593,-2.2440409660339355,True,True,False,False,0.03765889259127749,False,False,1198.5643183224852
3579.6,84.59999999999991,333.02136796710585,-930.1579656606143,15.946944444444444,816.9535727485644,478.4926473513142,1489.4586024336243,9.417913697570903,258.72452365066283,-275.4731541577541,658.887109820732,8.314399354160658,430.3686707796572,-156.55668431062205,779.7021481766152,8.300550677040924,306.53377854872514,-592.4187722024632,338.77626125653956,14.469904488720573,384.62420390509607,-532.2360219189356,401.25394202175613,12.114119668665012,12.114119668665012,0.0,False,False,False,False,0.0,False,False,1201.7428349845102
3579.7,84.69999999999982,333.2587414041313,-931.7258162920571,15.898055555555555,817.4696995951621,479.27830803883586,1491.7750805369642,9.382629886024194,258.8664702068163,-276.2937687043243,659.6403406546199,8.341616647369735,431.1407194372203,-156.8652147959089,781.0184590485954,8.327745936170476,306.78012572943385,-593.8463905501306,338.91536322176705,14.504436435923807,384.8304742779389,-533.4313892375444,401.6193399903569,12.146552153140869,12.146552153140869,0.0,False,False,False,False,0.0,False,False,1204.9334680960737
3579.799,84.79899999999998,333.4961148411718,-933.2936669234999,15.843888888888888,817.9792304311076,480.0540002960884,1494.080157731433,9.366341321520304,259.00575986453765,-277.10847412494184,660.3997427563293,8.355940374595063,431.9065488297941,-157.1724373945857,782.3354628567611,8.342084418545108,307.0254003709535,-595.2609546380436,339.0675645054035,14.49901802747902,385.035851318937,-534.6158532525674,401.9954521504345,12.139055276595972,12.139055276595972,0.0,False,False,False,False,0.0,False,False,1208.0995356748351
3579.899,84.89899999999989,333.7334882781972,-934.8615175541527,15.946111111111112,818.4974220187739,480.8345694998819,1496.3928235445876,9.372093049026736,259.1448957572557,-277.9317660102771,661.1506307928271,8.343382450288965,432.6796945311579,-157.48404908619625,783.649207371195,8.32952365435326,307.26622268106905,-596.6897227093556,339.2059536280878,14.479412479735737,385.2374317191054,-535.811804073838,402.35970227979533,12.117350266125312,12.117350266125312,0.0,False,False,False,False,0.0,False,False,1211.296422571242
3580.0,85.0,333.97764381345775,-936.4404876929588,15.908888888888889,819.0259728516721,481.6191707982835,1498.7211470260447,9.361187802593191,259.2859818472449,-278.7616462089679,661.9065665960715,8.325682184885261,433.4595050767926,-157.7973332115179,784.9724853402356,8.311819563688745,307.51041189629865,-598.1308154102194,339.3434082539562,14.463852625745826,385.3999053739962,-535.8146926082902,403.9124616438855,12.029012995017132,10.178271791938949,-1.9213981628417969,True,True,False,False,0.027612595048960034,False,False,1214.5026516765613
3580.1,85.09999999999991,334.2285814468782,-938.0305773414982,16.061944444444443,819.5509720279733,482.3929206092246,1501.0465470230815,9.339752649363112,259.4252479441379,-279.58240524561995,662.6835851592565,8.324134156943249,434.23067780079174,-158.10721583945684,786.3083804028935,8.310273653884517,307.7537123299776,-599.5572152266126,339.50719514630543,14.476164908724835,385.60224688260683,-537.0009621367359,404.30682132704845,12.039036200779181,12.039036200779181,0.0,False,False,False,False,0.0,False,False,1217.682934640047
3580.199,85.19900000000007,334.46595488393376,-939.6540255129174,16.151944444444442,820.0693897089759,483.158375494997,1503.3980924478337,9.336782777745247,259.5616677317268,-280.39538607433093,663.5002682050674,8.32935084106166,434.9938699814186,-158.4151547687017,787.6801602652847,8.315498496040675,307.99222371830297,-600.9702829215619,339.71684670842814,14.474450736818056,385.80058273791985,-538.176008711496,404.74663925931446,12.035055842427608,12.035055842427608,0.0,False,False,False,False,0.0,False,False,1220.8356224311249
3580.299,85.29899999999998,334.7101104191642,-941.2774736843367,16.286944444444444,820.5909792143382,483.9329720349614,1505.7572955986477,9.340023763390525,259.69960361932067,-281.2172733954507,664.3086964173912,8.338291482325378,435.765576335311,-158.72609915470164,789.0493400097047,8.324430576073878,308.2305501077099,-602.3989688536399,339.9114710488255,14.494104355964783,385.9987521399031,-539.363967113779,405.1727921929112,12.052420384357376,12.052420384357376,0.0,False,False,False,False,0.0,False,False,1224.025282651958
3580.4,85.40000000000009,334.9678301508198,-942.8453243149894,16.10611111111111,821.1142920985594,484.717088587639,1508.0692375340993,9.32748516112176,259.84083513726773,-282.0485534794009,665.053710407293,8.358590583644693,436.54706424725254,-159.03897406204413,790.3611424510068,8.344730029308076,308.4744421669213,-603.8434796748309,340.035513257506,14.514917014672157,386.20156806217875,-540.5651943918805,405.52952892646823,12.070921075075619,12.070921075075619,0.0,False,False,False,False,0.0,False,False,1227.2561106208634
3580.499,85.4989999999998,335.2391140788553,-944.3798164219724,15.926111111111112,821.6246667420592,485.4873793380603,1510.328144262084,9.339779866390767,259.9804607047601,-282.8646343833369,665.7823976159863,8.367454289541188,437.31470691278764,-159.34546904081924,791.6428192187129,8.353610709497328,308.71655869651767,-605.2597793447192,340.15561952037,14.512266054647641,386.36299024505837,-540.6209268517526,406.9826674702918,12.000106460847652,10.266988883440304,-1.7990150451660156,True,True,False,False,0.024210679648093925,False,False,1230.4080253405134
3580.6,85.59999999999991,335.5036159086858,-945.9699060697218,16.081944444444446,822.1466930965887,486.2731695750713,1512.660474894273,9.34117813835889,260.12322480991656,-283.6972780433762,666.5487508015642,8.361141944392784,438.09791805695346,-159.6583564278922,792.9763199071114,8.347316737320755,308.9638600519726,-606.7039980988977,340.3023875205721,14.502370603567144,386.5674464372919,-541.8149335189963,407.3680849376051,11.98772053373208,11.98772053373208,0.0,False,False,False,False,0.0,False,False,1233.629011449072
3580.699,85.69900000000007,335.75455354213636,-947.593354241141,16.231944444444444,822.65992900571,487.0402266041699,1515.008368275358,9.303752905673562,260.26401939937944,-284.51319800039806,667.3635548525308,8.36570367583524,438.86564730662366,-159.96475340161268,794.3492371229055,8.351916227100116,309.20695517316,-608.119955970121,340.50985758540827,14.521344801596348,386.76839699690703,-542.9854116644399,407.81123013004304,12.00425357208334,12.00425357208334,0.0,False,False,False,False,0.0,False,False,1236.7907550276598
3580.8,85.80000000000018,336.0122732737768,-949.2279219207135,16.386944444444445,823.1827658949345,487.82034295944527,1517.3802438663213,9.292616937965335,260.40666753206733,-285.3464542139886,668.1727402281583,8.374499596561884,439.6488450974753,-160.2792542731701,795.7264223350903,8.360700855366817,309.45756868726073,-609.5649476416708,340.69941067128775,14.519513646177879,386.97554560083984,-544.1797926160424,408.2416467969626,11.999931940629798,11.999931940629798,0.0,False,False,False,False,0.0,False,False,1240.0223290327426
3580.9,85.90000000000009,336.26321090721234,-950.8402505839794,16.203055555555554,823.700631512478,488.5926785034981,1519.7244475060832,9.305096855838977,260.5459954941233,-286.1720278091434,668.9670717431248,8.370458641904206,440.42352667960205,-160.59317141101533,797.0820644847084,8.356664339868443,309.6994030980218,-610.9962993233876,340.88054666368845,14.513236957135513,387.17538469911676,-545.3625855382378,408.6614568211243,11.991189433730929,11.991189433730929,0.0,False,False,False,False,0.0,False,False,1243.2229991400752
3581.0,86.0,336.54127693345293,-952.4081012146322,16.088055555555556,824.2180669441766,489.36422968702516,1522.0171174033364,9.274795125962735,260.68579759330055,-286.99789205434365,669.719941617885,8.381815324842417,441.1984275406743,-160.90752632387282,798.3898040591607,8.368052440333948,309.94089734790873,-612.4288642541087,341.018271883421,14.542308148502324,387.31497304268316,-544.899528446041,410.6594758391515,11.921066509210714,9.367529828832422,-2.6502649784088135,True,True,False,False,0.05255034327139481,False,False,1246.4091164743752
3581.099,86.09900000000016,336.81256086150347,-954.0204298786882,16.34111111111111,824.7240836255611,490.12404160788776,1524.3394991179568,9.16747905538819,260.82518019047626,-287.81875527198844,670.5212548980193,8.438643798304613,441.96847845084386,-161.22057763796585,799.743316769179,8.424919968126323,310.1828644370703,-613.8523341244564,341.2088423542357,14.627160300726601,387.513430212757,-546.0670335110208,411.09190184299183,12.003220802135168,12.003220802135168,0.0,False,False,False,False,0.0,False,False,1249.5767198962076
3581.199,86.19900000000007,337.03637010211884,-955.6994755900837,16.561944444444446,825.2313836610565,490.8879106313249,1526.7447190800099,9.172104198166641,260.96818835906157,-288.6513585303869,671.3714014959095,8.45730376136104,442.7501752015049,-161.53729966831474,801.1672548559319,8.443580049932137,310.4270744512748,-615.2921046715928,341.44579773468155,14.579535913965048,387.71373762002946,-547.2479707723516,411.5833176483411,11.952871304969758,11.952871304969758,0.0,False,False,False,False,0.0,False,False,1252.7843193903482
3581.3,86.30000000000018,337.3280003247845,-957.27844572968,16.31611111111111,825.7472967842673,491.65981538451507,1529.0439802944202,9.212895199438035,261.1176737790192,-289.4916588885491,672.1214224764853,8.443678103091264,443.5416701628981,-161.85294814690226,802.4855549262487,8.430062265795776,310.6795536667714,-616.7439686763112,341.5755696347389,14.601722884989615,387.92074068376303,-548.4383273587741,411.95857530408,11.972305914486425,11.972305914486425,0.0,False,False,False,False,0.0,False,False,1256.0247814728193
3581.4,86.40000000000009,337.57893795822,-958.9018939010992,16.29611111111111,826.2572359506925,492.4257979219007,1531.3910499872645,9.19120144837056,261.27034002781323,-290.3230152329906,672.9195487717756,8.461496956334203,444.3270339918506,-162.16176316341355,803.8594354330301,8.447905439755404,310.94099871650843,-618.1812508994537,341.7603493304919,14.61562609124399,388.13510382442576,-549.6167789365779,412.39572165410823,11.983484010336943,11.983484010336943,0.0,False,False,False,False,0.0,False,False,1259.2429461556135
3581.5,86.5,337.8163113952454,-960.5253420725184,16.25,826.7607457428949,493.1952175992752,1533.74382655384,9.199511846127699,261.42381733431495,-291.15648260504724,673.7139475872772,8.488124206956687,445.1145359952026,-162.47121729995303,805.2349315999697,8.474532704938175,311.2077421127628,-619.6202652796965,341.9419356299845,14.654935406579837,388.272276336086,-548.6167920033915,414.9872986226948,11.891997230546355,8.4985659588755,-3.5215022563934326,True,True,False,False,0.09279213935308907,False,False,1262.4517871817025
3581.599,86.59900000000016,338.060466930506,-962.1376707357844,16.27611111111111,827.2528877054264,493.9605308068435,1536.0765596412514,9.18230751881232,261.57326336874956,-291.9852550286308,674.5031894563813,8.524835697060572,445.89597000168203,-162.78153086957926,806.5970084648304,8.511242280733178,311.46911009096203,-621.0490887060263,342.12354647062654,14.689148131849592,388.48439823525837,-549.7764013054309,415.43277359211675,11.923172372592346,11.923172372592346,0.0,False,False,False,False,0.0,False,False,1265.6267521603063
3581.699,86.69900000000007,338.3249687603365,-963.8055969390267,16.64,827.7467253506337,494.73518336940555,1538.465099911812,9.19117754406178,261.7227453548304,-292.82545075455175,675.3386241023139,8.54295554051037,446.6870974964252,-163.09787456265224,808.0069353770288,8.529368567686609,311.7261705958137,-622.495421880408,342.34504766732346,14.690843389427034,388.6930300338216,-550.9502537090393,415.91642914172104,11.921799364287205,11.921799364287205,0.0,False,False,False,False,0.0,False,False,1268.8405070246135
3581.8,86.80000000000018,338.54877800096693,-965.4624036349057,16.631944444444443,828.2487651672639,495.51949733551675,1540.8679996657147,9.249101490087579,261.87932083834613,-293.6726850938759,676.1505983130141,8.518416842331153,447.4878221265086,-163.41220873653288,809.4147456474367,8.50488527772597,311.98589678623614,-623.9537905525273,342.5400990656095,14.64214527888662,388.9036923049177,-552.1331273193763,416.38528798947436,11.870002305205373,11.870002305205373,0.0,False,False,False,False,0.0,False,False,1272.083143863217
3581.899,86.89899999999989,338.77936933980243,-967.0969713144784,16.633055555555554,828.7439623779078,496.2917439345284,1543.234212408841,9.283837150369868,262.04127026661934,-294.49932560778865,676.9610984831753,8.499008685188066,448.2737971100451,-163.71146439054638,810.812741912802,8.485503306497373,312.25870106053554,-625.3779287410767,342.74662639223925,14.651423172332365,389.12483562938826,-553.2875764361658,416.8607456519157,11.876242615427365,11.876242615427365,0.0,False,False,False,False,0.0,False,False,1275.2619567733445
3582.0,87.0,339.0235248750479,-968.7204194858975,16.599999999999998,829.2436507549079,497.08236922923,1545.604602484966,9.237098480240329,262.2082087992982,-295.3429091995818,677.7446894983499,8.529608069823665,449.076606878426,-164.01585280593753,812.1952477662156,8.51609374407845,312.54982295710147,-626.8314653153648,342.91239971319345,14.703104215921831,389.2716246074661,-552.1604499347653,419.5796465024957,11.789332186148831,8.18653702317378,-3.7382876873016357,True,True,False,False,0.10458188136333087,False,False,1278.4978283351231
3582.099,87.09900000000016,339.28802670489347,-970.35498716468,16.616944444444446,829.7258628960392,497.8595632544628,1547.9609934460036,9.24049120620944,262.37133546175835,-296.1729466292335,678.555525489499,8.559595106975161,449.8658429239636,-164.31654757936954,813.5879912639448,8.54608265916025,312.8292108120879,-628.2604880083807,343.11618337153476,14.712614957695214,389.4956307101095,-553.3062041196314,420.0601039604935,11.795446074362793,11.795446074362793,0.0,False,False,False,False,0.0,False,False,1281.6630776144373
3582.2,87.19999999999982,339.6610421059592,-971.8561207479931,16.098055555555558,830.2127957089814,498.6571231029082,1550.177481227198,9.263707585221788,262.53881354536895,-297.02254913798413,679.2261681576123,8.587975966239473,450.6739584828905,-164.6238923846643,814.8298829270666,8.574463565377197,313.1176536791884,-629.7206207311294,343.1635934083973,14.759669808029104,389.7269394690634,-554.4771170681888,420.3710584608781,11.83903544783305,11.83903544783305,0.0,False,False,False,False,0.0,False,False,1284.903201399052
3582.3,87.30000000000018,339.9187618375546,-973.5129274438723,16.403055555555557,830.6877713828821,499.44713822562744,1552.567414248798,9.172479978244573,262.7077262649792,-297.86778545982696,680.0425735943525,8.651080335825682,451.47910114422285,-164.9278255194853,816.2448017355395,8.637579129575359,313.4032959850306,-631.1727469517073,343.36550366742506,14.839398335144494,389.9561781900291,-555.6425031145747,420.85559823338235,11.9153328097369,11.9153328097369,0.0,False,False,False,False,0.0,False,False,1288.1312180893267
3582.4,87.40000000000009,340.2443025512454,-975.0474195508552,16.206944444444442,831.1567625920298,500.2346294184142,1554.8157985543692,9.158877376660389,262.8799671500204,-298.7177568589595,680.7400774370543,8.693871316048694,452.2899603364509,-165.23161138208468,817.5303496437049,8.680371860810215,313.6985111750937,-632.627322366298,343.4475243696885,14.845221555835295,390.19319926953546,-556.8103462561014,421.20914254267524,11.917724865216172,11.917724865216172,0.0,False,False,False,False,0.0,False,False,1291.3746881307386
3582.5,87.5,340.48167598827087,-976.7042262467344,16.42611111111111,831.6226817807118,501.025890443236,1557.210899442771,9.206151766625661,263.0538520038717,-299.57067973469685,681.5459689110697,8.715494242252285,453.1041199739946,-165.5357690476608,818.9493762400963,8.702021720430313,313.9932855426554,-634.084209637377,343.6424167791219,14.882963376360543,390.36354256567495,-556.3367322522474,423.3167025058791,11.855415858243093,9.27752647206798,-2.674509048461914,True,True,False,False,0.05353681231630496,False,False,1294.6073837609697
3582.6,87.59999999999991,340.73939571991133,-978.4055109736463,16.656111111111112,832.0817624908952,501.821863016055,1559.6443184561535,9.171576094754688,263.22748336395546,-300.42741186931744,682.3946068237912,8.767560925795486,453.9212416302986,-165.8425164877886,820.4076732036986,8.754071571282918,314.29340531575696,-635.545327389844,343.878606335979,14.949481811958746,390.6027098711616,-557.5011060362368,423.84769457183677,11.918244430893203,11.918244430893203,0.0,False,False,False,False,0.0,False,False,1297.8505988201014
3582.699,87.69900000000007,340.9632049605568,-980.1401542250185,16.858888888888888,832.5288702135673,502.6056791701411,1562.1049931763039,9.058141301501873,263.39659020505616,-301.2820812233009,683.2751005299649,8.833255575947195,454.73406972068534,-166.15241986116038,821.9001407489077,8.819753256967962,314.58422204205834,-636.9997820846967,344.1528232230748,15.015043877313738,390.8346526000894,-558.661115624806,424.419298888519,11.980153531929574,11.980153531929574,0.0,False,False,False,False,0.0,False,False,1301.0812402433069
3582.8,87.80000000000018,341.18023210298225,-981.8636779690272,16.893055555555556,832.9887238200753,503.39061817753156,1564.5625320666643,8.957240522014303,263.5676491963956,-302.1586923689568,684.1217585159995,8.852790746368681,455.5662841098754,-166.4728786951191,823.3749598052314,8.839300486042216,314.87534241365114,-638.4866621384876,344.38310385710633,14.987167361081054,391.0668399239695,-559.8469986282233,424.9549991254649,11.948550254119308,11.948550254119308,0.0,False,False,False,False,0.0,False,False,1304.3845198808813
3582.9,87.90000000000009,341.4447339328127,-983.5204846649063,16.786944444444444,833.4528275670092,504.1555956519416,1566.9244028186097,8.937989250399143,263.73666922036193,-303.02746817852614,684.9155340683166,8.848499365998968,456.390489144563,-166.79168580038493,824.7778231353481,8.834998181968272,315.1616370018361,-639.9587484660976,344.565621854855,15.0061835498424,391.2950904590061,-561.0206306344279,425.4305874071165,11.96387657993256,11.96387657993256,0.0,False,False,False,False,0.0,False,False,1307.656551233754
3583.0,88.0,341.7024536644683,-985.199530376302,16.875,833.9163789927626,504.91772260783824,1569.306845689551,8.902704096492103,263.9063854350619,-303.89722042923756,685.7295864779063,8.874624100954122,457.2156138922713,-167.1111437254988,826.2033034058435,8.861150952133745,315.448622793692,-641.433365861516,344.76722509629343,15.039497055541165,391.46459229389563,-560.7836178388503,427.32322339883683,11.910390441321246,9.685718287945074,-2.307781934738159,True,True,False,False,0.03986620971485189,False,False,1310.9194776218255
3583.099,88.09900000000016,342.0144301817189,-986.8340980558745,16.898055555555555,834.3697227543568,505.6735173759263,1571.6210472776852,8.9020600395706,264.07671796607957,-304.7606821433578,686.5117855361092,8.905233285142259,458.03550471970675,-167.4273951278468,827.5797451244988,8.891779753085872,315.73476952272057,-642.8959485892209,344.9406778315632,15.067804747135787,391.6912227115269,-561.9419946461804,427.7862588442548,11.934824929323526,11.934824929323526,0.0,False,False,False,False,0.0,False,False,1314.1573299413928
3583.199,88.19900000000007,342.28571410975445,-988.4797852428102,16.896944444444443,834.8235785808288,506.4427596553262,1573.9717161316614,8.96112895852551,264.25243253279086,-305.63450910777135,687.289505356809,8.921182242941553,458.86677351885965,-167.74527226533837,828.9730298419347,8.907728971009401,316.02871935689853,-644.3739400012711,345.10616120673006,15.070975049741048,391.92402117076165,-563.1125145223004,428.2537524973929,11.934082905067845,11.934082905067845,0.0,False,False,False,False,0.0,False,False,1317.4354494116158
3583.3,88.30000000000018,342.55021593960004,-990.1254724313261,16.82,835.2812938531838,507.22633396207516,1576.3395405976034,9.008466707575542,264.4305829544689,-306.5172293066484,688.0573429051826,8.910873454499225,459.7066502730805,-168.0663532894685,830.3654770461148,8.897415788653403,316.33171224856216,-645.8644180159724,345.25799559600074,15.04711039011234,392.16385900867516,-564.292321159152,428.7136413749577,11.906266795309579,11.906266795309579,0.0,False,False,False,False,0.0,False,False,1320.746918961949
3583.399,88.39899999999989,342.8350640640456,-991.7711596182619,16.78611111111111,835.7365164931344,507.9893934109416,1578.6809551740237,8.94243066704434,264.6050628906115,-307.3807323097309,688.8470004835248,8.88620950326036,460.52806878733423,-168.38101468357127,831.7589639651422,8.872796184937982,316.62410474709566,-647.3238044064525,345.4431862126176,15.021355577075838,392.39512930995204,-565.4466350758855,429.19552687960504,11.87663877868075,11.87663877868075,0.0,False,False,False,False,0.0,False,False,1323.9884249599356
3583.5,88.5,343.09956589387605,-993.4613248378109,16.913055555555555,836.2151366419936,508.7507250136295,1581.0768510205658,8.866838000016415,264.7890875875922,-308.2566990489938,689.6650710416991,8.838634551510166,461.3645855610478,-168.6957081180793,833.2016186973929,8.82547863441701,316.92636011114195,-648.8070913006837,345.6466076732274,14.95427950271049,392.57163484001336,-565.1926212666567,431.11665250176605,11.721677834222792,9.467924238652394,-2.3376870155334473,True,True,False,False,0.0409107042952016,False,False,1327.2669890040208
3583.599,88.59900000000016,343.36406772373664,-995.1514900565697,16.926944444444445,836.6905994595425,509.4876278874319,1583.4487494585298,8.84994164156356,264.9747771060304,-309.11127204809003,690.504208248342,8.828330835035212,462.18364894071897,-168.99842000873437,834.6538132843117,8.815174935282059,317.24001350484434,-650.2562400018961,345.8832168797837,14.99933160387322,392.81754623253863,-566.3287867992045,431.66486695766065,11.76263435966628,11.76263435966628,0.0,False,False,False,False,0.0,False,False,1330.4770966416406
3583.7,88.69999999999982,343.63535165177217,-996.8416552769087,17.02611111111111,837.1604066634784,510.24787201436357,1585.839154263552,8.849577949967298,265.16602765328,-309.9856632643367,691.323794305067,8.895680605570407,463.02233814807005,-169.3072295418881,836.1019545015174,8.882556603626474,317.5638456038334,-651.7407548781839,346.0843175927194,15.088287699064766,393.0716604194509,-567.493700011714,432.1847004637911,11.847412140235186,11.847412140235186,0.0,False,False,False,False,0.0,False,False,1333.773513233837
3583.799,88.79899999999998,343.89307138341275,-998.509581480151,16.87611111111111,837.601840487631,511.0073938197917,1588.2033394402274,8.898475794003886,265.3575141094178,-310.84840790314416,692.131290581233,8.957697594805406,463.8512492004415,-169.60990713069523,837.5348557294889,8.944639708896572,317.884228754389,-653.2016626066027,346.2860360044603,15.126376416258221,393.3232704739458,-568.6410108878384,432.7012047189236,11.8814052817094,11.8814052817094,0.0,False,False,False,False,0.0,False,False,1337.024794384375
3583.899,88.89899999999989,344.1440090168482,-1000.1775076833933,16.75111111111111,838.0443777970936,511.7840038732296,1590.5864285570435,8.97847944940055,265.5513673218717,-311.72282360815643,692.9261543293983,8.955291655270006,464.69100634206654,-169.91756501353262,838.9655243013783,8.942276257184268,318.2152005896573,-654.6753922576128,346.4736856821068,15.082373574506995,393.58309215183976,-569.7979277909857,433.20988646335604,11.833265494787232,11.833265494787232,0.0,False,False,False,False,0.0,False,False,1340.3111553344681
3584.0,89.0,344.3949466502988,-1001.8676729029421,16.91111111111111,838.4985625282757,512.5737822594073,1593.0070007184356,9.062411508086873,265.744317354874,-312.60425313324066,693.7362491042182,8.912061847816176,465.53598899025354,-170.2302653899364,840.4141417861575,8.899046449945526,318.54036210183347,-656.1614320284956,346.67169558779176,15.040364660016191,393.8058337497131,-570.2610316870915,434.4257456753444,11.745711426447604,10.631606463915958,-1.1554718017578125,True,True,False,False,0.009996077602413958,False,False,1343.6021785156995
3584.099,89.09900000000016,344.6662305783343,-1003.5578381224911,16.97694444444444,838.9466689211378,513.3527462001418,1595.4093119191657,9.092328476525052,265.9337314461098,-313.4650575488951,694.5695445521658,8.893961501150637,466.3615160573427,-170.535384911911,841.8646863129434,8.880945814883507,318.8589572924895,-657.6161960483929,346.9029188049212,15.045329016878,394.05460634912777,-571.396972961094,434.97382109539006,11.746470629986122,11.746470629986122,0.0,False,False,False,False,0.0,False,False,1346.8321160256453
3584.199,89.19900000000007,344.92395030997477,-1005.24800334204,16.993888888888886,839.3974713232438,514.1417523602968,1597.8264275935815,9.081869753720051,266.12487626306256,-314.3334327534351,695.3935849015916,8.889317312125078,467.1941270655269,-170.84369940754388,843.3152071131202,8.876301648131035,319.1835938295572,-659.08455804898,347.1191392143341,15.031079319036754,394.30798308556274,-572.5430200911383,435.5139322953325,11.7279733025254,11.7279733025254,0.0,False,False,False,False,0.0,False,False,1350.0961304341413
3584.299,89.29899999999998,345.1816700416153,-1006.9270490542258,16.925,839.8488987246782,514.9300494189157,1600.2327003614412,9.086241648026707,266.3153983949228,-315.2010267641515,696.2074250657618,8.87602193091002,468.0257444566247,-171.15211468448254,844.7546433963113,8.863006271729171,319.5052291205184,-660.552221170692,347.3252092919866,15.018774585625001,394.55886405193627,-573.6878221468628,436.04395996232125,11.711420939494174,11.711420939494174,0.0,False,False,False,False,0.0,False,False,1353.3588848707625
3584.399,89.39899999999989,345.4393897732709,-1008.6060947656213,16.931944444444444,840.3016562936365,515.7200120170129,1602.6411771337887,9.123989544930454,266.5033381029293,-316.0677442822988,697.0224294407348,8.861260599432486,468.854960755177,-171.462922905378,846.1915228558005,8.848158670722064,319.8278114372135,-662.0181754398551,347.5329319178656,15.001760188601137,394.81032312486315,-574.8305614800462,436.5761128797502,11.690158912850835,11.690158912850835,0.0,False,False,False,False,0.0,False,False,1356.6202224592014
3584.5,89.5,345.69710950489633,-1010.2851404762268,16.93388888888889,840.7575441155393,516.5230240531577,1605.0632402464605,9.161181826523675,266.6915191913722,-316.9425368983062,697.829384045268,8.857648824041982,469.6908170209319,-171.77860015399202,847.6247151108419,8.84454694809831,320.1444646033928,-663.5004181011102,347.7248644176155,15.011879389525683,394.9977953780124,-574.7529781264199,438.31361154846456,11.623307920871717,9.66022736676168,-2.0357606410980225,True,True,False,False,0.031031944762748374,False,False,1359.8971607550952
3584.599,89.59900000000016,345.9616113347419,-1011.9864252047194,17.046111111111113,841.2029510217128,517.3145011489327,1607.4903756729257,9.186254653295757,266.87780287334914,-317.79914799448443,698.6774825349088,8.852100555974326,470.5102001694929,-172.0865362720589,849.0843152536875,8.83901225668301,320.45885574255175,-664.9518969949013,347.97033539169115,14.990894127784856,395.24112454451534,-575.8763785834672,438.8854556557815,11.597925006599672,11.597925006599672,0.0,False,False,False,False,0.0,False,False,1363.1080105183662
3584.699,89.69900000000007,346.2193310663824,-1013.6543514079617,16.92388888888889,841.6528501042702,518.1155765382755,1609.8985943054568,9.18906543286628,267.066926463801,-318.6637294828611,699.4834291948658,8.848396665515237,471.33761382080877,-172.39692401638953,850.510813465004,8.835308370308129,320.77876958929085,-666.4171598935201,348.16790394737234,15.004707092448697,395.48861654941015,-577.0099364340372,439.4153019865477,11.60729589799967,11.60729589799967,0.0,False,False,False,False,0.0,False,False,1366.3529094192368
3584.8,89.80000000000018,346.47705079800784,-1015.3445166275105,16.961944444444445,842.1057773099375,518.9234606357621,1612.3355918044394,9.151247515428604,267.25809213312976,-319.5375158928339,700.3020960152369,8.863554333068302,472.17378737712806,-172.71076692525745,851.9573379717556,8.850463599489117,321.10337786492244,-667.8983083765518,348.3714840598808,15.021072514286923,395.7397175935603,-578.1556802691474,439.9555534098748,11.619174825841403,11.619174825841403,0.0,False,False,False,False,0.0,False,False,1369.6370960974023
3584.901,89.90099999999984,346.7347705296635,-1017.023562338906,17.021944444444443,842.558085526032,519.726981927516,1614.7578750379676,9.107789705526109,267.44817355371964,-320.4128669945724,701.1082835968648,8.874108944259278,473.01058701035043,-173.02663000525382,853.3911199540804,8.861015253919936,321.42713656308825,-669.3807346553789,348.56278053857767,15.025829794004977,395.9901163009807,-579.3022058333015,440.48391006727877,11.619445611562986,11.619445611562986,0.0,False,False,False,False,0.0,False,False,1372.9267418505533
3584.999,89.9989999999998,346.98570816309893,-1018.713727558455,17.015,843.0004935232282,520.4990539627398,1617.1600582793492,9.052516556864868,267.6326819068767,-321.26269570776464,701.9507422929429,8.873405097667312,473.8229589730529,-173.33334374696165,854.8424893079982,8.860306653234359,321.7378374397089,-670.8198186021384,348.80886867304696,15.019933167709784,396.1862186712422,-579.5365519374526,441.9245205017512,11.557357599691766,10.153237863912338,-1.4559578895568848,True,True,False,False,0.015874392593079142,False,False,1376.1030818315014
3585.1,90.09999999999991,347.25020999294446,-1020.4261317943105,17.148888888888887,843.462284096374,521.2847407251205,1619.5983566707682,8.994268872635395,267.8183258202863,-322.1391104840847,702.7902876061438,8.866754956334608,474.6583705984442,-173.65318204057024,856.3044247366278,8.853740681036147,322.0613541073701,-672.3016399521149,349.0345832166365,15.014243668943509,396.43509042359636,-580.6764730386142,442.4917116045553,11.547041545765154,11.547041545765154,0.0,False,False,False,False,0.0,False,False,1379.381053901849
3585.2,90.19999999999982,347.50792972457,-1022.1162970138596,17.08388888888889,843.9239538947104,522.0565404146115,1622.0045070543995,8.99257893679349,267.999891271176,-323.0064534960574,703.6164448633873,8.856241319317272,475.4841330998829,-173.9710802478282,857.7460098149439,8.84321415060215,322.3631909188712,-673.7716301566679,349.2510054637705,14.99893118653102,396.66714317807117,-581.8066044971366,443.04543061805526,11.527148315669173,11.527148315669173,0.0,False,False,False,False,0.0,False,False,1382.6247072744964
3585.3,90.30000000000018,347.7588673580205,-1023.8287012497151,17.161944444444444,844.385746218238,522.8345407341944,1624.4400391860017,9.102276984662678,268.1799043309962,-323.87256236923787,704.4653346424666,8.836368420366073,476.30819086945866,-174.28917851553186,859.2102939692193,8.823438846711214,322.67591333136573,-675.2374079160406,349.4925526685042,14.97639031053808,396.90737792324427,-582.9326214771618,443.62701591493004,11.500026691992717,11.500026691992717,0.0,False,False,False,False,0.0,False,False,1385.8663726257244
3585.399,90.39899999999989,348.00302289325094,-1025.563344501087,17.341944444444444,844.8354088546605,523.6177162607512,1626.900236266281,9.142612810860008,268.350732900035,-324.7315648011136,705.3436543548083,8.857142444729773,477.12157349931215,-174.61049237817477,860.6929514331629,8.84426837341085,322.97057851130796,-676.6937465493548,349.7665216208353,15.040778419988834,397.133746758192,-584.0514156277883,444.2371116475005,11.559879861236825,11.559879861236825,0.0,False,False,False,False,0.0,False,False,1389.082567057984
3585.5,90.5,348.28787101769655,-1027.209031688813,16.968055555555555,845.2860293030383,524.4245544735625,1629.2863330446664,9.157382364661428,268.51914270197625,-325.61103978472624,706.1181149502922,8.874749452266139,477.95108770001184,-174.9442892422909,862.0717725211989,8.861887861910445,323.261632163523,-678.1831449385094,349.9219659481552,15.010119749085138,397.3308583906072,-584.6870696028466,445.23128993689664,11.49455091261216,10.678684205218262,-0.8459104299545288,True,True,False,False,0.005359049274026168,False,False,1392.3525629144683
3585.6,90.59999999999991,348.525244454737,-1028.876957892055,16.893055555555556,845.7297788735735,525.2241946852469,1631.699341633976,9.13292273987606,268.677091814064,-326.4851970908833,706.9157751256502,8.891891956165487,478.7706092337661,-175.28370205942855,863.4728145398476,8.879037756844612,323.538962240942,-679.6616505834438,350.1080478331157,15.075696935513836,397.54333270417004,-585.819815372544,445.76047885964897,11.555466984940923,11.555466984940923,0.0,False,False,False,False,0.0,False,False,1395.6048146782737
3585.7,90.69999999999982,348.7965283827876,-1030.6004816352738,17.20111111111111,846.1663870339531,526.0189894298034,1634.1483879971245,9.003673998926697,268.83059690993065,-327.3650526674085,707.7673478989683,8.971029996404065,479.59254940710224,-175.62986567944594,864.9175413088121,8.958173273586468,323.7979452717766,-681.1515162788439,350.3419879863638,15.168456222374552,397.74198781695713,-586.962629389368,446.32970094380016,11.643565157701705,11.643565157701705,0.0,False,False,False,False,0.0,False,False,1398.879034693984
3585.8,90.80000000000018,349.04746601622304,-1032.2461688222097,16.81111111111111,846.592967771829,526.8085911633161,1636.5216988939571,8.945676614963505,268.98742488894766,-328.25232001994596,708.5315443483978,9.049407824535372,480.42252536086886,-175.97723190446578,866.2885769465349,9.036552441719904,324.06011302574666,-682.64878591989,350.48922656997865,15.23251948040856,397.9433204333078,-588.1124626913255,446.81713653432246,11.70296730163576,11.70296730163576,0.0,False,False,False,False,0.0,False,False,1402.1780979653097
3585.9,90.90000000000009,349.28483945326354,-1033.9696925670085,17.176111111111112,847.0141349633086,527.597011462479,1638.9707205262828,8.931588182442313,269.14973135780394,-329.14550470663346,709.3650480130158,9.106921537367663,481.2603691931239,-176.3233678225378,867.7411819187878,9.09408334900477,324.32808300995873,-684.1508834763963,350.7079110680918,15.283738361634033,398.1492619364488,-589.2668614929709,447.3794136411277,11.749525068761297,11.749525068761297,0.0,False,False,False,False,0.0,False,False,1405.4966163154074
3586.0,91.0,349.5764696759142,-1035.6487382784042,17.07111111111111,847.430002435231,528.3883949749576,1641.3623287611808,8.948591866356024,269.31573407921286,-330.0434298357926,710.1553611576248,9.155898151114185,482.104097437411,-176.66920865348735,869.1429136998894,9.143057694312523,324.60656694508873,-685.6560486378793,350.8822863072396,15.330477065005315,398.31849079694416,-589.5789783512009,448.7248771179013,11.741610794459607,10.380591081380118,-1.4110115766525269,True,True,False,False,0.014912111814707718,False,False,1408.8157354568934
3586.099,91.09900000000016,349.84775360396475,-1037.3500230061063,17.11111111111111,847.8342086838213,529.1776805459463,1643.7760052510407,8.966172294506247,269.478909307037,-330.93752790031476,710.9695945504377,9.205074600358042,482.94307821951855,-177.0153879140056,870.56880817864,9.192235830497651,324.8827367106381,-687.1510458448746,351.08770367709684,15.382483483374921,398.5300759823795,-590.7243581165717,449.2710240491532,11.788870320917203,11.788870320917203,0.0,False,False,False,False,0.0,False,False,1412.120606854885
3586.199,91.19900000000007,350.1258196301902,-1039.0401882256554,17.123055555555556,848.2413007588839,529.9801328537569,1646.1906938444924,9.03001171526822,269.6450700279667,-331.8425207787207,711.7623844366328,9.197427608612191,483.79288693788976,-177.3647924879682,871.9812913717477,9.184572436417666,325.1550702492932,-688.6615799964974,351.2672877300779,15.31526222864464,398.7386058596067,-591.8809967837772,449.7938922172479,11.71685422587177,11.71685422587177,0.0,False,False,False,False,0.0,False,False,1415.4582423037132
3586.3,91.30000000000018,350.4106677546358,-1040.6747559044377,16.891111111111112,848.6609185631974,530.7926327599451,1648.563940545361,9.078344171923996,269.8198510569245,-332.75225993300546,712.4950105358118,9.146896933405454,484.65133093848294,-177.70953548218932,873.3438768952691,9.134072634787158,325.43899873112264,-690.1805151097623,351.3826932050806,15.283630408245502,398.95570983009276,-593.0424401228734,450.2569391381703,11.680379616754323,11.680379616754323,0.0,False,False,False,False,0.0,False,False,1418.818830501981
3586.4,91.40000000000009,350.69551587908137,-1042.3426821084702,16.893055555555556,849.0798980081136,531.5930790657362,1650.9575320562203,8.991056359611168,269.99757292541784,-333.64976776914716,713.2726020475732,9.151799370100841,485.50100760874557,-178.04540758817228,874.7469916173999,9.138975683071942,325.7353219911291,-691.6819726199708,351.54792626027813,15.324748375262557,399.1822196942269,-594.1901560889877,450.7678416041905,11.716702743456228,11.716702743456228,0.0,False,False,False,False,0.0,False,False,1422.1516590602691
3586.5,91.5,351.01427449453706,-1044.066205851689,17.25,849.4934497981019,532.3849179204423,1653.3842970869591,8.875502541896827,270.1833173165886,-334.5482583943778,714.1073878642756,9.198530199694051,486.35570844685026,-178.37545990812,876.2064661691337,9.185804187066612,326.03448655851633,-693.1877571919968,351.766507131024,15.379561522440893,399.33904861412776,-594.0208875781752,452.63238096010946,11.688517659510337,9.55427507596944,-2.2124459743499756,True,True,False,False,0.036665753495370434,False,False,1425.4840056306114
3586.599,91.59900000000016,351.29234052079266,-1045.7786100867545,17.246944444444445,849.8952002847095,533.1589970866271,1655.7924927692964,8.743203361994118,270.3776736060715,-335.4419217435134,714.930342151152,9.27736466871635,487.21080582604816,-178.69627425209248,877.6705568306536,9.264707105804998,326.3552774125701,-694.6814296448838,351.98165752023925,15.483705285491576,399.5830590211299,-595.1570534586892,453.20169989881924,11.787707426247465,11.787707426247465,0.0,False,False,False,False,0.0,False,False,1428.8040772794423
3586.7,91.69999999999982,351.58397074342827,-1047.45765579894,17.18,850.2986845015018,533.9421255151199,1658.1741868871782,8.701559051777693,270.5809986380887,-336.3601663749829,715.6962490854296,9.34613733846262,488.0911239057184,-179.02361867423434,879.0971958214791,9.333503567200143,326.69189113398573,-696.2102498414745,352.1283229436841,15.51509139967094,399.83934870660113,-596.3210608131087,453.7100493021713,11.814039463379695,11.814039463379695,0.0,False,False,False,False,0.0,False,False,1432.213572061829
3586.799,91.79899999999998,351.8552546714637,-1049.1367015103356,17.06111111111111,850.6912938346628,534.713511835849,1660.5477687452365,8.784427446609994,270.7838667895905,-337.26422743902214,716.4739976255287,9.371927944727446,488.95904666579946,-179.34435933500475,880.5317531390186,9.35927130971146,327.02595348318965,-697.7105166848554,352.3022247708501,15.535605907857926,400.0937214073612,-597.4634431549711,454.2418760818757,11.829599975253126,11.829599975253126,0.0,False,False,False,False,0.0,False,False,1435.565458743556
3586.899,91.89899999999989,352.14688489411435,-1050.8268667298846,17.171944444444446,851.0849172402762,535.4988452170082,1662.9396935864138,8.784793084947747,270.9945173620005,-338.17882873446194,717.253743674296,9.399147483154431,489.8398682945611,-179.6647529430355,881.9766358443328,9.386518171581208,327.3689745572007,-699.2274973693519,352.4713624897609,15.56998107811975,400.35495033381466,-598.6187052239391,454.77053434234915,11.858971108834606,11.858971108834606,0.0,False,False,False,False,0.0,False,False,1438.9616234088192
3587.0,92.0,352.4113867239448,-1052.5170319486433,17.106944444444444,851.4825850420436,536.289425655362,1665.346216471173,8.739354251151875,271.2141650378174,-339.1028279510957,718.0200660670985,9.407813157644359,490.7333453330342,-179.9830289201428,883.4299919486513,9.395199604282823,327.7278242198988,-700.7576834683024,352.6243291396739,15.552801831688672,400.55562116880134,-598.5066105317336,456.5559440697725,11.761029072160433,9.690066251771777,-2.1466715335845947,True,True,False,False,0.034520895915109595,False,False,1442.3805928521492
3587.099,92.09900000000016,352.6826706519954,-1054.2071971689825,17.04888888888889,851.8765165039197,537.0567693060538,1667.7276476506288,8.686108048773567,271.4317545738162,-340.00856280849746,718.8055374619238,9.41046568414047,491.6102840200289,-180.29343791938987,884.8876427896894,9.3978466590452,328.0887084559396,-702.2556493271175,352.80980004073814,15.574959330072858,400.8285247050172,-599.6393842557571,457.11040219973984,11.778032064797124,11.778032064797124,0.0,False,False,False,False,0.0,False,False,1445.7295195556846
3587.2,92.19999999999982,352.960736678251,-1055.919601404838,17.126944444444444,852.278923824143,537.8349687589862,1670.1413957904092,8.662132954988325,271.6522813604261,-340.9339197669496,719.594045176422,9.426607664513533,492.50514995062935,-180.61235432349852,886.3607730877114,9.413974233292203,328.4552933111711,-703.7859241262684,352.9853303302348,15.584860721647736,401.10570853688415,-600.796462696355,457.6625500334604,11.782674819195291,11.782674819195291,0.0,False,False,False,False,0.0,False,False,1449.1530047342526
3587.3,92.30000000000018,353.22523850808153,-1057.65424465621,17.27611111111111,852.6741418053293,538.6061105587066,1672.5717708474203,8.668322293665854,271.8696491899502,-341.8521510790747,720.4105559212126,9.4455688479851,493.3923795090758,-180.92990622177484,887.8583181001858,9.432940646371552,328.81513605828786,-705.3037443444199,353.1950285204737,15.612991879224202,401.3777807690753,-601.9440660262154,458.2471322694539,11.80559940530963,11.80559940530963,0.0,False,False,False,False,0.0,False,False,1452.5503299987295
3587.4,92.40000000000009,353.49652243613207,-1059.3110513512988,17.10611111111111,853.0664766860948,539.379424923819,1674.9272754726019,8.674614558183862,272.08574500393973,-342.7725026709722,721.1485328467518,9.462063872555051,494.2808205984014,-181.24932996127882,889.27645036819,9.449440172028472,329.17434159119705,-706.8234121375096,353.32577641542673,15.61788269214446,401.6493440840826,-603.0929515131926,458.7522739480989,11.805283646767787,11.805283646767787,0.0,False,False,False,False,0.0,False,False,1455.9546842538953
3587.499,92.4989999999998,353.74746006958264,-1061.001216571638,17.045,853.4523078179471,540.1476543735922,1677.3141154215573,8.692623141148747,272.30105422959224,-343.68496281896245,721.9252904020091,9.477774481191355,495.16229695507525,-181.56492170813704,890.7336037304269,9.465144051581982,329.52582482283657,-708.3304569234265,353.50155915479775,15.644535994179245,401.83821038559614,-602.9403462119078,460.57842027245556,11.75009220922486,9.647443511017746,-2.1793389320373535,True,True,False,False,0.03558243418980581,False,False,1459.3155497531068
3587.599,92.59900000000016,354.0594365868332,-1062.7136208067034,17.203055555555554,853.8380903214544,540.9287461102524,1679.716506943897,8.730874997691119,272.51892840258114,-344.6082337949444,722.7200020272403,9.494883922420843,496.054279445075,-181.8840953019153,892.2013160712817,9.482259246212983,329.88914747855927,-709.8525252327049,353.68793539681275,15.652079095975932,402.11104895793443,-604.0833493744241,461.1406329152841,11.752223558101274,11.752223558101274,0.0,False,False,False,False,0.0,False,False,1462.711700168535
3587.699,92.69900000000007,354.3239384166638,-1064.4260250425589,17.236944444444443,854.221458002528,541.7161656347706,1682.1385991534319,8.78485505157868,272.7329516543656,-345.5331987104818,723.5081097489974,9.493206231592374,496.9455814143223,-182.20743759320922,893.6725178120213,9.480573586334845,330.24459111394845,-711.3762919096506,353.86993236462257,15.641403060622242,402.3778389491239,-605.2270629139056,461.7064697147051,11.736135769827337,11.736135769827337,0.0,False,False,False,False,0.0,False,False,1466.1094594747544
3587.799,92.79899999999998,354.59522234471433,-1066.160668293931,17.348055555555558,854.605319717064,542.5097084299748,1684.5861445540088,8.845355732891802,272.94548738592727,-346.45756434314643,724.3198444438988,9.47648964349358,497.835569837768,-182.5317042590256,895.1636404766062,9.463855348452348,330.59421882546803,-712.8996889853338,354.0753700442887,15.618655716461742,402.64004931284575,-606.3695653190254,462.2944557025078,11.70797667274659,11.70797667274659,0.0,False,False,False,False,0.0,False,False,1469.504439281481
3587.9,92.90000000000009,354.85972417454485,-1067.8619530216333,17.26888888888889,854.9957550880931,543.3183384853309,1687.0204447956237,8.935923039263425,273.15662217373483,-347.3888602997042,725.0909420292438,9.43311584165956,498.730656754492,-182.86075702792576,896.6191845771071,9.420493331556429,330.94759751646427,-714.4337995776058,354.2361492679243,15.555295543514378,402.9047054424372,-607.5185077483815,462.8438266100992,11.639150629349764,11.639150629349764,0.0,False,False,False,False,0.0,False,False,1472.9230387846276
3587.999,92.9989999999998,355.1513543971954,-1069.5743572574888,17.231944444444444,855.3818544997879,544.1188605374622,1689.4485355850036,9.018988093973938,273.36018451241665,-348.2978892803121,725.8991243476961,9.385929811897777,499.6030654049979,-183.18378312495625,898.0838194311723,9.373289470294743,331.28252218232916,-715.935280553342,354.4436735554225,15.523131813768527,403.08174409802575,-607.4562136680931,464.59713827291574,11.531169996904442,9.595252997733388,-2.006376266479492,True,True,False,False,0.030160828987002033,False,False,1476.2462031294438
3588.099,93.09900000000016,355.44298461983095,-1071.275641985191,17.07611111111111,855.7681094749199,544.9337096463629,1691.8799894976441,9.01654809038904,273.56522168298414,-349.2143071992482,726.6887499173218,9.395581958401792,500.4826454940582,-183.50909843500264,899.5365134743332,9.38295321028977,331.62356770263165,-717.4523229700093,354.6241752915252,15.574969355716023,403.3351703991618,-608.5835073149399,465.1641354881476,11.577407253274739,11.577407253274739,0.0,False,False,False,False,0.0,False,False,1479.603415660026
3588.199,93.19900000000007,355.7074864496765,-1072.9769267128931,17.03611111111111,856.1478479612357,545.7480420281386,1694.3172901955154,8.953856626750932,273.7693750233443,-350.1328298578892,727.4733276637985,9.4231596791391,501.36366251805936,-183.8358950116633,900.9925060074535,9.410525013712036,331.96211669384377,-718.9727478264874,354.79966354814877,15.578246617289334,403.5867737213439,-609.7134588284518,465.7311100044334,11.575084229270878,11.575084229270878,0.0,False,False,False,False,0.0,False,False,1482.970583902146
3588.299,93.29899999999998,355.9855524759171,-1074.6559724242888,16.998055555555556,856.5298306710688,546.558953779109,1696.726970192492,8.973804945132024,273.97344829333366,-351.052053533846,728.2366488072827,9.408920220256144,502.2452736058998,-184.16300685119427,902.4243058341153,9.396285351222312,332.29918645513084,-720.4920428334408,354.95511400528073,15.546491724627325,403.83707720564894,-610.8416669254214,466.2761825403019,11.537729051031697,11.537729051031697,0.0,False,False,False,False,0.0,False,False,1486.3356533368021
3588.4,93.40000000000009,356.2636185021576,-1076.357257151991,17.009999999999998,856.9191493829508,547.3769355108348,1699.1670574207608,8.964900559492946,274.17810714687306,-351.979897126142,729.0134367022853,9.40588958453896,503.13434960384507,-184.4945103928767,903.8750857895444,9.393211984345033,332.63999789270537,-722.0261713341608,355.11771826753716,15.572889971421745,404.0900208284363,-611.9802672715692,466.8333251706399,11.55847100939316,11.55847100939316,0.0,False,False,False,False,0.0,False,False,1489.7357092913155
3588.5,93.5,356.53490243019314,-1078.058541878903,17.066111111111113,857.3036480641942,548.1849922105467,1701.5984746030995,8.932527964923283,274.3798096575321,-352.8990997229732,729.7983802505894,9.415560618400526,504.01436068420594,-184.8243797252623,905.3272662663009,9.402886320985784,332.9730714915417,-723.5470769856239,355.2935949576917,15.566101809934235,404.25901659689606,-611.8911768892243,468.60388736588266,11.473586134490853,9.477809018016954,-2.0682735443115234,True,True,False,False,0.03205266721225311,False,False,1493.091285819069
3588.6,93.59999999999991,356.81975055465375,-1079.748707098452,17.036944444444444,857.6893248533185,548.993315782514,1704.0161112960484,8.97986292242374,274.5831095621487,-353.81764337263706,730.5742771298641,9.399911843310054,504.8943993620055,-185.15332167703372,906.7673379851728,9.387234561271077,333.3070705937326,-725.0661741285684,355.4610320596019,15.541527672049087,404.5050717298056,-613.0102866322082,469.1680327930512,11.443217702649783,11.443217702649783,0.0,False,False,False,False,0.0,False,False,1496.4386702182203
3588.7,93.69999999999982,357.09781658089435,-1081.4499918261542,17.108888888888888,858.0769451983927,549.805786932654,1706.4511428823134,9.02413379828554,274.78844794945394,-354.7340970259432,731.3623068765424,9.383617460007736,505.7734749493807,-185.48027570889175,908.221439732927,9.370945336179622,333.6449522546093,-726.5827427164498,355.64139429458453,15.533506027112546,404.75376779651714,-614.1265491772833,469.7470486713657,11.42940176375732,11.42940176375732,0.0,False,False,False,False,0.0,False,False,1499.7834981040685
3588.799,93.79899999999998,357.3623184107399,-1083.1067985220334,16.94,858.4586754088947,550.6154775793066,1708.8434786213058,9.060084013955171,274.9930833578836,-355.64029035961573,732.1148894683222,9.384289805283746,506.6432934792804,-185.80299220808064,909.63670239438,9.371589493578481,333.9830855034713,-728.0833927952083,355.7923652148907,15.542722304065787,405.00252701202214,-615.2305534051902,470.29540739859453,11.432881689694186,11.432881689694186,0.0,False,False,False,False,0.0,False,False,1503.0971806138703
3588.9,93.90000000000009,357.6268202405854,-1084.8080832497355,16.97694444444444,858.8438865600706,551.4461604063963,1711.2996515667883,9.071740641429935,275.2030408520485,-356.56513358890874,732.8925386026192,9.395438359081131,507.5314112298038,-186.13197964468998,911.0928194154487,9.382736618000585,334.3297357065156,-729.6151220537041,355.95616841261943,15.555598110918528,405.25748792741484,-616.357138909685,470.8661888024859,11.439905259651434,11.439905259651434,0.0,False,False,False,False,0.0,False,False,1506.483094487969
3588.999,93.9989999999998,357.90488626682594,-1086.4537704366712,16.821944444444444,859.2188872067267,552.2609555431386,1713.6807405936072,9.048431054134147,275.4106709202844,-357.4725283768818,733.634068756812,9.409555287464618,508.4035403665617,-186.45373721273896,912.4965231105876,9.396862350800664,334.6718521336886,-731.117441384332,356.09504436234977,15.571296881216997,405.46595868269657,-616.8130526429172,472.04285760848046,11.411175638807888,10.343849731736592,-1.1060179471969604,True,True,False,False,0.009166496655722965,False,False,1509.7928997726701
3589.099,94.09900000000016,358.18295229308154,-1088.1105771325504,16.77,859.5977246476318,553.082133242177,1716.0799184544142,9.038597030068024,275.6213746635796,-358.3898592116907,734.376429539788,9.414811549070617,509.2856062005137,-186.77848945939826,913.9100307399585,9.402118459666081,335.02069448544245,-732.634718827011,356.2296675247689,15.565959416808207,405.7215201637819,-617.9246082453806,472.5830728809103,11.399940317871534,11.399940317871534,0.0,False,False,False,False,0.0,False,False,1513.1436367764638
3589.199,94.19900000000007,358.440672024707,-1089.8007423520994,16.86111111111111,859.9764135797174,553.9006569191419,1718.5145882486336,8.998989513574527,275.8318770160747,-359.3083344158362,735.148536736147,9.43096257423057,510.16853036513123,-187.10400804822157,915.3593486273343,9.418269206107498,335.3692607101158,-734.153716529926,356.39458048096736,15.603592613647807,405.9768440188116,-619.037270120905,473.1574097856058,11.431675658183595,11.431675658183595,0.0,False,False,False,False,0.0,False,False,1516.5010331732642
3589.299,94.29899999999998,358.7187380509626,-1091.446429539035,16.77111111111111,860.352914121791,554.716197197854,1720.8975100997598,8.966079238493828,276.04173558074416,-360.2290776355276,735.8765538201625,9.456170242571327,511.0530441056168,-187.4311913466282,916.7602149336691,9.443481465889775,335.71756981810944,-735.6753626385472,356.5138227104069,15.616440151215137,406.2319985921572,-620.1519551943578,473.683429597322,11.438625339223387,11.438625339223387,0.0,False,False,False,False,0.0,False,False,1519.867762604221
3589.399,94.39899999999989,358.99680407718813,-1093.1143557430673,16.84388888888889,860.7261789413647,555.5316405382084,1723.300898466625,8.970240098996852,276.25130676391404,-361.1524532744793,736.6240859427934,9.481016999762325,511.9396163647773,-187.76002410381454,918.1818826618149,9.468328119124598,336.06359796734927,-737.2000770278393,356.65235977889927,15.653286096291318,406.48549878461233,-621.2689608251821,474.2291142794061,11.46957342777203,11.46957342777203,0.0,False,False,False,False,0.0,False,False,1523.2436503397664
3589.499,94.4989999999998,359.2816522016337,-1094.7600429300032,16.781944444444445,861.0939724676201,556.3491231158013,1725.6816285083426,8.958103217332209,276.46617600338874,-362.07798463484284,737.3475446799664,9.522128566998216,512.8308198747749,-188.08579743932142,919.5844356714676,9.50947248451563,336.4105941274288,-738.7288442953222,356.7650483142671,15.699772403586614,406.7066008355665,-621.9066505765625,475.2256899759189,11.481325401297251,10.684388877822625,-0.8257730007171631,True,True,False,False,0.005110090234796538,False,False,1526.6187541211166
3589.599,94.59900000000016,359.57328242428434,-1096.3946106095757,16.64611111111111,861.4562901124965,557.1658779815274,1728.0476969215326,8.912135134176738,276.68855961140133,-363.006153017643,738.0572518476074,9.566665923144052,513.7282215512299,-188.40705859296085,920.9805317564303,9.554020297789831,336.7736148870279,-740.2584665172843,356.86520980439485,15.742417175399103,406.9721431186359,-623.0255380404697,475.73619881196566,11.517995118897627,11.517995118897627,0.0,False,False,False,False,0.0,False,False,1530.0156968913989
3589.7,94.69999999999982,359.87169474513996,-1098.0069392728417,16.581944444444446,861.8222588689887,557.989825612709,1730.3986980276134,8.940696097893166,276.91588468905076,-363.94552398487906,738.7339357553765,9.571663889756229,514.6375669032046,-188.73066065127568,922.3534171068757,9.559017402545578,337.1469883158865,-741.8022712122641,356.92881339343,15.709340781434014,407.2451460964552,-624.1543363060272,476.2147973670715,11.478883920178346,11.478883920178346,0.0,False,False,False,False,0.0,False,False,1533.450048847994
3589.8,94.80000000000018,360.1701070659805,-1099.6526264605675,16.666944444444447,862.1905524899527,558.8141873751425,1732.7829351127784,9.11713101253964,277.1404227887299,-364.8728658451147,739.4560332307,9.511106182088552,515.5351988237828,-189.05038632819074,923.7611982926178,9.498449682727344,337.5156527792909,-743.324788283918,357.0472693617362,15.620975016763222,407.51418050736726,-625.2653994111973,476.743854158199,11.38454310129544,11.38454310129544,0.0,False,False,False,False,0.0,False,False,1536.8344096837614
3589.9,94.90000000000009,360.45495519042606,-1101.28719414014,16.538055555555555,862.5650664156644,559.6502015530161,1735.1736501591374,9.204228443365658,277.36468295003124,-365.79392107415174,740.1718368502703,9.448185474397578,516.4273110392039,-189.3672036494738,925.1623883651531,9.43552708380738,337.8828048629671,-744.8411920952865,357.15998424258714,15.583391162892346,407.78157016209633,-626.3697665374625,477.2697052248562,11.340984193212478,11.340984193212478,0.0,False,False,False,False,0.0,False,False,1540.2020432612208
3589.999,94.9989999999998,360.7465854130767,-1102.9106423115593,16.49,862.9389437482679,560.4779150045342,1737.5438576854328,9.144053271572906,277.5857096307161,-366.70138670485915,740.8912196144996,9.420414421614838,517.3062155529542,-189.67950480815557,926.5538453297228,9.40773653452537,338.2495019901575,-746.3388123049922,357.2808261252904,15.565301051710328,407.99703490715774,-626.742410389767,478.5068338790142,11.27409452477019,10.086824502466342,-1.230154275894165,True,True,False,False,0.011341049389800656,False,False,1543.5149691186007
3590.1,95.09999999999991,361.0314335375223,-1104.5452099903418,16.491944444444446,863.3257333131355,561.3140511718487,1739.9386890309997,9.099189878465891,277.81179720960574,-367.6237832332005,741.6054861476764,9.38560274003772,518.2002827455867,-189.9959620771362,927.9560194427305,9.372930052667469,338.6190624850978,-747.8641988501705,357.3844681630227,15.514214852542615,408.2644704555074,-627.8462691429081,479.03323473592195,11.216857544226222,11.216857544226222,0.0,False,False,False,False,0.0,False,False,1546.8883520126662
3590.2,95.19999999999982,361.3162816619678,-1106.168658162551,16.42888888888889,863.7144894196805,562.134482439617,1742.3086202223817,9.058405634148924,278.03264998500845,-368.5348743095619,742.3205253706661,9.364192733856976,519.0821050082022,-190.3104296039217,929.3472708490975,9.351620854536115,338.992572072345,-749.3705368866937,357.4958004729891,15.524881088199228,408.534482088284,-628.9352071692456,479.5636821095604,11.2214338973321,11.2214338973321,0.0,False,False,False,False,0.0,False,False,1550.224156849069
3590.299,95.29899999999998,361.58078349179834,-1107.85882338131,16.786944444444444,864.1003220595811,562.9406777939487,1744.7340369723606,8.997482843019593,278.2452920460441,-369.43739868119803,743.1090125887645,9.36786380489178,519.9525441631763,-190.62634168519912,930.8045122669736,9.35533088132064,339.34676957352644,-750.8659737276628,357.68456225947114,15.521800295181963,408.7904186547059,-630.0157821848845,480.1694718243379,11.212324120589592,11.212324120589592,0.0,False,False,False,False,0.0,False,False,1553.52944609562
3590.4,95.40000000000009,361.8791958126389,-1109.4600325372126,16.476944444444445,864.4959128162817,563.758962214748,1747.0790962661883,9.000422931428561,278.46204138138853,-370.35757281574314,743.7949096489793,9.352097612248171,520.8403146485958,-190.94753594062723,932.1662103432368,9.339505971849405,339.70416649220846,-752.3909310116327,357.75700578695427,15.493608819530936,409.04842674150837,-631.1166627205745,480.6634121648516,11.177981863562309,11.177981863562309,0.0,False,False,False,False,0.0,False,False,1556.898524665753
3590.499,95.4989999999998,362.1776081334946,-1111.0723612004786,16.433888888888887,864.887365974967,564.561467826482,1749.4187119179287,9.037742117260754,278.6724828537955,-371.25794571733496,744.5122398622092,9.327551267102505,521.708413402685,-191.26228406632234,933.5419946779999,9.315026611387703,340.0572909179572,-753.882528291612,357.8741191636803,15.472597772581379,409.315366828774,-632.3581618152807,481.0293681136583,11.160888356849727,11.436729117261773,0.28578728437423706,True,True,False,False,0.0006121325899855235,False,False,1560.1810040042005
3590.599,95.59900000000016,362.4963667489502,-1112.629092323768,16.15111111111111,865.2836137117885,565.3744691640029,1751.710868857676,9.050752111805599,278.88102845474225,-372.1663797009313,745.1688087828317,9.313742603523437,522.5825931588403,-191.58200366105757,934.8557853595458,9.30121431396273,340.4050466301124,-755.3898718264132,357.9216214287013,15.466171221847592,409.56612606104216,-633.4450751119987,481.4902746607739,11.148398562645077,11.148398562645077,0.0,False,False,False,False,0.0,False,False,1563.5115823356184
3590.7,95.69999999999982,362.77443277519075,-1114.274779511494,16.425,865.6823232179023,566.196903813104,1754.1098667772626,9.047968506136177,279.0928308449922,-373.08288637779157,745.9008197801676,9.313285082642587,523.4656437291195,-191.9024387894557,936.2651334995296,9.300688023876202,340.7529710632713,-756.9130282700218,358.03961516332436,15.47220945406612,409.81686868344394,-634.5427854324009,482.03296248211603,11.148312918958077,11.148312918958077,0.0,False,False,False,False,0.0,False,False,1566.877095786404
3590.8,95.80000000000018,363.0931913906464,-1115.864869158453,16.30388888888889,866.0759306210776,567.010235717298,1756.4339596393365,9.023399127301051,279.30250785343674,-373.99052882291625,746.5911970388618,9.317712881682912,524.3403928401073,-192.219063692806,937.6151843531369,9.305134026951322,341.1052093086423,-758.4197690920745,358.12074907425,15.475098579589606,410.07060985888205,-635.6281933694793,482.5289034024632,11.1451388010107,11.1451388010107,0.0,False,False,False,False,0.0,False,False,1570.2126331844374
3590.899,95.89899999999989,363.398385809692,-1117.4883173298724,16.5,866.4666337655932,567.8128387205168,1758.7830021597886,9.00992254783097,279.5063700517653,-374.8900201210338,747.3219529261768,9.314710060570565,525.2053898906338,-192.53549499244974,938.9990575712064,9.302120835866003,341.4460363921897,-759.9129528716614,358.2485825685435,15.466067193864756,410.3159789690466,-636.703170074664,483.0689581923881,11.130104804249738,11.130104804249738,0.0,False,False,False,False,0.0,False,False,1573.515455128745
3590.999,95.9989999999998,363.6900160323426,-1119.122885010235,16.468888888888888,866.8614591672119,568.6213555202218,1761.1536340223574,8.985484982461047,279.709684546501,-375.79953509045947,748.0523368136944,9.32456033741945,526.0786986594608,-192.85727500375077,940.3925055667208,9.31197786591474,341.7858930107776,-761.4232345230794,358.3696842144675,15.49489653669114,410.5731216114481,-637.9540497183916,483.447487991044,11.162712551202477,11.436086575383014,0.2832156717777252,True,True,False,False,0.0006011996044541388,False,False,1576.841923935546
3591.1,96.09999999999991,363.99521045138823,-1120.7240941645575,16.343888888888888,867.2592702467299,569.4370547206961,1763.4963632179142,8.985494909579067,279.91224467018685,-376.71952560118774,748.7407716811798,9.32945150681033,526.9605936093271,-193.18481674920537,941.7466895381197,9.316878566750017,342.1249339896602,-762.9500526455556,358.441869453546,15.475567394375012,410.8172449610153,-639.0534211143431,483.9410503276895,11.13728616111522,11.13728616111522,0.0,False,False,False,False,0.0,False,False,1580.2219279199178
3591.2,96.19999999999982,364.28005857583383,-1122.3475423359769,16.39,867.654675833195,570.244315543421,1765.8576394088586,8.992469020587865,280.10978985333765,-377.63081765441234,749.4582270929143,9.319721626230043,527.8327146412589,-193.51122325270217,943.1258553100016,9.307162316584103,342.4549866469433,-764.4619896310186,358.5504184903913,15.475285289161413,411.0547084087084,-640.1412165352862,484.4696156718086,11.130967176920318,11.130967176920318,0.0,False,False,False,False,0.0,False,False,1583.5670591351486
3591.3,96.30000000000018,364.5581246020743,-1123.9821100155493,16.423055555555557,868.0497370335586,571.0494418217191,1768.2295567919668,8.944113611316697,280.3055821866426,-378.542857449576,750.1854238583826,9.336660541354373,528.7047876087278,-193.83878656008562,944.5161349310001,9.324090961799916,342.78099430847857,-765.9765351625998,358.66730409895894,15.50941521024607,411.28923446801457,-641.2307626934618,485.0078968126121,11.159060219023647,11.159060219023647,0.0,False,False,False,False,0.0,False,False,1586.9187955707662
3591.4,96.40000000000009,364.870101119325,-1125.583319170662,16.403055555555557,868.439754681595,571.8525512921232,1770.556672440218,8.912046241172158,280.4982700904574,-379.4583383296386,750.8802120885737,9.374238400486831,529.5783697630296,-194.17006320894743,945.8644020898604,9.361710222826623,343.1061250567157,-767.4951248973055,358.74897286543825,15.55068643676828,411.5232247829737,-642.3236623722654,485.506343765434,11.194294566564556,11.194294566564556,0.0,False,False,False,False,0.0,False,False,1590.283540284162
3591.5,96.5,365.14138504736053,-1127.2178868502344,16.49111111111111,868.8225811676797,572.6549830250723,1772.9248492429979,8.869569753683269,280.69252053302154,-380.3782795312945,751.5989687180721,9.430440134752779,530.4568578813007,-194.5016051598386,947.2533281486358,9.41785244195913,343.4218810404303,-769.0214463880938,358.8543253383676,15.622116674266099,411.7355357466695,-643.2302531058701,486.22530219730317,11.24809020985995,10.92546599576932,-0.3342219293117523,True,True,False,False,0.0008372903009247844,False,False,1593.6522700106318
3591.6,96.59999999999991,365.4465794664061,-1128.8302155135004,16.47,869.1977207248736,573.4555668354376,1775.2583184163775,8.812867969335093,280.8889249988499,-381.3040156380297,752.2934377151756,9.496479187722707,531.3416610181422,-194.8337336865324,948.6150990513544,9.483923587264503,343.75150527393043,-770.5516034254815,358.93486891626196,15.68304388678132,411.9729844303676,-644.3325196792988,486.7265388568011,11.30294946719566,11.30294946719566,0.0,False,False,False,False,0.0,False,False,1597.05398112391
3591.699,96.69900000000007,365.7721201800969,-1130.4314246694032,16.448055555555555,869.5629365155883,574.2451369125142,1777.5621975702368,8.761799988959869,281.0850253825022,-382.22667126595695,752.9822421815594,9.559491502954046,532.2239670508831,-195.16378350752274,949.9640929694151,9.546875340094388,344.0697061361345,-772.0746130687704,359.0133691046992,15.74918425119849,412.20244162636595,-645.4307741585824,487.2180269094353,11.3630825559851,11.3630825559851,0.0,False,False,False,False,0.0,False,False,1600.441811485464
3591.8,96.80000000000018,366.0501862063074,-1132.0437533326692,16.393055555555556,869.9305130441655,575.0472265526578,1779.9030865134405,8.709589487500772,281.28940389318717,-383.1734575307135,753.651849432376,9.620593119953183,533.1313796460332,-195.49891197934477,951.3318900713708,9.60798444913764,344.4063232028471,-773.6320834066084,359.06459299811235,15.803920709180613,412.4454090703029,-646.5549435023647,487.70062658873564,11.411690379235907,11.411690379235907,0.0,False,False,False,False,0.0,False,False,1603.9190228826217
3591.9,96.90000000000009,366.35538062535295,-1133.6449624877816,16.32111111111111,870.2911470805221,575.8366659542046,1782.211742384564,8.64865504481338,281.49571421946456,-384.115633448363,754.31782298498,9.669497559141298,534.0362299377517,-195.82916620091146,952.6884774107976,9.656837287477648,344.7398718365525,-775.1791398396471,359.11693948768635,15.84817747123997,412.6863234403209,-647.6723461485917,488.1761363418754,11.449879186115753,11.449879186115753,0.0,False,False,False,False,0.0,False,False,1607.378585976233
3591.999,96.9989999999998,366.64701084800356,-1135.2795301673543,16.493055555555554,870.6464157301658,576.6122041132759,1784.541596606792,8.584455736622292,281.70265987510015,-385.05246874357755,755.0206529988191,9.712744077251598,534.9371714186885,-196.15533835874285,954.0837624575133,9.700077920542059,345.0808439520202,-776.7127709244986,359.2147274103742,15.890773347384824,412.8846109873678,-648.1821292764481,489.28702580522605,11.450408878388755,10.445761986576448,-1.0407058000564575,True,True,False,False,0.008118682896868209,False,False,1610.8051311343143
3592.099,97.09900000000016,366.9522052670492,-1136.8585003069504,16.20611111111111,871.0013338243132,577.3943332439824,1786.8207244535583,8.593502383176672,281.9116886488445,-386.0031449051216,755.6557775881143,9.754955624454135,535.8512007374029,-196.48633544406832,955.4196350922448,9.742239810987133,345.4219425563483,-778.2669307994154,359.23733928180286,15.932244577741834,413.1304544216628,-649.3022745841242,489.73819938419444,11.485715506390619,11.485715506390619,0.0,False,False,False,False,0.0,False,False,1614.2835021805683
3592.2,97.19999999999982,367.2913101771049,-1138.4485899539097,16.33,871.3543028728822,578.1887696773235,1789.1124405936914,8.620864645479998,282.121919083466,-386.96747164120904,756.2920708031841,9.789181711989633,536.7777373428105,-196.82267375344654,956.7575529117906,9.776486659049393,345.76838438002864,-779.8397265790506,359.25416243361025,15.958833782713649,413.3802207965217,-650.4361778066041,490.1839471993308,11.50607846298378,11.50607846298378,0.0,False,False,False,False,0.0,False,False,1617.8089771221175
3592.299,97.29899999999998,367.6236329889706,-1139.994201569046,16.12805555555556,871.69657137972,578.9693748747463,1791.3473433028887,8.598240407518784,282.32735952244184,-387.91620202413725,756.8994462058673,9.82130594531704,537.6889013707902,-197.15378404393672,958.0554516460426,9.808591617780783,346.10199061615134,-781.3859634116155,359.2534614513824,15.997042484703014,413.6207934433104,-651.5512117810753,490.6040083844342,11.538184208641562,11.538184208641562,0.0,False,False,False,False,0.0,False,False,1621.275872163113
3592.4,97.40000000000009,367.9491737026012,-1141.5954107241587,16.258888888888887,872.0411932584452,579.7659707268409,1793.653748562075,8.588917735945067,282.5420497604483,-388.8867002925876,757.53863240077,9.861228106734513,538.6237071400367,-197.48775218196573,959.4107917269371,9.848439972449249,346.4455635585373,-782.9668519726177,359.2726658144693,16.03844299293449,413.86865922721444,-652.6917212161798,491.0554110946741,11.573358468494353,11.573358468494353,0.0,False,False,False,False,0.0,False,False,1624.8269830983188
3592.5,97.5,368.2543681216618,-1143.2077393882146,16.36,872.3749447334474,580.5526036872578,1795.9641633738324,8.501307174620345,282.755663657093,-389.85287767246797,758.190989220969,9.929110595122594,539.5546257094894,-197.81941089340373,960.7824258924954,9.916351121782338,346.798807650245,-784.5361657922457,359.31273117014814,16.1331423133979,414.03094695158006,-652.6990299871635,492.64012135397223,11.59392497240235,9.69773822787767,-1.9641549587249756,True,True,False,False,0.028920181415652727,False,False,1628.3525049335917
3592.599,97.59900000000016,368.55956254069235,-1144.842307067787,16.531944444444445,872.6981321000289,581.3257511788464,1798.2802514147472,8.427575037336963,282.9602471039691,-390.8179928002623,758.8675176273172,10.001643629364501,540.4801662028459,-198.15733569341586,962.1689711218364,9.988927334018724,347.1382379983844,-786.0994746419476,359.38182057814333,16.184707748505595,414.2749616393359,-653.8228844772437,493.14295196818824,11.639207053131207,11.639207053131207,0.0,False,False,False,False,0.0,False,False,1631.8588938728892
3592.699,97.69900000000007,368.885103254338,-1146.4657552392064,16.553055555555556,873.0193143300233,582.1037740053348,1800.5843274364015,8.406696120317362,283.16429410533186,-391.80021919687414,759.5183529127002,10.062299648747189,541.4201340245386,-198.50419926908415,963.5348714188652,10.049585569794568,347.4668270200947,-787.6877708482145,359.41672838156705,16.253883984399067,414.51139842539436,-654.9657456975121,493.61322732532386,11.702036466419806,11.702036466419806,0.0,False,False,False,False,0.0,False,False,1635.419860640594
3592.799,97.79899999999998,369.2106439679987,-1148.100322917989,16.66,873.3351640313712,582.878909073855,1802.8950699683548,8.333658173108141,283.3703065545078,-392.7886454730177,760.1738574905073,10.13104240932161,542.366604579841,-198.8521303504026,964.9119741138253,10.118335284452908,347.79942419203485,-789.2822558498514,359.45631944202773,16.32220110409702,414.7509833722564,-656.1143261324,494.08920606117726,11.764006763512887,11.764006763512887,0.0,False,False,False,False,0.0,False,False,1639.0038304498007
3592.899,97.89899999999989,369.5226204852493,-1149.7348905975614,16.676944444444445,873.6453101633664,583.6482914573704,1805.2027426522427,8.257202292764655,283.57821104238513,-393.78379415343903,760.8209393343177,10.201646369440216,543.3199503242099,-199.20155088126145,966.2914372855507,10.18893882047796,348.1329504431971,-790.8837584802925,359.4880429254267,16.395075283334435,414.99151069108433,-657.2692731042007,494.56021310823957,11.830534120145431,11.830534120145431,0.0,False,False,False,False,0.0,False,False,1642.6111747132375
3593.0,98.0,369.86172539530503,-1151.3694582771338,16.681944444444444,873.9515317414448,584.4191198096286,1807.503394375389,8.167179163419549,283.7948674657646,-394.7954678479392,761.4536801590881,10.285931502884853,544.2919819461866,-199.55215737171875,967.6683774430555,10.273229565237719,348.4735990269668,-792.5091972039917,359.497063864271,16.491074894064663,415.1065186860588,-656.8871785217358,496.5478993128647,11.826041241008477,9.197797876613938,-2.722325563430786,True,True,False,False,0.05555840852962389,False,False,1646.2693659175084
3593.1,98.09999999999991,370.20083030536074,-1152.9706674322465,16.543888888888887,874.2480469165132,585.1768747298047,1809.757020955418,8.106918645637627,284.01571783269065,-395.8037974246508,762.056128279949,10.358714444563484,545.2632764987205,-199.89780590561625,969.0174092583488,10.346043155658677,348.8264876584999,-794.1226937725866,359.48397839574073,16.541645630517664,415.3596636880062,-658.0446218494641,496.9820025199021,11.870012851740228,11.870012851740228,0.0,False,False,False,False,0.0,False,False,1649.9007856760447
3593.199,98.19900000000007,370.5399352154014,-1154.6274741281256,16.701944444444443,874.5393357037697,585.9227002395396,1812.0514079859722,8.068650435609712,284.23660517367415,-396.80759467162864,762.7183192212908,10.405194896796798,546.2304650647291,-200.24185856856963,970.4221068513074,10.392548144210638,349.1777976292743,-795.7243675602459,359.5382884010039,16.58460193513078,415.61181731761246,-659.1942273050487,497.47922229364667,11.906436021889292,11.906436021889292,0.0,False,False,False,False,0.0,False,False,1653.51192192683
3593.299,98.29899999999998,370.8926043218671,-1156.2398027913914,16.62611111111111,874.8267050489793,586.670536752958,1814.3004242865188,7.954685624296376,284.46116850028613,-397.8285195354419,763.3204226719707,10.501425072513902,547.2137001208247,-200.59302254017908,971.7766705515492,10.488730828994042,349.5369205971473,-797.3511157519874,359.5235109310899,16.733735270636668,415.8700215772444,-660.3638359072052,497.9115811028007,12.048970231673927,12.048970231673927,0.0,False,False,False,False,0.0,False,False,1657.1908921011077
3593.399,98.39899999999989,371.2588376247128,-1157.8521314546574,16.581944444444446,875.101203681021,587.4131844105386,1816.5374074307585,7.880711030075068,284.68566213018687,-398.85970597475705,763.9138803890581,10.60539860428417,548.2051596920645,-200.95089218151688,973.123826969433,10.592701102921364,349.895795387292,-798.9885594879931,359.49887740897196,16.79245212722298,416.1285313494288,-661.5433425729948,498.33292419439096,12.101087962538989,12.101087962538989,0.0,False,False,False,False,0.0,False,False,1660.9034990811344
3593.499,98.4989999999998,371.59794253478356,-1159.4978186423832,16.683055555555555,875.374445856509,588.1549707285656,1818.813084815238,7.929725428571909,284.91522028922793,-399.89546071772816,764.5322991872848,10.612654612348544,549.2027885515375,-201.30804299616395,974.5107118352198,10.600158040088411,350.25029647907274,-800.6278258790627,359.5043722933917,16.750745841778375,416.2522897117957,-661.1980168779147,500.29661517974887,11.960361203876861,9.375000015820156,-2.6777825355529785,True,True,False,False,0.05375770113588151,False,False,1664.6072471565249
3593.599,98.59900000000016,371.9506116412342,-1161.1323863211658,16.74888888888889,875.6540818326325,588.8970624449657,1821.0766753301596,7.9309143943934695,285.1509946856101,-400.92966487097976,765.1420464226966,10.602139549611127,550.2019848467174,-201.6603727217072,975.889387651203,10.589740859943861,350.62136755648703,-802.2623560374295,359.5033174938397,16.771679983831255,416.51723221907287,-662.3650615352226,500.7544587358714,11.97444829444837,11.97444829444837,0.0,False,False,False,False,0.0,False,False,1668.294916553846
3593.699,98.69900000000007,372.330409140505,-1162.7669540015283,16.801944444444445,875.9300765654486,589.6378410606454,1823.330795765654,7.879827823857067,285.386551965306,-401.9654605191028,765.7533198005677,10.642739329328986,551.2020189411653,-202.0148577288202,977.2612973432862,10.63036136438531,350.99631613826085,-803.9001537014994,359.5003809202561,16.83169858090462,416.7850487836879,-663.5349001884337,501.2074007237382,12.027619840040396,12.027619840040396,0.0,False,False,False,False,0.0,False,False,1671.9969034677401
3593.8,98.80000000000018,372.66273195235567,-1164.4237606974075,16.866111111111113,876.1995556294684,590.3859219573902,1825.6249218111225,7.8656564756354115,285.627978283945,-403.01545494563265,766.3665287666921,10.69192444810795,552.2168303681826,-202.3729914130994,978.6630456589487,10.67968280224819,351.37135191668506,-805.5602970307816,359.4945179256995,16.87082790715038,417.05308972331756,-664.7214173249332,501.67014644582565,12.059833644289988,12.059833644289988,0.0,False,False,False,False,0.0,False,False,1675.7529710995675
3593.9,98.90000000000009,373.00861896061645,-1166.0583283754,16.79111111111111,876.4619703863043,591.1264382622162,1827.885002171923,7.847089789136313,285.8689807454635,-404.0588288344328,766.9658100912661,10.725080764278953,553.2254386332961,-202.7290714730102,980.0415089663527,10.712808588399538,351.75597269135994,-807.2043622885642,359.4827449957758,16.898292378486158,417.32804077110603,-665.8966982640402,502.12136718652863,12.080451064144423,12.080451064144423,0.0,False,False,False,False,0.0,False,False,1679.4842690376577
3594.0,99.0,373.35450596886204,-1167.715135071279,16.88888888888889,876.7252299446424,591.865621046331,1830.1657091791774,7.846209899296762,286.10670344330254,-405.10500206052114,767.5847796929176,10.731770576424564,554.2342671739333,-203.0904899862449,981.4368007768161,10.719505042929729,352.1315123015024,-808.851208607865,359.4909361540892,16.88414565186317,417.4279366703562,-665.169521650832,504.4745393594535,11.94389845748765,8.70763371769598,-3.351823568344116,True,True,False,False,0.08423049458414514,False,False,1683.2062978511158
3594.099,99.09900000000016,373.72073927172283,-1169.3385832426982,16.74388888888889,876.9891575436399,592.5989350984199,1832.4035907430368,7.898519683932211,286.3420484933261,-406.1399219954843,768.1843737877556,10.709488600476538,555.2320403280039,-203.44871194416436,982.7968232998325,10.697253032808135,352.5003143720365,-810.4800015569692,359.48544905519645,16.85372066204283,417.68865366150453,-666.3209631171967,504.93554405736825,11.906387904486571,11.906387904486571,0.0,False,False,False,False,0.0,False,False,1686.8631609119743
3594.199,99.19900000000007,374.0937546727735,-1170.984270430424,16.908055555555556,877.2591018618364,593.3442927329551,1834.6745339176764,7.956172792759596,286.57784947920464,-407.18280135111615,768.7988799611759,10.674662900678955,556.2364251380566,-203.81174090962188,984.1740975375706,10.662403708116766,352.875130483549,-812.1211673561061,359.48985626942533,16.814735184407432,417.9532371362917,-667.4794654774215,505.4114589250314,11.860245292325196,11.860245292325196,0.0,False,False,False,False,0.0,False,False,1690.5479177061818
3594.3,99.30000000000018,374.4328595828292,-1172.6633161418197,17.025,877.5356824884777,594.1008383827639,1836.999735473198,7.99471083656413,286.81426807749483,-408.2323043387732,769.4360203315205,10.628370296315252,557.2462127786223,-204.1791978915017,985.5872408923452,10.616167716578754,353.24548214894463,-813.7758365193175,359.5123474824165,16.76168366352442,418.2142119099667,-668.6454570220117,505.91581228827744,11.79996506557093,11.79996506557093,0.0,False,False,False,False,0.0,False,False,1694.2564904883805
3594.4,99.40000000000009,374.79231078748495,-1174.2978838213921,16.851111111111113,877.8127856089025,594.8488775241985,1839.2688387696771,7.959611338081081,287.0497982412572,-409.2674495983449,770.0456569551114,10.603688891258972,558.2428495777207,-204.54132565811315,986.9558664312791,10.591580267705387,353.6161331875523,-815.4106812774119,359.51141101165035,16.765019577291973,418.4750762786436,-669.7960615024605,506.3894476823924,11.796143844812507,11.796143844812507,0.0,False,False,False,False,0.0,False,False,1697.9224184314087
3594.499,99.4989999999998,375.14497989393567,-1175.9546905164812,16.91111111111111,878.0876917811586,595.5855454919158,1841.5499393818134,7.925051696680965,287.2818879454094,-410.29101450390874,770.6885153496454,10.599323170525633,559.2272807992514,-204.901771779347,988.3471376467393,10.58715721490369,353.98549063524354,-817.0281895023884,359.5496587620523,16.75303475385247,418.6020898215466,-669.4695448837595,508.3460663267296,11.688038953417374,9.191500738618327,-2.5855727195739746,True,True,False,False,0.050123239737626654,False,False,1701.5393455779194
3594.599,99.59900000000016,375.4976490004014,-1177.6114972115702,16.89388888888889,878.3671751317664,596.3289986990874,1843.8391045162625,7.9599840821145476,287.510016526942,-411.3248294355815,771.3216454109875,10.574589066935845,560.2175529982735,-205.27269239188055,989.7293540615866,10.56230453674636,354.35305825709383,-818.6607808207688,359.5729557616528,16.71611742819822,418.8583258065389,-670.6076447045468,508.8546499247597,11.643725506831373,11.643725506831373,0.0,False,False,False,False,0.0,False,False,1705.1715423171345
3594.699,99.69900000000007,375.8367539104571,-1179.2683039074493,16.86888888888889,878.6522805326615,597.0737960504808,1846.1350735781266,7.9901740322181105,287.73238080535634,-412.35633943428365,771.956178686545,10.529525577679337,561.2022174543397,-205.64859221292738,991.1083180333835,10.517226243025863,354.70571803633936,-820.2920467273188,359.5976555765741,16.662902196560868,419.1037246300974,-671.7427634732222,509.36647411103576,11.583114154262303,11.583114154262303,0.0,False,False,False,False,0.0,False,False,1708.7905470165945
3594.799,99.79899999999998,376.18942301689276,-1180.9251106033284,16.953888888888887,878.9421994143032,597.8204740624217,1848.4307423171706,8.029580147198704,287.9543657661663,-413.38353852614426,772.5965895567714,10.488720264081543,562.1825438502084,-206.02382332431972,992.4847409081839,10.476471829536429,355.05559660445937,-821.9197450337201,359.6268776476516,16.634645996038437,419.346772339176,-672.8734653237749,509.8813892188917,11.547461832808155,11.547461832808155,0.0,False,False,False,False,0.0,False,False,1712.398200182607
3594.899,99.89899999999989,376.52174582875847,-1182.5930368065708,16.948055555555555,879.2345391107369,598.5706338436047,1850.7469233186303,8.072623374479729,288.17635672662664,-414.40658918933406,773.2498471247161,10.448449773355751,563.1589434816646,-206.39797711249005,993.8763696350064,10.436184144711984,355.40821663388175,-823.5427313541637,359.67054780803187,16.582370615944384,419.5913063799935,-673.998969747842,510.41445129758546,11.487790331782387,11.487790331782387,0.0,False,False,False,False,0.0,False,False,1715.994919602598
3595.0,100.0,376.86763283701913,-1184.2720825179663,17.04888888888889,879.5339393663937,599.3282491064239,1853.0794798633212,8.058798411705984,288.4039575993428,-415.43486063325804,773.9098756263246,10.406392559703212,564.1424338288314,-206.77120332484068,995.2787649246096,10.394227736685748,355.7626151459843,-825.1780805156859,359.7136695286303,16.552473942548225,419.73424110992903,-674.0253900587453,512.044171210256,11.383055003318338,9.49210772694098,-1.9583158493041992,True,True,False,False,0.028754532938284862,False,False,1719.6035507935194
3595.099,100.09900000000016,377.2067377470598,-1185.9288892138454,16.998055555555556,879.8303509784812,600.0655615057569,1855.3723816471518,7.995024301214557,288.63228364656635,-416.4389002060663,774.5710277969299,10.39511803798545,565.1058109330752,-207.1312846974143,996.6698612435653,10.382988442455716,356.1239304617617,-826.7767996991349,359.7703547623284,16.559443174582622,419.98265777441355,-675.1245642970288,512.5922723646069,11.38252299944881,11.38252299944881,0.0,False,False,False,False,0.0,False,False,1723.1304224131572
3595.2,100.19999999999982,377.5458426571155,-1187.6079349252411,17.116944444444446,880.130360302676,600.8094168261363,1857.6942217228404,7.887676703951067,288.867894283177,-417.4636438421122,775.2328731521555,10.426295607075277,566.0902433588989,-207.49725555658551,998.0811263862684,10.414206020946674,356.4976073446945,-828.4099013264794,359.81419587195865,16.614963466555807,420.239622684293,-676.2475928590337,513.1395115278862,11.430390515398832,11.430390515398832,0.0,False,False,False,False,0.0,False,False,1726.7398305915444
3595.299,100.29899999999998,377.87816546896613,-1189.2869806366368,17.096111111111114,880.4208944772333,601.5295230746943,1859.992726986843,7.799337356647888,289.10518396901927,-418.4703140170322,775.9117061772869,10.468027242399598,567.0603246840776,-207.85245903433736,999.5016806179098,10.456012143218329,356.8682050771711,-830.0140394020284,359.886738765172,16.645450467756632,420.49460063200905,-677.3512688897079,513.7064662896902,11.45337628069573,11.45337628069573,0.0,False,False,False,False,0.0,False,False,1730.292516081706
3595.399,100.39899999999989,378.2104882808319,-1190.9660263480323,17.13611111111111,880.7125769590807,602.2519934824962,1862.2940733866187,7.783246587516212,289.35064615129573,-419.4894856890141,776.577185043761,10.498257824410668,568.0451243590632,-208.20829118152963,1000.9245501457881,10.486260289373602,357.2576239784006,-831.6339195260448,359.94247528682183,16.67516595405232,420.7625711714146,-678.4659557968779,514.2635531255013,11.475514761027876,11.475514761027876,0.0,False,False,False,False,0.0,False,False,1733.8920016725754
3595.5,100.5,378.54281109268254,-1192.6450720602181,17.12388888888889,881.004097771053,602.983294473024,1864.6041336727008,7.806269257431288,289.59974888526256,-420.52155047401374,777.2294390342628,10.525532604500338,569.042466165468,-208.5687751532046,1002.3453879362497,10.513545401487615,357.6529539272836,-833.2723310707447,359.9793787131117,16.699708285122455,420.8736042148221,-677.8983109166128,516.4843890711328,11.388907485611195,8.480837677128282,-3.011566638946533,True,True,False,False,0.06800509694556894,False,False,1737.5251409110188
3595.6,100.59999999999991,378.8751339045332,-1194.335237279767,17.151944444444442,881.2898999121917,603.7098536397768,1866.9190518290827,7.808740928714549,289.84837137258114,-421.54508651094517,777.9012672391137,10.540471176524438,570.0322973875138,-208.9253575099517,1003.7797030717551,10.528495335968412,358.044955983099,-834.89594354499,360.0423616642823,16.70557919032577,421.1408724590894,-679.0052950482633,517.0602885698021,11.38692340700013,11.38692340700013,0.0,False,False,False,False,0.0,False,False,1741.1078962986885
3595.699,100.69900000000007,379.2142388145889,-1196.0031634830093,17.11611111111111,881.5726905971391,604.4281603499637,1869.2022271322899,7.786585908824195,290.09590185959195,-422.5592760990315,778.5611889333194,10.549624713324489,571.0137221955529,-209.27775338832464,1005.1935518852716,10.537645730038234,358.43770408657207,-836.5031190826634,360.09991157893273,16.718016272571507,421.40853413587354,-680.1006009084216,517.6251661469776,11.391584055269613,11.391584055269613,0.0,False,False,False,False,0.0,False,False,1744.6588681472604
3595.799,100.79899999999998,379.53977952823453,-1197.6933287025583,17.169999999999998,881.8570008053645,605.15456712201,1871.5189355896591,7.814751819431379,290.3433229615437,-423.5853171942603,779.2298899204168,10.559466736820266,572.0049663520397,-209.63675916316953,1006.6273554543744,10.547487044844086,358.83371779863506,-838.1277025841731,360.1613256281918,16.7250602218222,421.6783097289388,-681.2073125304023,518.2021426324483,11.390773020705925,11.390773020705925,0.0,False,False,False,False,0.0,False,False,1748.249959239394
3595.901,100.90099999999984,379.8585381436902,-1199.3946134302605,17.29111111111111,882.1426559708786,605.9012588465499,1873.8683308816355,7.861246393216915,290.59496741981496,-424.63318390834974,779.886695445698,10.571132825111153,573.016750883114,-210.00419278892522,1008.0691938580044,10.559137920167394,359.22972320880706,-839.7879260243839,360.19788676871156,16.741582988021296,421.94798080722086,-682.3378886129772,518.7669783848066,11.399283703414358,11.399283703414358,0.0,False,False,False,False,0.0,False,False,1751.917852135616
3596.0,101.0,380.18407885735087,-1201.0958981579627,17.325,882.418894984464,606.632191721243,1876.1984589772362,7.924420520749065,290.8364910112736,-425.65043716556386,780.5758479658632,10.550910945393941,573.9974824820762,-210.36311008615107,1009.5123044248375,10.53891624480042,359.61855657020067,-841.3961864510492,360.2871400827123,16.684629718614104,422.1030398280331,-682.3107097071626,520.4760042929873,11.265968081339446,9.336907668243802,-1.9976463317871094,True,True,False,False,0.02992323821037229,False,False,1755.4607394347895
3596.1,101.09999999999991,380.50283747279144,-1202.8194219011814,17.388055555555557,882.7038768071313,607.3757813958102,1878.566623239093,8.002289348375927,291.0781909200328,-426.6744461951568,781.279585503673,10.492112112812064,574.9838966591461,-210.72571331103796,1010.9761663888971,10.480142326246227,359.996622467028,-843.0182165108387,360.3850888344386,16.62552090974269,422.3580122643455,-683.4046273537612,521.098440269754,11.19882001755984,11.19882001755984,0.0,False,False,False,False,0.0,False,False,1759.0125143186012
3596.199,101.19900000000007,380.84194238284715,-1204.5095871199403,17.305,882.9905469771321,608.1147811333764,1880.8934902013254,8.010923320857927,291.31893057302744,-427.6830506751356,781.967926048334,10.456113359249747,575.9569172113279,-211.0806966413868,1012.408422446084,10.444140768611756,360.37907459641826,-844.6184044164621,360.4724571250253,16.61199650429613,422.61548663274147,-684.4819056290112,521.7028066974809,11.177336749754149,11.177336749754149,0.0,False,False,False,False,0.0,False,False,1762.5185942270004
3596.299,101.29899999999998,381.1742651946978,-1206.2442303721025,17.47888888888889,883.2809190298638,608.8607492971727,1883.2729964202606,7.998887874643516,291.5608922895696,-428.69912459650357,782.6921157894852,10.433613673529713,576.9368703264756,-211.43866764522667,1013.8841675459363,10.421633815642144,360.7638930189311,-846.2328044895633,360.5895312655823,16.580609987748343,422.87419841636563,-685.5672599103049,522.3441317751806,11.137910978298171,11.137910978298171,0.0,False,False,False,False,0.0,False,False,1766.054020013996
3596.399,101.39899999999989,381.50658800653343,-1207.967754115321,17.516944444444444,883.5751628012663,609.6037506551713,1885.6402172074306,7.984168470021318,291.8021332247086,-429.7125559753668,783.4079669237248,10.401360463549064,577.9142417322417,-211.79572647622615,1015.3495334576282,10.389381443343503,361.1472548250466,-847.8442369497018,360.69855844365503,16.547510079537442,423.1315003138714,-686.6488090450435,522.9780834927794,11.096771815179078,11.096771815179078,0.0,False,False,False,False,0.0,False,False,1769.5802800822523
3596.499,101.4989999999998,381.8456929166042,-1209.6690388438133,17.439999999999998,883.8746165600129,610.3434238892473,1887.9826282776598,7.975706142691158,292.04238378697454,-430.7231017243197,784.1054822443201,10.372885455083004,578.8887040607485,-212.1518997695161,1016.7922063960374,10.360908501904236,361.5303920162729,-849.4527962174266,360.7886540657049,16.523667855873896,423.27929968448973,-686.637530019433,524.6700896686446,10.99811002534683,9.117898892973308,-1.9469914436340332,True,True,False,False,0.028425939122834323,False,False,1773.0866664403388
3596.599,101.59900000000016,382.17801572845485,-1211.392562587032,17.474999999999998,884.1771971243637,611.0854489818752,1890.351628870756,8.051224736764816,292.27840351453943,-431.7311824815813,784.8272471723624,10.334039345957708,579.8589330771371,-212.5098309613702,1018.2555949385992,10.322099046423414,361.91128584141387,-851.0579176093341,360.9041378420561,16.47023939240562,423.53252047745355,-687.7046255847433,525.318237285503,10.936462826526963,10.936462826526963,0.0,False,False,False,False,0.0,False,False,1776.572339541756
3596.699,101.69900000000007,382.51712063851056,-1213.1272058391942,17.605,884.4786531914274,611.8339625332811,1892.735757106708,8.087659483735115,292.5048571168816,-432.73887387214114,785.5623185047808,10.322780915578553,580.8239548501075,-212.87454771897703,1019.7210307587001,10.311020451742348,362.2822752753969,-852.6642865687213,361.0304213440476,16.50280653189151,423.7788931458112,-688.7714090848609,525.9767442200424,10.9608112306613,10.9608112306613,0.0,False,False,False,False,0.0,False,False,1780.0554768038944
3596.799,101.79899999999998,382.84944345034614,-1214.8396100742598,17.543055555555554,884.7750228607484,612.5850058181863,1895.101584094141,8.060489541146211,292.7246391047163,-433.7484936972715,786.2733700446607,10.342523063590363,581.7875164348883,-213.24436665652001,1021.1608044376969,10.33084942312727,362.63464290740933,-854.2768719336592,361.12896075562537,16.509885011252226,424.0128658407418,-689.8421684547991,526.6087172178876,10.959670974670468,10.959670974670468,0.0,False,False,False,False,0.0,False,False,1783.5451788124112
3596.899,101.89899999999989,383.1885483604169,-1216.5631338182684,17.55888888888889,885.0714237850019,613.3332371098875,1897.4738862446789,8.035666730762603,292.9439039041688,-434.7590399288001,786.9953856760325,10.338683382131354,582.752203360266,-213.61348239381144,1022.6111947799802,10.327013602918191,362.98439691498015,-855.8896330337607,361.2389540232095,16.495122074444215,424.24490153575846,-690.9121151449226,527.2519488521446,10.936689302510903,10.936689302510903,0.0,False,False,False,False,0.0,False,False,1787.0344576209277
3597.0,102.0,383.52087117226756,-1218.2755380533338,17.46,885.3749663951139,614.0851429161025,1899.8429403649973,8.021085479147171,293.1649746772056,-435.7791568497724,787.6958642954118,10.33055258920745,583.7265168410463,-213.98464803208756,1024.051996891427,10.318874834511218,363.3378178975387,-857.5176523410656,361.3220277578942,16.493772010881663,424.41035754757627,-691.3172923221124,528.5422810335639,10.885641713199023,9.71916294526396,-1.207875370979309,True,True,False,False,0.010940649956625642,False,False,1790.545259277136
3597.099,102.09900000000016,383.85997608232327,-1219.9990617973426,17.563888888888886,885.6703951436632,614.820897372565,1902.2034536943672,7.996240161919704,293.3809613193731,-436.7801115223191,788.4277875508852,10.356165965288852,584.6825918678586,-214.34812985268346,1025.5064699611146,10.344528428664333,363.68363258736207,-859.1161619000858,361.4464722128024,16.546387207848294,424.63869097791667,-692.3727511611497,529.1997990023204,10.930010181922505,10.930010181922505,0.0,False,False,False,False,0.0,False,False,1793.993780026748
3597.199,102.19900000000007,384.21264518877393,-1221.7114660331983,17.578055555555558,885.9621604416656,615.5634464529738,1904.555507226708,7.960116763189229,293.6025515914948,-437.79395933799685,789.1367729138777,10.39956127353748,585.6530780431892,-214.7124323668151,1026.949512777334,10.387834563274563,364.03213869095913,-860.7354102894959,361.53971519431843,16.58016921358966,424.86893587853143,-693.4425277895712,529.8311099640141,10.955462159135456,10.955462159135456,0.0,False,False,False,False,0.0,False,False,1797.491680286523
3597.3,102.30000000000018,384.55175009882964,-1223.4238702682635,17.544999999999998,886.2537723099286,616.3134642905462,1906.91855601131,7.974809540715616,293.83119609836433,-438.82015171339367,789.83113010838,10.419374192047394,586.638335329158,-215.07592260189557,1028.3990332030808,10.407639489234677,364.3949534036673,-862.3705143217722,361.6155725258991,16.585633629617337,425.1085964662861,-694.5226107622002,530.4539566205285,10.952513246349419,10.952513246349419,0.0,False,False,False,False,0.0,False,False,1801.0322500098418
3597.4,102.40000000000009,384.8840729106803,-1225.1362745041192,17.51,886.5407397664251,617.0602668683006,1909.279316508017,8.026107457647258,294.05570804525576,-439.83824231949006,790.5332322029084,10.431757265005194,587.6150733608685,-215.43712308103017,1029.8505886428577,10.420123404065219,364.7572821530182,-863.9900420256016,361.706633806501,16.60564297181492,425.34784766171526,-695.5920095881725,531.0879828921691,10.96419256001859,10.96419256001859,0.0,False,False,False,False,0.0,False,False,1804.542842266486
3597.5,102.5,385.243524115336,-1226.870917755491,17.626944444444444,886.8251107272207,617.8123591851225,1911.6590910129496,8.055079599502513,294.27657489167564,-440.85806309819577,791.2592454673565,10.437523019394183,588.5917019877068,-215.80124863938588,1031.3158377774307,10.42589271776613,365.10984758658776,-865.6123133753123,361.81921475963486,16.59716845761232,425.55412897398907,-696.4087543057657,531.9915898920148,10.931761355378002,10.491054737677898,-0.4563332796096802,True,True,False,False,0.0015616218364846197,False,False,1808.0441986525946
3597.599,102.59900000000016,385.59619322178673,-1228.6055610068631,17.66111111111111,887.1075969893641,618.5553353286055,1914.0316259298795,8.002918219971443,294.49276415750813,-441.8685975238363,791.9942452428322,10.439298720741409,589.5583281831431,-216.16343389675507,1032.7824617242659,10.42770411023914,365.45661248890406,-867.2190399353772,361.9472617996272,16.609300477520897,425.7824831295453,-697.4668276124428,532.6568238635261,10.93560504195647,10.93560504195647,0.0,False,False,False,False,0.0,False,False,1811.5182145358515
3597.7,102.69999999999982,385.9488623282525,-1230.329084750872,17.626944444444444,887.3991361760139,619.3062191216391,1916.4036981997167,7.947569320975288,294.71310275974423,-442.899691888825,792.6973019804815,10.439421575476501,590.5447476052935,-216.53250093631786,1034.2354614043923,10.427809759492641,365.8044743487809,-868.8594938728805,362.03047039796246,16.597250529176574,426.0113845489417,-698.5462855181813,533.2897441789402,10.915099319204701,10.915099319204701,0.0,False,False,False,False,0.0,False,False,1815.0629167293823
3597.799,102.79899999999998,386.2947493364981,-1232.0414889867275,17.56,887.6890072805412,620.0390190980111,1918.7491785865814,7.972672306392569,294.93286913061536,-443.90835742883127,793.4108810786565,10.415773928365814,591.5121657084333,-216.88947230052491,1035.6871173112256,10.404127651602838,366.1500054760878,-870.4641022227214,362.13811912623777,16.56213469752506,426.2384097366326,-699.6005653876458,533.9371059677388,10.871695154223078,10.871695154223078,0.0,False,False,False,False,0.0,False,False,1818.531079624483
3597.899,102.89899999999989,386.64063634475883,-1233.765012729156,17.546944444444442,887.9852365316535,620.7809385377444,1921.1161061989485,8.004765975017259,295.1586739496835,-444.923842909254,794.1280379425508,10.390016237830785,592.4887877815378,-217.24440918211468,1037.1536042870316,10.378327801163053,366.506353421398,-872.0807175689314,362.2442804439933,16.546347815169263,426.47217470819965,-700.6610683186019,534.5899054363911,10.847536217998504,10.847536217998504,0.0,False,False,False,False,0.0,False,False,1822.0272719548439
3597.999,102.9989999999998,386.99330545120955,-1235.4996559821084,17.648888888888887,888.2788176051532,621.5222739726896,1923.4909963471325,7.9423309854867234,295.3911155327955,-445.9377486672458,794.8578279670728,10.414386459523525,593.4678762440692,-217.59222930114638,1038.637221399442,10.402628537833209,366.86920907201613,-873.6984360214136,362.36045868737676,16.61192243339515,426.71644102590176,-701.7811912961182,535.1946627598746,10.908370559547036,11.01088622064335,0.10614743828773499,True,True,False,False,8.449750649589938e-05,False,False,1825.52115773113
3598.099,103.09900000000016,387.33919245947027,-1237.223179724537,17.605,888.5644587771139,622.2576927853361,1925.8493925604025,7.836626563306134,295.6290408670759,-446.9550332557664,795.5718039424763,10.480364079879202,594.4529622944635,-217.93665427639462,1040.1159236428452,10.46862529630222,367.24877617002005,-875.3190944383022,362.4612969318928,16.678345730731213,426.9658519085079,-702.8461145950156,535.8443056294717,10.96643157339205,10.96643157339205,0.0,False,False,False,False,0.0,False,False,1829.0499131630318
3598.2,103.19999999999982,387.69186156590587,-1238.9578229774893,17.651944444444442,888.84735589939,622.997066921826,1928.2201226832506,7.839572108081557,295.8676376381911,-447.9885061656083,796.2814503916193,10.522826226663366,595.4521831745818,-218.288846858754,1041.5994959898012,10.511092638115347,367.6321092339043,-876.960341149364,362.5528520278459,16.69627500225601,427.21787655275904,-703.9251621843168,536.4906839602743,10.975914938590947,10.975914938590947,0.0,False,False,False,False,0.0,False,False,1832.628514300126
3598.3,103.30000000000018,388.0513127705767,-1240.6813467199179,17.633055555555554,889.1244798634185,623.7343319102075,1930.575080514167,7.913121422444343,296.1029976574028,-449.0151658790172,796.9879764082825,10.54302885988134,596.4439668956751,-218.64001465025572,1043.070459150307,10.531292846034884,368.00380617403454,-878.5892353588166,362.64665947817383,16.719020662274342,427.4622189741047,-704.995948387491,537.1331915962317,10.990298315118231,10.990298315118231,0.0,False,False,False,False,0.0,False,False,1836.178944572719
3598.399,103.39899999999989,388.4107639752173,-1242.4159899720798,17.67611111111111,889.39402817783,624.4718477224735,1932.9393238130756,7.950300388575435,296.3375576937823,-450.0334553047776,797.7139566039459,10.56718103824323,597.4282451945656,-218.98743528086422,1044.554600780941,10.555444498887343,368.3755658865316,-880.2034387546892,362.76623522850605,16.74480647388552,427.7066025200722,-706.0570766822874,537.7964733915148,11.007805466073329,11.007805466073329,0.0,False,False,False,False,0.0,False,False,1839.702564433185
3598.499,103.4989999999998,388.7702151798881,-1244.1395137152986,17.67,889.6613789580939,625.2238133354662,1935.3064890278724,8.011381596641982,296.5793640443566,-451.0626371986877,798.4172374757683,10.577147650062916,598.4255457614539,-219.3347078677872,1046.030710700896,10.565419120829251,368.75144325252165,-881.8349304285388,362.85722026724585,16.739810149927397,427.9675321614247,-707.2582370429496,538.3102589584211,11.002428957914486,11.227915406087611,0.23346854746341705,True,True,False,False,0.00040878315006935995,False,False,1843.2547761189974
3598.6,103.59999999999991,389.12966638455885,-1245.8630374593074,17.61611111111111,889.9310102301184,625.9876943352284,1937.6860292929962,8.029650317261225,296.8302534065376,-452.1004952502419,799.1108527922055,10.56650736032123,599.434984540273,-219.67909571967218,1047.5121999904684,10.554803669710413,369.14508006707206,-883.4783959223766,362.9352726205196,16.724533213083426,428.22609371264144,-708.3377524026683,538.9452316377251,10.97872781034313,10.97872781034313,0.0,False,False,False,False,0.0,False,False,1846.8540148234292
3598.699,103.69900000000007,389.48911758919957,-1247.575441695163,17.586944444444445,890.2012296603559,626.7347525021222,1940.039000444739,8.019688878663766,297.07810770651037,-453.1151368712718,799.8168357120326,10.534011652460586,600.4231455104139,-220.0138324414184,1048.988095712822,10.52231171158635,369.53692124769566,-885.0845429027385,363.0395871612208,16.674530436175974,428.4830172806072,-709.3908755384637,539.5953590074864,10.9204676387623,10.9204676387623,0.0,False,False,False,False,0.0,False,False,1850.372365193863
3598.799,103.79899999999998,389.85535089204524,-1249.310084946535,17.676944444444445,890.4813707432386,627.4891341486443,1942.421612459129,8.074709407115508,297.3275869889709,-454.1361517233967,800.5391752877924,10.487037813692977,601.4174982293988,-220.3507535038538,1050.483625740526,10.475337632662221,369.9325743113009,-886.7021411621859,363.1548401470094,16.631117587619308,428.74186095954497,-710.44913875701,540.2622326181055,10.868713987505272,10.868713987505272,0.0,False,False,False,False,0.0,False,False,1853.9118993181635
3598.9,103.90000000000009,390.23514839131605,-1251.0558477060604,17.781944444444445,890.7653075792125,628.2545550376849,1944.8233930404886,8.091444901203003,297.58058955042856,-455.163816384311,801.2671170062202,10.47043113440401,602.4193797864502,-220.68815103168714,1051.9884687594238,10.458724248460141,370.3310240548064,-888.334497382738,363.26705348266523,16.641801725820827,429.0021979918033,-711.5156792203276,540.9311208872527,10.870973914979409,10.870973914979409,0.0,False,False,False,False,0.0,False,False,1857.4822709358218
3599.0,104.0,390.61494589058685,-1252.8016104663757,17.818055555555553,891.0410083839197,629.0126392779415,1947.2162475090818,8.041898727117868,297.83212581360004,-456.18164498419907,802.0050006740998,10.498563772018569,603.4122934835751,-221.02119220463092,1053.4958674104953,10.48687102409899,370.73260501821414,-889.9518579345354,363.3940703850064,16.687599257014945,429.16094843619413,-711.6350588537006,542.537584777866,10.850350933725478,9.208601065073507,-1.6998295783996582,True,True,False,False,0.02166988123910265,False,False,1861.0161964273184
3599.099,104.09900000000016,390.98796129165265,-1254.5362537177477,17.793055555555558,891.3094879776584,629.7597538602724,1949.5879242136996,7.996285127609532,298.08245557262273,-457.1919163915413,802.7387029781709,10.528201803685295,604.398273862564,-221.35096073025645,1054.9956450892403,10.516506900152043,371.1273694626051,-891.556785391145,363.52240307092933,16.701586320192625,429.41758441378755,-712.6784206170148,543.2188759845621,10.855925817905616,10.855925817905616,0.0,False,False,False,False,0.0,False,False,1864.5173364123411
3599.199,104.19900000000007,391.3677587908933,-1256.27089696991,17.779999999999998,891.579602115346,630.5093149281298,1951.9609258927442,7.938632404263498,298.33653764151705,-458.2150793387505,803.4599530552115,10.556595450811008,605.3972308483765,-221.68419108713456,1056.4933823259742,10.544913223790443,371.53234295620086,-893.1793047644015,363.6329853735307,16.74432611832833,429.68089287607626,-713.7333614661368,543.8886592621114,10.890168465538776,10.890168465538776,0.0,False,False,False,False,0.0,False,False,1868.063722066618
3599.3,104.30000000000018,391.74755629016414,-1258.0388987449517,17.876944444444444,891.8494758700755,631.2629470635538,1954.3703319849433,7.912834800547737,298.593042734056,-459.2519435371965,804.2004496429678,10.594314134704497,606.4092206459219,-222.02217988983068,1058.02186739751,10.582604212599275,371.9383739932393,-894.8226980127462,363.7559788891594,16.776645706749044,429.94500010379846,-714.8023241691941,544.5778371093505,10.9139059319519,10.9139059319519,0.0,False,False,False,False,0.0,False,False,1871.65873082295
3599.399,104.39899999999989,392.1341358876249,-1259.7735419971139,17.901944444444446,892.1102226103014,632.0020550297274,1956.72966880987,7.920592594584356,298.84321315982845,-460.27187055236476,804.9261574246119,10.621097597820851,607.4036952888177,-222.35598325164415,1059.5169533321275,10.609394945747752,372.3379694617534,-896.4359145690913,363.8765171183561,16.79850529325105,430.20494437721356,-715.8517514991877,545.2525108952005,10.927353339456408,10.927353339456408,0.0,False,False,False,False,0.0,False,False,1875.192070245892
3599.499,104.4989999999998,392.52749758327565,-1261.5193047566393,17.916944444444447,892.3730035308881,632.7480780503414,1959.1055222683724,7.89844894479156,299.0937783303187,-461.30475858118695,805.6507803038644,10.63581343929637,608.4094734247791,-222.6959325033911,1061.0179198452975,10.624117742783298,372.73452116872704,-898.0686674645974,363.98918619010954,16.805871053244108,430.3971136472462,-716.3330088149108,546.4999589235981,10.890176047091874,9.870472771014182,-1.0557491779327393,True,True,False,False,0.008359469651985184,False,False,1878.7558077884007
3599.599,104.59900000000016,392.92764137714653,-1263.2984260406242,18.005,892.6353891653861,633.4914091823177,1961.509498372279,7.867179931438682,299.34186759890963,-462.3400495737978,806.4072283195667,10.656278256691339,609.4161568341046,-223.03868472963947,1062.5476962081063,10.644601964116955,373.1306739456641,-899.7036268795589,364.1333518046083,16.839510865976898,430.65385820933477,-717.3926175402928,547.2078391167928,10.915221643013027,10.915221643013027,0.0,False,False,False,False,0.0,False,False,1882.3259564346017
3599.699,104.69900000000007,393.3142209746073,-1265.055308308303,18.03111111111111,892.8956211656046,634.2322632215298,1963.8927808779397,7.8374170438284665,299.586410888459,-463.37853190454547,807.1372598317248,10.6814745274188,610.4239391468786,-223.38528866941726,1064.0550077600874,10.669809706332597,373.5191626135108,-901.3430142486794,364.2505692317217,16.856271606507075,430.9056420175766,-718.4551226508503,547.8913011691202,10.923388166731604,10.923388166731604,0.0,False,False,False,False,0.0,False,False,1885.905045408476
3599.799,104.79899999999998,393.694018473863,-1266.834429591498,18.06111111111111,893.15420036909,634.9692809101138,1966.2954575995216,7.783830805567365,299.83287950489097,-464.4192639794428,807.8861376535524,10.70897395538361,611.4348336672838,-223.7309308804327,1065.5871487702734,10.69730930123518,373.9036594857312,-902.9861950271595,364.38605366350816,16.89505971845683,431.15486556806616,-719.5202011399002,548.594731774361,10.953582061869762,10.953582061869762,0.0,False,False,False,False,0.0,False,False,1889.4938996342225
3599.9,104.90000000000009,394.09416226773385,-1268.5913118591766,18.07111111111111,893.4126093705447,635.7094521040432,1968.6747601490868,7.7406097184623635,300.0853480808594,-465.4730546260133,808.6016276548395,10.748690748764071,612.4601074271055,-224.07802608032358,1067.0949771102298,10.737010356062491,374.3018048898788,-904.64758795919,364.4815106102948,16.935313650938653,431.41305981177754,-720.5976017255266,549.2629665833531,10.985155835371849,10.985155835371849,0.0,False,False,False,False,0.0,False,False,1893.132523984326
3599.999,104.9989999999998,394.4875239633846,-1270.3815526513151,18.146111111111114,893.6614527485734,636.4343198438434,1971.0711257532828,7.7421258521828555,300.33347873280434,-466.5096962774108,809.3670030976734,10.785134873204647,613.4688308586367,-224.41891658652133,1068.6396253242553,10.773439505913029,374.6927182991792,-906.2796758111344,364.63956319881936,16.968732696957517,431.5391115381746,-720.5526119412854,551.0759332289206,10.941383161062516,8.997132875668145,-2.0129337310791016,True,True,False,False,0.03038965766085446,False,False,1896.7011143050304
3600.1,105.09999999999991,394.8808856590655,-1272.1606739345102,18.19888888888889,893.9103515864294,637.1744788309011,1973.4718476455312,7.721080219325908,300.58686814926693,-467.57137580371233,810.095858775212,10.828705348192301,614.5018136222711,-224.76782405715932,1070.1706097504352,10.816983906981235,375.09204959157654,-907.9490975233019,364.74877713961337,17.021724420248933,431.7967160093432,-721.6295385571248,551.7674415461314,10.985507861903022,10.985507861903022,0.0,False,False,False,False,0.0,False,False,1900.3448245319905
3600.2,105.19999999999982,395.2810294529062,-1273.884197678519,18.069999999999997,894.1503527109724,637.9051872609224,1975.8059758121717,7.661301896490574,300.8355913896684,-468.62848164100416,810.7753751699961,10.890820754547597,615.5288208682075,-225.11718881686065,1071.6442173127928,10.879144558919167,375.48720468504223,-909.6084659968329,364.8131085791308,17.093675497359772,432.0519356893116,-722.701278483466,552.4081009161857,11.048679708864462,11.048679708864462,0.0,False,False,False,False,0.0,False,False,1903.973684527042
3600.3,105.30000000000018,395.6879553449821,-1275.6855579780208,18.208888888888886,894.3853948250218,638.6336577897298,1978.2106045620126,7.647717564936546,301.0840628296511,-469.69111501329724,811.5275340794466,10.935124701252999,616.5608725178532,-225.46823892497932,1073.1920903451592,10.923353263824351,375.8744317275262,-911.2742598587793,364.9495443415298,17.110499527965917,432.3021919896604,-723.7778443306245,553.1208970094775,11.05672450932117,11.05672450932117,0.0,False,False,False,False,0.0,False,False,1907.6177338113787
3600.399,105.39899999999989,396.08809913883783,-1277.464679262006,18.243055555555554,894.6146770180887,639.3546653037447,1980.5870716919949,7.636907546416063,301.3293685614139,-470.74763757400524,812.263259276501,10.97661218341173,617.5867013266987,-225.8169186403409,1074.7207279994832,10.964923748300517,376.26300177042623,-912.9264166713434,365.07694994108556,17.177089122434793,432.5534526254224,-724.8461767424725,553.8203059944924,11.114622665942157,11.114622665942157,0.0,False,False,False,False,0.0,False,False,1911.2397064190857
3600.5,105.5,396.4950250309137,-1279.2438005459912,18.293055555555558,894.8404700831616,640.0906202847693,1982.975744075069,7.607329524294013,301.5820674595169,-471.83073933463567,812.972521632584,11.047115632167781,618.6396194346021,-226.1714249699905,1076.2479496027208,11.035241227989953,376.6514053427258,-914.6210949122496,365.16227448355016,17.250985103979307,432.59280805796453,-724.1425106977357,556.2737562843182,11.06733739207462,7.886319525121209,-3.293332099914551,True,True,False,False,0.08134779669874984,False,False,1914.9481955979265
3600.599,105.59900000000016,396.90873302117956,-1281.0340413373397,18.311944444444446,895.0503886456156,640.81143583246,1985.355169028018,7.5599089927069585,301.83163881365545,-472.90002865119027,813.7077093792118,11.135427380061813,619.6798244771295,-226.51939856215796,1077.788518688033,11.123728906582516,377.0471045796548,-916.2878160111031,365.2865904657422,17.356066763513535,432.84699604653946,-725.2131735752308,556.9815039919222,11.163428006862471,11.163428006862471,0.0,False,False,False,False,0.0,False,False,1918.586912076256
3600.7,105.69999999999982,397.32922310963534,-1282.8354016376313,18.408888888888885,895.2546584964466,641.5438200077851,1987.7537895588991,7.496422590549441,302.0833626010288,-474.00088161537263,814.4231423060512,11.226285060680894,620.7487783936962,-226.87983263488985,1079.3324146856846,11.21458476453653,377.43993655499764,-918.0000571103863,365.3770823901878,17.43058841446303,433.09986238481247,-726.3153448957767,557.6684608170987,11.228776975798032,11.228776975798032,0.0,False,False,False,False,0.0,False,False,1922.3294958461497
3600.799,105.79899999999998,397.74971319812124,-1284.62564242898,18.441111111111113,895.449736289453,642.2588973146521,1990.1229465759498,7.4775093372779855,302.33164439717507,-475.08722553436326,815.1423533849437,11.285940378709826,621.8043559982648,-227.2333194273187,1080.869560910635,11.274178783225176,377.82389409918005,-919.6847774828946,365.48443629566594,17.476878165716435,433.34728991907684,-727.4010019274215,558.3605353626772,11.26607568230506,11.26607568230506,0.0,False,False,False,False,0.0,False,False,1926.018348070734
3600.9,105.90000000000009,398.1702032865771,-1286.4158832211185,18.41305555555555,895.6467116183452,642.9895270210862,1992.507995821813,7.506988541486237,302.5851434986963,-476.2002825903627,815.8344336690559,11.319216753146176,622.8861336584471,-227.59416485094061,1082.4050446368362,11.307482581142855,378.21844188233405,-921.4062870046291,365.5544803627176,17.496261143373207,433.6016004841509,-728.5106217959021,559.0292162609314,11.276285977947856,11.276285977947856,0.0,False,False,False,False,0.0,False,False,1929.7933669788856
3600.999,105.9989999999998,398.5974754732379,-1288.21724351983,18.435,895.8358887678421,643.7103348289221,1994.8910265075156,7.548128454424562,302.8305807032397,-477.2952668796275,816.5572547788312,11.350613058587726,623.9489118953032,-227.950729566997,1083.9503450376226,11.338954684873618,378.60126705140397,-923.0978186966869,365.6665731707401,17.54032431104665,433.713529373893,-728.4759300831586,560.8417559431214,11.241043086800765,9.248219854338709,-2.063138246536255,True,True,False,False,0.03192576162418475,False,False,1933.4941884062869
3601.1,106.09999999999991,399.02474765991377,-1290.0186038201218,18.49888888888889,896.0216741775957,644.4513245883201,1997.2931304354363,7.579389441296851,303.080353732718,-478.4162212011724,817.2537881214209,11.390872770149725,625.0367666573003,-228.31512098577554,1085.4933063791116,11.379130273644831,378.9855708497603,-924.8290500498038,365.73894896523205,17.575970542961397,433.9598552311319,-729.5855913692537,561.5208127805838,11.267325214433136,11.267325214433136,0.0,False,False,False,False,0.0,False,False,1937.2704044142388
3601.199,106.19900000000007,399.47236614118975,-1291.7866055959537,18.436111111111114,896.1962684501699,645.1802458548708,1999.6437729616696,7.562973372794888,303.32604201570336,-479.51934480983607,817.9377840568474,11.44049774025591,626.1079054878347,-228.67188010264434,1087.0034899924008,11.42872205348498,379.3660513698982,-926.5302214712107,365.8093629714309,17.640210723612437,434.2039176205485,-730.6768219052228,562.1836621795604,11.322386718609367,11.322386718609367,0.0,False,False,False,False,0.0,False,False,1940.9889656811083
3601.299,106.29899999999998,399.91320252424555,-1293.5768463880922,18.458055555555553,896.3671189275816,645.9142344739865,2002.0220138289603,7.509269632375536,303.57368889745516,-480.6389653732961,818.6264717651594,11.493142279318068,627.194824535337,-229.03352064988132,1088.5354509972394,11.48133729560611,379.74844497207147,-928.254365094122,365.8785765604774,17.68058258239773,434.44941349687485,-731.7837184307228,562.8536830193715,11.353487187016087,11.353487187016087,0.0,False,False,False,False,0.0,False,False,1944.7629245152586
3601.399,106.39899999999989,400.35403890731646,-1295.4004457039005,18.553055555555556,896.5344082947968,646.6431603584987,2004.427181718843,7.448263011940714,303.8206023663385,-481.76410351589374,819.3429084940506,11.545118619474042,628.2867470538829,-229.39669011657932,1090.0996864366584,11.533326839421356,380.12999267830685,-929.9840202141589,365.975649550039,17.744185512307503,434.6945675099943,-732.8950654184257,563.55263707556,11.407818726547287,11.407818726547287,0.0,False,False,False,False,0.0,False,False,1948.55469724287
3601.499,106.4989999999998,400.80165738860745,-1297.2240450189188,18.655,896.6968495365518,647.3687644881196,2006.8266582796641,7.4231613712098525,304.07062203883595,-482.8941662101105,820.0549034793994,11.602770436342524,629.3850585010221,-229.75795963655105,1091.6657980836787,11.590861566357292,380.50902052068614,-931.7201532988163,366.0667780249851,17.796327668828983,434.7910250501188,-732.8008090499644,565.4457236691205,11.374863545072698,9.224673448073498,-2.226016044616699,True,True,False,False,0.037166298155151406,False,False,1952.3559342355636
3601.599,106.59900000000016,401.2289295752532,-1299.036524828154,18.619999999999997,896.8542820533448,648.0940208120211,2009.219214467162,7.419811992984937,304.32673788290066,-484.028072296058,820.748933872925,11.646676057639594,630.4902678155207,-230.11443216721017,1093.2315406126781,11.634703965714273,380.8986746722291,-933.4584397564118,366.14294414769734,17.832145026202895,435.0401176723833,-733.9120363530866,566.1350403523403,11.401205067937516,11.401205067937516,0.0,False,False,False,False,0.0,False,False,1956.1576630687887
3601.7,106.69999999999982,401.6833301547191,-1300.8267656187122,18.605,897.01288267544,648.826370455398,2011.591090804488,7.418360373090321,304.58656162137083,-485.1760733937833,821.4096628276443,11.660993594635999,631.6099036621413,-230.47357701360286,1094.7703766370319,11.64900674826252,381.2982449176986,-935.2142080680572,366.1804117355973,17.824501336931526,435.29544976973295,-735.0340017910928,566.79028413048,11.38399078581203,11.38399078581203,0.0,False,False,False,False,0.0,False,False,1960.0028491274506
3601.799,106.79899999999998,402.15129493059504,-1302.6503649353108,18.67611111111111,897.1707524904178,649.5450094252946,2013.978908290195,7.445790918103906,304.8393280827817,-486.30217250000095,822.1277213329979,11.654540682796192,632.707457816363,-230.8266088584029,1096.3404162646837,11.642587659646914,381.68567598511686,-936.935506992704,366.28704437749724,17.819172871297134,435.54276783291226,-736.132799363092,567.5007863998599,11.369281244013655,11.369281244013655,0.0,False,False,False,False,0.0,False,False,1963.7701837407603
3601.9,106.90000000000009,402.61925970647104,-1304.440605726659,18.645,897.3317041486515,650.2797472216203,2016.3511749980962,7.448494406675788,305.0974785147739,-487.4508635078613,822.7896065808918,11.65915799712131,633.8275532888936,-231.18531619236762,1097.8771295252632,11.64716424849474,382.07896862398536,-938.6925077145142,366.324411904605,17.833909665451465,435.7936561274858,-737.2536210391032,568.1563307548903,11.374447445313827,11.374447445313827,0.0,False,False,False,False,0.0,False,False,1967.6156345691977
3601.999,106.9989999999998,403.0668781877469,-1306.2419660261608,18.631944444444446,897.4883178066998,651.0013544490868,2018.7258297004696,7.468818050512986,305.35423684713027,-488.57607753997894,823.4836157882299,11.65680352652451,634.9270854551827,-231.53217224337456,1099.4363540317997,11.64473613378152,382.46735106455515,-940.4138651141797,366.40761446040625,17.815142208591,435.8976091208666,-737.1887591101366,569.9994817497769,11.27338382899433,9.204666116955556,-2.1416327953338623,True,True,False,False,0.03440253144230253,False,False,1971.3748030423562
3602.099,107.09900000000016,403.53484296362285,-1308.065565341969,18.686944444444443,897.6478097680551,651.7301394052138,2021.125139200882,7.451868983987426,305.6177873927772,-489.7112295412256,824.1914636148206,11.650117600434776,636.0389380909098,-231.8771302529024,1101.0175757318375,11.638019053004896,382.8679735671505,-942.15003978497,366.4986921317805,17.820799631391097,436.1510367978699,-738.2870366927485,570.7112998792854,11.269368761848998,11.269368761848998,0.0,False,False,False,False,0.0,False,False,1975.1560762297402
3602.2,107.19999999999982,403.98246144488377,-1309.8780451504142,18.675,897.8105000549217,652.4637306101657,2023.5244937021698,7.42763739520707,305.8856780245649,-490.85694588667417,824.8748632105346,11.649261183296062,637.1623518421587,-232.2228141530968,1102.5940586551183,11.637152905957473,383.27731513162047,-943.9023907082956,366.5608854313164,17.813381063587677,436.40974925387394,-739.3945592375004,571.4043548083938,11.252180979200762,11.252180979200762,0.0,False,False,False,False,0.0,False,False,1978.9753389310004
3602.299,107.29899999999998,404.43007992617476,-1311.7016444662224,18.68,897.9709221696786,653.1806018772379,2025.9182621611737,7.412809245921987,306.1466777827363,-491.98023997231064,825.5923982949214,11.648090910275862,638.2630604330407,-232.56279659115256,1104.1822837583736,11.635984721244144,383.6792543512374,-945.6197637414896,366.66952444537714,17.818568956266077,436.66355579605033,-740.4790030785304,572.1313686563477,11.247793106833207,11.247793106833207,0.0,False,False,False,False,0.0,False,False,1982.719043645606
3602.399,107.39899999999989,404.89126260383057,-1313.4696462412644,18.558888888888887,898.1353400558957,653.9037094160062,2028.2622218272686,7.418520490547704,306.4093025320165,-493.1142538230331,826.245524241588,11.632460817273701,639.3737938940982,-232.90690940592114,1105.711483940263,11.620353651031094,384.0793348261985,-947.3542496931416,366.70644925800065,17.782025999037977,436.915842448285,-741.5727521652183,572.7928344244908,11.201577659659723,11.201577659659723,0.0,False,False,False,False,0.0,False,False,1986.4955782726015
3602.5,107.5,405.39313787071666,-1315.3154845733793,18.713055555555556,898.308199770928,654.6373793468098,2030.684501421982,7.507610940900363,306.6693214046401,-494.25660492485474,826.9728386031296,11.567194215854606,640.4902659708633,-233.25789798988606,1107.302704920308,11.555036155762208,384.4850200881183,-949.0990074403198,366.8128371703472,17.68928566005703,437.08557824059193,-741.9907732817004,574.1999959546196,11.056373954364217,9.84458011450091,-1.2544879913330078,True,True,False,False,0.011804277423989413,False,False,1990.278374386086
3602.6,107.59999999999991,405.90857733399764,-1317.183561921801,18.866944444444446,898.4891272359746,655.3727731141104,2033.1291383067726,7.639005972017971,306.92560537278393,-495.37947071380864,827.7436759435064,11.467963640826184,641.5878302473616,-233.602974828704,1108.9146040064682,11.45589532945392,384.8683972142659,-950.8204975836628,366.9667343107567,17.58396955964575,437.3246657174605,-743.0643551590593,574.978116264608,10.94127018305327,10.94127018305327,0.0,False,False,False,False,0.0,False,False,1993.9856900020272
3602.7,107.69999999999982,406.43758099367375,-1318.9070856650196,18.69111111111111,898.6746118738316,656.1214685699072,2035.444689647208,7.787645478668122,307.18074302043374,-496.4932089972311,828.3818590602926,11.384038744893749,642.6767353618445,-233.94507230859267,1110.3834961323137,11.371932977594616,385.2680796305866,-952.5296914236371,366.9884777470093,17.52209610728958,437.57298248985444,-744.1262520061737,575.6235053990466,10.869609059797432,10.869609059797432,0.0,False,False,False,False,0.0,False,False,1997.6655332745547
3602.799,107.79899999999998,406.95302045695473,-1320.819641045264,18.913888888888888,898.8544755938217,656.87497633371,2037.9506964535558,7.862662706766641,307.4274462450802,-497.5911238450378,829.2228478846241,11.349111407363088,643.747635114912,-234.28677081858862,1112.036585555542,11.337009277015989,385.64763861653654,-954.2219100107362,367.21630641221526,17.513523648904464,437.8082968367996,-745.1753730293926,576.4706162329568,10.851346807221617,10.851346807221617,0.0,False,False,False,False,0.0,False,False,2001.2967091439177
3602.899,107.89899999999989,407.50237041124586,-1322.8767500291312,19.405,899.0344420950121,657.6412138583271,2040.601671756313,7.879137548886778,307.6730949932463,-498.6972598493518,830.2034186050332,11.312670434717347,644.8249984421495,-234.63379233142024,1113.8198978085088,11.30054879745373,386.0315554327259,-955.9273894442524,367.5769703470189,17.449612479911806,438.04579655023,-746.2304215702248,577.4546640260554,10.777647967329292,10.777647967329292,0.0,False,False,False,False,0.0,False,False,2004.952560926903
3602.999,107.9989999999998,407.9228604997167,-1324.7337078693993,19.343055555555555,899.2212698766215,658.4069286909584,2043.0910188812677,7.884746074261513,307.91411224584823,-499.79955264469163,830.9741934522441,11.254020964299265,645.8965340364895,-234.98338543633147,1115.4314118490486,11.241895593655915,386.404353262137,-957.629330135626,367.7345106255798,17.396221351823748,438.29115298041813,-747.4010820853129,578.1307758482862,10.722090634747998,10.938530061400341,0.22406089305877686,True,True,False,False,0.00037657076133960384,False,False,2008.5785960227176
3603.099,108.09900000000016,408.45864625759776,-1326.6240242333374,19.40694444444444,899.4174139188171,659.1713724744966,2045.5864364845224,7.89960818773322,308.151413671078,-500.89628035328525,831.7979609991884,11.188151260633044,646.9611508894874,-235.3340862125942,1117.0484204102354,11.176007183449803,386.7744701524306,-959.3251154253376,367.9384349383838,17.317892557424674,438.51884849145245,-748.444327363417,578.9606011041972,10.633994737093605,10.633994737093605,0.0,False,False,False,False,0.0,False,False,2012.1947683232302
3603.199,108.19900000000007,409.04868880108893,-1328.6255356772283,19.656111111111112,899.6209018403359,659.9367194525969,2048.179908780779,7.939209434956813,308.3855610991623,-501.98692841738426,832.7451304518263,11.121830967749325,648.0188056485962,-235.684795154421,1118.7610017517832,11.109686891537612,387.1370720555066,-961.0157411825713,368.2622434581221,17.263579887467753,438.74118078289774,-749.4809482288719,579.9052485111829,10.56991496388141,10.56991496388141,0.0,False,False,False,False,0.0,False,False,2015.7883423341555
3603.299,108.29899999999998,409.4081400057447,-1330.4491349930365,19.473055555555558,899.8290443010651,660.7057635487367,2050.6609893779955,7.995066684897055,308.619138861995,-503.07122809725405,833.4942252774165,11.061628407395244,649.0703966393435,-236.03369708347498,1120.3495650864897,11.0495219532495,387.4990858636527,-962.7003383872534,368.40084698382924,17.197538720705282,438.9624581819832,-750.510641791854,580.6910655583745,10.494106693863667,10.494106693863667,0.0,False,False,False,False,0.0,False,False,2019.3616795436321
3603.399,108.39899999999989,409.82863009421555,-1332.2504952925383,19.343055555555555,900.0427983089272,661.4818173622546,2053.1143332124175,8.10409429050022,308.85234390337877,-504.1482288076864,834.2359223446581,10.977568576478696,650.1149719138717,-236.38085185732842,1121.9036507061944,10.965508910010165,387.8610106169005,-964.3763600467258,368.5294502320736,17.095540056445596,439.18278553149696,-751.5309461690636,581.4609713261999,10.382340926348709,10.382340926348709,0.0,False,False,False,False,0.0,False,False,2022.9066930574033
3603.499,108.4989999999998,410.2559022808764,-1334.007377561007,19.161944444444444,900.2623630224299,662.2651016993326,2055.5315962107434,8.16543551127784,309.08671870258325,-505.21705663925815,834.9422733096426,10.906942710447966,651.1526244214148,-236.72432395095578,1123.4150303773997,10.894938606705768,388.2233325215286,-966.0450792423246,368.6213329613026,17.056478427610855,439.4779653538287,-753.1271995003424,581.6147438244916,10.370391852801104,11.418179519278533,1.0846673250198364,True,True,False,False,0.008824985459095479,False,False,2026.4182117742453
3603.599,108.59900000000016,410.7442133513524,-1335.7976183523554,19.089999999999996,900.4862701004354,663.0529096729965,2057.9724768655315,8.214791867789597,309.3247286518461,-506.27795474434765,835.6965862016284,10.838517166117493,652.1848626160798,-237.06202436450866,1124.9504400697833,10.826596558595996,388.59106899369664,-967.7056312210201,368.75801387254785,16.959182594282748,439.70103343673424,-754.1344864421808,582.3834616925607,10.2634284701684,10.2634284701684,0.0,False,False,False,False,0.0,False,False,2029.9290177779471
3603.699,108.69900000000007,411.2121781272434,-1337.6434566844703,19.083055555555553,900.7172196389807,663.8452221662003,2060.4786136315056,8.291079010941413,309.5607824486874,-507.33128756026537,836.5113893062908,10.750758350768672,653.209185912529,-237.3987884504097,1126.5437771141028,10.738779344514226,388.9660389951625,-969.3555717853667,368.9591533892868,16.88106780597799,439.9275104794008,-755.131029253947,583.2197685462106,10.175646132559091,10.175646132559091,0.0,False,False,False,False,0.0,False,False,2033.4103120268567
3603.8,108.80000000000018,411.6191040192891,-1339.5115340321015,19.07111111111111,900.9568720383494,664.6483124977096,2063.033722858711,8.304709855504926,309.7889056698955,-508.3894887239744,837.3369951775936,10.685382075812116,654.2332353447418,-237.74595180492906,1128.1617857821564,10.67334391626058,389.3332715082526,-971.0178635612878,369.1669588516321,16.82928767485251,440.14854211814736,-756.131537276004,584.0771776515335,10.11410177663599,10.11410177663599,0.0,False,False,False,False,0.0,False,False,2036.9037608203237
3603.9,108.90000000000009,411.99211942035487,-1341.3907308886764,19.06,901.2012768912716,665.4457935186588,2065.603649166199,8.377365960650248,310.0037033299054,-509.43175279965584,838.1869590011324,10.598135364321264,655.2364625881261,-238.09726000643116,1129.7894907346733,10.586046430756792,389.6782123762155,-972.6587779610863,369.40650178004313,16.706271183545255,440.35524110211634,-757.1148227336579,584.9639335223208,9.981417736024186,9.981417736024186,0.0,False,False,False,False,0.0,False,False,2040.332024623509
3603.999,108.9989999999998,412.4465199998208,-1343.1364936474117,18.951111111111107,901.4529336946691,666.2412447315488,2068.02470201099,8.477506727707297,310.20781682740534,-510.45589893319595,838.9336834577555,10.498662085118458,656.2183424319145,-238.44931532771062,1131.2640997379028,10.486520283884648,390.0048354478894,-974.2762413735867,369.5423046324172,16.62933034163047,440.62762962426507,-758.6733579460417,585.1421467759291,9.932498082045345,11.000962114467534,1.1060560941696167,True,True,False,False,0.009176587691044995,False,False,2043.681786147691
3604.099,109.09900000000016,412.8398816955017,-1344.9712124721634,18.92388888888889,901.7140100709709,667.0511965344263,2070.563229592266,8.542303643365742,310.40785928364113,-511.4821907857521,839.759649237301,10.413487493047835,657.1996536056639,-238.8067779320124,1132.833374494907,10.401328307662844,390.3248040967645,-975.903382696879,369.7539610258631,16.536729552235027,440.81829097563707,-759.642930948468,585.996577240285,9.830331249139437,9.830331249139437,0.0,False,False,False,False,0.0,False,False,2047.058103959271
3604.199,109.19900000000007,413.16542240913225,-1346.616899659099,18.678055555555556,901.981101859452,667.8666966837196,2072.9411299915814,8.620273207737768,310.60029625711496,-512.5010824606331,840.39800190341,10.324795702074272,658.170438223851,-239.167638322277,1134.2271925015039,10.312583066550747,390.6376576686993,-977.5228939714551,369.7808610768692,16.45232394104519,441.0038528051877,-760.6035064446329,586.67424967664,9.736359594439183,9.736359594439183,0.0,False,False,False,False,0.0,False,False,2050.403644057907
3604.299,109.29899999999998,413.64695138141826,-1348.5516940556504,18.82111111111111,902.2564511479236,668.6865785669407,2075.5696788581804,8.67757289677099,310.7844456559326,-513.5123571874861,841.3509310634589,10.23335094489278,659.1301235458237,-239.53243493829672,1135.8634182458306,10.221103469355075,390.9353192125988,-979.1359741431168,370.11321558986145,16.353956158530625,441.17955550268624,-761.5556702133531,587.6413670738007,9.628425768414196,9.628425768414196,0.0,False,False,False,False,0.0,False,False,2053.71650094199
3604.4,109.40000000000009,414.033530978879,-1350.308576323329,18.735,902.5454466414543,669.5164103970955,2078.0608433644293,8.723095570774131,310.9627632451441,-514.5252032991996,842.1148554590475,10.131590498902778,660.0878659526403,-239.9036954103348,1137.339762478557,10.119297802484748,391.22644500363424,-980.7565530820889,370.2551296773297,16.25041358594817,441.3504899355747,-762.5071927181059,588.435793281524,9.5152214918862,9.5152214918862,0.0,False,False,False,False,0.0,False,False,2057.0265976760925
3604.499,109.4989999999998,414.3590716925247,-1352.043219574701,18.61388888888889,902.8416399154596,670.3319318103238,2080.532737641318,8.805446104406224,311.1314289957132,-515.5080096048713,842.8802428198253,10.013349156700233,661.0147115170759,-240.26822999055327,1138.807548325041,10.001036435125316,391.49869086708304,-982.3353642331355,370.4139512933391,16.11548288395277,441.6003664013115,-764.1216609051029,588.5523318158723,9.414762138615648,10.66418016328523,1.2933597564697266,True,True,False,False,0.012547906371027187,False,False,2060.2197897145297
3604.599,109.59900000000016,414.70495870078537,-1353.9446554467922,18.68,903.1539643184701,671.1590212903911,2083.177220647193,8.87677336259653,311.29524855212736,-516.4896313666524,843.8154333206386,9.89074634769132,661.9378105433098,-240.63681044424337,1140.4290599482315,9.87839587601142,391.769081358765,-983.9185744382169,370.736233859078,16.007191795762555,441.7578716221924,-765.0438970070498,589.521809086345,9.297023690992376,9.297023690992376,0.0,False,False,False,False,0.0,False,False,2063.4275439314265
3604.7,109.69999999999982,415.0779741018361,-1355.7126572226243,18.62611111111111,903.4805410427001,671.996453747797,2085.6992367325834,8.922591103853154,311.4536872337484,-517.4704855450811,844.6229520961431,9.783889980766853,662.8572092525858,-241.01017637196574,1141.909002585803,9.771508059713081,392.02824127426817,-985.5090615384913,370.9204664626681,15.90296709680934,441.907960126599,-765.9650033042743,590.3576402929726,9.183257159011838,9.183257159011838,0.0,False,False,False,False,0.0,False,False,2066.628675540477
3604.8,109.80000000000018,415.4306432082868,-1357.525137029489,18.608055555555552,903.8147152664236,672.8273315192954,2088.2648654761756,8.988941898701768,311.60451764864507,-518.4315288646571,845.4927247539171,9.672349844797427,663.7554393435107,-241.3804725530177,1143.4352261562067,9.659889448604726,392.2787115348695,-987.073482461351,371.1744068662085,15.783927199150787,442.0521233048562,-766.8654371195706,591.259320687807,9.054769901920228,9.054769901920228,0.0,False,False,False,False,0.0,False,False,2069.758961837887
3604.9,109.90000000000009,415.78331231475255,-1359.2708997905947,18.52611111111111,904.1614254440245,673.6596492305226,2090.7701448334797,9.044303132219724,311.7480685451076,-519.3821952302129,846.3074902151852,9.556588367459844,664.6407650678094,-241.75218656802065,1144.892181034257,9.544081457588444,392.51772259031713,-988.6280114108836,371.37237157828633,15.671988235408984,442.1888024473823,-767.7543988600897,592.1055824616185,8.93338357874541,8.93338357874541,0.0,False,False,False,False,0.0,False,False,2072.8478262256376
3604.999,109.9989999999998,416.12241722480826,-1360.9388259930467,18.35,904.5162158491873,674.4847370334913,2093.197932221986,9.100054617427395,311.88370875261523,-520.3130925105187,847.0639480800662,9.448063236592361,665.5049239043342,-242.12078688032113,1146.274591571238,9.435530456717458,392.7444338690267,-990.1575903846863,371.51750266312587,15.566174487910065,442.37086684115366,-769.0295952477727,592.4909438537638,8.843995821961265,9.577244664905507,0.7590277194976807,True,True,False,False,0.004321685726885024,False,False,2075.8577700826663
3605.099,110.09900000000016,416.4411758402639,-1362.8180228496217,18.44,904.8857884749494,675.3191389254806,2095.8485703457964,9.151954732265649,312.0158200584465,-521.2430451119975,848.0289488479988,9.337743064354138,666.3663162497384,-242.49215565129413,1147.8643754914517,9.325203059635093,392.9642445444347,-991.6928693326173,371.8669733602181,15.452517818284173,442.49533904910334,-769.8989777748628,593.4912075447089,8.720961439085004,8.720961439085004,0.0,False,False,False,False,0.0,False,False,2078.8769210322725
3605.2,110.19999999999982,416.76671655390953,-1364.5637856091469,18.35388888888889,905.2708570167491,676.1609048212089,2098.3787926352593,9.178308178263933,312.1434556808985,-522.1722469599981,848.8636705050949,9.235183146030865,667.2246392056466,-242.8671381624049,1149.318293560267,9.222624679782157,393.18142353120487,-993.2338133137142,372.0782368963463,15.362793306886285,442.61756646506376,-770.7662145354273,594.3600103087169,8.62176543730431,8.62176543730431,0.0,False,False,False,False,0.0,False,False,2081.889969660437
3605.299,110.29899999999998,417.07869307116016,-1366.298428860519,18.243055555555554,905.6585831127467,676.9852083046081,2100.885130334307,9.224658857112434,312.26343910697494,-523.0739431423473,849.7139346734592,9.141465495598073,668.0553915081935,-243.23461534869335,1150.7656722278773,9.128879305579943,393.3823925156754,-994.736432058626,372.3168437331647,15.263440170831824,442.7300054369991,-771.6069059850744,595.244485237793,8.513128365132005,8.513128365132005,0.0,False,False,False,False,0.0,False,False,2084.8087840798858
3605.399,110.39899999999989,417.3838874902058,-1368.0775501445041,18.221944444444443,906.0595810110437,677.8214938968778,2103.451171728859,9.324525693575742,312.37969921688796,-523.975410148765,850.6081955285434,9.037297489692133,668.8838787834989,-243.60539850435129,1152.2542538149996,9.024699815667429,393.5819915702988,-996.2442558121868,372.59432231772644,15.156107849564979,442.84095808929743,-772.4450715012977,596.1762424469268,8.396418330614834,8.396418330614834,0.0,False,False,False,False,0.0,False,False,2087.7206878407974
3605.5,110.5,417.68908190923634,-1369.878910444006,18.246111111111112,906.4727414123095,678.6715604741453,2106.055198159867,9.391430683519946,312.492298949534,-524.8764805699896,851.5253781526789,8.944458213828469,669.7100449816105,-243.97922551042976,1153.7610958779348,8.93185946372699,393.7721566654016,-997.7592319758834,372.8874822467738,15.078834940147768,443.050609384338,-774.0853324752427,596.333123870116,8.36075435907183,9.814047958066972,1.5043740272521973,True,True,False,False,0.016976702824891346,False,False,2090.617811723323
3605.6,110.59999999999991,417.98071213190195,-1371.658031727991,18.208888888888886,906.88914156094,679.5158647808269,2108.6360060678885,9.43673380167698,312.60039744611,-525.7601524034781,852.4366445484292,8.860760220227506,670.5189559454863,-244.34798169882728,1155.2504115927445,8.848149211793286,393.9577361032041,-999.2510863628477,373.18096995087024,14.988218388330743,443.1532013108181,-774.9100586270123,597.2786599331916,8.260898131494365,8.260898131494365,0.0,False,False,False,False,0.0,False,False,2093.4831662194006
3605.7,110.69999999999982,418.27234235453756,-1373.4482725193395,18.22388888888889,907.31543823488,680.3607582993218,2111.2306090762604,9.490520388898421,312.701262569677,-526.635583913017,853.3680228785292,8.763920183437612,671.3170137853565,-244.71870572426366,1156.7463164829749,8.751305527094441,394.13606351483037,-1000.7341333234607,373.4948319759633,14.886379203100947,443.2511601451847,-775.7247261548351,598.2452500578489,8.149819270504128,8.149819270504128,0.0,False,False,False,False,0.0,False,False,2096.3135883527584
3605.8,110.80000000000018,418.5232799879881,-1375.205154787018,18.15388888888889,907.754325663929,681.2048850368961,2113.804453572224,9.537993425910493,312.7939872080646,-527.5016884738789,854.271531862706,8.657240471453212,672.1028787712606,-245.09147339154327,1158.2139464694415,8.644629869067153,394.29842965414434,-1002.2082919563436,373.78269496489816,14.77508696486064,443.3397241785909,-776.5288188983118,599.1904630878169,8.029287356503339,8.029287356503339,0.0,False,False,False,False,0.0,False,False,2099.1034512849014
3605.899,110.89899999999989,418.78778181781854,-1376.8842004992039,17.85388888888889,908.2005868144126,682.0401452821305,2116.292596817777,9.593526831895725,312.88134224324506,-528.3491291639137,855.1186708459526,8.553495441979678,672.870106950514,-245.45892681889217,1159.6038021097572,8.540884056684298,394.4491552567237,-1003.6583949314078,374.01854323630903,14.677746156415628,443.42135937677835,-777.3142159492153,600.0758114743726,7.922799269055511,7.922799269055511,0.0,False,False,False,False,0.0,False,False,2101.8271771942336
3606.0,111.0,419.0387194512691,-1378.6855607979155,17.903888888888886,908.6665646654769,682.893681707963,2118.9252936194375,9.6630977032515,312.96868288825453,-529.2031811695405,856.0789484361626,8.4466310602386,673.6430659651556,-245.8295765781886,1161.114143504509,8.434009601933319,394.5993044882408,-1005.1274158238872,374.35674520458724,14.563330338095696,443.70376401569274,-779.672228879087,599.5209222703254,7.898933699828114,10.741608951535996,2.9425575733184814,True,True,False,False,0.0649525754983484,False,False,2104.5586948603454
3606.099,111.09900000000016,419.29643918290964,-1380.4980406063605,18.001944444444444,909.1339619021824,683.7308317236091,2121.551704772809,9.706676682563938,313.0501623474427,-530.0303760199193,857.0784793987737,8.345370686702529,674.3902124350276,-246.19094758656803,1162.6372669181972,8.332765649998326,394.74560973360144,-1006.5572577044712,374.7458503358335,14.473186069479402,443.7828652090036,-780.4452852293313,600.5521578473399,7.799909439860877,7.799909439860877,0.0,False,False,False,False,0.0,False,False,2107.2436698146225
3606.2,111.19999999999982,419.5270305217451,-1382.2771618903457,17.95111111111111,909.6215321059702,684.5851328066282,2124.1733370238717,9.771593099963026,313.1273571985163,-530.8645109648729,858.0351931239364,8.242770745403117,675.1411452273179,-246.5593355932416,1164.1278093945411,8.230172408531548,394.88279361359264,-1008.0068572958364,375.08079038262133,14.360009355376475,443.8565051516956,-781.2234264427258,601.5459385876584,7.677673340642387,7.677673340642387,0.0,False,False,False,False,0.0,False,False,2109.944092510777
3606.3,111.30000000000018,419.75762186058057,-1384.0451636661776,17.839999999999996,910.1148215182177,685.4357533584622,2126.781946788439,9.894587029184395,313.1983423144869,-531.6799540025553,859.0001924925822,8.127859854949893,675.873053293455,-246.92298303878223,1165.607982081819,8.115289982546944,395.0115929971362,-1009.4311772996687,375.4304259458966,14.24262517015614,443.92508222224086,-781.9817817290211,602.548240400666,7.551319467188758,7.551319467188758,0.0,False,False,False,False,0.0,False,False,2112.575869462035
3606.4,111.40000000000009,419.967866904816,-1385.8020459338563,17.87388888888889,910.6215752243718,686.2920725379189,2129.3931288733547,10.006361446935816,313.26362480676397,-532.4831649431711,859.9644806251679,7.989375892081776,676.5916598501813,-247.28490862871104,1167.0805640756635,7.976807652236616,395.12962152803834,-1010.8425369781407,375.78128185116987,14.08310077730919,443.9873102894256,-782.7258915152097,603.5542905894132,7.382825386108555,7.382825386108555,0.0,False,False,False,False,0.0,False,False,2115.1566654906283
3606.499,111.4989999999998,420.1781119490364,-1387.603406233358,17.9,911.1398230776279,687.1410664335981,2132.0431582536976,10.08858485159887,313.32385001465883,-533.264542907418,860.9951955049459,7.842882063555837,677.2890426051551,-247.63971512989482,1168.5988395069917,7.830317591375054,395.23874107615796,-1012.2257856724939,376.2051704023632,13.948132449392237,444.2763216581467,-785.2842875803241,602.80099900892,7.3561373795026865,10.691829315986208,3.452852249145508,True,True,False,False,0.08943511894482288,False,False,2117.6498279503703
3606.599,111.59900000000016,420.38835699327177,-1389.3936470254966,17.86611111111111,911.6779186413557,687.9972307389263,2134.693957550638,10.136107567345062,313.3798713802912,-534.0404066142374,862.020870904658,7.71486145352598,677.979491560446,-247.99528237217328,1170.1040207780184,7.702279656033769,395.342931846136,-1013.6107202046705,376.61662391724974,13.828831927228153,444.33102712011726,-786.0114487616615,603.8570432101467,7.228183944572696,7.228183944572696,0.0,False,False,False,False,0.0,False,False,2120.1716899546127
3606.7,111.69999999999982,420.56469154649716,-1391.1727683086917,17.82194444444444,912.2321107098181,688.8616329230415,2137.353494715878,10.19670516400226,313.43000226876524,-534.8123632262343,863.0359117902492,7.603742074256305,678.6634485113043,-248.35398495194926,1171.6013570919774,7.591152114242494,395.43890359075147,-1014.9990013551934,377.0119469783179,13.727493924943468,444.38099163752605,-786.7342114663675,604.9075839726739,7.118106500394506,7.118106500394506,0.0,False,False,False,False,0.0,False,False,2122.677196850718
3606.799,111.79899999999998,420.73424400153255,-1392.9852481163466,17.82111111111111,912.7838304556943,689.7107667893563,2140.031655381249,10.260571067941855,313.47275643481737,-535.55914612417,864.1091060118063,7.507575313782068,679.3220522449856,-248.70596489129753,1173.1337232345616,7.494977870263952,395.52095554262826,-1016.3509582061605,377.47728176813774,13.635020824585268,444.4233787714495,-787.4326174736576,606.015811332038,7.017067016398077,7.017067016398077,0.0,False,False,False,False,0.0,False,False,2125.0959127503907
3606.9,111.90000000000009,420.89701435836287,-1394.8199669403082,17.938055555555554,913.3540688554425,690.5798195022736,2142.756687031616,10.3223305962283,313.511925843717,-536.3120988148918,865.1978483956983,7.422562851560118,679.983906672445,-249.06443560637598,1174.6836831042092,7.409941383512382,395.59469036694077,-1017.7223014076465,377.94557405736356,13.559515210207419,444.46120227436006,-788.1360707476891,607.1413516238183,6.932821960126683,6.932821960126683,0.0,False,False,False,False,0.0,False,False,2127.530544969489
3607.0,112.0,421.0462205187832,-1396.5990882235033,17.76111111111111,913.9255837359627,691.445482086504,2145.427741567279,10.423771742043781,313.5457306939947,-537.0491423777598,866.2461917468901,7.333948176583642,680.6291952191872,-249.41955912048252,1176.1820406498898,7.321276033561993,395.662492047523,-1019.0714774620394,378.38000813780053,13.458057542653787,444.73717823176537,-790.7820144884193,606.2801236279303,6.9478360587599495,10.510982902329156,3.6882715225219727,True,True,False,False,0.10204712296458872,False,False,2129.8993610405387
3607.1,112.09999999999991,421.1818624827934,-1398.4338070482552,17.97111111111111,914.5061542280081,692.3161017654902,2148.1629449440293,10.505207797664507,313.5743724712293,-537.7769877527712,867.3577880588888,7.234257584945748,681.2637307797933,-249.77466085996835,1177.735289587122,7.2215667612478525,395.71799258813974,-1020.4112427610079,378.8792258495019,13.360229996502,444.7657157128153,-791.4709001534196,607.4209154115489,6.841693987886827,6.841693987886827,0.0,False,False,False,False,0.0,False,False,2132.2812637283146
3607.2,112.19999999999982,421.3310686432287,-1400.1573307914737,17.57388888888889,915.098181198239,693.1879390268157,2150.7906406973966,10.571993474183653,313.6012297614153,-538.4946543883703,868.3710532322347,7.129122653476654,681.8884773100804,-250.12628196294276,1179.1783480376646,7.116433478425931,395.7675145002255,-1021.7407218018326,379.27908624078015,13.247790897747738,444.7909580105689,-792.1485619074227,608.4611979814548,6.720940364411231,6.720940364411231,0.0,False,False,False,False,0.0,False,False,2134.6243858532034
3607.299,112.29899999999998,421.45314641084394,-1401.9142130591524,17.62194444444444,915.6968487397525,694.0516637802045,2153.450671403169,10.658868777115716,313.62471353563745,-539.1943330061974,869.4323219060285,7.013875090654965,682.4959941230942,-250.47162874067521,1180.662268950666,7.001152419615595,395.81657235156973,-1023.0454657363897,379.73512035024635,13.129297721251346,444.81572241734585,-792.807196736503,609.5548927628585,6.594215808440696,6.594215808440696,0.0,False,False,False,False,0.0,False,False,2136.904147504053
3607.399,112.39899999999989,421.5684420802692,-1403.6933343431376,17.698888888888888,916.3142834358264,694.9241116274374,2156.1467093105416,10.717931581261615,313.6454825957103,-539.8897739880632,870.5193599604827,6.901146900126823,683.098241725614,-250.81745811952644,1182.167763932384,6.888413941277151,395.85508202259905,-1024.3525390546436,380.2112779173739,13.023512101457053,444.8349741997487,-793.4606297686469,610.676088650247,6.480115663925068,6.480115663925068,0.0,False,False,False,False,0.0,False,False,2139.163837081325
3607.499,112.4989999999998,421.66339145507936,-1405.4390971026628,17.57,916.9458265081339,695.7948263580929,2158.816502525021,10.795247506405207,313.6639934765435,-540.5731869206759,871.5829923527896,6.772195337745236,683.6887250535503,-251.15948325934414,1183.64635866532,6.759418940982146,395.89426048438474,-1025.6467005351024,380.6656178347552,12.871575381495381,445.1181865286919,-796.31023782073,609.5802610174101,6.461195258803872,10.4872395069801,4.167375087738037,True,True,False,False,0.13028226305920612,False,False,2141.369786001323
3607.6,112.59999999999991,421.75834082988956,-1407.1848598621882,17.438055555555554,917.6004880807558,696.6747150249422,2161.500531074329,10.922225793755727,313.6792585898236,-541.2495545149451,872.6540213994766,6.624644067329184,684.2713092225573,-251.50088839405635,1185.1238333957695,6.611867712608575,395.92507199049874,-1026.939210182311,381.1221744787361,12.729946306997135,445.1335585705073,-796.9550784938928,610.6773181257176,6.311554650842933,6.311554650842933,0.0,False,False,False,False,0.0,False,False,2143.6010983213837
3607.699,112.69900000000007,421.82616181190974,-1408.9306226225037,17.533055555555556,918.2559676545641,697.5426849725492,2164.1793705096206,11.050930021695805,313.69075289500114,-541.8986312115087,873.7492436573223,6.490157271953997,684.8285982887801,-251.83136648506652,1186.612392547196,6.477316636986198,395.95173810117893,-1028.1927996484737,381.61600548898133,12.600822425076839,445.14670292453576,-797.5730022678982,611.8022455037507,6.174577879686924,6.174577879686924,0.0,False,False,False,False,0.0,False,False,2145.7401374745373
3607.799,112.79899999999998,421.90754699030987,-1410.643026857569,17.41611111111111,918.9288039654274,698.4263968759408,2166.8419333243314,11.1631342099905,313.6976959097793,-542.5412410588273,874.8200285646387,6.362859781478848,685.3777931145997,-252.16261991005717,1188.06288717141,6.34998147404662,395.9693816760267,-1029.4465866861763,382.07789051345713,12.477401049859878,445.1552986572968,-798.183831898984,612.9002557079644,6.0432242931207805,6.0432242931207805,0.0,False,False,False,False,0.0,False,False,2147.8531621754923
3607.901,112.90099999999984,421.96180377592,-1412.411028633401,17.65,919.6261314570124,699.3320612736358,2169.591818941156,11.249126048872963,313.7021483061132,-543.1841064635156,875.9426894651117,6.2426484607367,685.9255854177775,-252.49657532525086,1189.5706860089547,6.229686855729311,395.97884667916895,-1030.7134117711207,382.5809519276093,12.362999794013128,445.159857315039,-798.7939766495757,614.0554015504825,5.920732181697865,5.920732181697865,0.0,False,False,False,False,0.0,False,False,2149.9626776499645
3607.999,112.9989999999998,422.0228426597351,-1414.1123133603132,17.406944444444445,920.3050378860298,700.2049753525542,2172.239108254353,11.319169852799504,313.7052532510198,-543.7910672314264,877.0357869771641,6.144477960199531,686.4417711617898,-252.81346620924182,1191.0215708141402,6.131477737792417,395.98653703826847,-1031.920730509702,383.0774010722507,12.276657987517924,445.3976898717851,-801.4065993818821,613.1514294397476,5.95706015994284,9.67385820975282,3.8472414016723633,True,True,False,False,0.11103568118250733,False,False,2151.9454842335826
3608.099,113.09900000000016,422.0703173471402,-1415.8358371043219,17.423055555555553,921.003418979044,701.0990366148566,2174.936205839718,11.37075658832897,313.708506892436,-544.4018144671504,878.1455105929903,6.070653734714863,686.9608371626596,-253.1328501009373,1192.4953767100017,6.057630789762222,395.9912413893034,-1033.1454021098652,383.5780067197037,12.21695472399728,445.3999652275796,-801.9989369011633,614.2800766110257,5.889777628932011,5.889777628932011,0.0,False,False,False,False,0.0,False,False,2153.9955658196136
3608.2,113.19999999999982,422.1042278381503,-1417.5482413409677,17.301944444444445,921.7128710280161,702.0059718925867,2177.6406634672608,11.430378098868703,313.71414692652957,-545.0116956315946,879.2431024685224,6.0067530374455025,687.4801814240985,-253.45012896329732,1193.963488546826,5.993728183375518,395.9996471962083,-1034.3758676557425,384.06056434638214,12.149268192372947,445.4040029219071,-802.589985899899,615.3994925689136,5.814436037142645,5.814436037142645,0.0,False,False,False,False,0.0,False,False,2156.044608847366
3608.3,113.30000000000018,422.13135623095536,-1419.2606455760329,17.275,922.4193498979347,702.9130688407571,2180.346153886783,11.564794081219956,313.72071481650704,-545.6088355309989,880.3524023746718,5.936770209684622,687.989145955917,-253.76000026509774,1195.4380446420669,5.92374318228125,396.0138060385364,-1035.5870675900046,384.5614916663581,12.076385594982408,445.41075246603623,-803.1673669608701,616.5329336246771,5.733974172261921,5.733974172261921,0.0,False,False,False,False,0.0,False,False,2158.050496296673
3608.399,113.39899999999989,422.1584846237604,-1420.9730498110982,17.348055555555558,923.130535100213,703.8321765375949,2183.0644161996925,11.912562245113595,313.72991182109894,-546.1885043361747,881.4787328131011,5.775370984619436,688.4846256105735,-254.05850941269222,1196.9206982779397,5.76234938513835,396.02599139090404,-1036.7701388869255,385.09061786178734,11.825312351939232,445.4164671287934,-803.7222014273368,617.6888727997921,5.475397454403511,5.475397454403511,0.0,False,False,False,False,0.0,False,False,2159.979364305821
3608.499,113.4989999999998,422.1652667219504,-1422.6632150306473,17.17388888888889,923.864884852135,704.7836778914649,2185.802550331553,12.12594636061275,313.74376070807796,-546.757706805086,882.5903252960544,5.612091370118399,688.9737173776241,-254.34745771695427,1198.3941163610364,5.599076745063953,396.05143575735826,-1037.9487326389967,385.59974731516996,11.752055170398181,445.683261063667,-806.5739198143473,616.5380083482074,5.542571006314101,9.760866356629634,4.366305351257324,True,True,False,False,0.1430194973583642,False,False,2161.86646217772
3608.599,113.59900000000016,422.17883091836046,-1424.3311412346798,17.07611111111111,924.607629573202,705.7368355189889,2188.5210264718075,12.04195170851504,313.755613568801,-547.3142739021197,883.6934873847647,5.52196828890135,689.4511786407996,-254.6311699893306,1199.846877975867,5.508975773972306,396.08318917848896,-1039.1181987113118,386.0958347422661,11.64588639752349,445.69815092102925,-807.1223074332778,617.656784092812,5.429223531433453,5.429223531433453,0.0,False,False,False,False,0.0,False,False,2163.783908597123
3608.699,113.69900000000007,422.1856130165654,-1426.0101869468656,17.02,925.3618666038823,706.6738746713122,2191.238838843082,12.01696166883132,313.7629994389454,-547.8612169693728,884.8169735078174,5.41790931407101,689.9181217616091,-254.91356161577397,1201.3109514612718,5.404907066661792,396.10098147520506,-1040.277562629172,386.6135867577127,11.544122311929902,445.70639836810926,-807.6597193656222,618.7976471363605,5.3202807438339415,5.3202807438339415,0.0,False,False,False,False,0.0,False,False,2165.6597164893874
3608.799,113.79899999999998,422.17883091836046,-1427.6781131493176,16.878055555555555,926.1330442835185,707.5969121405905,2193.9392158387873,12.03962214335534,313.76829184399713,-548.3974881187414,885.9386336177888,5.308052857593556,690.3747145410016,-255.1923806723376,1202.7684003390718,5.29497242651866,396.11433336928957,-1041.4260216502742,387.1305157435551,11.42661033836982,445.7125107893118,-808.1854773761637,619.9394808087625,5.1955900682679355,5.1955900682679355,0.0,False,False,False,False,0.0,False,False,2167.495078465844
3608.899,113.89899999999989,422.1584846237604,-1429.3682783688666,16.88111111111111,926.9153066766859,708.5138490427779,2196.6609752337995,12.066127545073218,313.7724500350574,-548.9240407272765,887.0905185437077,5.223327851348548,690.8221352417177,-255.46753414940244,1204.252097545352,5.2101673838568345,396.123539757063,-1042.566050695977,387.6774196247724,11.374714032152166,445.7166825367411,-808.7020657882281,621.1131427752125,5.136515060044358,5.136515060044358,0.0,False,False,False,False,0.0,False,False,2169.298716228388
3609.0,114.0,422.1381383291453,-1431.0250850647458,16.81694444444444,927.7100001206342,709.4413606750927,2199.3634335355873,12.119994383305928,313.77499530632065,-549.4482985356102,888.2117998049915,5.158180244237972,691.2662658003694,-255.74357654363249,1205.701693317145,5.144878623477313,396.13237333710276,-1043.7109566862346,388.1862102837081,11.297366516674584,445.9188936910049,-811.0828659922166,620.3981619203529,5.171740000432174,8.587146500044561,3.535229444503784,True,True,False,False,0.09375709989846492,False,False,2171.0880055053335
3609.1,114.09999999999991,422.1110099363403,-1432.6818917598348,16.7,928.5032117104633,710.365752550553,2202.0640925735897,12.241346335119141,313.77297656238136,-549.9595546921171,889.3457448223556,5.067204193732668,691.6964232266475,-256.0174093869832,1207.1518542158135,5.053790967440368,396.13457555177354,-1044.8354535823537,388.7153646954213,11.192614533858507,445.9198955941298,-811.594458694393,621.5436127482008,5.060133664354699,5.060133664354699,0.0,False,False,False,False,0.0,False,False,2172.875005201919
3609.199,114.19900000000007,422.0703173471402,-1434.349817963867,16.71611111111111,929.297149582935,711.2896250494509,2204.778374067212,12.367650978779109,313.7672871396513,-550.4565362737909,890.5037224902412,4.973496931811293,692.1120704328132,-256.28748265415766,1208.6163221986328,4.960046724692292,396.1235788442777,-1045.9393265478077,389.2761784145039,11.108955937250707,445.91494997700136,-812.0909102957114,622.7155969442385,4.969689258018099,4.969689258018099,0.0,False,False,False,False,0.0,False,False,2174.6060604985396
3609.3,114.30000000000018,422.0364068561301,-1435.9732661352864,16.65111111111111,930.1103691790988,712.2358505145883,2207.474022508124,12.338596768751438,313.7623161391179,-550.9566439281,891.6152198698794,4.930159754957155,692.5301492485088,-256.5594901921922,1210.0345943640543,4.916732284419464,396.1090374756391,-1047.0611701496073,389.77538004210385,11.107634966842975,445.90844977674334,-812.5923904693573,623.8377918812103,4.9614453908163405,4.9614453908163405,0.0,False,False,False,False,0.0,False,False,2176.3551138445596
3609.399,114.39899999999989,421.988932168725,-1437.6300728303754,16.641111111111112,930.9079312913165,713.1567508438211,2210.177031044907,12.272890528136289,313.7580067549884,-551.4439340029735,892.7708585441917,4.914487945339685,692.9371925627703,-256.8249859934429,1211.4923082341609,4.901000724328266,396.101469797245,-1048.1593179035465,390.33015467845786,11.077694916953497,445.9050774889715,-813.0817440133904,625.0060775985046,4.924719531198094,4.924719531198094,0.0,False,False,False,False,0.0,False,False,2178.065905906553
3609.499,114.4989999999998,421.92789328492495,-1439.2646405099479,16.55388888888889,931.7199444030638,714.08066482776,2212.8678088406423,12.327976456203821,313.75090697230024,-551.9327886608492,893.901602903604,4.863704665330723,693.3433574413828,-257.09466695662854,1212.9271208750843,4.849981758961663,396.0895423035515,-1049.263498448132,390.8561259478446,11.007204359695166,446.12763012395806,-815.8178599959938,623.9162727452241,4.991857860322009,9.11134547257656,4.263970851898193,True,True,False,False,0.13639598529218974,False,False,2179.765496565115
3609.6,114.59999999999991,421.8532902046997,-1440.9214472050369,16.593888888888888,932.549016883127,715.0125648286988,2215.595086989382,12.371414475405127,313.74131781921216,-552.4211596792356,895.0536070574276,4.808881500954997,693.7469049503935,-257.3673960628861,1214.3831066490002,4.794901224991036,396.0692543321303,-1050.3731167179399,391.39853723811575,10.969107012610074,446.11845460845797,-816.3197001959032,625.0729082038376,4.947232719232348,4.947232719232348,0.0,False,False,False,False,0.0,False,False,2181.5185262616674
3609.7,114.69999999999982,421.7922513208846,-1442.5671343935528,16.628888888888888,933.3724619030676,715.9328018122586,2218.2958067984987,12.325944628947894,313.73116230160684,-552.901178196582,896.2046153507036,4.793637274280959,694.1424063572221,-257.6371276837554,1215.8263559199552,4.779582699516061,396.04621482207136,-1051.4701479869852,391.943505076557,10.976356521243043,446.10806604898744,-816.8143537085149,626.2250405253279,4.948019065484568,4.948019065484568,0.0,False,False,False,False,0.0,False,False,2183.2470375128514
3609.8,114.80000000000018,421.71764824067446,-1444.2128215796984,16.596944444444446,934.1950426674479,716.8481822993285,2220.9947641282456,12.287572075205057,313.71974637610504,-553.3804676759312,897.354907251794,4.794901106113089,694.53604390256,-257.9083217616683,1217.2708175669175,4.780742269127797,396.02283215468674,-1052.5673165228552,392.4874841379308,10.971996904273533,446.09753483973856,-817.3085022691757,627.3781988886551,4.937196286134282,4.937196286134282,0.0,False,False,False,False,0.0,False,False,2184.9753004780573
3609.9,114.90000000000009,421.63626306227434,-1445.8473892600612,16.48,935.0170899692823,717.7626498146533,2223.683492455842,12.305227201306284,313.7062800006316,-553.8598469011366,898.493548650852,4.796480468745488,694.928062834218,-258.18208061052684,1218.7031193823136,4.7821986924649345,395.99394842974544,-1053.6645273503607,393.02026089681027,10.97982187744932,446.08454053726075,-817.8021189825163,628.5209461819776,4.93855809692932,4.93855809692932,0.0,False,False,False,False,0.0,False,False,2186.701352866494
3610.0,115.0,421.55487788385915,-1447.4819569388435,16.433888888888887,935.8376882668036,718.6809683380636,2226.3756708829683,12.325613113764591,313.6927227203643,-554.339487202151,899.6319890732391,4.80016895223443,695.3196292966121,-258.4569353157065,1220.1342717758516,4.785861603971631,395.9611808540286,-1054.7619939329518,393.55305445518235,10.979291164064119,446.2702417607939,-820.3809520120647,627.5878580659008,5.06580906284464,8.893769631167034,3.962205410003662,True,True,False,False,0.11777377644657101,False,False,2188.4179713328717
3610.099,115.09900000000016,421.48705690185403,-1449.1165246184162,16.491944444444446,936.6492703742787,719.5929106370119,2229.056464236769,12.336613299378559,313.6792332636569,-554.8144889655636,900.7766969734733,4.799709263955934,695.706715320431,-258.73011057856525,1221.5630298080637,4.785340383465586,395.9321972783301,-1055.8485414616932,394.09739586368056,10.978972015276504,446.25687703119473,-820.8819741795622,628.7226688726507,5.059451288478798,5.059451288478798,0.0,False,False,False,False,0.0,False,False,2190.1729214941815
3610.2,115.19999999999982,421.40567172342384,-1450.7510922979886,16.443055555555556,937.4767166925038,720.5214269134065,2231.7602192301206,12.29127886674408,313.6631313413674,-555.2996282950451,901.9100727860811,4.812345049219355,696.1000374071322,-259.01206745986025,1222.9876932579937,4.797806428188602,395.8987701682879,-1056.9582321099617,394.61806694829664,11.005067489804205,446.2414607545587,-821.3937533310525,629.8471850602668,5.0793861449923785,5.0793861449923785,0.0,False,False,False,False,0.0,False,False,2191.9658124348343
3610.3,115.30000000000018,421.3378507414187,-1452.385659976771,16.44388888888889,938.2939504005323,721.435680450531,2234.44463549042,12.234064489347254,313.6465571452934,-555.7818127986476,903.0481014270605,4.837057284216013,696.4898922085803,-259.29383374718856,1224.4087355696981,4.8225693787617985,395.85885974043265,-1058.059201270812,395.1487504953174,11.02877861464546,446.22302802931983,-821.9022385347702,630.9743392261383,5.096997648037433,5.096997648037433,0.0,False,False,False,False,0.0,False,False,2193.746356046263
3610.399,115.39899999999989,421.26324766120854,-1453.997988640827,16.34611111111111,939.1021694555244,722.3383559980431,2237.0956693716025,12.243258853516869,313.6315343606057,-556.2609303742104,904.1661415321976,4.846848863969928,696.8773170104423,-259.57367010112654,1225.8109837745264,4.832355816948204,395.8233932618368,-1059.1502813363363,395.66639755667154,11.024884966200739,446.20665012222673,-822.4060835357909,632.0842569788789,5.087065374014511,5.087065374014511,0.0,False,False,False,False,0.0,False,False,2195.513841310131
3610.5,115.5,421.1886445810135,-1455.6214368114563,16.388055555555557,939.928246848371,723.2605547637057,2239.7806830515888,12.273275544025834,313.61491106717364,-556.7498414076874,905.2857301238231,4.840221857012413,697.27110499467,-259.861420863561,1227.2178049098573,4.825573086894686,395.7897864516902,-1060.2628396652672,396.1736012554044,11.016021767277053,446.3912935236972,-825.1250644305916,630.9998804272138,5.214234964636133,9.269554183724626,4.197512626647949,True,True,False,False,0.13217862082128432,False,False,2197.3069413468966
3610.599,115.59900000000016,421.1004773043933,-1457.2448849844557,16.24888888888889,940.7426074765842,724.164628506484,2242.448529843811,12.308051932454893,313.5961943781584,-557.2271376941403,906.4155317982022,4.809547882748956,697.6532664622182,-260.14554305994653,1228.6286174540562,4.794807104599471,395.7486892697201,-1061.3500468125048,396.7057297894122,10.963445321798806,446.37190326821985,-825.6380247682874,632.1122296256982,5.156001184963969,5.156001184963969,0.0,False,False,False,False,0.0,False,False,2199.1074785018045
3610.7,115.69999999999982,421.0258742241831,-1458.8572136469315,16.22388888888889,941.5807230045992,725.0848962004391,2245.1237136855925,12.339984591844948,313.5777463630481,-557.7104650211534,907.5299238811215,4.76828872724474,698.0395450726922,-260.4341488199774,1230.022120185729,4.753455267174182,395.70378910256693,-1062.4549703226528,397.2102044351669,10.9342858762722,446.35083066416473,-826.156588887685,633.2072598994961,5.121070115663798,5.121070115663798,0.0,False,False,False,False,0.0,False,False,2200.9282460008108
3610.8,115.80000000000018,420.9512711439579,-1460.4695423101975,16.19388888888889,942.4168587625533,725.99701993808,2247.7905567245825,12.407484190622219,313.5611581626858,-558.1845771884904,908.6532862708475,4.719759002656441,698.4182342816581,-260.71741018294125,1231.419138302128,4.704722940729242,395.664921935951,-1063.5442896507705,397.7298777499866,10.865964170393733,446.33270218429425,-826.6646707786915,634.3128819586783,5.047033930801563,5.047033930801563,0.0,False,False,False,False,0.0,False,False,2202.7159739558383
3610.9,115.90000000000009,420.8631038673829,-1462.0929904816167,16.3,943.255930042787,726.9161490474837,2250.4788996525735,12.48306547593829,313.5441505122138,-558.6543601199668,909.7904794945828,4.682072255358697,698.7920774869806,-260.9999039727231,1232.8297193192186,4.666818649912362,395.6276975260779,-1064.6299124235913,398.26338540288975,10.859251239905333,446.31542810395507,-827.1684567368752,635.4344847110683,5.034606521329423,5.034606521329423,0.0,False,False,False,False,0.0,False,False,2204.490853112918
3610.999,115.9989999999998,420.7885007871426,-1463.6941996375194,16.093055555555555,944.0874103730458,727.8349277763283,2253.1404006579564,12.550482369927419,313.5252059183204,-559.1159821452652,910.9155646862007,4.651514696551127,699.1571376178699,-261.2805739485475,1234.215388501333,4.635967317832585,395.58683255715465,-1065.701539554664,398.7897711343682,10.805516671460612,446.4509915984599,-829.4751002071057,634.7380794603124,5.092120192353823,8.42705263520082,3.4518380165100098,True,True,False,False,0.08938849125391553,False,False,2206.226983839567
3611.1,116.09999999999991,420.70711560872746,-1465.295408791842,16.135,944.9373976898037,728.7764881761766,2255.82997535622,12.567726460495889,313.50318810713344,-559.5840627218851,912.0338395430404,4.627700136145643,699.5246738796441,-261.5686958866664,1235.5959008355665,4.611835531133922,395.5388798752317,-1066.7922508626268,399.2971411987491,10.813590441941676,446.4283964297266,-829.9890403050204,635.826836589166,5.094742220800019,5.094742220800019,0.0,False,False,False,False,0.0,False,False,2208.036916798271
3611.199,116.19900000000007,420.6257304303123,-1466.8966179477445,16.036944444444444,945.7699022366421,729.6992990697097,2258.497293299221,12.540102116210303,313.4806349985477,-560.0419923717109,913.1622985010551,4.634620298971923,699.8826937280752,-261.85257349522635,1236.9784155840273,4.618627069107006,395.48526728981864,-1067.8617405138414,399.82605754954074,10.819391056875782,446.40314290206516,-830.4928098263467,636.9256487103936,5.095199048987075,5.095199048987075,0.0,False,False,False,False,0.0,False,False,2209.8102362375616
3611.299,116.29899999999998,420.5375631536921,-1468.4978271028574,15.98111111111111,946.6099760683683,730.6327904824456,2261.178377932839,12.576668358214967,313.45877831197885,-560.5046087827563,914.2852676700378,4.6280343957224686,700.2439483526806,-262.1398057720863,1238.359938608391,4.611916960763682,395.433038569226,-1068.9414580298676,400.3442633801605,10.800208880873859,446.37858427574105,-831.0005070992419,638.0208393026221,5.070619108594205,5.070619108594205,0.0,False,False,False,False,0.0,False,False,2211.599786063519
3611.4,116.40000000000009,420.45617797529195,-1470.0767972424533,15.921944444444446,947.4604489543933,731.5780633815034,2263.850177670622,12.602583407390918,313.4367472499214,-560.9708779784788,915.3833792425874,4.6153256899217565,700.6070477098231,-262.4305367814191,1239.7152899833632,4.5990354783209355,395.3827996414703,-1070.0308246949892,400.8309549579689,10.794335635786215,446.3550173985353,-831.5115245826111,639.090257577605,5.059294121471694,5.059294121471694,0.0,False,False,False,False,0.0,False,False,2213.4036832761335
3611.499,116.4989999999998,420.3680106986868,-1471.666886890203,15.901944444444444,948.2951615817548,732.5065189454734,2266.514389901983,12.619825912708691,313.4128208975417,-561.4267055897125,916.502373308083,4.606067427391937,700.9596400831506,-262.71784364928584,1241.0839825063238,4.589517631773541,395.33118236368927,-1071.0976278254818,401.35093631476155,10.78245530720851,446.4441481437215,-833.4345303670935,638.7648282874486,5.134059355992266,7.758597944989738,2.7165279388427734,True,True,False,False,0.055361939653030316,False,False,2215.1591568948033
3611.599,116.59900000000016,420.2798434220516,-1473.2680960453154,16.00111111111111,949.1389188203245,733.4465837454239,2269.2028555497327,12.64396811879945,313.3857490374507,-561.8860170289788,917.6293594727905,4.596128683287313,701.3122279278549,-263.0108507019015,1242.4579675173104,4.579441865662011,395.27026758238685,-1072.1737686378438,401.87328645001026,10.774814080204207,446.41516946786095,-833.9464773053403,639.8555989094906,5.121269624259868,5.121269624259868,0.0,False,False,False,False,0.0,False,False,2216.965311758057
3611.699,116.69900000000007,420.1916761454464,-1474.824827168605,15.755,949.9865018508988,734.3916474058607,2271.8538660916333,12.7453393794944,313.3576075407377,-562.3426317500349,918.7150130320767,4.553493668702514,701.6610073495436,-263.3042913225163,1243.787358508389,4.536597906239967,395.2045992423227,-1073.245361726179,402.35608741162,10.697252218658644,446.3840975119184,-834.4535175807077,640.9067460093999,5.038559257986234,5.038559257986234,0.0,False,False,False,False,0.0,False,False,2218.753982433494
3611.8,116.80000000000018,420.1102909670313,-1476.3926778000477,15.685,950.8495244417697,735.3512940032198,2274.5319366316767,12.811747162843893,313.3287337596313,-562.7987118535664,919.8131525334142,4.495883986069351,702.007843090063,-263.59922300128864,1245.1241680634373,4.478887740087317,395.1378739231467,-1074.3218595647932,402.84558392686995,10.660446736962053,446.3527460015215,-834.9593200796146,641.9699516665452,4.996553786514282,4.996553786514282,0.0,False,False,False,False,0.0,False,False,2220.5397368520867
3611.9,116.90000000000009,420.0289057886161,-1477.938289415184,15.651944444444444,951.7085634495985,736.2938033481106,2277.1708365850413,12.693672967314676,313.2993143327932,-563.2466432737283,920.897395594804,4.482050554862547,702.3468289622401,-263.89088284585995,1246.4407387207664,4.464899405321443,395.0690682591754,-1075.3861282611574,403.32522353464765,10.669364115060516,446.32049809616944,-835.4581225648844,643.0178944804378,5.000322659884674,5.000322659884674,0.0,False,False,False,False,0.0,False,False,2222.3014114653765
3612.0,117.0,419.9339564138059,-1479.4950205376836,15.683055555555557,952.5712179217837,737.224874651984,2279.813489318021,12.69199534154123,313.2698533774277,-563.6928998814851,921.9928172577839,4.462512108203731,702.6834060051783,-264.18276055156724,1247.770467881327,4.445251994566151,394.9982112538008,-1076.4483009744051,403.8173467514796,10.62130602921531,446.49705671880594,-838.8049502419564,641.2404887975785,5.131561556400254,10.394237212652461,5.4471211433410645,True,True,False,False,0.22259622651371982,False,False,2224.04674858561
3612.099,117.09900000000016,419.8593533335958,-1481.0295126454566,15.533888888888887,953.4318357780681,738.1483706949903,2282.4219749926483,12.809868954173552,313.23863569677513,-564.1309196920186,923.0769237660452,4.4089753565548,703.0113095899784,-264.47223235195895,1249.074315870328,4.391276966698003,394.9298537724377,-1077.4947467664956,404.3040776709501,10.5640695196045,446.46414089391305,-839.3088398786939,642.2719335120881,5.069722896298408,5.069722896298408,0.0,False,False,False,False,0.0,False,False,2225.829339927376
3612.2,117.19999999999982,419.7847502533856,-1482.5640047524396,15.485,954.317247457311,739.0987764202481,2285.0624726284896,12.911561116803353,313.20599775925285,-564.5715633966236,924.1586188905111,4.3405906808281545,703.3394206741762,-264.7654862421679,1250.3745370101135,4.322836765048005,394.8479349213025,-1078.554582956355,404.7782820988707,10.485383713891975,446.42500537474143,-839.8151609385263,643.3006912922239,4.986341967357679,4.986341967357679,0.0,False,False,False,False,0.0,False,False,2227.6174074430187
3612.3,117.30000000000018,419.6965829767654,-1484.0984968594223,15.453055555555554,955.1995771101116,740.0482783231521,2287.704599436043,13.011877442793304,313.1747370668804,-565.0011788670831,925.2495790848869,4.2744521409267815,703.6586791045794,-265.05199640118286,1251.6824047324394,4.2565917889475235,394.7740811088448,-1079.5977981423764,405.26774651079114,10.43113903681538,446.3900009315088,-840.3096129585823,644.3420408419707,4.92744865342144,4.92744865342144,0.0,False,False,False,False,0.0,False,False,2229.3678572047606
3612.4,117.40000000000009,419.6151977983502,-1485.621869459042,15.393055555555556,956.0833843148652,741.0036843222514,2290.3404707370846,13.018242967227717,313.14109371803886,-565.4260819523785,926.3352644613685,4.250288888587494,703.9718827872574,-265.3384362712592,1252.9766085647582,4.232230516756848,394.6962840205105,-1080.6383482382103,405.7494358890611,10.437947084958061,446.3532551771551,-840.8010940542487,645.3748957823129,4.9296080647045,4.9296080647045,0.0,False,False,False,False,0.0,False,False,2231.1078956389597
3612.499,117.4989999999998,419.5270305217451,-1487.1341225505084,15.246111111111112,956.954751073399,741.9504814330195,2292.955892845248,12.976570354697628,313.1073096125695,-565.8464430839043,927.4136861915222,4.269281563556371,704.2806801209399,-265.6230075587691,1254.2623509491239,4.251109352652911,394.610048575743,-1081.6696186804816,406.229393185506,10.46851131608058,446.4716642532013,-843.6544146496819,644.0435915115182,5.108845425271655,9.483085079875798,4.527514934539795,True,True,False,False,0.15378239625708864,False,False,2232.8242331394135
3612.599,117.59900000000016,419.39817065592484,-1488.6241366256686,15.081111111111111,957.8323148375555,742.9092212430518,2295.57235889036,13.018066940661692,313.0759434024714,-566.2724567024607,928.4594969438887,4.274105551727534,704.5946478069849,-265.9099637901248,1255.5345391634128,4.2558393657542375,394.5296239101327,-1082.7122799157387,406.67293988529696,10.446656178716786,446.43247469245966,-844.1624855941114,645.0284282456552,5.082757122761344,5.082757122761344,0.0,False,False,False,False,0.0,False,False,2234.625247078574
3612.699,117.69900000000007,419.33034967390466,-1490.1252702089814,15.071111111111112,958.7106562845652,743.8729313878318,2298.1903924386265,13.060446841799793,313.0456209713578,-566.6984494971681,929.5232846816165,4.267311474875312,704.9084598800902,-266.196924186965,1256.8036653451982,4.24887351323871,394.45651525114465,-1083.7548095377085,407.1310095596667,10.45514172199514,446.39690368542915,-844.6697282248192,646.0227976040221,5.087009500893201,5.087009500893201,0.0,False,False,False,False,0.0,False,False,2236.4278861746543
3612.799,117.79899999999998,419.2354002991096,-1491.637523299658,15.053055555555556,959.588121934437,744.836476383732,2300.825289985862,13.003821952667735,313.0144142129701,-567.1247796610958,930.5948157147736,4.282108086688607,705.221208571824,-266.4856108719275,1258.0878709608176,4.263532944951342,394.38111023375416,-1084.7986674645072,407.5973384995385,10.47641615590711,446.3601908386639,-845.1779569533234,647.0283805077685,5.104050769658673,5.104050769658673,0.0,False,False,False,False,0.0,False,False,2238.2348767780945
3612.899,117.89899999999989,419.15401512067933,-1493.1164178666645,14.903055555555556,960.4676787954894,745.7962019756994,2303.421412110785,13.03235229874291,312.9814218968734,-567.550716216291,931.6353834110295,4.26218632509451,705.5318035359754,-266.77621891224834,1259.3341579061505,4.243545668835073,394.30385855312574,-1085.8403976351517,408.033438503576,10.415396313027339,446.322685615191,-845.6837106473619,648.0025054224363,5.038797761632405,5.038797761632405,0.0,False,False,False,False,0.0,False,False,2240.0340096085984
3612.999,117.9989999999998,419.0658478440742,-1494.6175514499776,14.936944444444444,961.3533723296589,746.754351747532,2306.040712488817,13.063687591567865,312.9472180195355,-567.9740752880417,932.7000029534221,4.232584040241852,705.8388793216667,-267.0669455013414,1260.602737482238,4.2138255373320055,394.2199923415037,-1086.8786464376399,408.495203394501,10.417213867381054,446.4279407120956,-848.5711757281478,646.6255513892332,5.191135183401558,9.60805888194924,4.571676731109619,True,True,False,False,0.15679765714901928,False,False,2241.8111612077523
3613.099,118.09900000000016,418.96411637104393,-1496.0853265088308,14.856944444444444,962.2404322630564,747.7118305675041,2308.6305112583605,13.0410351235126,312.9144526286405,-568.3959394315822,933.7312943645179,4.230150017517848,706.1449848852731,-267.35635626878985,1261.842990846222,4.21137370018595,394.1361154465035,-1087.9166394770623,408.9231061008253,10.410314871250675,446.3861722396268,-849.0880687734833,647.5781193532711,5.180422570507208,5.180422570507208,0.0,False,False,False,False,0.0,False,False,2243.650495790653
3613.2,118.19999999999982,418.87594909443874,-1497.5864600921439,14.878888888888886,963.1370468068899,748.6776193455618,2311.259928492528,13.054559927539222,312.8830064696764,-568.8212253890355,934.7937553703363,4.214345615183706,706.4540054031216,-267.6474709818065,1263.1116559528848,4.195528204227496,394.0580618217539,-1088.9639295358133,409.3755000081697,10.3856190995949,446.34739190487073,-849.6084066718875,648.560126653182,5.151875045919849,5.151875045919849,0.0,False,False,False,False,0.0,False,False,2245.5064711407185
3613.3,118.30000000000018,418.7674355232186,-1499.0542351517872,14.795,964.0279089659588,749.6323488644498,2313.8496790054483,13.061685635415465,312.85314994171546,-569.2407704202184,935.8263274167726,4.197795282226091,706.7590288922363,-267.9343357364813,1264.3557112567566,4.178979003949572,393.9821180130919,-1089.9992756384293,409.80516329903986,10.376933867398426,446.3097492885449,-850.1215905217875,649.5168637641622,5.139376196959405,5.139376196959405,0.0,False,False,False,False,0.0,False,False,2247.339172913107
3613.4,118.40000000000009,418.68605034480333,-1500.5108907032773,14.66611111111111,964.9211277355641,750.5887664307978,2316.4244917806495,13.111391862214795,312.8261767981557,-569.65856238119,936.85237362669,4.175521062492753,707.0638896641723,-268.21853258354673,1265.5853325994237,4.1567233799691445,393.91084261647245,-1091.0327159933909,410.2269938481891,10.340972874629285,446.2745243398256,-850.6323261365238,650.4638902973154,5.09960158742631,5.09960158742631,0.0,False,False,False,False,0.0,False,False,2249.166657166851
3613.5,118.5,418.59788306819826,-1501.9786657613406,14.746111111111112,965.8184772048047,751.5498397817248,2319.0172711608643,13.18612483797824,312.79992390746713,-570.0731802582512,937.8918072322225,4.133485005187479,707.366128765008,-268.5008167663932,1266.828600752294,4.1145754334016225,393.84891514877415,-1092.0625692317026,410.6625349446577,10.29329671475703,446.3746663826988,-853.5046990443093,649.0685905210805,5.201807583503143,9.588659658537903,4.540547847747803,True,True,False,False,0.15466975789487172,False,False,2250.976123809302
3613.599,118.59900000000016,418.516497889783,-1503.4353213128304,14.638055555555557,966.7126853920593,752.5043534193686,2321.5905918190765,13.236904793019264,312.7730827951197,-570.4792003249449,938.9295998767129,4.0868451217221216,707.6607410808562,-268.77875974633895,1268.061993117738,4.067836402297363,393.7814118320074,-1093.0770779447469,411.1030435090755,10.247147700974926,446.3406390609274,-854.016096351466,650.0150095046506,5.15229566563254,5.15229566563254,0.0,False,False,False,False,0.0,False,False,2252.8102786229138
3613.7,118.69999999999982,418.4351127113679,-1504.8919768635305,14.566944444444445,967.6265214316176,753.4785382367251,2324.1877262575686,13.212884554721498,312.7435220145157,-570.8903635524523,939.9626194757576,4.076173251862362,707.9569333191149,-269.06267836678745,1269.2899352121945,4.056972427056061,393.71349850226926,-1094.1111933499235,411.5240094006137,10.274496607984245,446.30645839519696,-854.5365649123116,650.9523590589922,5.176213731097043,5.176213731097043,0.0,False,False,False,False,0.0,False,False,2254.679072409507
3613.8,118.80000000000018,418.3537275329527,-1506.3486324150206,14.608055555555556,968.5275327904657,754.4441893574812,2326.7736028607515,13.201592707604457,312.71137437916633,-571.2975709794472,940.9998906863177,4.093317940167105,708.247766170861,-269.3467498130466,1270.516513548181,4.073983184277225,393.633429016003,-1095.1358865644202,411.95511346353936,10.28183873135706,446.26611903368126,-855.0528098883917,651.893664672336,5.180158981653187,5.180158981653187,0.0,False,False,False,False,0.0,False,False,2256.529315548829
3613.9,118.90000000000009,418.2791244527576,-1507.7941684575671,14.596111111111112,969.4272161588055,755.4126366181906,2329.349536143607,13.235655733014273,312.6794318772235,-571.7056739978445,942.0259893081068,4.093714712871738,708.5386228790693,-269.6320343137195,1271.7295494146315,4.074265009125211,393.55171792483395,-1096.1604779292256,412.37572650627686,10.275049819745403,446.22497853754163,-855.5686786215764,652.8239122093538,5.169973197224872,5.169973197224872,0.0,False,False,False,False,0.0,False,False,2258.379295238634
3613.999,118.9989999999998,418.19095717612237,-1509.239704500904,14.553888888888888,970.3166552071904,756.36925120351,2331.9148197552886,13.152649978681202,312.64688532714575,-572.1111806294491,943.0532441786912,4.124730781108908,708.8263480551318,-269.91687873738647,1272.9454021637632,4.105076439472624,393.4735683103516,-1097.1781581295922,412.8022133059105,10.344675818258159,446.29880436465754,-858.3767908933174,651.4695567586646,5.3854867153262,9.646240907432833,4.410004615783691,True,True,False,False,0.14590483470827473,False,False,2260.216053073497
3614.1,119.09999999999991,418.1163540959122,-1510.6741210360874,14.446111111111112,971.2211698004147,757.3368886177515,2334.4804297887217,13.076397063806006,312.6100236958411,-572.527803179488,944.0604321029372,4.157541139727815,709.1190097069747,-270.21287881589325,1274.1376059999006,4.137714297509997,393.38643470428997,-1098.2190964450565,413.195735969654,10.340052633905797,446.25346426737326,-858.9184446434983,652.3627508363443,5.377841496483538,5.377841496483538,0.0,False,False,False,False,0.0,False,False,2262.160226793434
3614.2,119.19999999999982,418.04853311390707,-1512.1418960949406,14.503888888888888,972.1188523144538,758.2893995748467,2337.0605869287565,13.100821502559565,312.573366957408,-572.9417067311643,945.1042304300063,4.153019466222451,709.4093577633465,-270.5073514834815,1275.361702621224,4.13319346855173,393.2904879087129,-1099.2484130142568,413.6350918054238,10.335521236862194,446.20358650015146,-859.453532990403,653.2953439014111,5.370317986083207,5.370317986083207,0.0,False,False,False,False,0.0,False,False,2264.078624944564
3614.3,119.30000000000018,417.94680164089186,-1513.5651931211808,14.363055555555555,973.020975691455,759.2433187872255,2339.608059163162,13.157803594658676,312.5399601151993,-573.3544147419627,946.1008984357205,4.128174078915728,709.7003672109503,-270.7991112660532,1276.5530452090065,4.1084203129509245,393.2042526561298,-1100.2761044456533,414.02906244430636,10.29054185764186,446.15888167121926,-859.986293877157,654.1875105783259,5.322346493506134,5.322346493506134,0.0,False,False,False,False,0.0,False,False,2265.9944575322443
3614.4,119.40000000000009,417.8586343642717,-1514.9996096571542,14.341944444444444,973.9279994243974,760.2018927085174,2342.168869899304,13.235803940410692,312.50850854950454,-573.7638489866753,947.1131960722131,4.084640853729189,709.989152361582,-271.088265451646,1277.7541515442363,4.064878884043482,393.1244309084442,-1101.29994733374,414.43840486506707,10.248452965776115,446.11768785621274,-860.5146711145698,655.0947327550047,5.277265488283661,5.277265488283661,0.0,False,False,False,False,0.0,False,False,2267.8988499066886
3614.499,119.4989999999998,417.7908133822666,-1516.4340261915477,14.396944444444442,974.8280144885894,761.1555480577492,2344.7184718309913,13.254973779144727,312.47826373694403,-574.1663210463204,948.1345691791073,4.069034396784942,710.27250730948,-271.37291944587054,1278.9537524137854,4.049147095868779,393.04784712713877,-1102.312165329003,414.8603741300912,10.258839995142738,446.2018514932675,-863.8878115634831,653.1644121597263,5.470435583330409,10.773506586718634,5.488816261291504,True,True,False,False,0.22602178159275932,False,False,2269.772622455506
3614.6,119.59999999999991,417.6958640074564,-1517.8462037112145,14.268055555555556,975.7432993717518,762.1316099080343,2347.2783752066302,13.24157885952133,312.44824503294495,-574.5765505205325,949.1231215865903,4.07604986364706,710.5609530567175,-271.6633291717299,1280.1334763138273,4.056100161976589,392.970717786403,-1103.3456008469425,415.2373810611195,10.262145220190416,446.1607266027944,-864.4388330305515,654.02709459348,5.471227619409386,5.471227619409386,0.0,False,False,False,False,0.0,False,False,2271.7636135764633
3614.7,119.69999999999982,417.5941325344412,-1519.236142213785,14.20888888888889,976.6465291147214,763.0974705174907,2349.8055881125892,13.206186342370838,312.42001190088723,-574.9840584093877,950.0913605648605,4.093669015783216,710.8477108963265,-271.9514359789529,1281.2949697978843,4.073740152477269,392.8971921091136,-1104.3707819966119,415.59981469497427,10.294142526971727,446.12148210924374,-864.9860257460713,654.8717619288374,5.500736620281098,5.500736620281098,0.0,False,False,False,False,0.0,False,False,2273.7439061357477
3614.8,119.80000000000018,417.526311552421,-1520.670558748178,14.463888888888889,977.5479148562392,764.0604358899781,2352.3647493590865,13.174100144443258,312.3940144754717,-575.3938426147702,951.1050782918969,4.118538937286125,711.1367997428648,-272.2402188321987,1282.49188395021,4.09861515069352,392.8284635226704,-1105.3987843651405,416.0055652230354,10.311803103233588,446.08473744889676,-865.5356310824001,655.7570869897852,5.515908890633349,5.515908890633349,0.0,False,False,False,False,0.0,False,False,2275.736907682678
3614.899,119.89899999999989,417.4584905704159,-1522.0827362678451,14.2,978.4374329673856,765.0108664326985,2354.8873691381878,13.123941308327428,312.3678638601965,-575.8026201913339,952.0977354789383,4.156537543114428,711.4241943180975,-272.5292915914274,1283.6664855337508,4.13636183064584,392.7670946624541,-1106.4207619786466,416.3946948531862,10.371399494880361,446.05183556799614,-866.0835471688997,656.6220491855453,5.573041859429623,5.573041859429623,0.0,False,False,False,False,0.0,False,False,2277.7285842033375
